{
    "AAPL": {
        "Open": 0.1489959955215454,
        "High": 0.15122799575328827,
        "Low": 0.1484380066394806,
        "Close": 0.1484380066394806,
        "Adj Close": 0.12453411519527435,
        "Volume": 74804800.0
    },
    "ABBV": {
        "Open": null,
        "High": null,
        "Low": null,
        "Close": null,
        "Adj Close": null,
        "Volume": null
    },
    "ABT": {
        "Open": 14.364828109741211,
        "High": 14.70150375366211,
        "Low": 14.336771965026855,
        "Close": 14.589279174804688,
        "Adj Close": 7.236465930938721,
        "Volume": 5087983.0
    },
    "ACN": {
        "Open": null,
        "High": null,
        "Low": null,
        "Close": null,
        "Adj Close": null,
        "Volume": null
    },
    "ADBE": {
        "Open": 5.421875,
        "High": 5.484375,
        "Low": 5.1875,
        "Close": 5.1875,
        "Adj Close": 5.099458694458008,
        "Volume": 7568000.0
    },
    "AIG": {
        "Open": 660.1481323242188,
        "High": 672.5925903320312,
        "Low": 660.1481323242188,
        "Close": 667.8518676757812,
        "Adj Close": 391.1094665527344,
        "Volume": 103591.0
    },
    "AMD": {
        "Open": 19.4375,
        "High": 20.6875,
        "Low": 19.125,
        "Close": 20.3125,
        "Adj Close": 20.3125,
        "Volume": 7199400.0
    },
    "AMGN": {
        "Open": 15.90625,
        "High": 16.21875,
        "Low": 15.75,
        "Close": 15.96875,
        "Adj Close": 10.801082611083984,
        "Volume": 10824000.0
    },
    "AMT": {
        "Open": null,
        "High": null,
        "Low": null,
        "Close": null,
        "Adj Close": null,
        "Volume": null
    },
    "AMZN": {
        "Open": 0.08281300216913223,
        "High": 0.0854170024394989,
        "Low": 0.08281300216913223,
        "Close": 0.08437500149011612,
        "Adj Close": 0.08437500149011612,
        "Volume": 47040000.0
    },
    "AVGO": {
        "Open": null,
        "High": null,
        "Low": null,
        "Close": null,
        "Adj Close": null,
        "Volume": null
    },
    "AXP": {
        "Open": 21.080141067504883,
        "High": 21.15308380126953,
        "Low": 20.642492294311523,
        "Close": 20.751903533935547,
        "Adj Close": 14.253483772277832,
        "Volume": 4595453.0
    },
    "BA": {
        "Open": 56.0,
        "High": 56.0,
        "Low": 54.875,
        "Close": 56.0,
        "Adj Close": 35.028987884521484,
        "Volume": 3968000.0
    },
    "BAC": {
        "Open": 31.75,
        "High": 32.1875,
        "Low": 31.625,
        "Close": 31.9375,
        "Adj Close": 15.342952728271484,
        "Volume": 6229400.0
    },
    "BK": {
        "Open": 23.38615608215332,
        "High": 23.58490562438965,
        "Low": 23.054908752441406,
        "Close": 23.054908752441406,
        "Adj Close": 12.076166152954102,
        "Volume": 2132461.0
    },
    "BKNG": {
        "Open": null,
        "High": null,
        "Low": null,
        "Close": null,
        "Adj Close": null,
        "Volume": null
    },
    "BLK": {
        "Open": null,
        "High": null,
        "Low": null,
        "Close": null,
        "Adj Close": null,
        "Volume": null
    },
    "BMY": {
        "Open": 36.583927154541016,
        "High": 36.94084548950195,
        "Low": 36.048553466796875,
        "Close": 36.227012634277344,
        "Adj Close": 13.182159423828125,
        "Volume": 2917490.0
    },
    "BRK-B": {
        "Open": 30.520000457763672,
        "High": 30.8799991607666,
        "Low": 30.520000457763672,
        "Close": 30.760000228881836,
        "Adj Close": 30.760000228881836,
        "Volume": 290000.0
    },
    "C": {
        "Open": 193.75,
        "High": 196.25,
        "Low": 192.5,
        "Close": 195.0,
        "Adj Close": 98.75019836425781,
        "Volume": 508830.0
    },
    "CAT": {
        "Open": 25.03125,
        "High": 25.46875,
        "Low": 24.96875,
        "Close": 25.46875,
        "Adj Close": 12.458909034729004,
        "Volume": 2533600.0
    },
    "CL": {
        "Open": 15.8125,
        "High": 16.1875,
        "Low": 15.8125,
        "Close": 16.0625,
        "Adj Close": 8.82575798034668,
        "Volume": 4097600.0
    },
    "CMCSA": {
        "Open": 3.2997500896453857,
        "High": 3.495002031326294,
        "Low": 3.260699987411499,
        "Close": 3.3485629558563232,
        "Adj Close": 2.2622992992401123,
        "Volume": 19917262.0
    },
    "COF": {
        "Open": 10.583333015441895,
        "High": 10.75,
        "Low": 10.541666984558105,
        "Close": 10.583333015441895,
        "Adj Close": 7.586240768432617,
        "Volume": 1364700.0
    },
    "COP": {
        "Open": 16.723318099975586,
        "High": 16.723318099975586,
        "Low": 16.532739639282227,
        "Close": 16.62803077697754,
        "Adj Close": 6.761216640472412,
        "Volume": 1413324.0
    },
    "COST": {
        "Open": 16.625,
        "High": 16.8125,
        "Low": 16.5625,
        "Close": 16.71875,
        "Adj Close": 11.154197692871094,
        "Volume": 1226000.0
    },
    "CRM": {
        "Open": null,
        "High": null,
        "Low": null,
        "Close": null,
        "Adj Close": null,
        "Volume": null
    },
    "CSCO": {
        "Open": 7.256944179534912,
        "High": 7.486111164093018,
        "Low": 7.236111164093018,
        "Close": 7.388888835906982,
        "Adj Close": 4.7809906005859375,
        "Volume": 58608900.0
    },
    "CVS": {
        "Open": 11.84375,
        "High": 12.0625,
        "Low": 11.84375,
        "Close": 11.90625,
        "Adj Close": 7.428714752197266,
        "Volume": 2367600.0
    },
    "CVX": {
        "Open": 36.25,
        "High": 36.625,
        "Low": 35.875,
        "Close": 35.9375,
        "Adj Close": 12.694145202636719,
        "Volume": 1903200.0
    },
    "DE": {
        "Open": 26.375,
        "High": 26.9375,
        "Low": 26.3125,
        "Close": 26.6875,
        "Adj Close": 15.255048751831055,
        "Volume": 3259400.0
    },
    "DHR": {
        "Open": 4.179738998413086,
        "High": 4.232248783111572,
        "Low": 4.169238090515137,
        "Close": 4.179738998413086,
        "Adj Close": 2.4643707275390625,
        "Volume": 1738978.0
    },
    "DIS": {
        "Open": 26.758813858032227,
        "High": 26.964332580566406,
        "Low": 26.594396591186523,
        "Close": 26.635499954223633,
        "Adj Close": 20.002042770385742,
        "Volume": 3239939.0
    },
    "DUK": {
        "Open": 39.442161560058594,
        "High": 39.55112075805664,
        "Low": 39.11529541015625,
        "Close": 39.22425079345703,
        "Adj Close": 10.831032752990723,
        "Volume": 889463.0
    },
    "EMR": {
        "Open": 27.5,
        "High": 28.1875,
        "Low": 27.0625,
        "Close": 27.0625,
        "Adj Close": 12.631689071655273,
        "Volume": 1935800.0
    },
    "FDX": {
        "Open": 28.125,
        "High": 28.1875,
        "Low": 27.375,
        "Close": 27.5625,
        "Adj Close": 22.069095611572266,
        "Volume": 642800.0
    },
    "GD": {
        "Open": 18.5625,
        "High": 18.71875,
        "Low": 18.53125,
        "Close": 18.5625,
        "Adj Close": 10.339251518249512,
        "Volume": 436400.0
    },
    "GE": {
        "Open": 100.44149780273438,
        "High": 101.04055786132812,
        "Low": 99.84244537353516,
        "Close": 100.44149780273438,
        "Adj Close": 52.280235290527344,
        "Volume": 2252424.0
    },
    "GILD": {
        "Open": 0.890625,
        "High": 0.9101560115814209,
        "Low": 0.8867189884185791,
        "Close": 0.8984379768371582,
        "Adj Close": 0.6241910457611084,
        "Volume": 4758400.0
    },
    "GM": {
        "Open": null,
        "High": null,
        "Low": null,
        "Close": null,
        "Adj Close": null,
        "Volume": null
    },