{
    "AAPL": {
        "Open": 0.1439729928970337,
        "High": 0.14508900046348572,
        "Low": 0.140625,
        "Close": 0.14229899644851685,
        "Adj Close": 0.11938372999429703,
        "Volume": 109648000.0
    },
    "ABBV": {
        "Open": null,
        "High": null,
        "Low": null,
        "Close": null,
        "Adj Close": null,
        "Volume": null
    },
    "ABT": {
        "Open": 14.448996543884277,
        "High": 14.673447608947754,
        "Low": 14.448996543884277,
        "Close": 14.53316593170166,
        "Adj Close": 7.208633899688721,
        "Volume": 4065931.0
    },
    "ACN": {
        "Open": null,
        "High": null,
        "Low": null,
        "Close": null,
        "Adj Close": null,
        "Volume": null
    },
    "ADBE": {
        "Open": 5.164062976837158,
        "High": 5.265625,
        "Low": 5.0,
        "Close": 5.03125,
        "Adj Close": 4.945858955383301,
        "Volume": 13576000.0
    },
    "AIG": {
        "Open": 683.25927734375,
        "High": 693.3333129882812,
        "Low": 679.111083984375,
        "Close": 687.4074096679688,
        "Adj Close": 402.5616760253906,
        "Volume": 156727.0
    },
    "AMD": {
        "Open": 19.375,
        "High": 19.75,
        "Low": 19.0,
        "Close": 19.3125,
        "Adj Close": 19.3125,
        "Volume": 4038000.0
    },
    "AMGN": {
        "Open": 14.65625,
        "High": 14.96875,
        "Low": 14.59375,
        "Close": 14.765625,
        "Adj Close": 9.9873046875,
        "Volume": 15698800.0
    },
    "AMT": {
        "Open": null,
        "High": null,
        "Low": null,
        "Close": null,
        "Adj Close": null,
        "Volume": null
    },
    "AMZN": {
        "Open": 0.07604199647903442,
        "High": 0.07682300359010696,
        "Low": 0.07500000298023224,
        "Close": 0.07552099972963333,
        "Adj Close": 0.07552099972963333,
        "Volume": 49296000.0
    },
    "AVGO": {
        "Open": null,
        "High": null,
        "Low": null,
        "Close": null,
        "Adj Close": null,
        "Volume": null
    },
    "AXP": {
        "Open": 22.28367805480957,
        "High": 23.26839256286621,
        "Low": 22.28367805480957,
        "Close": 22.721328735351562,
        "Adj Close": 15.606184005737305,
        "Volume": 11307323.0
    },
    "BA": {
        "Open": 56.75,
        "High": 57.625,
        "Low": 56.375,
        "Close": 56.625,
        "Adj Close": 35.4199333190918,
        "Volume": 2209200.0
    },
    "BAC": {
        "Open": 34.1875,
        "High": 34.5,
        "Low": 33.875,
        "Close": 33.875,
        "Adj Close": 16.273725509643555,
        "Volume": 4782400.0
    },
    "BK": {
        "Open": 25.042400360107422,
        "High": 25.30739974975586,
        "Low": 24.976150512695312,
        "Close": 25.30739974975586,
        "Adj Close": 13.256023406982422,
        "Volume": 1161514.0
    },
    "BKNG": {
        "Open": null,
        "High": null,
        "Low": null,
        "Close": null,
        "Adj Close": null,
        "Volume": null
    },
    "BLK": {
        "Open": null,
        "High": null,
        "Low": null,
        "Close": null,
        "Adj Close": null,
        "Volume": null
    },
    "BMY": {
        "Open": 37.297760009765625,
        "High": 37.95210647583008,
        "Low": 36.64341354370117,
        "Close": 36.762386322021484,
        "Adj Close": 13.376964569091797,
        "Volume": 3786391.0
    },
    "BRK-B": {
        "Open": 31.040000915527344,
        "High": 31.65999984741211,
        "Low": 31.040000915527344,
        "Close": 31.65999984741211,
        "Adj Close": 31.65999984741211,
        "Volume": 135000.0
    },
    "C": {
        "Open": 209.5833282470703,
        "High": 216.25,
        "Low": 208.75,
        "Close": 215.4166717529297,
        "Adj Close": 109.08939361572266,
        "Volume": 473280.0
    },
    "CAT": {
        "Open": 26.96875,
        "High": 26.96875,
        "Low": 26.78125,
        "Close": 26.9375,
        "Adj Close": 13.17739200592041,
        "Volume": 1504000.0
    },
    "CL": {
        "Open": 16.25,
        "High": 16.25,
        "Low": 16.0625,
        "Close": 16.1875,
        "Adj Close": 8.89443302154541,
        "Volume": 2112000.0
    },
    "CMCSA": {
        "Open": 3.2021241188049316,
        "High": 3.2997500896453857,
        "Low": 3.163074016571045,
        "Close": 3.2411749362945557,
        "Adj Close": 2.1897475719451904,
        "Volume": 3676028.0
    },
    "COF": {
        "Open": 11.166666984558105,
        "High": 11.875,
        "Low": 11.166666984558105,
        "Close": 11.75,
        "Adj Close": 8.422518730163574,
        "Volume": 1896600.0
    },
    "COP": {
        "Open": 16.8186092376709,
        "High": 16.913898468017578,
        "Low": 16.770963668823242,
        "Close": 16.866254806518555,
        "Adj Close": 6.858078956604004,
        "Volume": 1335928.0
    },
    "COST": {
        "Open": 17.125,
        "High": 17.3125,
        "Low": 17.0,
        "Close": 17.09375,
        "Adj Close": 11.404390335083008,
        "Volume": 2458000.0
    },
    "CRM": {
        "Open": null,
        "High": null,
        "Low": null,
        "Close": null,
        "Adj Close": null,
        "Volume": null
    },
    "CSCO": {
        "Open": 7.513888835906982,
        "High": 7.597221851348877,
        "Low": 7.430555820465088,
        "Close": 7.444444179534912,
        "Adj Close": 4.816939353942871,
        "Volume": 66360600.0
    },
    "CVS": {
        "Open": 12.375,
        "High": 12.4375,
        "Low": 12.25,
        "Close": 12.375,
        "Adj Close": 7.7211833000183105,
        "Volume": 1220800.0
    },
    "CVX": {
        "Open": 37.75,
        "High": 37.8125,
        "Low": 37.125,
        "Close": 37.125,
        "Adj Close": 13.113609313964844,
        "Volume": 2150000.0
    },
    "DE": {
        "Open": 28.125,
        "High": 28.3125,
        "Low": 27.875,
        "Close": 28.0625,
        "Adj Close": 16.041017532348633,
        "Volume": 1014400.0
    },
    "DHR": {
        "Open": 4.295259952545166,
        "High": 4.33726692199707,
        "Low": 4.295259952545166,
        "Close": 4.33726692199707,
        "Adj Close": 2.55724835395813,
        "Volume": 561805.0
    },
    "DIS": {
        "Open": 27.416479110717773,
        "High": 27.416479110717773,
        "Low": 27.12874984741211,
        "Close": 27.12874984741211,
        "Adj Close": 20.372451782226562,
        "Volume": 3319007.0
    },
    "DUK": {
        "Open": 40.85859298706055,
        "High": 40.96754837036133,
        "Low": 40.640682220458984,
        "Close": 40.749637603759766,
        "Adj Close": 11.252239227294922,
        "Volume": 1754948.0
    },
    "EMR": {
        "Open": 28.1875,
        "High": 28.375,
        "Low": 28.0,
        "Close": 28.25,
        "Adj Close": 13.185964584350586,
        "Volume": 881000.0
    },
    "FDX": {
        "Open": 28.4375,
        "High": 29.4375,
        "Low": 28.375,
        "Close": 29.25,
        "Adj Close": 23.420255661010742,
        "Volume": 435400.0
    },
    "GD": {
        "Open": 19.15625,
        "High": 19.3125,
        "Low": 19.09375,
        "Close": 19.1875,
        "Adj Close": 10.687372207641602,
        "Volume": 421600.0
    },
    "GE": {
        "Open": 106.03267669677734,
        "High": 106.43204498291016,
        "Low": 105.23394012451172,
        "Close": 105.83299255371094,
        "Adj Close": 55.0865592956543,
        "Volume": 2188573.0
    },
    "GILD": {
        "Open": 0.9414060115814209,
        "High": 0.9414060115814209,
        "Low": 0.921875,
        "Close": 0.9277340173721313,
        "Adj Close": 0.6445443034172058,
        "Volume": 5894400.0
    },
    "GM": {
        "Open": null,
        "High": null,
        "Low": null,
        "Close": null,
        "Adj Close": null,
        "Volume": null
    },
    "GOOG": {
        "Open": null,