{
    "AAPL": {
        "Open": 0.13783499598503113,
        "High": 0.13895100355148315,
        "Low": 0.13616099953651428,
        "Close": 0.1367190033197403,
        "Adj Close": 0.11470234394073486,
        "Volume": 111148800.0
    },
    "ABBV": {
        "Open": null,
        "High": null,
        "Low": null,
        "Close": null,
        "Adj Close": null,
        "Volume": null
    },
    "ABT": {
        "Open": 14.813729286193848,
        "High": 15.290685653686523,
        "Low": 14.729559898376465,
        "Close": 15.262630462646484,
        "Adj Close": 7.570455551147461,
        "Volume": 6256615.0
    },
    "ACN": {
        "Open": null,
        "High": null,
        "Low": null,
        "Close": null,
        "Adj Close": null,
        "Volume": null
    },
    "ADBE": {
        "Open": 4.5625,
        "High": 4.5625,
        "Low": 4.421875,
        "Close": 4.4375,
        "Adj Close": 4.362186908721924,
        "Volume": 13927200.0
    },
    "AIG": {
        "Open": 696.888916015625,
        "High": 710.8148193359375,
        "Low": 688.5925903320312,
        "Close": 710.5184936523438,
        "Adj Close": 416.09619140625,
        "Volume": 151073.0
    },
    "AMD": {
        "Open": 18.625,
        "High": 18.75,
        "Low": 18.5,
        "Close": 18.75,
        "Adj Close": 18.75,
        "Volume": 2201800.0
    },
    "AMGN": {
        "Open": 14.875,
        "High": 15.0625,
        "Low": 14.75,
        "Close": 15.046875,
        "Adj Close": 10.177536010742188,
        "Volume": 9632000.0
    },
    "AMT": {
        "Open": null,
        "High": null,
        "Low": null,
        "Close": null,
        "Adj Close": null,
        "Volume": null
    },
    "AMZN": {
        "Open": 0.07525999844074249,
        "High": 0.07630199939012527,
        "Low": 0.07395800203084946,
        "Close": 0.07552099972963333,
        "Adj Close": 0.07552099972963333,
        "Volume": 15024000.0
    },
    "AVGO": {
        "Open": null,
        "High": null,
        "Low": null,
        "Close": null,
        "Adj Close": null,
        "Volume": null
    },
    "AXP": {
        "Open": 22.684858322143555,
        "High": 22.684858322143555,
        "Low": 22.156030654907227,
        "Close": 22.520740509033203,
        "Adj Close": 15.468414306640625,
        "Volume": 5020793.0
    },
    "BA": {
        "Open": 54.625,
        "High": 56.25,
        "Low": 54.625,
        "Close": 55.0625,
        "Adj Close": 34.442569732666016,
        "Volume": 4091900.0
    },
    "BAC": {
        "Open": 33.6875,
        "High": 34.21875,
        "Low": 33.375,
        "Close": 34.15625,
        "Adj Close": 16.40885353088379,
        "Volume": 4494600.0
    },
    "BK": {
        "Open": 24.644901275634766,
        "High": 24.711151123046875,
        "Low": 24.18115234375,
        "Close": 24.711151123046875,
        "Adj Close": 12.943703651428223,
        "Volume": 2134348.0
    },
    "BKNG": {
        "Open": null,
        "High": null,
        "Low": null,
        "Close": null,
        "Adj Close": null,
        "Volume": null
    },
    "BLK": {
        "Open": null,
        "High": null,
        "Low": null,
        "Close": null,
        "Adj Close": null,
        "Volume": null
    },
    "BMY": {
        "Open": 37.00033187866211,
        "High": 40.807437896728516,
        "Low": 36.8813591003418,
        "Close": 40.33155059814453,
        "Adj Close": 14.675710678100586,
        "Volume": 13343252.0
    },
    "BRK-B": {
        "Open": 31.799999237060547,
        "High": 32.060001373291016,
        "Low": 31.739999771118164,
        "Close": 32.0,
        "Adj Close": 32.0,
        "Volume": 140000.0
    },
    "C": {
        "Open": 214.7916717529297,
        "High": 216.6666717529297,
        "Low": 210.8333282470703,
        "Close": 214.5833282470703,
        "Adj Close": 108.66740417480469,
        "Volume": 442800.0
    },
    "CAT": {
        "Open": 26.421875,
        "High": 27.15625,
        "Low": 26.421875,
        "Close": 27.09375,
        "Adj Close": 13.253822326660156,
        "Volume": 2710400.0
    },
    "CL": {
        "Open": 16.078125,
        "High": 16.5,
        "Low": 16.0625,
        "Close": 16.390625,
        "Adj Close": 9.006044387817383,
        "Volume": 2266400.0
    },
    "CMCSA": {
        "Open": 3.260699987411499,
        "High": 3.39737606048584,
        "Low": 3.192362070083618,
        "Close": 3.3778510093688965,
        "Adj Close": 2.28208589553833,
        "Volume": 1966054.0
    },
    "COF": {
        "Open": 12.25,
        "High": 12.25,
        "Low": 12.0,
        "Close": 12.0625,
        "Adj Close": 8.646520614624023,
        "Volume": 730200.0
    },
    "COP": {
        "Open": 16.342161178588867,
        "High": 16.437450408935547,
        "Low": 16.246871948242188,
        "Close": 16.437450408935547,
        "Adj Close": 6.683723449707031,
        "Volume": 1790857.0
    },
    "COST": {
        "Open": 16.53125,
        "High": 16.59375,
        "Low": 15.875,
        "Close": 16.375,
        "Adj Close": 10.924861907958984,
        "Volume": 5017200.0
    },
    "CRM": {
        "Open": null,
        "High": null,
        "Low": null,
        "Close": null,
        "Adj Close": null,
        "Volume": null
    },
    "CSCO": {
        "Open": 7.8333330154418945,
        "High": 7.888888835906982,
        "Low": 7.694444179534912,
        "Close": 7.8541669845581055,
        "Adj Close": 5.082049369812012,
        "Volume": 97482600.0
    },
    "CVS": {
        "Open": 13.0,
        "High": 13.125,
        "Low": 12.71875,
        "Close": 13.0625,
        "Adj Close": 8.150131225585938,
        "Volume": 2696800.0
    },
    "CVX": {
        "Open": 36.625,
        "High": 37.125,
        "Low": 36.28125,
        "Close": 37.125,
        "Adj Close": 13.113609313964844,
        "Volume": 1868400.0
    },
    "DE": {
        "Open": 27.25,
        "High": 27.59375,
        "Low": 26.8125,
        "Close": 27.5625,
        "Adj Close": 15.755207061767578,
        "Volume": 1949000.0
    },
    "DHR": {
        "Open": 4.305761814117432,
        "High": 4.342517852783203,
        "Low": 4.279507160186768,
        "Close": 4.3162641525268555,
        "Adj Close": 2.544865369796753,
        "Volume": 333274.0
    },
    "DIS": {
        "Open": 26.512187957763672,
        "High": 27.12874984741211,
        "Low": 26.47108268737793,
        "Close": 27.12874984741211,
        "Adj Close": 20.372451782226562,
        "Volume": 4374557.0
    },
    "DUK": {
        "Open": 40.96754837036133,
        "High": 41.130985260009766,
        "Low": 40.85859298706055,
        "Close": 41.022029876708984,
        "Adj Close": 11.327454566955566,
        "Volume": 1147594.0
    },
    "EMR": {
        "Open": 28.0,
        "High": 28.625,
        "Low": 27.78125,
        "Close": 28.625,
        "Adj Close": 13.361000061035156,
        "Volume": 949200.0
    },
    "FDX": {
        "Open": 29.4375,
        "High": 29.75,
        "Low": 29.03125,
        "Close": 29.625,
        "Adj Close": 23.720510482788086,
        "Volume": 405000.0
    },
    "GD": {
        "Open": 18.96875,
        "High": 19.4375,
        "Low": 18.875,
        "Close": 19.40625,
        "Adj Close": 10.809224128723145,
        "Volume": 371200.0
    },
    "GE": {
        "Open": 106.43204498291016,
        "High": 106.83141326904297,
        "Low": 104.33535766601562,
        "Close": 105.9328384399414,
        "Adj Close": 55.13851547241211,
        "Volume": 3709657.0
    },
    "GILD": {
        "Open": 0.9804689884185791,
        "High": 0.9882810115814209,
        "Low": 0.96875,
        "Close": 0.984375,
        "Adj Close": 0.683896005153656,
        "Volume": 8150400.0
    },
    "GM": {
        "Open": null,
        "High": null,
        "Low": null,
        "Close": null,
        "Adj Close": null,
        "Volume": null
    },
    "GOOG": {
        "Open": null,
        "High": null,