{
    "AAPL": {
        "Open": 0.13504500687122345,
        "High": 0.13504500687122345,
        "Low": 0.13057999312877655,
        "Close": 0.13113799691200256,
        "Adj Close": 0.11002007126808167,
        "Volume": 381987200.0
    },
    "ABBV": {
        "Open": null,
        "High": null,
        "Low": null,
        "Close": null,
        "Adj Close": null,
        "Volume": null
    },
    "ABT": {
        "Open": 15.052207946777344,
        "High": 15.164432525634766,
        "Low": 14.785673141479492,
        "Close": 14.785673141479492,
        "Adj Close": 7.33388090133667,
        "Volume": 4109148.0
    },
    "ACN": {
        "Open": null,
        "High": null,
        "Low": null,
        "Close": null,
        "Adj Close": null,
        "Volume": null
    },
    "ADBE": {
        "Open": 4.429687976837158,
        "High": 4.460937976837158,
        "Low": 4.398437976837158,
        "Close": 4.40625,
        "Adj Close": 4.3314666748046875,
        "Volume": 6218400.0
    },
    "AIG": {
        "Open": 698.370361328125,
        "High": 701.3333129882812,
        "Low": 682.6666870117188,
        "Close": 690.0740966796875,
        "Adj Close": 404.123291015625,
        "Volume": 138923.0
    },
    "AMD": {
        "Open": 18.75,
        "High": 18.875,
        "Low": 17.9375,
        "Close": 18.15625,
        "Adj Close": 18.15625,
        "Volume": 5506800.0
    },
    "AMGN": {
        "Open": 14.875,
        "High": 14.90625,
        "Low": 14.734375,
        "Close": 14.859375,
        "Adj Close": 10.050713539123535,
        "Volume": 9603200.0
    },
    "AMT": {
        "Open": null,
        "High": null,
        "Low": null,
        "Close": null,
        "Adj Close": null,
        "Volume": null
    },
    "AMZN": {
        "Open": 0.07604199647903442,
        "High": 0.07604199647903442,
        "Low": 0.07525999844074249,
        "Close": 0.07552099972963333,
        "Adj Close": 0.07552099972963333,
        "Volume": 63792000.0
    },
    "AVGO": {
        "Open": null,
        "High": null,
        "Low": null,
        "Close": null,
        "Adj Close": null,
        "Volume": null
    },
    "AXP": {
        "Open": 22.028383255004883,
        "High": 22.35662078857422,
        "Low": 21.736616134643555,
        "Close": 21.918970108032227,
        "Adj Close": 15.055086135864258,
        "Volume": 4529647.0
    },
    "BA": {
        "Open": 54.4375,
        "High": 54.4375,
        "Low": 53.125,
        "Close": 53.75,
        "Adj Close": 33.62157440185547,
        "Volume": 3554700.0
    },
    "BAC": {
        "Open": 33.8125,
        "High": 34.21875,
        "Low": 32.9375,
        "Close": 33.3125,
        "Adj Close": 16.003507614135742,
        "Volume": 3813200.0
    },
    "BK": {
        "Open": 24.01552963256836,
        "High": 24.31365394592285,
        "Low": 23.51865577697754,
        "Close": 23.684280395507812,
        "Adj Close": 12.405832290649414,
        "Volume": 1828875.0
    },
    "BKNG": {
        "Open": null,
        "High": null,
        "Low": null,
        "Close": null,
        "Adj Close": null,
        "Volume": null
    },
    "BLK": {
        "Open": null,
        "High": null,
        "Low": null,
        "Close": null,
        "Adj Close": null,
        "Volume": null
    },
    "BMY": {
        "Open": 39.260799407958984,
        "High": 39.43925857543945,
        "Low": 38.6064567565918,
        "Close": 39.3797721862793,
        "Adj Close": 14.329373359680176,
        "Volume": 4217374.0
    },
    "BRK-B": {
        "Open": 31.899999618530273,
        "High": 31.959999084472656,
        "Low": 31.600000381469727,
        "Close": 31.719999313354492,
        "Adj Close": 31.719999313354492,
        "Volume": 65000.0
    },
    "C": {
        "Open": 214.375,
        "High": 215.0,
        "Low": 207.5,
        "Close": 210.8333282470703,
        "Adj Close": 106.7682876586914,
        "Volume": 542100.0
    },
    "CAT": {
        "Open": 26.78125,
        "High": 26.9375,
        "Low": 26.25,
        "Close": 26.40625,
        "Adj Close": 12.917513847351074,
        "Volume": 1830000.0
    },
    "CL": {
        "Open": 16.1875,
        "High": 16.484375,
        "Low": 16.171875,
        "Close": 16.3125,
        "Adj Close": 8.963119506835938,
        "Volume": 2582000.0
    },
    "CMCSA": {
        "Open": 3.3485629558563232,
        "High": 3.4071381092071533,
        "Low": 3.3387999534606934,
        "Close": 3.39737606048584,
        "Adj Close": 2.2952773571014404,
        "Volume": 1229824.0
    },
    "COF": {
        "Open": 12.0,
        "High": 12.125,
        "Low": 12.0,
        "Close": 12.041666984558105,
        "Adj Close": 8.631587982177734,
        "Volume": 429300.0
    },
    "COP": {
        "Open": 16.389806747436523,
        "High": 16.580385208129883,
        "Low": 16.389806747436523,
        "Close": 16.461273193359375,
        "Adj Close": 6.693411350250244,
        "Volume": 1930956.0
    },
    "COST": {
        "Open": 16.1875,
        "High": 16.9375,
        "Low": 16.125,
        "Close": 16.8125,
        "Adj Close": 11.21674633026123,
        "Volume": 4136400.0
    },
    "CRM": {
        "Open": null,
        "High": null,
        "Low": null,
        "Close": null,
        "Adj Close": null,
        "Volume": null
    },
    "CSCO": {
        "Open": 7.611111164093018,
        "High": 7.680555820465088,
        "Low": 7.444444179534912,
        "Close": 7.513888835906982,
        "Adj Close": 4.861873626708984,
        "Volume": 70911000.0
    },
    "CVS": {
        "Open": 13.0,
        "High": 13.25,
        "Low": 12.8125,
        "Close": 13.0,
        "Adj Close": 8.1111421585083,
        "Volume": 838800.0
    },
    "CVX": {
        "Open": 36.84375,
        "High": 37.5,
        "Low": 36.5,
        "Close": 36.9375,
        "Adj Close": 13.047370910644531,
        "Volume": 1765600.0
    },
    "DE": {
        "Open": 26.84375,
        "High": 27.6875,
        "Low": 26.8125,
        "Close": 27.375,
        "Adj Close": 15.706001281738281,
        "Volume": 2060600.0
    },
    "DHR": {
        "Open": 4.326765060424805,
        "High": 4.326765060424805,
        "Low": 4.242751121520996,
        "Close": 4.253252029418945,
        "Adj Close": 2.5089340209960938,
        "Volume": 326133.0
    },
    "DIS": {
        "Open": 26.964332580566406,
        "High": 27.046541213989258,
        "Low": 26.635499954223633,
        "Close": 26.82046890258789,
        "Adj Close": 20.140941619873047,
        "Volume": 4115155.0
    },
    "DUK": {
        "Open": 40.640682220458984,
        "High": 40.85859298706055,
        "Low": 40.204856872558594,
        "Close": 40.5317268371582,
        "Adj Close": 11.192072868347168,
        "Volume": 910801.0
    },
    "EMR": {
        "Open": 27.8125,
        "High": 28.375,
        "Low": 27.75,
        "Close": 27.96875,
        "Adj Close": 13.05469036102295,
        "Volume": 1007800.0
    },
    "FDX": {
        "Open": 28.6875,
        "High": 29.4375,
        "Low": 28.53125,
        "Close": 29.1875,
        "Adj Close": 23.370214462280273,
        "Volume": 299600.0
    },
    "GD": {
        "Open": 18.875,
        "High": 19.3125,
        "Low": 18.6875,
        "Close": 19.109375,
        "Adj Close": 10.643860816955566,
        "Volume": 698000.0
    },
    "GE": {
        "Open": 104.23551177978516,
        "High": 105.33377838134766,
        "Low": 102.23866271972656,
        "Close": 104.03582763671875,
        "Adj Close": 54.151126861572266,
        "Volume": 2392081.0
    },
    "GILD": {
        "Open": 0.9179689884185791,
        "High": 0.921875,
        "Low": 0.8398439884185791,
        "Close": 0.8710939884185791,
        "Adj Close": 0.6051939129829407,
        "Volume": 15987200.0
    },
    "GM": {
        "Open": null,
        "High": null,
        "Low": null,
        "Close": null,
        "Adj Close": null,
        "Volume": null
    },