{
    "AAPL": {
        "Open": 1.2098209857940674,
        "High": 1.245535969734192,
        "Low": 1.1556919813156128,
        "Close": 1.1902899742126465,
        "Adj Close": 0.9986109733581543,
        "Volume": 328563200.0
    },
    "ABBV": {
        "Open": null,
        "High": null,
        "Low": null,
        "Close": null,
        "Adj Close": null,
        "Volume": null
    },
    "ABT": {
        "Open": 15.964037895202637,
        "High": 16.77766990661621,
        "Low": 15.87986946105957,
        "Close": 16.609333038330078,
        "Adj Close": 8.597579956054688,
        "Volume": 9708157.0
    },
    "ACN": {
        "Open": null,
        "High": null,
        "Low": null,
        "Close": null,
        "Adj Close": null,
        "Volume": null
    },
    "ADBE": {
        "Open": 28.2734375,
        "High": 28.625,
        "Low": 25.75,
        "Close": 26.390625,
        "Adj Close": 26.21035385131836,
        "Volume": 10012400.0
    },
    "AIG": {
        "Open": 1463.3333740234375,
        "High": 1579.1666259765625,
        "Low": 1463.3333740234375,
        "Close": 1568.3333740234375,
        "Adj Close": 924.548828125,
        "Volume": 356798.0
    },
    "AMD": {
        "Open": 29.625,
        "High": 30.9375,
        "Low": 29.0,
        "Close": 30.4375,
        "Adj Close": 30.4375,
        "Volume": 9475000.0
    },
    "AMGN": {
        "Open": 61.0,
        "High": 61.9375,
        "Low": 58.125,
        "Close": 59.375,
        "Adj Close": 40.160579681396484,
        "Volume": 6449800.0
    },
    "AMT": {
        "Open": 49.0,
        "High": 49.0,
        "Low": 44.4375,
        "Close": 45.125,
        "Adj Close": 32.994415283203125,
        "Volume": 1132800.0
    },
    "AMZN": {
        "Open": 3.2718749046325684,
        "High": 3.284374952316284,
        "Low": 3.0999999046325684,
        "Close": 3.1781249046325684,
        "Adj Close": 3.1781249046325684,
        "Volume": 97308000.0
    },
    "AVGO": {
        "Open": null,
        "High": null,
        "Low": null,
        "Close": null,
        "Adj Close": null,
        "Volume": null
    },
    "AXP": {
        "Open": 43.69205856323242,
        "High": 45.8620719909668,
        "Low": 43.60087966918945,
        "Close": 45.36971664428711,
        "Adj Close": 31.94051742553711,
        "Volume": 8983548.0
    },
    "BA": {
        "Open": 37.75,
        "High": 37.75,
        "Low": 37.0625,
        "Close": 37.1875,
        "Adj Close": 24.086082458496094,
        "Volume": 3234700.0
    },
    "BAC": {
        "Open": 26.03125,
        "High": 27.78125,
        "Low": 26.03125,
        "Close": 27.75,
        "Adj Close": 14.394512176513672,
        "Volume": 17099000.0
    },
    "BK": {
        "Open": 44.05607223510742,
        "High": 47.03731155395508,
        "Low": 44.05607223510742,
        "Close": 46.15950393676758,
        "Adj Close": 25.366539001464844,
        "Volume": 4992001.0
    },
    "BKNG": {
        "Open": 465.375,
        "High": 466.125,
        "Low": 390.0,
        "Close": 392.25,
        "Adj Close": 385.9350891113281,
        "Volume": 617133.0
    },
    "BLK": {
        "Open": 20.25,
        "High": 20.6875,
        "Low": 20.25,
        "Close": 20.625,
        "Adj Close": 12.342930793762207,
        "Volume": 4000.0
    },
    "BMY": {
        "Open": 56.74970245361328,
        "High": 58.7722282409668,
        "Low": 55.916900634765625,
        "Close": 58.712745666503906,
        "Adj Close": 22.269256591796875,
        "Volume": 6674147.0
    },
    "BRK-B": {
        "Open": 36.70000076293945,
        "High": 36.720001220703125,
        "Low": 35.099998474121094,
        "Close": 35.099998474121094,
        "Adj Close": 35.099998474121094,
        "Volume": 770000.0
    },
    "C": {
        "Open": 450.0,
        "High": 468.28125,
        "Low": 449.0625,
        "Close": 465.0,
        "Adj Close": 242.4611053466797,
        "Volume": 1635680.0
    },
    "CAT": {
        "Open": 19.71875,
        "High": 21.125,
        "Low": 19.71875,
        "Close": 20.9375,
        "Adj Close": 10.871296882629395,
        "Volume": 4664200.0
    },
    "CL": {
        "Open": 28.3125,
        "High": 30.4375,
        "Low": 28.21875,
        "Close": 30.25,
        "Adj Close": 17.218992233276367,
        "Volume": 3763600.0
    },
    "CMCSA": {
        "Open": 12.535144805908203,
        "High": 13.35520076751709,
        "Low": 12.496094703674316,
        "Close": 13.04279899597168,
        "Adj Close": 8.850395202636719,
        "Volume": 919327.0
    },
    "COF": {
        "Open": 47.6875,
        "High": 49.6875,
        "Low": 47.6875,
        "Close": 49.0,
        "Adj Close": 35.497161865234375,
        "Volume": 1323700.0
    },
    "COP": {
        "Open": 17.5809268951416,
        "High": 17.914438247680664,
        "Low": 17.55710220336914,
        "Close": 17.723859786987305,
        "Adj Close": 7.832722187042236,
        "Volume": 1769344.0
    },
    "COST": {
        "Open": 51.5,
        "High": 53.25,
        "Low": 49.9375,
        "Close": 52.5,
        "Adj Close": 35.0262565612793,
        "Volume": 4199700.0
    },
    "CRM": {
        "Open": null,
        "High": null,
        "Low": null,
        "Close": null,
        "Adj Close": null,
        "Volume": null
    },
    "CSCO": {
        "Open": 76.875,
        "High": 77.0,
        "Low": 72.0,
        "Close": 72.9375,
        "Adj Close": 47.194305419921875,
        "Volume": 61832400.0
    },
    "CVS": {
        "Open": 18.78125,
        "High": 19.625,
        "Low": 18.75,
        "Close": 19.34375,
        "Adj Close": 12.251500129699707,
        "Volume": 3758200.0
    },
    "CVX": {
        "Open": 46.3125,
        "High": 46.875,
        "Low": 45.75,
        "Close": 46.15625,
        "Adj Close": 17.6727294921875,
        "Volume": 3577200.0
    },
    "DE": {
        "Open": 19.0,
        "High": 19.53125,
        "Low": 18.34375,
        "Close": 19.4375,
        "Adj Close": 11.814650535583496,
        "Volume": 3520000.0
    },
    "DHR": {
        "Open": 8.5695161819458,
        "High": 8.73754596710205,
        "Low": 8.443493843078613,
        "Close": 8.67453384399414,
        "Adj Close": 5.135787010192871,
        "Volume": 3524376.0
    },
    "DIS": {
        "Open": 40.6931266784668,
        "High": 41.309688568115234,
        "Low": 40.508155822753906,
        "Close": 41.24803161621094,
        "Adj Close": 31.607349395751953,
        "Volume": 4870654.0
    },
    "DUK": {
        "Open": 45.76162338256836,
        "High": 47.06909942626953,
        "Low": 45.70714569091797,
        "Close": 47.06909942626953,
        "Adj Close": 14.507848739624023,
        "Volume": 1485803.0
    },
    "EMR": {
        "Open": 26.5,
        "High": 26.6875,
        "Low": 25.65625,
        "Close": 26.5,
        "Adj Close": 13.117165565490723,
        "Volume": 2599600.0
    },
    "FDX": {
        "Open": 39.0,
        "High": 39.625,
        "Low": 38.6875,
        "Close": 39.1875,
        "Adj Close": 31.377124786376953,
        "Volume": 1009500.0
    },
    "GD": {
        "Open": 25.0,
        "High": 25.625,
        "Low": 24.53125,
        "Close": 25.4375,
        "Adj Close": 14.862995147705078,
        "Volume": 1360600.0
    },
    "GE": {
        "Open": 248.00863647460938,
        "High": 257.19415283203125,
        "Low": 247.60926818847656,
        "Close": 257.19415283203125,
        "Adj Close": 139.54293823242188,
        "Volume": 4002619.0
    },
    "GILD": {
        "Open": 1.921875,
        "High": 1.984375,
        "Low": 1.875,
        "Close": 1.8769530057907104,
        "Adj Close": 1.30401611328125,
        "Volume": 19635200.0
    },
    "GM": {
        "Open": null,
        "High": null,
        "Low": null,
        "Close": null,
        "Adj Close": null,
        "Volume": null
    },
    "GOOG": {
        "Open": null,
        "High": null,
        "Low": null,