{
    "AAPL": {
        "Open": 0.9760040044784546,
        "High": 1.0535709857940674,
        "Low": 0.9732139706611633,
        "Close": 0.9988840222358704,
        "Adj Close": 0.8380279541015625,
        "Volume": 667620800.0
    },
    "ABBV": {
        "Open": null,
        "High": null,
        "Low": null,
        "Close": null,
        "Adj Close": null,
        "Volume": null
    },
    "ABT": {
        "Open": 17.422964096069336,
        "High": 17.50713348388672,
        "Low": 16.3848819732666,
        "Close": 16.525163650512695,
        "Adj Close": 8.596921920776367,
        "Volume": 11353509.0
    },
    "ACN": {
        "Open": null,
        "High": null,
        "Low": null,
        "Close": null,
        "Adj Close": null,
        "Volume": null
    },
    "ADBE": {
        "Open": 27.71875,
        "High": 27.734375,
        "Low": 23.796875,
        "Close": 24.453125,
        "Adj Close": 24.286090850830078,
        "Volume": 14822800.0
    },
    "AIG": {
        "Open": 1480.0,
        "High": 1483.3333740234375,
        "Low": 1359.1666259765625,
        "Close": 1438.3333740234375,
        "Adj Close": 847.9127807617188,
        "Volume": 457050.0
    },
    "AMD": {
        "Open": 34.875,
        "High": 35.75,
        "Low": 32.125,
        "Close": 33.0,
        "Adj Close": 33.0,
        "Volume": 14366400.0
    },
    "AMGN": {
        "Open": 56.6875,
        "High": 58.0,
        "Low": 52.125,
        "Close": 52.75,
        "Adj Close": 35.679508209228516,
        "Volume": 12667000.0
    },
    "AMT": {
        "Open": 40.5,
        "High": 40.9375,
        "Low": 39.5,
        "Close": 40.1875,
        "Adj Close": 29.384220123291016,
        "Volume": 630700.0
    },
    "AMZN": {
        "Open": 2.393749952316284,
        "High": 2.6187500953674316,
        "Low": 2.0406250953674316,
        "Close": 2.34375,
        "Adj Close": 2.34375,
        "Volume": 401490000.0
    },
    "AVGO": {
        "Open": null,
        "High": null,
        "Low": null,
        "Close": null,
        "Adj Close": null,
        "Volume": null
    },
    "AXP": {
        "Open": 41.8685188293457,
        "High": 42.014400482177734,
        "Low": 38.458492279052734,
        "Close": 39.09673309326172,
        "Adj Close": 27.524307250976562,
        "Volume": 15655318.0
    },
    "BA": {
        "Open": 36.75,
        "High": 36.75,
        "Low": 34.75,
        "Close": 35.375,
        "Adj Close": 22.912134170532227,
        "Volume": 3744900.0
    },
    "BAC": {
        "Open": 25.9375,
        "High": 25.9375,
        "Low": 24.3125,
        "Close": 24.96875,
        "Adj Close": 12.951820373535156,
        "Volume": 19890400.0
    },
    "BK": {
        "Open": 44.98357009887695,
        "High": 44.98357009887695,
        "Low": 41.5385856628418,
        "Close": 41.80358123779297,
        "Adj Close": 22.972780227661133,
        "Volume": 2092178.0
    },
    "BKNG": {
        "Open": 357.0,
        "High": 372.0,
        "Low": 311.25,
        "Close": 351.28125,
        "Adj Close": 345.62591552734375,
        "Volume": 1033517.0
    },
    "BLK": {
        "Open": 23.25,
        "High": 23.25,
        "Low": 23.0,
        "Close": 23.0,
        "Adj Close": 13.76424503326416,
        "Volume": 10200.0
    },
    "BMY": {
        "Open": 62.817283630371094,
        "High": 63.174198150634766,
        "Low": 59.486061096191406,
        "Close": 60.31886672973633,
        "Adj Close": 22.96336555480957,
        "Volume": 6039860.0
    },
    "BRK-B": {
        "Open": 37.31999969482422,
        "High": 37.459999084472656,
        "Low": 36.34000015258789,
        "Close": 36.91999816894531,
        "Adj Close": 36.91999816894531,
        "Volume": 935000.0
    },
    "C": {
        "Open": 457.03125,
        "High": 457.03125,
        "Low": 427.96875,
        "Close": 435.0,
        "Adj Close": 226.81846618652344,
        "Volume": 2168360.0
    },
    "CAT": {
        "Open": 21.0,
        "High": 21.0,
        "Low": 20.09375,
        "Close": 20.25,
        "Adj Close": 10.51433277130127,
        "Volume": 4287000.0
    },
    "CL": {
        "Open": 27.875,
        "High": 28.6875,
        "Low": 27.21875,
        "Close": 27.875,
        "Adj Close": 15.867084503173828,
        "Volume": 5026600.0
    },
    "CMCSA": {
        "Open": 11.402687072753906,
        "High": 11.59793758392334,
        "Low": 10.934082984924316,
        "Close": 10.953607559204102,
        "Adj Close": 7.432740688323975,
        "Volume": 1263115.0
    },
    "COF": {
        "Open": 44.1875,
        "High": 45.125,
        "Low": 42.25,
        "Close": 42.875,
        "Adj Close": 31.060001373291016,
        "Volume": 2165100.0
    },
    "COP": {
        "Open": 18.295597076416016,
        "High": 18.65293312072754,
        "Low": 18.176485061645508,
        "Close": 18.65293312072754,
        "Adj Close": 8.243308067321777,
        "Volume": 1771443.0
    },
    "COST": {
        "Open": 54.125,
        "High": 54.125,
        "Low": 50.375,
        "Close": 50.875,
        "Adj Close": 33.94211959838867,
        "Volume": 4131600.0
    },
    "CRM": {
        "Open": null,
        "High": null,
        "Low": null,
        "Close": null,
        "Adj Close": null,
        "Volume": null
    },
    "CSCO": {
        "Open": 60.875,
        "High": 61.0625,
        "Low": 55.0625,
        "Close": 57.0,
        "Adj Close": 36.88193130493164,
        "Volume": 14575300.0
    },
    "CVS": {
        "Open": 22.0625,
        "High": 22.0625,
        "Low": 20.8125,
        "Close": 21.0,
        "Adj Close": 13.300498962402344,
        "Volume": 5132800.0
    },
    "CVX": {
        "Open": 43.5,
        "High": 43.53125,
        "Low": 42.71875,
        "Close": 42.84375,
        "Adj Close": 16.404407501220703,
        "Volume": 3769400.0
    },
    "DE": {
        "Open": 20.375,
        "High": 20.5,
        "Low": 19.875,
        "Close": 20.125,
        "Adj Close": 12.23253059387207,
        "Volume": 2050600.0
    },
    "DHR": {
        "Open": 8.64302921295166,
        "High": 8.64302921295166,
        "Low": 8.04442310333252,
        "Close": 8.075928688049316,
        "Adj Close": 4.781380653381348,
        "Volume": 1247993.0
    },
    "DIS": {
        "Open": 38.720123291015625,
        "High": 38.96675109863281,
        "Low": 37.17871856689453,
        "Close": 38.350189208984375,
        "Adj Close": 29.386798858642578,
        "Volume": 8248251.0
    },
    "DUK": {
        "Open": 49.90196228027344,
        "High": 50.61017990112305,
        "Low": 47.45044708251953,
        "Close": 47.77731704711914,
        "Adj Close": 14.72613525390625,
        "Volume": 1691390.0
    },
    "EMR": {
        "Open": 28.125,
        "High": 28.5625,
        "Low": 26.875,
        "Close": 27.15625,
        "Adj Close": 13.44200325012207,
        "Volume": 2176400.0
    },
    "FDX": {
        "Open": 39.25,
        "High": 39.3125,
        "Low": 37.125,
        "Close": 37.25,
        "Adj Close": 29.8257999420166,
        "Volume": 1988600.0
    },
    "GD": {
        "Open": 26.1875,
        "High": 26.1875,
        "Low": 25.375,
        "Close": 25.6875,
        "Adj Close": 15.084578514099121,
        "Volume": 1644400.0
    },
    "GE": {
        "Open": 236.42691040039062,
        "High": 239.82154846191406,
        "Low": 228.5393524169922,
        "Close": 232.83258056640625,
        "Adj Close": 126.32535552978516,
        "Volume": 6603216.0
    },
    "GILD": {
        "Open": 1.9042969942092896,
        "High": 1.90625,
        "Low": 1.7109379768371582,
        "Close": 1.7285159826278687,
        "Adj Close": 1.2008891105651855,
        "Volume": 18460800.0
    },
    "GM": {
        "Open": null,
        "High": null,
        "Low": null,
        "Close": null,
        "Adj Close": null,
        "Volume": null
    },
    "GOOG": {
        "Open": null,
        "High": null,
        "Low": null,