{
    "AAPL": {
        "Open": 1.1266740560531616,
        "High": 1.1629459857940674,
        "Low": 1.0691959857940674,
        "Close": 1.0814729928970337,
        "Adj Close": 0.9073172807693481,
        "Volume": 520150400.0
    },
    "ABBV": {
        "Open": null,
        "High": null,
        "Low": null,
        "Close": null,
        "Adj Close": null,
        "Volume": null
    },
    "ABT": {
        "Open": 17.254627227783203,
        "High": 17.422964096069336,
        "Low": 16.917951583862305,
        "Close": 17.22657012939453,
        "Adj Close": 8.96181583404541,
        "Volume": 6057016.0
    },
    "ACN": {
        "Open": null,
        "High": null,
        "Low": null,
        "Close": null,
        "Adj Close": null,
        "Volume": null
    },
    "ADBE": {
        "Open": 28.9375,
        "High": 29.3125,
        "Low": 27.90625,
        "Close": 28.15625,
        "Adj Close": 27.963916778564453,
        "Volume": 5971600.0
    },
    "AIG": {
        "Open": 1399.1666259765625,
        "High": 1403.3333740234375,
        "Low": 1365.8333740234375,
        "Close": 1400.0,
        "Adj Close": 825.314697265625,
        "Volume": 216578.0
    },
    "AMD": {
        "Open": 39.34375,
        "High": 39.46875,
        "Low": 37.21875,
        "Close": 37.625,
        "Adj Close": 37.625,
        "Volume": 9904200.0
    },
    "AMGN": {
        "Open": 58.4375,
        "High": 59.9375,
        "Low": 55.25,
        "Close": 56.0,
        "Adj Close": 37.87777328491211,
        "Volume": 9010200.0
    },
    "AMT": {
        "Open": 43.8125,
        "High": 45.6875,
        "Low": 42.625,
        "Close": 45.0625,
        "Adj Close": 32.94871139526367,
        "Volume": 704500.0
    },
    "AMZN": {
        "Open": 2.765625,
        "High": 2.765625,
        "Low": 2.5843749046325684,
        "Close": 2.671875,
        "Adj Close": 2.671875,
        "Volume": 107476000.0
    },
    "AVGO": {
        "Open": null,
        "High": null,
        "Low": null,
        "Close": null,
        "Adj Close": null,
        "Volume": null
    },
    "AXP": {
        "Open": 40.70145034790039,
        "High": 41.066158294677734,
        "Low": 40.2090950012207,
        "Close": 40.70145034790039,
        "Adj Close": 28.65403175354004,
        "Volume": 5586999.0
    },
    "BA": {
        "Open": 35.5625,
        "High": 37.75,
        "Low": 35.5625,
        "Close": 37.25,
        "Adj Close": 24.126562118530273,
        "Volume": 5749000.0
    },
    "BAC": {
        "Open": 25.46875,
        "High": 25.46875,
        "Low": 24.46875,
        "Close": 24.71875,
        "Adj Close": 12.822138786315918,
        "Volume": 7913600.0
    },
    "BK": {
        "Open": 45.18231964111328,
        "High": 45.18231964111328,
        "Low": 43.393577575683594,
        "Close": 43.9235725402832,
        "Adj Close": 24.21613883972168,
        "Volume": 1712931.0
    },
    "BKNG": {
        "Open": 381.0,
        "High": 390.75,
        "Low": 342.0,
        "Close": 390.375,
        "Adj Close": 384.09027099609375,
        "Volume": 581250.0
    },
    "BLK": {
        "Open": 21.8125,
        "High": 21.9375,
        "Low": 21.0,
        "Close": 21.0,
        "Adj Close": 12.56734561920166,
        "Volume": 20400.0
    },
    "BMY": {
        "Open": 62.103450775146484,
        "High": 63.174198150634766,
        "Low": 43.781742095947266,
        "Close": 48.48114013671875,
        "Adj Close": 18.456750869750977,
        "Volume": 34887689.0
    },
    "BRK-B": {
        "Open": 37.97999954223633,
        "High": 38.02000045776367,
        "Low": 37.31999969482422,
        "Close": 37.599998474121094,
        "Adj Close": 37.599998474121094,
        "Volume": 465000.0
    },
    "C": {
        "Open": 465.46875,
        "High": 465.9375,
        "Low": 431.71875,
        "Close": 447.1875,
        "Adj Close": 233.17320251464844,
        "Volume": 2383360.0
    },
    "CAT": {
        "Open": 19.46875,
        "High": 19.46875,
        "Low": 18.5,
        "Close": 18.8125,
        "Adj Close": 9.847460746765137,
        "Volume": 8557000.0
    },
    "CL": {
        "Open": 28.0,
        "High": 28.0,
        "Low": 26.40625,
        "Close": 27.84375,
        "Adj Close": 15.849298477172852,
        "Volume": 7988800.0
    },
    "CMCSA": {
        "Open": 11.28553581237793,
        "High": 11.402687072753906,
        "Low": 11.070758819580078,
        "Close": 11.28553581237793,
        "Adj Close": 7.657971382141113,
        "Volume": 941734.0
    },
    "COF": {
        "Open": 45.5,
        "High": 45.8125,
        "Low": 44.875,
        "Close": 45.5,
        "Adj Close": 32.961631774902344,
        "Volume": 622800.0
    },
    "COP": {
        "Open": 17.89061737060547,
        "High": 18.343242645263672,
        "Low": 17.89061737060547,
        "Close": 18.176485061645508,
        "Adj Close": 8.032751083374023,
        "Volume": 1699819.0
    },
    "COST": {
        "Open": 51.125,
        "High": 53.0625,
        "Low": 49.5,
        "Close": 52.25,
        "Adj Close": 34.85947799682617,
        "Volume": 3508700.0
    },
    "CRM": {
        "Open": null,
        "High": null,
        "Low": null,
        "Close": null,
        "Adj Close": null,
        "Volume": null
    },
    "CSCO": {
        "Open": 69.75,
        "High": 70.0,
        "Low": 65.875,
        "Close": 66.125,
        "Adj Close": 42.78627395629883,
        "Volume": 51863900.0
    },
    "CVS": {
        "Open": 22.375,
        "High": 22.375,
        "Low": 21.59375,
        "Close": 21.75,
        "Adj Close": 13.775517463684082,
        "Volume": 3639000.0
    },
    "CVX": {
        "Open": 42.15625,
        "High": 43.0625,
        "Low": 41.96875,
        "Close": 42.375,
        "Adj Close": 16.224929809570312,
        "Volume": 3027000.0
    },
    "DE": {
        "Open": 19.8125,
        "High": 19.96875,
        "Low": 18.9375,
        "Close": 19.28125,
        "Adj Close": 11.719680786132812,
        "Volume": 1148200.0
    },
    "DHR": {
        "Open": 8.327973365783691,
        "High": 8.769050598144531,
        "Low": 8.31747055053711,
        "Close": 8.622024536132812,
        "Adj Close": 5.104698657989502,
        "Volume": 2645365.0
    },
    "DIS": {
        "Open": 39.459999084472656,
        "High": 40.93975067138672,
        "Low": 39.459999084472656,
        "Close": 40.38484573364258,
        "Adj Close": 30.945907592773438,
        "Volume": 8579219.0
    },
    "DUK": {
        "Open": 47.39596939086914,
        "High": 47.88627243041992,
        "Low": 46.36088562011719,
        "Close": 47.88627243041992,
        "Adj Close": 14.759722709655762,
        "Volume": 1157116.0
    },
    "EMR": {
        "Open": 26.625,
        "High": 26.6875,
        "Low": 25.5625,
        "Close": 26.15625,
        "Adj Close": 12.947014808654785,
        "Volume": 2814800.0
    },
    "FDX": {
        "Open": 38.0,
        "High": 38.5,
        "Low": 37.4375,
        "Close": 38.1875,
        "Adj Close": 30.576440811157227,
        "Volume": 884300.0
    },
    "GD": {
        "Open": 25.21875,
        "High": 26.6875,
        "Low": 25.1875,
        "Close": 26.0,
        "Adj Close": 15.268095016479492,
        "Volume": 1363600.0
    },
    "GE": {
        "Open": 249.30657958984375,
        "High": 250.50469970703125,
        "Low": 246.2114715576172,
        "Close": 248.4080047607422,
        "Adj Close": 134.77586364746094,
        "Volume": 2952652.0
    },
    "GILD": {
        "Open": 1.7578129768371582,
        "High": 1.7578129768371582,
        "Low": 1.625,
        "Close": 1.625488042831421,
        "Adj Close": 1.129310131072998,
        "Volume": 14256000.0
    },
    "GM": {
        "Open": null,
        "High": null,
        "Low": null,
        "Close": null,
        "Adj Close": null,
        "Volume": null
    },
    "GOOG": {
        "Open": null,
        "High": null,
        "Low": null,