{
    "AAPL": {
        "Open": 1.026785969734192,
        "High": 1.0758930444717407,
        "Low": 1.0245540142059326,
        "Close": 1.0758930444717407,
        "Adj Close": 0.9026356339454651,
        "Volume": 443620800.0
    },
    "ABBV": {
        "Open": null,
        "High": null,
        "Low": null,
        "Close": null,
        "Adj Close": null,
        "Volume": null
    },
    "ABT": {
        "Open": 17.394908905029297,
        "High": 18.068260192871094,
        "Low": 17.338796615600586,
        "Close": 17.984092712402344,
        "Adj Close": 9.3558988571167,
        "Volume": 9178864.0
    },
    "ACN": {
        "Open": null,
        "High": null,
        "Low": null,
        "Close": null,
        "Adj Close": null,
        "Volume": null
    },
    "ADBE": {
        "Open": 26.921875,
        "High": 28.0,
        "Low": 24.25,
        "Close": 26.1875,
        "Adj Close": 26.008615493774414,
        "Volume": 9034800.0
    },
    "AIG": {
        "Open": 1445.0,
        "High": 1492.5,
        "Low": 1443.3333740234375,
        "Close": 1491.6666259765625,
        "Adj Close": 879.3534545898438,
        "Volume": 200940.0
    },
    "AMD": {
        "Open": 38.625,
        "High": 40.8125,
        "Low": 38.09375,
        "Close": 40.5,
        "Adj Close": 40.5,
        "Volume": 12660000.0
    },
    "AMGN": {
        "Open": 53.3125,
        "High": 53.796875,
        "Low": 50.0,
        "Close": 51.3125,
        "Adj Close": 34.70719909667969,
        "Volume": 11779300.0
    },
    "AMT": {
        "Open": 44.75,
        "High": 44.75,
        "Low": 41.25,
        "Close": 42.9375,
        "Adj Close": 31.394960403442383,
        "Volume": 536300.0
    },
    "AMZN": {
        "Open": 2.46875,
        "High": 2.578125,
        "Low": 2.2437500953674316,
        "Close": 2.4906249046325684,
        "Adj Close": 2.4906249046325684,
        "Volume": 133866000.0
    },
    "AVGO": {
        "Open": null,
        "High": null,
        "Low": null,
        "Close": null,
        "Adj Close": null,
        "Volume": null
    },
    "AXP": {
        "Open": 41.64969253540039,
        "High": 44.093238830566406,
        "Low": 41.43086624145508,
        "Close": 43.783233642578125,
        "Adj Close": 30.876750946044922,
        "Volume": 11306638.0
    },
    "BA": {
        "Open": 40.0625,
        "High": 41.25,
        "Low": 37.5,
        "Close": 37.875,
        "Adj Close": 24.5313663482666,
        "Volume": 10279700.0
    },
    "BAC": {
        "Open": 24.78125,
        "High": 25.75,
        "Low": 24.6875,
        "Close": 25.75,
        "Adj Close": 13.357070922851562,
        "Volume": 8713600.0
    },
    "BK": {
        "Open": 44.25482177734375,
        "High": 45.91106414794922,
        "Low": 43.9235725402832,
        "Close": 45.778568267822266,
        "Adj Close": 25.238842010498047,
        "Volume": 1405760.0
    },
    "BKNG": {
        "Open": 378.0,
        "High": 396.0,
        "Low": 337.5,
        "Close": 370.5,
        "Adj Close": 364.5352783203125,
        "Volume": 538417.0
    },
    "BLK": {
        "Open": 21.0625,
        "High": 21.625,
        "Low": 21.0,
        "Close": 21.625,
        "Adj Close": 12.941378593444824,
        "Volume": 15100.0
    },
    "BMY": {
        "Open": 46.69655990600586,
        "High": 47.707820892333984,
        "Low": 46.69655990600586,
        "Close": 47.11296081542969,
        "Adj Close": 17.935888290405273,
        "Volume": 16044620.0
    },
    "BRK-B": {
        "Open": 38.040000915527344,
        "High": 39.040000915527344,
        "Low": 37.880001068115234,
        "Close": 38.79999923706055,
        "Adj Close": 38.79999923706055,
        "Volume": 590000.0
    },
    "C": {
        "Open": 454.6875,
        "High": 465.9375,
        "Low": 453.75,
        "Close": 463.59375,
        "Adj Close": 241.7278289794922,
        "Volume": 1076920.0
    },
    "CAT": {
        "Open": 19.09375,
        "High": 19.5625,
        "Low": 19.09375,
        "Close": 19.5,
        "Adj Close": 10.207330703735352,
        "Volume": 3312200.0
    },
    "CL": {
        "Open": 28.46875,
        "High": 29.375,
        "Low": 28.375,
        "Close": 29.3125,
        "Adj Close": 16.731616973876953,
        "Volume": 3939600.0
    },
    "CMCSA": {
        "Open": 11.187910079956055,
        "High": 11.87129020690918,
        "Low": 10.855982780456543,
        "Close": 11.793190002441406,
        "Adj Close": 8.00245189666748,
        "Volume": 804731.0
    },
    "COF": {
        "Open": 47.3125,
        "High": 48.875,
        "Low": 46.4375,
        "Close": 47.125,
        "Adj Close": 34.13883972167969,
        "Volume": 866700.0
    },
    "COP": {
        "Open": 18.224130630493164,
        "High": 18.676755905151367,
        "Low": 18.200307846069336,
        "Close": 18.676755905151367,
        "Adj Close": 8.253835678100586,
        "Volume": 1500164.0
    },
    "COST": {
        "Open": 53.25,
        "High": 58.125,
        "Low": 53.25,
        "Close": 56.0,
        "Adj Close": 37.36137390136719,
        "Volume": 5967100.0
    },
    "CRM": {
        "Open": null,
        "High": null,
        "Low": null,
        "Close": null,
        "Adj Close": null,
        "Volume": null
    },
    "CSCO": {
        "Open": 61.5625,
        "High": 63.75,
        "Low": 59.25,
        "Close": 63.4375,
        "Adj Close": 41.04732131958008,
        "Volume": 58933700.0
    },
    "CVS": {
        "Open": 21.96875,
        "High": 22.1875,
        "Low": 21.71875,
        "Close": 22.0,
        "Adj Close": 13.952459335327148,
        "Volume": 2841200.0
    },
    "CVX": {
        "Open": 42.65625,
        "High": 43.65625,
        "Low": 42.46875,
        "Close": 42.625,
        "Adj Close": 16.32065200805664,
        "Volume": 2998400.0
    },
    "DE": {
        "Open": 18.9375,
        "High": 19.6875,
        "Low": 18.9375,
        "Close": 19.40625,
        "Adj Close": 11.795653343200684,
        "Volume": 1533800.0
    },
    "DHR": {
        "Open": 8.895073890686035,
        "High": 9.000091552734375,
        "Low": 8.800557136535645,
        "Close": 8.979087829589844,
        "Adj Close": 5.316100120544434,
        "Volume": 1641971.0
    },
    "DIS": {
        "Open": 40.87809371948242,
        "High": 40.87809371948242,
        "Low": 39.58331298828125,
        "Close": 39.706626892089844,
        "Adj Close": 30.426204681396484,
        "Volume": 3844197.0
    },
    "DUK": {
        "Open": 49.248226165771484,
        "High": 50.55569839477539,
        "Low": 49.248226165771484,
        "Close": 50.33778762817383,
        "Adj Close": 15.515339851379395,
        "Volume": 1120289.0
    },
    "EMR": {
        "Open": 25.9375,
        "High": 27.09375,
        "Low": 25.90625,
        "Close": 26.9375,
        "Adj Close": 13.333722114562988,
        "Volume": 3712400.0
    },
    "FDX": {
        "Open": 38.25,
        "High": 38.3125,
        "Low": 36.875,
        "Close": 37.25,
        "Adj Close": 29.8257999420166,
        "Volume": 801800.0
    },
    "GD": {
        "Open": 26.65625,
        "High": 29.0625,
        "Low": 26.65625,
        "Close": 29.0,
        "Adj Close": 17.029783248901367,
        "Volume": 3737200.0
    },
    "GE": {
        "Open": 250.80422973632812,
        "High": 261.88671875,
        "Low": 249.70596313476562,
        "Close": 258.8914489746094,
        "Adj Close": 140.4638214111328,
        "Volume": 5010957.0
    },
    "GILD": {
        "Open": 1.625,
        "High": 1.625,
        "Low": 1.457031011581421,
        "Close": 1.535156011581421,
        "Adj Close": 1.0665518045425415,
        "Volume": 8732800.0
    },
    "GM": {
        "Open": null,
        "High": null,
        "Low": null,
        "Close": null,
        "Adj Close": null,
        "Volume": null
    },
    "GOOG": {
        "Open": null,
        "High": null,
        "Low": null,
        "Close": null,