{
    "AAPL": {
        "Open": 0.4185270071029663,
        "High": 0.4285709857940674,
        "Low": 0.4179689884185791,
        "Close": 0.42354899644851685,
        "Adj Close": 0.35534247756004333,
        "Volume": 488510400.0
    },
    "ABBV": {
        "Open": null,
        "High": null,
        "Low": null,
        "Close": null,
        "Adj Close": null,
        "Volume": null
    },
    "ABT": {
        "Open": 20.284709930419922,
        "High": 20.59332847595215,
        "Low": 19.751638412475586,
        "Close": 19.751638412475586,
        "Adj Close": 10.090229988098145,
        "Volume": 6629526.0
    },
    "ACN": {
        "Open": null,
        "High": null,
        "Low": null,
        "Close": null,
        "Adj Close": null,
        "Volume": null
    },
    "ADBE": {
        "Open": 9.296875,
        "High": 9.3125,
        "Low": 9.125,
        "Close": 9.1875,
        "Adj Close": 9.109554290771484,
        "Volume": 4373600.0
    },
    "AIG": {
        "Open": 1250.0,
        "High": 1261.3333740234375,
        "Low": 1238.6666259765625,
        "Close": 1253.3333740234375,
        "Adj Close": 737.6776733398438,
        "Volume": 245644.0
    },
    "AMD": {
        "Open": 9.34375,
        "High": 9.34375,
        "Low": 8.875,
        "Close": 8.90625,
        "Adj Close": 8.90625,
        "Volume": 2738400.0
    },
    "AMGN": {
        "Open": 31.0,
        "High": 31.0,
        "Low": 30.0625,
        "Close": 30.25,
        "Adj Close": 20.46076011657715,
        "Volume": 9851000.0
    },
    "AMT": {
        "Open": 23.125,
        "High": 23.375,
        "Low": 22.875,
        "Close": 23.25,
        "Adj Close": 16.99988555908203,
        "Volume": 522100.0
    },
    "AMZN": {
        "Open": 2.848438024520874,
        "High": 2.862499952316284,
        "Low": 2.612499952316284,
        "Close": 2.62656307220459,
        "Adj Close": 2.62656307220459,
        "Volume": 346232000.0
    },
    "AVGO": {
        "Open": null,
        "High": null,
        "Low": null,
        "Close": null,
        "Adj Close": null,
        "Volume": null
    },
    "AXP": {
        "Open": 34.556114196777344,
        "High": 35.486122131347656,
        "Low": 34.556114196777344,
        "Close": 35.486122131347656,
        "Adj Close": 24.86121368408203,
        "Volume": 5238090.0
    },
    "BA": {
        "Open": 42.1875,
        "High": 43.375,
        "Low": 42.0625,
        "Close": 42.5625,
        "Adj Close": 27.303030014038086,
        "Volume": 1916500.0
    },
    "BAC": {
        "Open": 32.0,
        "High": 32.25,
        "Low": 31.4375,
        "Close": 32.15625,
        "Adj Close": 16.23639678955078,
        "Volume": 5360600.0
    },
    "BK": {
        "Open": 36.636104583740234,
        "High": 37.166099548339844,
        "Low": 36.503604888916016,
        "Close": 36.76860427856445,
        "Adj Close": 19.954153060913086,
        "Volume": 853871.0
    },
    "BKNG": {
        "Open": 560.25,
        "High": 575.25,
        "Low": 504.0,
        "Close": 504.75,
        "Adj Close": 496.6239318847656,
        "Volume": 448450.0
    },
    "BLK": {
        "Open": null,
        "High": null,
        "Low": null,
        "Close": null,
        "Adj Close": null,
        "Volume": null
    },
    "BMY": {
        "Open": 62.817283630371094,
        "High": 63.29317092895508,
        "Low": 62.341392517089844,
        "Close": 62.75779724121094,
        "Adj Close": 23.556535720825195,
        "Volume": 2269334.0
    },
    "BRK-B": {
        "Open": 46.52000045776367,
        "High": 46.880001068115234,
        "Low": 46.02000045776367,
        "Close": 46.15999984741211,
        "Adj Close": 46.15999984741211,
        "Volume": 245000.0
    },
    "C": {
        "Open": 322.5,
        "High": 322.96875,
        "Low": 308.4375,
        "Close": 316.875,
        "Adj Close": 163.83448791503906,
        "Volume": 860280.0
    },
    "CAT": {
        "Open": 29.1875,
        "High": 30.53125,
        "Low": 29.1875,
        "Close": 30.21875,
        "Adj Close": 15.413686752319336,
        "Volume": 3796800.0
    },
    "CL": {
        "Open": 25.4375,
        "High": 25.4375,
        "Low": 25.140625,
        "Close": 25.203125,
        "Adj Close": 14.22537612915039,
        "Volume": 3352400.0
    },
    "CMCSA": {
        "Open": 10.973133087158203,
        "High": 11.051234245300293,
        "Low": 10.738832473754883,
        "Close": 10.738832473754883,
        "Adj Close": 7.287001132965088,
        "Volume": 526565.0
    },
    "COF": {
        "Open": 52.75,
        "High": 53.5,
        "Low": 51.3125,
        "Close": 51.375,
        "Adj Close": 37.146018981933594,
        "Volume": 1415200.0
    },
    "COP": {
        "Open": 20.20138931274414,
        "High": 20.58254623413086,
        "Low": 20.20138931274414,
        "Close": 20.3919677734375,
        "Adj Close": 8.808625221252441,
        "Volume": 1658366.0
    },
    "COST": {
        "Open": 36.8125,
        "High": 38.125,
        "Low": 36.4375,
        "Close": 36.6875,
        "Adj Close": 24.476694107055664,
        "Volume": 3412000.0
    },
    "CRM": {
        "Open": null,
        "High": null,
        "Low": null,
        "Close": null,
        "Adj Close": null,
        "Volume": null
    },
    "CSCO": {
        "Open": 27.5,
        "High": 28.28125,
        "Low": 27.125,
        "Close": 27.203125,
        "Adj Close": 17.601823806762695,
        "Volume": 46993200.0
    },
    "CVS": {
        "Open": 22.96875,
        "High": 23.75,
        "Low": 22.90625,
        "Close": 23.59375,
        "Adj Close": 14.881309509277344,
        "Volume": 2376800.0
    },
    "CVX": {
        "Open": 46.3125,
        "High": 47.15625,
        "Low": 45.5625,
        "Close": 45.78125,
        "Adj Close": 17.1511287689209,
        "Volume": 2663600.0
    },
    "DE": {
        "Open": 19.1875,
        "High": 19.5625,
        "Low": 18.9375,
        "Close": 19.25,
        "Adj Close": 11.441027641296387,
        "Volume": 1554800.0
    },
    "DHR": {
        "Open": 10.33382797241211,
        "High": 10.711894989013672,
        "Low": 10.291820526123047,
        "Close": 10.711894989013672,
        "Adj Close": 6.334376335144043,
        "Volume": 1386064.0
    },
    "DIS": {
        "Open": 28.731813430786133,
        "High": 29.286718368530273,
        "Low": 28.361875534057617,
        "Close": 28.60849952697754,
        "Adj Close": 21.68768882751465,
        "Volume": 5969589.0
    },
    "DUK": {
        "Open": 52.24452209472656,
        "High": 52.29899978637695,
        "Low": 51.48182678222656,
        "Close": 51.75421905517578,
        "Adj Close": 15.473380088806152,
        "Volume": 1200252.0
    },
    "EMR": {
        "Open": 32.9375,
        "High": 33.34375,
        "Low": 32.90625,
        "Close": 33.34375,
        "Adj Close": 16.195768356323242,
        "Volume": 864800.0
    },
    "FDX": {
        "Open": 54.125,
        "High": 54.1875,
        "Low": 51.25,
        "Close": 52.0,
        "Adj Close": 41.636024475097656,
        "Volume": 2220000.0
    },
    "GD": {
        "Open": 33.25,
        "High": 33.40625,
        "Low": 33.15625,
        "Close": 33.34375,
        "Adj Close": 19.253650665283203,
        "Volume": 1684600.0
    },
    "GE": {
        "Open": 164.64019775390625,
        "High": 165.33909606933594,
        "Low": 163.04270935058594,
        "Close": 164.34066772460938,
        "Adj Close": 88.137939453125,
        "Volume": 2539251.0
    },
    "GILD": {
        "Open": 1.328125,
        "High": 1.328125,
        "Low": 1.28125,
        "Close": 1.300781011581421,
        "Adj Close": 0.9037193655967712,
        "Volume": 8345600.0
    },
    "GM": {
        "Open": null,
        "High": null,
        "Low": null,
        "Close": null,
        "Adj Close": null,
        "Volume": null
    },
    "GOOG": {
        "Open": null,
        "High": null,
        "Low": null,