{
    "AAPL": {
        "Open": 0.42745500802993774,
        "High": 0.4308040142059326,
        "Low": 0.4224329888820648,
        "Close": 0.4296880066394806,
        "Adj Close": 0.3604928255081177,
        "Volume": 317049600.0
    },
    "ABBV": {
        "Open": null,
        "High": null,
        "Low": null,
        "Close": null,
        "Adj Close": null,
        "Volume": null
    },
    "ABT": {
        "Open": 19.83580780029297,
        "High": 19.94803237915039,
        "Low": 19.583301544189453,
        "Close": 19.583301544189453,
        "Adj Close": 10.004233360290527,
        "Volume": 3921578.0
    },
    "ACN": {
        "Open": null,
        "High": null,
        "Low": null,
        "Close": null,
        "Adj Close": null,
        "Volume": null
    },
    "ADBE": {
        "Open": 8.804688453674316,
        "High": 8.9375,
        "Low": 8.703125,
        "Close": 8.78125,
        "Adj Close": 8.70675277709961,
        "Volume": 3654400.0
    },
    "AIG": {
        "Open": 1248.0,
        "High": 1248.0,
        "Low": 1220.6666259765625,
        "Close": 1226.6666259765625,
        "Adj Close": 721.9822387695312,
        "Volume": 154800.0
    },
    "AMD": {
        "Open": 8.65625,
        "High": 8.71875,
        "Low": 8.5625,
        "Close": 8.6875,
        "Adj Close": 8.6875,
        "Volume": 2249000.0
    },
    "AMGN": {
        "Open": 28.53125,
        "High": 28.5625,
        "Low": 26.375,
        "Close": 26.84375,
        "Adj Close": 18.156808853149414,
        "Volume": 31953000.0
    },
    "AMT": {
        "Open": 24.5,
        "High": 24.625,
        "Low": 24.3125,
        "Close": 24.5,
        "Adj Close": 17.913867950439453,
        "Volume": 360500.0
    },
    "AMZN": {
        "Open": 2.796875,
        "High": 2.953125,
        "Low": 2.753124952316284,
        "Close": 2.898437976837158,
        "Adj Close": 2.898437976837158,
        "Volume": 254212000.0
    },
    "AVGO": {
        "Open": null,
        "High": null,
        "Low": null,
        "Close": null,
        "Adj Close": null,
        "Volume": null
    },
    "AXP": {
        "Open": 36.324951171875,
        "High": 36.324951171875,
        "Low": 35.19435501098633,
        "Close": 35.923770904541016,
        "Adj Close": 25.167818069458008,
        "Volume": 3797555.0
    },
    "BA": {
        "Open": 42.25,
        "High": 42.8125,
        "Low": 41.3125,
        "Close": 42.8125,
        "Adj Close": 27.46338653564453,
        "Volume": 1921500.0
    },
    "BAC": {
        "Open": 32.78125,
        "High": 33.125,
        "Low": 32.125,
        "Close": 33.09375,
        "Adj Close": 16.70977210998535,
        "Volume": 5439400.0
    },
    "BK": {
        "Open": 38.42484664916992,
        "High": 38.55734634399414,
        "Low": 37.166099548339844,
        "Close": 37.5635986328125,
        "Adj Close": 20.38559341430664,
        "Volume": 1073023.0
    },
    "BKNG": {
        "Open": 604.125,
        "High": 624.75,
        "Low": 600.0,
        "Close": 613.5,
        "Adj Close": 603.6231689453125,
        "Volume": 290533.0
    },
    "BLK": {
        "Open": null,
        "High": null,
        "Low": null,
        "Close": null,
        "Adj Close": null,
        "Volume": null
    },
    "BMY": {
        "Open": 62.93625259399414,
        "High": 63.29317092895508,
        "Low": 61.44910430908203,
        "Close": 62.162933349609375,
        "Adj Close": 23.333242416381836,
        "Volume": 3827682.0
    },
    "BRK-B": {
        "Open": 47.20000076293945,
        "High": 47.20000076293945,
        "Low": 46.060001373291016,
        "Close": 46.619998931884766,
        "Adj Close": 46.619998931884766,
        "Volume": 460000.0
    },
    "C": {
        "Open": 321.09375,
        "High": 322.03125,
        "Low": 308.4375,
        "Close": 316.875,
        "Adj Close": 163.83448791503906,
        "Volume": 1215013.0
    },
    "CAT": {
        "Open": 30.75,
        "High": 31.0,
        "Low": 30.25,
        "Close": 30.9375,
        "Adj Close": 15.780305862426758,
        "Volume": 2574800.0
    },
    "CL": {
        "Open": 25.5,
        "High": 25.515625,
        "Low": 25.15625,
        "Close": 25.375,
        "Adj Close": 14.322386741638184,
        "Volume": 2286000.0
    },
    "CMCSA": {
        "Open": 10.641205787658691,
        "High": 10.641205787658691,
        "Low": 9.996875762939453,
        "Close": 10.133551597595215,
        "Adj Close": 6.876278400421143,
        "Volume": 996471.0
    },
    "COF": {
        "Open": 54.5,
        "High": 54.5,
        "Low": 51.1875,
        "Close": 53.25,
        "Adj Close": 38.5017204284668,
        "Volume": 1923700.0
    },
    "COP": {
        "Open": 19.939342498779297,
        "High": 20.272855758666992,
        "Low": 19.82023048400879,
        "Close": 19.98698616027832,
        "Adj Close": 8.633683204650879,
        "Volume": 820394.0
    },
    "COST": {
        "Open": 37.34375,
        "High": 37.625,
        "Low": 36.25,
        "Close": 36.96875,
        "Adj Close": 24.664331436157227,
        "Volume": 3041400.0
    },
    "CRM": {
        "Open": null,
        "High": null,
        "Low": null,
        "Close": null,
        "Adj Close": null,
        "Volume": null
    },
    "CSCO": {
        "Open": 28.3125,
        "High": 28.3125,
        "Low": 27.421875,
        "Close": 27.609375,
        "Adj Close": 17.864683151245117,
        "Volume": 46404800.0
    },
    "CVS": {
        "Open": 22.875,
        "High": 23.875,
        "Low": 22.875,
        "Close": 23.625,
        "Adj Close": 14.90101146697998,
        "Volume": 1525600.0
    },
    "CVX": {
        "Open": 46.125,
        "High": 46.71875,
        "Low": 45.75,
        "Close": 46.625,
        "Adj Close": 17.467227935791016,
        "Volume": 2723600.0
    },
    "DE": {
        "Open": 19.4375,
        "High": 19.78125,
        "Low": 19.4375,
        "Close": 19.75,
        "Adj Close": 11.738199234008789,
        "Volume": 1111000.0
    },
    "DHR": {
        "Open": 10.659385681152344,
        "High": 10.659385681152344,
        "Low": 10.375835418701172,
        "Close": 10.575370788574219,
        "Adj Close": 6.2536444664001465,
        "Volume": 1017677.0
    },
    "DIS": {
        "Open": 29.04009437561035,
        "High": 29.22506332397461,
        "Low": 28.731813430786133,
        "Close": 28.978437423706055,
        "Adj Close": 21.968128204345703,
        "Volume": 4225241.0
    },
    "DUK": {
        "Open": 51.590782165527344,
        "High": 51.645263671875,
        "Low": 50.39226531982422,
        "Close": 50.55569839477539,
        "Adj Close": 15.115045547485352,
        "Volume": 1009580.0
    },
    "EMR": {
        "Open": 33.9375,
        "High": 34.03125,
        "Low": 33.25,
        "Close": 33.875,
        "Adj Close": 16.45380401611328,
        "Volume": 1611000.0
    },
    "FDX": {
        "Open": 50.25,
        "High": 50.6875,
        "Low": 49.875,
        "Close": 50.125,
        "Adj Close": 40.13471984863281,
        "Volume": 990400.0
    },
    "GD": {
        "Open": 32.21875,
        "High": 32.25,
        "Low": 31.75,
        "Close": 32.125,
        "Adj Close": 18.549915313720703,
        "Volume": 2470800.0
    },
    "GE": {
        "Open": 162.94287109375,
        "High": 163.04270935058594,
        "Low": 159.44837951660156,
        "Close": 161.34539794921875,
        "Adj Close": 86.53153228759766,
        "Volume": 3195848.0
    },
    "GILD": {
        "Open": 1.359375,
        "High": 1.359375,
        "Low": 1.347656011581421,
        "Close": 1.3496090173721313,
        "Adj Close": 0.9376426935195923,
        "Volume": 2748800.0
    },
    "GM": {
        "Open": null,
        "High": null,
        "Low": null,
        "Close": null,
        "Adj Close": null,
        "Volume": null
    },
    "GOOG": {
        "Open": null,
        "High": null,
        "Low": null,
        "Close": null,