{
    "AAPL": {
        "Open": 0.38141700625419617,
        "High": 0.4068079888820648,
        "Low": 0.38058000802993774,
        "Close": 0.405133992433548,
        "Adj Close": 0.3398929536342621,
        "Volume": 380385600.0
    },
    "ABBV": {
        "Open": null,
        "High": null,
        "Low": null,
        "Close": null,
        "Adj Close": null,
        "Volume": null
    },
    "ABT": {
        "Open": 19.751638412475586,
        "High": 20.032201766967773,
        "Low": 19.55524444580078,
        "Close": 19.976089477539062,
        "Adj Close": 10.204887390136719,
        "Volume": 8524376.0
    },
    "ACN": {
        "Open": null,
        "High": null,
        "Low": null,
        "Close": null,
        "Adj Close": null,
        "Volume": null
    },
    "ADBE": {
        "Open": 10.71875,
        "High": 10.945313453674316,
        "Low": 10.6875,
        "Close": 10.9375,
        "Adj Close": 10.851044654846191,
        "Volume": 3501600.0
    },
    "AIG": {
        "Open": 1290.0,
        "High": 1298.6666259765625,
        "Low": 1275.3333740234375,
        "Close": 1298.0,
        "Adj Close": 763.9669799804688,
        "Volume": 208350.0
    },
    "AMD": {
        "Open": 8.625,
        "High": 9.09375,
        "Low": 8.5625,
        "Close": 9.03125,
        "Adj Close": 9.03125,
        "Volume": 3169000.0
    },
    "AMGN": {
        "Open": 29.0625,
        "High": 29.96875,
        "Low": 28.96875,
        "Close": 29.96875,
        "Adj Close": 20.270523071289062,
        "Volume": 12618000.0
    },
    "AMT": {
        "Open": 23.25,
        "High": 24.1875,
        "Low": 23.25,
        "Close": 23.75,
        "Adj Close": 17.3654842376709,
        "Volume": 279900.0
    },
    "AMZN": {
        "Open": 2.7562499046325684,
        "High": 2.956249952316284,
        "Low": 2.71875,
        "Close": 2.9015629291534424,
        "Adj Close": 2.9015629291534424,
        "Volume": 312960000.0
    },
    "AVGO": {
        "Open": null,
        "High": null,
        "Low": null,
        "Close": null,
        "Adj Close": null,
        "Volume": null
    },
    "AXP": {
        "Open": 36.56201171875,
        "High": 37.20024871826172,
        "Low": 36.160831451416016,
        "Close": 37.18201446533203,
        "Adj Close": 26.04932403564453,
        "Volume": 3996344.0
    },
    "BA": {
        "Open": 43.25,
        "High": 44.0,
        "Low": 42.9375,
        "Close": 43.8125,
        "Adj Close": 28.104869842529297,
        "Volume": 2303800.0
    },
    "BAC": {
        "Open": 35.78125,
        "High": 36.5625,
        "Low": 35.75,
        "Close": 36.5,
        "Adj Close": 18.429649353027344,
        "Volume": 7119000.0
    },
    "BK": {
        "Open": 38.027347564697266,
        "High": 38.027347564697266,
        "Low": 37.62984848022461,
        "Close": 37.89484786987305,
        "Adj Close": 20.56536102294922,
        "Volume": 1122363.0
    },
    "BKNG": {
        "Open": 618.75,
        "High": 666.0,
        "Low": 614.625,
        "Close": 645.0,
        "Adj Close": 634.615966796875,
        "Volume": 384483.0
    },
    "BLK": {
        "Open": null,
        "High": null,
        "Low": null,
        "Close": null,
        "Adj Close": null,
        "Volume": null
    },
    "BMY": {
        "Open": 64.24494934082031,
        "High": 66.26747131347656,
        "Low": 64.18546295166016,
        "Close": 65.79158782958984,
        "Adj Close": 24.695276260375977,
        "Volume": 4460814.0
    },
    "BRK-B": {
        "Open": 44.2400016784668,
        "High": 44.91999816894531,
        "Low": 44.220001220703125,
        "Close": 44.84000015258789,
        "Adj Close": 44.84000015258789,
        "Volume": 810000.0
    },
    "C": {
        "Open": 344.0625,
        "High": 350.625,
        "Low": 340.78125,
        "Close": 345.46875,
        "Adj Close": 178.6182861328125,
        "Volume": 1008853.0
    },
    "CAT": {
        "Open": 30.375,
        "High": 30.71875,
        "Low": 30.25,
        "Close": 30.5625,
        "Adj Close": 15.58902645111084,
        "Volume": 2104800.0
    },
    "CL": {
        "Open": 24.25,
        "High": 24.53125,
        "Low": 24.09375,
        "Close": 24.453125,
        "Adj Close": 13.802042007446289,
        "Volume": 2692400.0
    },
    "CMCSA": {
        "Open": 11.226960182189941,
        "High": 11.383161544799805,
        "Low": 11.129335403442383,
        "Close": 11.246484756469727,
        "Adj Close": 7.631478309631348,
        "Volume": 513120.0
    },
    "COF": {
        "Open": 51.0625,
        "High": 52.5,
        "Low": 50.875,
        "Close": 51.5625,
        "Adj Close": 37.281593322753906,
        "Volume": 967000.0
    },
    "COP": {
        "Open": 18.343242645263672,
        "High": 18.390886306762695,
        "Low": 18.15266227722168,
        "Close": 18.3670654296875,
        "Adj Close": 7.933937072753906,
        "Volume": 978334.0
    },
    "COST": {
        "Open": 38.3125,
        "High": 39.5625,
        "Low": 37.5625,
        "Close": 39.5625,
        "Adj Close": 26.39478874206543,
        "Volume": 3925800.0
    },
    "CRM": {
        "Open": null,
        "High": null,
        "Low": null,
        "Close": null,
        "Adj Close": null,
        "Volume": null
    },
    "CSCO": {
        "Open": 31.0,
        "High": 31.46875,
        "Low": 30.5,
        "Close": 31.25,
        "Adj Close": 20.220354080200195,
        "Volume": 39828000.0
    },
    "CVS": {
        "Open": 26.25,
        "High": 26.25,
        "Low": 25.65625,
        "Close": 26.0,
        "Adj Close": 16.399005889892578,
        "Volume": 3206600.0
    },
    "CVX": {
        "Open": 45.375,
        "High": 47.0,
        "Low": 45.125,
        "Close": 46.84375,
        "Adj Close": 17.549179077148438,
        "Volume": 3926800.0
    },
    "DE": {
        "Open": 19.75,
        "High": 19.90625,
        "Low": 19.71875,
        "Close": 19.8125,
        "Adj Close": 11.840673446655273,
        "Volume": 2050800.0
    },
    "DHR": {
        "Open": 9.745723724365234,
        "High": 9.745723724365234,
        "Low": 9.51468276977539,
        "Close": 9.598697662353516,
        "Adj Close": 5.677561283111572,
        "Volume": 2759036.0
    },
    "DIS": {
        "Open": 28.916780471801758,
        "High": 29.718313217163086,
        "Low": 28.793468475341797,
        "Close": 29.718313217163086,
        "Adj Close": 22.529016494750977,
        "Volume": 5077243.0
    },
    "DUK": {
        "Open": 48.7579231262207,
        "High": 48.921356201171875,
        "Low": 48.3765754699707,
        "Close": 48.921356201171875,
        "Adj Close": 14.626416206359863,
        "Volume": 1384960.0
    },
    "EMR": {
        "Open": 31.75,
        "High": 32.09375,
        "Low": 31.6875,
        "Close": 32.03125,
        "Adj Close": 15.558259010314941,
        "Volume": 2286200.0
    },
    "FDX": {
        "Open": 55.1875,
        "High": 55.375,
        "Low": 54.5,
        "Close": 55.125,
        "Adj Close": 44.13819122314453,
        "Volume": 1594800.0
    },
    "GD": {
        "Open": 34.21875,
        "High": 34.59375,
        "Low": 34.0625,
        "Close": 34.59375,
        "Adj Close": 19.975435256958008,
        "Volume": 1662400.0
    },
    "GE": {
        "Open": 170.6307373046875,
        "High": 175.22349548339844,
        "Low": 169.532470703125,
        "Close": 175.22349548339844,
        "Adj Close": 93.97456359863281,
        "Volume": 2952339.0
    },
    "GILD": {
        "Open": 1.5078129768371582,
        "High": 1.542968988418579,
        "Low": 1.5078129768371582,
        "Close": 1.5371090173721313,
        "Adj Close": 1.067908763885498,
        "Volume": 6140800.0
    },
    "GM": {
        "Open": null,
        "High": null,
        "Low": null,
        "Close": null,
        "Adj Close": null,
        "Volume": null
    },
    "GOOG": {
        "Open": null,
        "High": null,
        "Low": null,