{
    "AAPL": {
        "Open": 0.3169640004634857,
        "High": 0.33370500802993774,
        "Low": 0.31473198533058167,
        "Close": 0.31752198934555054,
        "Adj Close": 0.2663896381855011,
        "Volume": 843001600.0
    },
    "ABBV": {
        "Open": null,
        "High": null,
        "Low": null,
        "Close": null,
        "Adj Close": null,
        "Volume": null
    },
    "ABT": {
        "Open": 17.647415161132812,
        "High": 18.040203094482422,
        "Low": 17.47907829284668,
        "Close": 17.47907829284668,
        "Adj Close": 8.8406982421875,
        "Volume": 5668957.0
    },
    "ACN": {
        "Open": null,
        "High": null,
        "Low": null,
        "Close": null,
        "Adj Close": null,
        "Volume": null
    },
    "ADBE": {
        "Open": 3.40625,
        "High": 3.4375,
        "Low": 3.125,
        "Close": 3.125,
        "Adj Close": 3.0875463485717773,
        "Volume": 5030400.0
    },
    "AIG": {
        "Open": 862.0,
        "High": 875.3333129882812,
        "Low": 858.0,
        "Close": 862.0,
        "Adj Close": 506.5346374511719,
        "Volume": 333319.0
    },
    "AMD": {
        "Open": 7.40625,
        "High": 7.6875,
        "Low": 7.0625,
        "Close": 7.34375,
        "Adj Close": 7.34375,
        "Volume": 4567600.0
    },
    "AMGN": {
        "Open": 15.46875,
        "High": 16.5625,
        "Low": 15.4375,
        "Close": 15.875,
        "Adj Close": 10.73767375946045,
        "Volume": 15342400.0
    },
    "AMT": {
        "Open": 17.0,
        "High": 19.625,
        "Low": 17.0,
        "Close": 19.25,
        "Adj Close": 14.075181007385254,
        "Volume": 813400.0
    },
    "AMZN": {
        "Open": 0.6927080154418945,
        "High": 0.800000011920929,
        "Low": 0.6833329796791077,
        "Close": 0.7322919964790344,
        "Adj Close": 0.7322919964790344,
        "Volume": 946572000.0
    },
    "AVGO": {
        "Open": null,
        "High": null,
        "Low": null,
        "Close": null,
        "Adj Close": null,
        "Volume": null
    },
    "AXP": {
        "Open": 24.034278869628906,
        "High": 24.927814483642578,
        "Low": 23.96133804321289,
        "Close": 24.435457229614258,
        "Adj Close": 16.995344161987305,
        "Volume": 7720210.0
    },
    "BA": {
        "Open": 33.5625,
        "High": 34.4375,
        "Low": 33.5625,
        "Close": 34.0,
        "Adj Close": 21.587100982666016,
        "Volume": 8434200.0
    },
    "BAC": {
        "Open": 28.875,
        "High": 30.5,
        "Low": 28.8125,
        "Close": 29.375,
        "Adj Close": 14.527769088745117,
        "Volume": 9219200.0
    },
    "BK": {
        "Open": 27.62613868713379,
        "High": 29.746131896972656,
        "Low": 27.42738914489746,
        "Close": 27.957387924194336,
        "Adj Close": 14.989045143127441,
        "Volume": 2306330.0
    },
    "BKNG": {
        "Open": null,
        "High": null,
        "Low": null,
        "Close": null,
        "Adj Close": null,
        "Volume": null
    },
    "BLK": {
        "Open": null,
        "High": null,
        "Low": null,
        "Close": null,
        "Adj Close": null,
        "Volume": null
    },
    "BMY": {
        "Open": 49.9980354309082,
        "High": 50.80109786987305,
        "Low": 48.77857208251953,
        "Close": 49.22471618652344,
        "Adj Close": 18.28363800048828,
        "Volume": 6605119.0
    },
    "BRK-B": {
        "Open": 41.36000061035156,
        "High": 43.619998931884766,
        "Low": 41.29999923706055,
        "Close": 42.599998474121094,
        "Adj Close": 42.599998474121094,
        "Volume": 1425000.0
    },
    "C": {
        "Open": 216.5625,
        "High": 232.5,
        "Low": 215.9375,
        "Close": 222.5,
        "Adj Close": 113.86880493164062,
        "Volume": 2450740.0
    },
    "CAT": {
        "Open": 22.9375,
        "High": 23.46875,
        "Low": 22.6875,
        "Close": 22.875,
        "Adj Close": 11.464316368103027,
        "Volume": 4058000.0
    },
    "CL": {
        "Open": 19.25,
        "High": 19.25,
        "Low": 18.046875,
        "Close": 18.25,
        "Adj Close": 10.203717231750488,
        "Volume": 7056800.0
    },
    "CMCSA": {
        "Open": 6.0137457847595215,
        "High": 6.365198135375977,
        "Low": 5.974695205688477,
        "Close": 6.208996772766113,
        "Adj Close": 4.2098822593688965,
        "Volume": 2859773.0
    },
    "COF": {
        "Open": 30.9375,
        "High": 31.520832061767578,
        "Low": 30.333332061767578,
        "Close": 31.145832061767578,
        "Adj Close": 22.4754638671875,
        "Volume": 3179100.0
    },
    "COP": {
        "Open": 16.41362762451172,
        "High": 16.69949722290039,
        "Low": 16.056293487548828,
        "Close": 16.22304916381836,
        "Adj Close": 6.843830108642578,
        "Volume": 1697458.0
    },
    "COST": {
        "Open": 25.1875,
        "High": 25.375,
        "Low": 22.5,
        "Close": 22.53125,
        "Adj Close": 15.032112121582031,
        "Volume": 26038800.0
    },
    "CRM": {
        "Open": null,
        "High": null,
        "Low": null,
        "Close": null,
        "Adj Close": null,
        "Volume": null
    },
    "CSCO": {
        "Open": 15.333333015441895,
        "High": 15.75,
        "Low": 15.104166984558105,
        "Close": 15.270833015441895,
        "Adj Close": 9.881012916564941,
        "Volume": 108430200.0
    },
    "CVS": {
        "Open": 20.53125,
        "High": 21.25,
        "Low": 20.34375,
        "Close": 20.40625,
        "Adj Close": 12.820647239685059,
        "Volume": 2322000.0
    },
    "CVX": {
        "Open": 38.46875,
        "High": 38.5,
        "Low": 36.9375,
        "Close": 37.0625,
        "Adj Close": 13.587174415588379,
        "Volume": 3182200.0
    },
    "DE": {
        "Open": 18.09375,
        "High": 18.21875,
        "Low": 17.3125,
        "Close": 17.5,
        "Adj Close": 10.196856498718262,
        "Volume": 2757600.0
    },
    "DHR": {
        "Open": 6.1750922203063965,
        "High": 6.217100143432617,
        "Low": 6.091076850891113,
        "Close": 6.185594081878662,
        "Adj Close": 3.65421199798584,
        "Volume": 1374162.0
    },
    "DIS": {
        "Open": 29.964937210083008,
        "High": 31.44468879699707,
        "Low": 29.163406372070312,
        "Close": 29.47168731689453,
        "Adj Close": 22.296268463134766,
        "Volume": 8290117.0
    },
    "DUK": {
        "Open": 54.096778869628906,
        "High": 54.096778869628906,
        "Low": 52.13556671142578,
        "Close": 52.24452209472656,
        "Adj Close": 15.186910629272461,
        "Volume": 1323582.0
    },
    "EMR": {
        "Open": 28.625,
        "High": 28.84375,
        "Low": 28.1875,
        "Close": 28.34375,
        "Adj Close": 13.5566987991333,
        "Volume": 2063800.0
    },
    "FDX": {
        "Open": 25.1875,
        "High": 25.75,
        "Low": 24.75,
        "Close": 25.34375,
        "Adj Close": 20.29254913330078,
        "Volume": 668200.0
    },
    "GD": {
        "Open": 23.53125,
        "High": 24.09375,
        "Low": 23.1875,
        "Close": 23.4375,
        "Adj Close": 13.376855850219727,
        "Volume": 792000.0
    },
    "GE": {
        "Open": 133.28965759277344,
        "High": 134.58761596679688,
        "Low": 127.8981704711914,
        "Close": 128.3973846435547,
        "Adj Close": 68.1339340209961,
        "Volume": 4373328.0
    },
    "GILD": {
        "Open": 0.6210939884185791,
        "High": 0.6445310115814209,
        "Low": 0.6132810115814209,
        "Close": 0.625,
        "Adj Close": 0.4342195689678192,
        "Volume": 9865600.0
    },
    "GM": {
        "Open": null,
        "High": null,
        "Low": null,
        "Close": null,
        "Adj Close": null,
        "Volume": null
    },
    "GOOG": {
        "Open": null,
        "High": null,