{
    "AAPL": {
        "Open": 0.3392859995365143,
        "High": 0.34151801466941833,
        "Low": 0.328125,
        "Close": 0.34151801466941833,
        "Adj Close": 0.28652146458625793,
        "Volume": 402796800.0
    },
    "ABBV": {
        "Open": null,
        "High": null,
        "Low": null,
        "Close": null,
        "Adj Close": null,
        "Volume": null
    },
    "ABT": {
        "Open": 18.29271125793457,
        "High": 18.7977237701416,
        "Low": 17.87186622619629,
        "Close": 18.657442092895508,
        "Adj Close": 9.436702728271484,
        "Volume": 4446861.0
    },
    "ACN": {
        "Open": null,
        "High": null,
        "Low": null,
        "Close": null,
        "Adj Close": null,
        "Volume": null
    },
    "ADBE": {
        "Open": 3.15625,
        "High": 3.25,
        "Low": 3.070312976837158,
        "Close": 3.210937976837158,
        "Adj Close": 3.172455310821533,
        "Volume": 9205600.0
    },
    "AIG": {
        "Open": 840.0,
        "High": 872.0,
        "Low": 834.0,
        "Close": 866.0,
        "Adj Close": 508.8851013183594,
        "Volume": 316369.0
    },
    "AMD": {
        "Open": 7.5625,
        "High": 7.71875,
        "Low": 7.28125,
        "Close": 7.5625,
        "Adj Close": 7.5625,
        "Volume": 3435200.0
    },
    "AMGN": {
        "Open": 17.125,
        "High": 17.4375,
        "Low": 16.546875,
        "Close": 17.4375,
        "Adj Close": 11.794530868530273,
        "Volume": 13080400.0
    },
    "AMT": {
        "Open": 20.125,
        "High": 20.1875,
        "Low": 19.875,
        "Close": 20.0,
        "Adj Close": 14.623552322387695,
        "Volume": 922600.0
    },
    "AMZN": {
        "Open": 0.7833330035209656,
        "High": 0.7895830273628235,
        "Low": 0.75,
        "Close": 0.768750011920929,
        "Adj Close": 0.768750011920929,
        "Volume": 438732000.0
    },
    "AVGO": {
        "Open": null,
        "High": null,
        "Low": null,
        "Close": null,
        "Adj Close": null,
        "Volume": null
    },
    "AXP": {
        "Open": 23.633100509643555,
        "High": 23.633100509643555,
        "Low": 22.28367805480957,
        "Close": 23.341333389282227,
        "Adj Close": 16.234352111816406,
        "Volume": 15292014.0
    },
    "BA": {
        "Open": 35.5,
        "High": 37.75,
        "Low": 35.5,
        "Close": 36.1875,
        "Adj Close": 22.975982666015625,
        "Volume": 4994100.0
    },
    "BAC": {
        "Open": 29.75,
        "High": 29.78125,
        "Low": 27.15625,
        "Close": 28.28125,
        "Adj Close": 13.986847877502441,
        "Volume": 14515400.0
    },
    "BK": {
        "Open": 31.137374877929688,
        "High": 31.137374877929688,
        "Low": 27.6923885345459,
        "Close": 29.41488265991211,
        "Adj Close": 15.77047348022461,
        "Volume": 3176428.0
    },
    "BKNG": {
        "Open": null,
        "High": null,
        "Low": null,
        "Close": null,
        "Adj Close": null,
        "Volume": null
    },
    "BLK": {
        "Open": null,
        "High": null,
        "Low": null,
        "Close": null,
        "Adj Close": null,
        "Volume": null
    },
    "BMY": {
        "Open": 51.63390350341797,
        "High": 51.63390350341797,
        "Low": 50.503665924072266,
        "Close": 51.514930725097656,
        "Adj Close": 19.134300231933594,
        "Volume": 5988378.0
    },
    "BRK-B": {
        "Open": 43.2400016784668,
        "High": 43.2400016784668,
        "Low": 40.20000076293945,
        "Close": 40.619998931884766,
        "Adj Close": 40.619998931884766,
        "Volume": 1150000.0
    },
    "C": {
        "Open": 220.0,
        "High": 223.125,
        "Low": 205.3125,
        "Close": 210.9375,
        "Adj Close": 107.9514389038086,
        "Volume": 3202680.0
    },
    "CAT": {
        "Open": 23.375,
        "High": 24.75,
        "Low": 23.375,
        "Close": 24.59375,
        "Adj Close": 12.325708389282227,
        "Volume": 4779600.0
    },
    "CL": {
        "Open": 18.25,
        "High": 18.875,
        "Low": 17.640625,
        "Close": 18.6875,
        "Adj Close": 10.448328971862793,
        "Volume": 5219600.0
    },
    "CMCSA": {
        "Open": 6.287097930908203,
        "High": 6.65807580947876,
        "Low": 6.189472198486328,
        "Close": 6.5995001792907715,
        "Adj Close": 4.47465705871582,
        "Volume": 1366187.0
    },
    "COF": {
        "Open": 31.666667938232422,
        "High": 31.666667938232422,
        "Low": 30.020832061767578,
        "Close": 31.0,
        "Adj Close": 22.370222091674805,
        "Volume": 2989800.0
    },
    "COP": {
        "Open": 16.9615421295166,
        "High": 17.199766159057617,
        "Low": 16.8186092376709,
        "Close": 17.152122497558594,
        "Adj Close": 7.235770225524902,
        "Volume": 1817880.0
    },
    "COST": {
        "Open": 26.0625,
        "High": 27.8125,
        "Low": 25.625,
        "Close": 27.6875,
        "Adj Close": 18.472187042236328,
        "Volume": 9867600.0
    },
    "CRM": {
        "Open": null,
        "High": null,
        "Low": null,
        "Close": null,
        "Adj Close": null,
        "Volume": null
    },
    "CSCO": {
        "Open": 15.625,
        "High": 15.791666984558105,
        "Low": 15.15625,
        "Close": 15.770833015441895,
        "Adj Close": 10.204538345336914,
        "Volume": 103112400.0
    },
    "CVS": {
        "Open": 20.625,
        "High": 21.6875,
        "Low": 20.375,
        "Close": 21.6875,
        "Adj Close": 13.625621795654297,
        "Volume": 2253200.0
    },
    "CVX": {
        "Open": 39.375,
        "High": 40.0625,
        "Low": 39.25,
        "Close": 40.0,
        "Adj Close": 14.664073944091797,
        "Volume": 3921600.0
    },
    "DE": {
        "Open": 17.6875,
        "High": 18.0,
        "Low": 17.1875,
        "Close": 17.78125,
        "Adj Close": 10.360733985900879,
        "Volume": 2287400.0
    },
    "DHR": {
        "Open": 6.364126205444336,
        "High": 6.64767599105835,
        "Low": 6.364126205444336,
        "Close": 6.62667179107666,
        "Adj Close": 3.914783239364624,
        "Volume": 1457480.0
    },
    "DIS": {
        "Open": 27.86862564086914,
        "High": 29.77996826171875,
        "Low": 27.74531364440918,
        "Close": 28.731813430786133,
        "Adj Close": 21.736534118652344,
        "Volume": 8944247.0
    },
    "DUK": {
        "Open": 52.734825134277344,
        "High": 54.58708190917969,
        "Low": 52.026607513427734,
        "Close": 54.36916732788086,
        "Adj Close": 15.804527282714844,
        "Volume": 1088051.0
    },
    "EMR": {
        "Open": 28.1875,
        "High": 29.71875,
        "Low": 28.125,
        "Close": 29.71875,
        "Adj Close": 14.21435546875,
        "Volume": 1693000.0
    },
    "FDX": {
        "Open": 25.875,
        "High": 26.25,
        "Low": 25.65625,
        "Close": 25.84375,
        "Adj Close": 20.69289207458496,
        "Volume": 877400.0
    },
    "GD": {
        "Open": 22.53125,
        "High": 23.96875,
        "Low": 22.40625,
        "Close": 23.75,
        "Adj Close": 13.555211067199707,
        "Volume": 987000.0
    },
    "GE": {
        "Open": 130.9932861328125,
        "High": 131.3926544189453,
        "Low": 125.20243072509766,
        "Close": 130.79360961914062,
        "Adj Close": 69.40546417236328,
        "Volume": 6046276.0
    },
    "GILD": {
        "Open": 0.609375,
        "High": 0.6523439884185791,
        "Low": 0.6015629768371582,
        "Close": 0.6484379768371582,
        "Adj Close": 0.45050323009490967,
        "Volume": 8080000.0
    },
    "GM": {
        "Open": null,
        "High": null,
        "Low": null,
        "Close": null,
        "Adj Close": null,
        "Volume": null
    },
    "GOOG": {
        "Open": null,
        "High": null,
        "Low": null,