{
    "AAPL": {
        "Open": 0.3398439884185791,
        "High": 0.3404020071029663,
        "Low": 0.33035698533058167,
        "Close": 0.33370500802993774,
        "Adj Close": 0.2799665629863739,
        "Volume": 354692800.0
    },
    "ABBV": {
        "Open": null,
        "High": null,
        "Low": null,
        "Close": null,
        "Adj Close": null,
        "Volume": null
    },
    "ABT": {
        "Open": 18.601329803466797,
        "High": 18.825780868530273,
        "Low": 18.208541870117188,
        "Close": 18.236597061157227,
        "Adj Close": 9.223845481872559,
        "Volume": 3816655.0
    },
    "ACN": {
        "Open": null,
        "High": null,
        "Low": null,
        "Close": null,
        "Adj Close": null,
        "Volume": null
    },
    "ADBE": {
        "Open": 3.226562976837158,
        "High": 3.578125,
        "Low": 3.203125,
        "Close": 3.5,
        "Adj Close": 3.458052396774292,
        "Volume": 13612800.0
    },
    "AIG": {
        "Open": 865.3333129882812,
        "High": 883.3333129882812,
        "Low": 859.3333129882812,
        "Close": 870.0,
        "Adj Close": 511.23577880859375,
        "Volume": 238313.0
    },
    "AMD": {
        "Open": 7.90625,
        "High": 8.3125,
        "Low": 7.84375,
        "Close": 8.125,
        "Adj Close": 8.125,
        "Volume": 6926800.0
    },
    "AMGN": {
        "Open": 17.21875,
        "High": 17.4375,
        "Low": 17.09375,
        "Close": 17.109375,
        "Adj Close": 11.572590827941895,
        "Volume": 9877600.0
    },
    "AMT": {
        "Open": 19.75,
        "High": 21.0625,
        "Low": 19.75,
        "Close": 20.875,
        "Adj Close": 15.263338088989258,
        "Volume": 394600.0
    },
    "AMZN": {
        "Open": 0.7458329796791077,
        "High": 0.7697920203208923,
        "Low": 0.6947919726371765,
        "Close": 0.7041670083999634,
        "Adj Close": 0.7041670083999634,
        "Volume": 357924000.0
    },
    "AVGO": {
        "Open": null,
        "High": null,
        "Low": null,
        "Close": null,
        "Adj Close": null,
        "Volume": null
    },
    "AXP": {
        "Open": 22.903682708740234,
        "High": 23.633100509643555,
        "Low": 22.06485366821289,
        "Close": 22.37485694885254,
        "Adj Close": 15.562152862548828,
        "Volume": 8168856.0
    },
    "BA": {
        "Open": 36.1875,
        "High": 36.1875,
        "Low": 35.0625,
        "Close": 35.25,
        "Adj Close": 22.38075065612793,
        "Volume": 4004300.0
    },
    "BAC": {
        "Open": 28.25,
        "High": 28.25,
        "Low": 26.0,
        "Close": 26.875,
        "Adj Close": 13.291362762451172,
        "Volume": 10812400.0
    },
    "BK": {
        "Open": 29.41488265991211,
        "High": 29.41488265991211,
        "Low": 28.222387313842773,
        "Close": 28.48738670349121,
        "Adj Close": 15.273204803466797,
        "Volume": 1732743.0
    },
    "BKNG": {
        "Open": null,
        "High": null,
        "Low": null,
        "Close": null,
        "Adj Close": null,
        "Volume": null
    },
    "BLK": {
        "Open": null,
        "High": null,
        "Low": null,
        "Close": null,
        "Adj Close": null,
        "Volume": null
    },
    "BMY": {
        "Open": 51.03904342651367,
        "High": 51.60416030883789,
        "Low": 50.71186828613281,
        "Close": 51.33647155761719,
        "Adj Close": 19.06801414489746,
        "Volume": 3855735.0
    },
    "BRK-B": {
        "Open": 40.560001373291016,
        "High": 40.619998931884766,
        "Low": 39.68000030517578,
        "Close": 40.0,
        "Adj Close": 40.0,
        "Volume": 745000.0
    },
    "C": {
        "Open": 210.0,
        "High": 210.0,
        "Low": 198.75,
        "Close": 200.3125,
        "Adj Close": 102.51393127441406,
        "Volume": 2126740.0
    },
    "CAT": {
        "Open": 24.59375,
        "High": 24.625,
        "Low": 23.4375,
        "Close": 24.09375,
        "Adj Close": 12.075115203857422,
        "Volume": 3604200.0
    },
    "CL": {
        "Open": 18.5625,
        "High": 18.5625,
        "Low": 17.640625,
        "Close": 17.71875,
        "Adj Close": 9.906698226928711,
        "Volume": 4887200.0
    },
    "CMCSA": {
        "Open": 6.609262943267822,
        "High": 6.609262943267822,
        "Low": 6.443298816680908,
        "Close": 6.462823867797852,
        "Adj Close": 4.381985664367676,
        "Volume": 754156.0
    },
    "COF": {
        "Open": 31.0,
        "High": 31.666667938232422,
        "Low": 30.020832061767578,
        "Close": 30.020832061767578,
        "Adj Close": 21.663654327392578,
        "Volume": 1964100.0
    },
    "COP": {
        "Open": 17.056833267211914,
        "High": 17.128299713134766,
        "Low": 16.675674438476562,
        "Close": 16.79478645324707,
        "Adj Close": 7.085020065307617,
        "Volume": 1583069.0
    },
    "COST": {
        "Open": 27.4375,
        "High": 28.375,
        "Low": 26.6875,
        "Close": 27.09375,
        "Adj Close": 18.076059341430664,
        "Volume": 6526800.0
    },
    "CRM": {
        "Open": null,
        "High": null,
        "Low": null,
        "Close": null,
        "Adj Close": null,
        "Volume": null
    },
    "CSCO": {
        "Open": 15.8125,
        "High": 15.833333015441895,
        "Low": 15.125,
        "Close": 15.135416984558105,
        "Adj Close": 9.793390274047852,
        "Volume": 78987000.0
    },
    "CVS": {
        "Open": 21.6875,
        "High": 21.6875,
        "Low": 20.875,
        "Close": 21.25,
        "Adj Close": 13.350750923156738,
        "Volume": 1542400.0
    },
    "CVX": {
        "Open": 40.0,
        "High": 40.53125,
        "Low": 39.90625,
        "Close": 40.125,
        "Adj Close": 14.709898948669434,
        "Volume": 3724200.0
    },
    "DE": {
        "Open": 17.65625,
        "High": 17.71875,
        "Low": 17.25,
        "Close": 17.59375,
        "Adj Close": 10.251480102539062,
        "Volume": 1731600.0
    },
    "DHR": {
        "Open": 6.62667179107666,
        "High": 6.62667179107666,
        "Low": 6.290613174438477,
        "Close": 6.353623867034912,
        "Adj Close": 3.7534778118133545,
        "Volume": 589777.0
    },
    "DIS": {
        "Open": 28.670156478881836,
        "High": 28.670156478881836,
        "Low": 27.190406799316406,
        "Close": 27.437030792236328,
        "Adj Close": 20.756986618041992,
        "Volume": 8491941.0
    },
    "DUK": {
        "Open": 54.5326042175293,
        "High": 55.51321029663086,
        "Low": 53.933345794677734,
        "Close": 55.51321029663086,
        "Adj Close": 16.137086868286133,
        "Volume": 1292835.0
    },
    "EMR": {
        "Open": 29.71875,
        "High": 29.71875,
        "Low": 29.1875,
        "Close": 29.5,
        "Adj Close": 14.109731674194336,
        "Volume": 1155000.0
    },
    "FDX": {
        "Open": 25.75,
        "High": 25.8125,
        "Low": 24.875,
        "Close": 24.875,
        "Adj Close": 19.917224884033203,
        "Volume": 1508400.0
    },
    "GD": {
        "Open": 23.75,
        "High": 23.8125,
        "Low": 23.3125,
        "Close": 23.5625,
        "Adj Close": 13.448197364807129,
        "Volume": 433600.0
    },
    "GE": {
        "Open": 130.9932861328125,
        "High": 132.99014282226562,
        "Low": 126.99958801269531,
        "Close": 128.0978546142578,
        "Adj Close": 67.97494506835938,
        "Volume": 4524316.0
    },
    "GILD": {
        "Open": 0.65625,
        "High": 0.6953129768371582,
        "Low": 0.6523439884185791,
        "Close": 0.6523439884185791,
        "Adj Close": 0.4532168507575989,
        "Volume": 15913600.0
    },
    "GM": {
        "Open": null,
        "High": null,
        "Low": null,
        "Close": null,
        "Adj Close": null,
        "Volume": null
    },
    "GOOG": {
        "Open": null,