{
    "AAPL": {
        "Open": 0.34375,
        "High": 0.35379499197006226,
        "Low": 0.329241007566452,
        "Close": 0.3359380066394806,
        "Adj Close": 0.2818399965763092,
        "Volume": 352284800.0
    },
    "ABBV": {
        "Open": null,
        "High": null,
        "Low": null,
        "Close": null,
        "Adj Close": null,
        "Volume": null
    },
    "ABT": {
        "Open": 18.29271125793457,
        "High": 18.74161148071289,
        "Low": 17.619359970092773,
        "Close": 18.432992935180664,
        "Adj Close": 9.32318115234375,
        "Volume": 3981725.0
    },
    "ACN": {
        "Open": null,
        "High": null,
        "Low": null,
        "Close": null,
        "Adj Close": null,
        "Volume": null
    },
    "ADBE": {
        "Open": 3.59375,
        "High": 3.625,
        "Low": 3.40625,
        "Close": 3.5,
        "Adj Close": 3.458052396774292,
        "Volume": 11820800.0
    },
    "AIG": {
        "Open": 802.6666870117188,
        "High": 842.6666870117188,
        "Low": 797.3333129882812,
        "Close": 842.6666870117188,
        "Adj Close": 495.17388916015625,
        "Volume": 324056.0
    },
    "AMD": {
        "Open": 8.46875,
        "High": 8.6875,
        "Low": 8.375,
        "Close": 8.625,
        "Adj Close": 8.625,
        "Volume": 6137400.0
    },
    "AMGN": {
        "Open": 17.296875,
        "High": 18.359375,
        "Low": 16.875,
        "Close": 18.125,
        "Adj Close": 12.259550094604492,
        "Volume": 22100400.0
    },
    "AMT": {
        "Open": 20.75,
        "High": 22.375,
        "Low": 20.625,
        "Close": 22.125,
        "Adj Close": 16.177318572998047,
        "Volume": 281400.0
    },
    "AMZN": {
        "Open": 0.653124988079071,
        "High": 0.6739580035209656,
        "Low": 0.612500011920929,
        "Close": 0.6338539719581604,
        "Adj Close": 0.6338539719581604,
        "Volume": 472248000.0
    },
    "AVGO": {
        "Open": null,
        "High": null,
        "Low": null,
        "Close": null,
        "Adj Close": null,
        "Volume": null
    },
    "AXP": {
        "Open": 20.71543312072754,
        "High": 23.2866268157959,
        "Low": 20.423667907714844,
        "Close": 22.867212295532227,
        "Adj Close": 15.904598236083984,
        "Volume": 15588141.0
    },
    "BA": {
        "Open": 33.875,
        "High": 34.0625,
        "Low": 33.5625,
        "Close": 34.0,
        "Adj Close": 21.587100982666016,
        "Volume": 4035200.0
    },
    "BAC": {
        "Open": 25.0625,
        "High": 27.3125,
        "Low": 24.125,
        "Close": 27.25,
        "Adj Close": 13.47683048248291,
        "Volume": 14861200.0
    },
    "BK": {
        "Open": 27.559890747070312,
        "High": 29.679880142211914,
        "Low": 27.294891357421875,
        "Close": 29.41488265991211,
        "Adj Close": 15.77047348022461,
        "Volume": 1901800.0
    },
    "BKNG": {
        "Open": null,
        "High": null,
        "Low": null,
        "Close": null,
        "Adj Close": null,
        "Volume": null
    },
    "BLK": {
        "Open": null,
        "High": null,
        "Low": null,
        "Close": null,
        "Adj Close": null,
        "Volume": null
    },
    "BMY": {
        "Open": 49.49240493774414,
        "High": 50.17649459838867,
        "Low": 48.83805847167969,
        "Close": 49.403175354003906,
        "Adj Close": 18.349925994873047,
        "Volume": 4791038.0
    },
    "BRK-B": {
        "Open": 38.119998931884766,
        "High": 38.439998626708984,
        "Low": 37.86000061035156,
        "Close": 38.400001525878906,
        "Adj Close": 38.400001525878906,
        "Volume": 735000.0
    },
    "C": {
        "Open": 195.0,
        "High": 205.625,
        "Low": 185.625,
        "Close": 204.375,
        "Adj Close": 104.59297943115234,
        "Volume": 3421300.0
    },
    "CAT": {
        "Open": 23.0,
        "High": 23.21875,
        "Low": 22.125,
        "Close": 22.625,
        "Adj Close": 11.339021682739258,
        "Volume": 4181200.0
    },
    "CL": {
        "Open": 16.6875,
        "High": 17.59375,
        "Low": 16.5625,
        "Close": 17.4375,
        "Adj Close": 9.749443054199219,
        "Volume": 8485600.0
    },
    "CMCSA": {
        "Open": 6.257810115814209,
        "High": 6.26757287979126,
        "Low": 6.150422096252441,
        "Close": 6.257810115814209,
        "Adj Close": 4.242978096008301,
        "Volume": 1564649.0
    },
    "COF": {
        "Open": 28.083332061767578,
        "High": 30.75,
        "Low": 27.833332061767578,
        "Close": 30.5,
        "Adj Close": 22.009422302246094,
        "Volume": 3913500.0
    },
    "COP": {
        "Open": 17.2712345123291,
        "High": 18.15266227722168,
        "Low": 17.199766159057617,
        "Close": 18.15266227722168,
        "Adj Close": 7.657853603363037,
        "Volume": 1565229.0
    },
    "COST": {
        "Open": 25.875,
        "High": 25.90625,
        "Low": 25.0,
        "Close": 25.90625,
        "Adj Close": 17.2838077545166,
        "Volume": 3732600.0
    },
    "CRM": {
        "Open": null,
        "High": null,
        "Low": null,
        "Close": null,
        "Adj Close": null,
        "Volume": null
    },
    "CSCO": {
        "Open": 14.8125,
        "High": 15.479166984558105,
        "Low": 14.604166984558105,
        "Close": 15.458333015441895,
        "Adj Close": 10.002338409423828,
        "Volume": 81840600.0
    },
    "CVS": {
        "Open": 19.875,
        "High": 20.875,
        "Low": 19.625,
        "Close": 20.875,
        "Adj Close": 13.115153312683105,
        "Volume": 1752400.0
    },
    "CVX": {
        "Open": 40.40625,
        "High": 41.71875,
        "Low": 40.0,
        "Close": 41.25,
        "Adj Close": 15.12232780456543,
        "Volume": 3518200.0
    },
    "DE": {
        "Open": 16.09375,
        "High": 16.59375,
        "Low": 15.8125,
        "Close": 16.59375,
        "Adj Close": 9.668806076049805,
        "Volume": 1876000.0
    },
    "DHR": {
        "Open": 6.217100143432617,
        "High": 6.353623867034912,
        "Low": 6.122582912445068,
        "Close": 6.227602005004883,
        "Adj Close": 3.6790285110473633,
        "Volume": 889128.0
    },
    "DIS": {
        "Open": 26.69715690612793,
        "High": 27.560344696044922,
        "Low": 25.402374267578125,
        "Close": 25.464031219482422,
        "Adj Close": 19.264352798461914,
        "Volume": 7286974.0
    },
    "DUK": {
        "Open": 54.85947036743164,
        "High": 56.11246871948242,
        "Low": 54.80499267578125,
        "Close": 56.11246871948242,
        "Adj Close": 16.311281204223633,
        "Volume": 1172260.0
    },
    "EMR": {
        "Open": 28.125,
        "High": 29.5,
        "Low": 27.96875,
        "Close": 29.25,
        "Adj Close": 13.99015998840332,
        "Volume": 1314400.0
    },
    "FDX": {
        "Open": 24.125,
        "High": 24.21875,
        "Low": 23.5625,
        "Close": 23.96875,
        "Adj Close": 19.19159698486328,
        "Volume": 916400.0
    },
    "GD": {
        "Open": 22.3125,
        "High": 23.53125,
        "Low": 22.1875,
        "Close": 23.28125,
        "Adj Close": 13.287678718566895,
        "Volume": 521800.0
    },
    "GE": {
        "Open": 122.10730743408203,
        "High": 127.4988021850586,
        "Low": 120.2103042602539,
        "Close": 126.6002197265625,
        "Adj Close": 67.18022918701172,
        "Volume": 5468115.0
    },
    "GILD": {
        "Open": 0.6328129768371582,
        "High": 0.7382810115814209,
        "Low": 0.6289060115814209,
        "Close": 0.7304689884185791,
        "Adj Close": 0.5074944496154785,
        "Volume": 14272000.0
    },
    "GM": {
        "Open": null,
        "High": null,
        "Low": null,
        "Close": null,
        "Adj Close": null,
        "Volume": null
    },
    "GOOG": {
        "Open": null,