{
    "AAPL": {
        "Open": 0.3314729928970337,
        "High": 0.3359380066394806,
        "Low": 0.3247770071029663,
        "Close": 0.33035698533058167,
        "Adj Close": 0.2771577537059784,
        "Volume": 257936000.0
    },
    "ABBV": {
        "Open": null,
        "High": null,
        "Low": null,
        "Close": null,
        "Adj Close": null,
        "Volume": null
    },
    "ABT": {
        "Open": 19.976089477539062,
        "High": 19.976089477539062,
        "Low": 19.55524444580078,
        "Close": 19.695526123046875,
        "Adj Close": 9.961749076843262,
        "Volume": 4325231.0
    },
    "ACN": {
        "Open": null,
        "High": null,
        "Low": null,
        "Close": null,
        "Adj Close": null,
        "Volume": null
    },
    "ADBE": {
        "Open": 4.023437976837158,
        "High": 4.046875,
        "Low": 4.0,
        "Close": 4.023437976837158,
        "Adj Close": 3.981462001800537,
        "Volume": 3613600.0
    },
    "AIG": {
        "Open": 866.0,
        "High": 878.6666870117188,
        "Low": 854.0,
        "Close": 878.6666870117188,
        "Adj Close": 516.3284912109375,
        "Volume": 127875.0
    },
    "AMD": {
        "Open": 9.4375,
        "High": 9.59375,
        "Low": 9.3125,
        "Close": 9.375,
        "Adj Close": 9.375,
        "Volume": 8915000.0
    },
    "AMGN": {
        "Open": 18.96875,
        "High": 19.0625,
        "Low": 18.59375,
        "Close": 18.625,
        "Adj Close": 12.597732543945312,
        "Volume": 19374800.0
    },
    "AMT": {
        "Open": 22.1875,
        "High": 22.375,
        "Low": 22.0,
        "Close": 22.125,
        "Adj Close": 16.177318572998047,
        "Volume": 250200.0
    },
    "AMZN": {
        "Open": 0.7354170083999634,
        "High": 0.762499988079071,
        "Low": 0.7302079796791077,
        "Close": 0.7348960041999817,
        "Adj Close": 0.7348960041999817,
        "Volume": 606108000.0
    },
    "AVGO": {
        "Open": null,
        "High": null,
        "Low": null,
        "Close": null,
        "Adj Close": null,
        "Volume": null
    },
    "AXP": {
        "Open": 24.800167083740234,
        "High": 24.927814483642578,
        "Low": 23.633100509643555,
        "Close": 23.70604133605957,
        "Adj Close": 16.488012313842773,
        "Volume": 9022964.0
    },
    "BA": {
        "Open": 34.0,
        "High": 34.625,
        "Low": 34.0,
        "Close": 34.1875,
        "Adj Close": 21.706161499023438,
        "Volume": 3439900.0
    },
    "BAC": {
        "Open": 26.5,
        "High": 27.09375,
        "Low": 26.3125,
        "Close": 27.0,
        "Adj Close": 13.353179931640625,
        "Volume": 9698200.0
    },
    "BK": {
        "Open": 30.14362907409668,
        "High": 30.739877700805664,
        "Low": 29.878629684448242,
        "Close": 30.541128158569336,
        "Adj Close": 16.374292373657227,
        "Volume": 890475.0
    },
    "BKNG": {
        "Open": null,
        "High": null,
        "Low": null,
        "Close": null,
        "Adj Close": null,
        "Volume": null
    },
    "BLK": {
        "Open": null,
        "High": null,
        "Low": null,
        "Close": null,
        "Adj Close": null,
        "Volume": null
    },
    "BMY": {
        "Open": 49.016517639160156,
        "High": 49.61137771606445,
        "Low": 48.12422561645508,
        "Close": 48.62985610961914,
        "Adj Close": 18.06268882751465,
        "Volume": 4807008.0
    },
    "BRK-B": {
        "Open": 39.65999984741211,
        "High": 39.880001068115234,
        "Low": 39.2599983215332,
        "Close": 39.400001525878906,
        "Adj Close": 39.400001525878906,
        "Volume": 370000.0
    },
    "C": {
        "Open": 201.25,
        "High": 201.875,
        "Low": 193.125,
        "Close": 196.875,
        "Adj Close": 100.75462341308594,
        "Volume": 1421440.0
    },
    "CAT": {
        "Open": 21.28125,
        "High": 21.71875,
        "Low": 20.90625,
        "Close": 21.0625,
        "Adj Close": 10.555936813354492,
        "Volume": 3105200.0
    },
    "CL": {
        "Open": 16.6875,
        "High": 16.875,
        "Low": 16.5,
        "Close": 16.75,
        "Adj Close": 9.365056991577148,
        "Volume": 5881600.0
    },
    "CMCSA": {
        "Open": 7.224305152893066,
        "High": 7.360980987548828,
        "Low": 7.068103790283203,
        "Close": 7.10715389251709,
        "Adj Close": 4.818859100341797,
        "Volume": 2464770.0
    },
    "COF": {
        "Open": 35.89583206176758,
        "High": 37.16666793823242,
        "Low": 35.89583206176758,
        "Close": 36.39583206176758,
        "Adj Close": 26.26397132873535,
        "Volume": 1539900.0
    },
    "COP": {
        "Open": 18.033550262451172,
        "High": 18.033550262451172,
        "Low": 17.48563575744629,
        "Close": 17.5809268951416,
        "Adj Close": 7.416658401489258,
        "Volume": 801504.0
    },
    "COST": {
        "Open": 27.125,
        "High": 27.125,
        "Low": 25.9375,
        "Close": 25.9375,
        "Adj Close": 17.304649353027344,
        "Volume": 3656600.0
    },
    "CRM": {
        "Open": null,
        "High": null,
        "Low": null,
        "Close": null,
        "Adj Close": null,
        "Volume": null
    },
    "CSCO": {
        "Open": 15.78125,
        "High": 15.84375,
        "Low": 15.53125,
        "Close": 15.71875,
        "Adj Close": 10.170839309692383,
        "Volume": 35666800.0
    },
    "CVS": {
        "Open": 21.84375,
        "High": 22.46875,
        "Low": 21.65625,
        "Close": 22.0,
        "Adj Close": 13.821956634521484,
        "Volume": 1493000.0
    },
    "CVX": {
        "Open": 41.03125,
        "High": 41.0625,
        "Low": 40.15625,
        "Close": 40.53125,
        "Adj Close": 14.858835220336914,
        "Volume": 1972400.0
    },
    "DE": {
        "Open": 15.3125,
        "High": 15.53125,
        "Low": 14.875,
        "Close": 15.15625,
        "Adj Close": 8.831204414367676,
        "Volume": 2234600.0
    },
    "DHR": {
        "Open": 6.40613317489624,
        "High": 6.658177852630615,
        "Low": 6.40613317489624,
        "Close": 6.57416296005249,
        "Adj Close": 3.883761405944824,
        "Volume": 2878657.0
    },
    "DIS": {
        "Open": 24.785812377929688,
        "High": 25.155750274658203,
        "Low": 24.60084342956543,
        "Close": 24.847469329833984,
        "Adj Close": 18.797901153564453,
        "Volume": 6214597.0
    },
    "DUK": {
        "Open": 55.78559875488281,
        "High": 55.94903564453125,
        "Low": 55.34977340698242,
        "Close": 55.78559875488281,
        "Adj Close": 16.21625518798828,
        "Volume": 784604.0
    },
    "EMR": {
        "Open": 30.0,
        "High": 30.0,
        "Low": 29.15625,
        "Close": 30.0,
        "Adj Close": 14.348877906799316,
        "Volume": 2346200.0
    },
    "FDX": {
        "Open": 23.375,
        "High": 23.6875,
        "Low": 23.28125,
        "Close": 23.5,
        "Adj Close": 18.816272735595703,
        "Volume": 1511800.0
    },
    "GD": {
        "Open": 24.71875,
        "High": 26.0625,
        "Low": 24.6875,
        "Close": 26.0625,
        "Adj Close": 14.875059127807617,
        "Volume": 950600.0
    },
    "GE": {
        "Open": 128.59707641601562,
        "High": 128.7967529296875,
        "Low": 126.6002197265625,
        "Close": 127.59864807128906,
        "Adj Close": 67.7100601196289,
        "Volume": 3214314.0
    },
    "GILD": {
        "Open": 0.7773439884185791,
        "High": 0.8574219942092896,
        "Low": 0.7773439884185791,
        "Close": 0.8242189884185791,
        "Adj Close": 0.5726273655891418,
        "Volume": 30355200.0
    },
    "GM": {
        "Open": null,
        "High": null,
        "Low": null,
        "Close": null,
        "Adj Close": null,
        "Volume": null
    },
    "GOOG": {
        "Open": null,