{
    "AAPL": {
        "Open": 0.1484380066394806,
        "High": 0.1484380066394806,
        "Low": 0.14285700023174286,
        "Close": 0.14620499312877655,
        "Adj Close": 0.12266071885824203,
        "Volume": 98504000.0
    },
    "ABBV": {
        "Open": null,
        "High": null,
        "Low": null,
        "Close": null,
        "Adj Close": null,
        "Volume": null
    },
    "ABT": {
        "Open": 13.382857322692871,
        "High": 13.438969612121582,
        "Low": 13.186463356018066,
        "Close": 13.270631790161133,
        "Adj Close": 6.551012992858887,
        "Volume": 4769873.0
    },
    "ACN": {
        "Open": null,
        "High": null,
        "Low": null,
        "Close": null,
        "Adj Close": null,
        "Volume": null
    },
    "ADBE": {
        "Open": 4.40625,
        "High": 4.40625,
        "Low": 4.21875,
        "Close": 4.257812976837158,
        "Adj Close": 4.180654525756836,
        "Volume": 7284000.0
    },
    "AIG": {
        "Open": 592.5925903320312,
        "High": 602.0740966796875,
        "Low": 591.4074096679688,
        "Close": 596.74072265625,
        "Adj Close": 349.1806945800781,
        "Volume": 188937.0
    },
    "AMD": {
        "Open": 20.1875,
        "High": 21.1875,
        "Low": 20.0,
        "Close": 20.8125,
        "Adj Close": 20.8125,
        "Volume": 6925400.0
    },
    "AMGN": {
        "Open": 15.6875,
        "High": 15.75,
        "Low": 15.28125,
        "Close": 15.3125,
        "Adj Close": 10.357205390930176,
        "Volume": 7743600.0
    },
    "AMT": {
        "Open": null,
        "High": null,
        "Low": null,
        "Close": null,
        "Adj Close": null,
        "Volume": null
    },
    "AMZN": {
        "Open": null,
        "High": null,
        "Low": null,
        "Close": null,
        "Adj Close": null,
        "Volume": null
    },
    "AVGO": {
        "Open": null,
        "High": null,
        "Low": null,
        "Close": null,
        "Adj Close": null,
        "Volume": null
    },
    "AXP": {
        "Open": 19.80366325378418,
        "High": 19.80366325378418,
        "Low": 19.475425720214844,
        "Close": 19.475425720214844,
        "Adj Close": 13.327192306518555,
        "Volume": 2070833.0
    },
    "BA": {
        "Open": 53.5625,
        "High": 54.3125,
        "Low": 53.5625,
        "Close": 54.0625,
        "Adj Close": 33.72271728515625,
        "Volume": 4211400.0
    },
    "BAC": {
        "Open": 32.375,
        "High": 32.4375,
        "Low": 31.6875,
        "Close": 31.875,
        "Adj Close": 15.228534698486328,
        "Volume": 5620600.0
    },
    "BK": {
        "Open": 22.193660736083984,
        "High": 22.326160430908203,
        "Low": 21.994911193847656,
        "Close": 21.994911193847656,
        "Adj Close": 11.443047523498535,
        "Volume": 1171703.0
    },
    "BKNG": {
        "Open": null,
        "High": null,
        "Low": null,
        "Close": null,
        "Adj Close": null,
        "Volume": null
    },
    "BLK": {
        "Open": null,
        "High": null,
        "Low": null,
        "Close": null,
        "Adj Close": null,
        "Volume": null
    },
    "BMY": {
        "Open": 31.88452911376953,
        "High": 32.122474670410156,
        "Low": 31.706071853637695,
        "Close": 32.06298828125,
        "Adj Close": 11.595320701599121,
        "Volume": 4008292.0
    },
    "BRK-B": {
        "Open": 24.719999313354492,
        "High": 24.860000610351562,
        "Low": 24.700000762939453,
        "Close": 24.860000610351562,
        "Adj Close": 24.860000610351562,
        "Volume": 55000.0
    },
    "C": {
        "Open": 187.9166717529297,
        "High": 189.5833282470703,
        "Low": 185.8333282470703,
        "Close": 187.0833282470703,
        "Adj Close": 94.48501586914062,
        "Volume": 227220.0
    },
    "CAT": {
        "Open": 20.375,
        "High": 20.375,
        "Low": 20.0625,
        "Close": 20.0625,
        "Adj Close": 9.767861366271973,
        "Volume": 1405600.0
    },
    "CL": {
        "Open": 14.0625,
        "High": 14.09375,
        "Low": 13.90625,
        "Close": 14.015625,
        "Adj Close": 7.662298679351807,
        "Volume": 2886400.0
    },
    "CMCSA": {
        "Open": 2.713995933532715,
        "High": 2.7530460357666016,
        "Low": 2.674945116043091,
        "Close": 2.694469928741455,
        "Adj Close": 1.8181360960006714,
        "Volume": 471187.0
    },
    "COF": {
        "Open": 13.458333015441895,
        "High": 13.75,
        "Low": 13.333333015441895,
        "Close": 13.75,
        "Adj Close": 9.834685325622559,
        "Volume": 479400.0
    },
    "COP": {
        "Open": 16.008647918701172,
        "High": 16.008647918701172,
        "Low": 15.67513370513916,
        "Close": 15.722779273986816,
        "Adj Close": 6.3377485275268555,
        "Volume": 2991933.0
    },
    "COST": {
        "Open": 14.0625,
        "High": 14.8125,
        "Low": 14.0,
        "Close": 14.75,
        "Adj Close": 9.840718269348145,
        "Volume": 9820800.0
    },
    "CRM": {
        "Open": null,
        "High": null,
        "Low": null,
        "Close": null,
        "Adj Close": null,
        "Volume": null
    },
    "CSCO": {
        "Open": 5.888888835906982,
        "High": 5.972221851348877,
        "Low": 5.710069179534912,
        "Close": 5.861111164093018,
        "Adj Close": 3.79243803024292,
        "Volume": 122526000.0
    },
    "CVS": {
        "Open": 11.5,
        "High": 11.5625,
        "Low": 11.4375,
        "Close": 11.53125,
        "Adj Close": 7.1906352043151855,
        "Volume": 3862000.0
    },
    "CVX": {
        "Open": 33.8125,
        "High": 33.8125,
        "Low": 33.375,
        "Close": 33.625,
        "Adj Close": 11.780108451843262,
        "Volume": 2051800.0
    },
    "DE": {
        "Open": 22.25,
        "High": 22.25,
        "Low": 21.8125,
        "Close": 21.9375,
        "Adj Close": 12.48237133026123,
        "Volume": 973600.0
    },
    "DHR": {
        "Open": 3.717658042907715,
        "High": 3.759665012359619,
        "Low": 3.70715594291687,
        "Close": 3.738661050796509,
        "Adj Close": 2.2030515670776367,
        "Volume": 1250969.0
    },
    "DIS": {
        "Open": 25.237958908081055,
        "High": 25.52568817138672,
        "Low": 25.237958908081055,
        "Close": 25.361270904541016,
        "Adj Close": 19.011119842529297,
        "Volume": 3054435.0
    },
    "DUK": {
        "Open": 39.11529541015625,
        "High": 39.22425079345703,
        "Low": 38.35260009765625,
        "Close": 38.46155548095703,
        "Adj Close": 10.496715545654297,
        "Volume": 611599.0
    },
    "EMR": {
        "Open": 25.6875,
        "High": 25.8125,
        "Low": 25.0,
        "Close": 25.3125,
        "Adj Close": 11.755090713500977,
        "Volume": 879200.0
    },
    "FDX": {
        "Open": 27.25,
        "High": 27.3125,
        "Low": 26.9375,
        "Close": 27.0,
        "Adj Close": 21.61869239807129,
        "Volume": 1315600.0
    },
    "GD": {
        "Open": 16.625,
        "High": 16.71875,
        "Low": 16.5,
        "Close": 16.5625,
        "Adj Close": 9.166396141052246,
        "Volume": 794400.0
    },
    "GE": {
        "Open": 84.66639709472656,
        "High": 85.6648178100586,
        "Low": 83.8676528930664,
        "Close": 83.96749877929688,
        "Adj Close": 43.705448150634766,
        "Volume": 2478280.0
    },
    "GILD": {
        "Open": 0.953125,
        "High": 0.9804689884185791,
        "Low": 0.9296879768371582,
        "Close": 0.9414060115814209,
        "Adj Close": 0.6540431380271912,
        "Volume": 6963200.0
    },
    "GM": {
        "Open": null,
        "High": null,
        "Low": null,
        "Close": null,
        "Adj Close": null,
        "Volume": null
    },
    "GOOG": {
        "Open": null,
        "High": null,
        "Low": null,