{
    "AAPL": {
        "Open": 0.14620499312877655,
        "High": 0.14732100069522858,
        "Low": 0.1439729928970337,
        "Close": 0.14508900046348572,
        "Adj Close": 0.12172447890043259,
        "Volume": 127075200.0
    },
    "ABBV": {
        "Open": null,
        "High": null,
        "Low": null,
        "Close": null,
        "Adj Close": null,
        "Volume": null
    },
    "ABT": {
        "Open": 13.410914421081543,
        "High": 13.438969612121582,
        "Low": 13.270631790161133,
        "Close": 13.354801177978516,
        "Adj Close": 6.592563152313232,
        "Volume": 5705491.0
    },
    "ACN": {
        "Open": null,
        "High": null,
        "Low": null,
        "Close": null,
        "Adj Close": null,
        "Volume": null
    },
    "ADBE": {
        "Open": 4.40625,
        "High": 4.4375,
        "Low": 4.21875,
        "Close": 4.359375,
        "Adj Close": 4.280376434326172,
        "Volume": 9860800.0
    },
    "AIG": {
        "Open": 596.74072265625,
        "High": 599.111083984375,
        "Low": 590.8148193359375,
        "Close": 594.370361328125,
        "Adj Close": 347.79376220703125,
        "Volume": 237347.0
    },
    "AMD": {
        "Open": 22.75,
        "High": 22.8125,
        "Low": 20.625,
        "Close": 20.9375,
        "Adj Close": 20.9375,
        "Volume": 5478600.0
    },
    "AMGN": {
        "Open": 15.0,
        "High": 15.21875,
        "Low": 14.9375,
        "Close": 15.0,
        "Adj Close": 10.145833015441895,
        "Volume": 7203200.0
    },
    "AMT": {
        "Open": null,
        "High": null,
        "Low": null,
        "Close": null,
        "Adj Close": null,
        "Volume": null
    },
    "AMZN": {
        "Open": null,
        "High": null,
        "Low": null,
        "Close": null,
        "Adj Close": null,
        "Volume": null
    },
    "AVGO": {
        "Open": null,
        "High": null,
        "Low": null,
        "Close": null,
        "Adj Close": null,
        "Volume": null
    },
    "AXP": {
        "Open": 18.673067092895508,
        "High": 18.818950653076172,
        "Low": 18.454242706298828,
        "Close": 18.527183532714844,
        "Adj Close": 12.678302764892578,
        "Volume": 5264138.0
    },
    "BA": {
        "Open": 53.25,
        "High": 53.4375,
        "Low": 51.3125,
        "Close": 51.875,
        "Adj Close": 32.358219146728516,
        "Volume": 2618800.0
    },
    "BAC": {
        "Open": 29.5,
        "High": 29.5625,
        "Low": 28.75,
        "Close": 28.875,
        "Adj Close": 13.795262336730957,
        "Volume": 3971400.0
    },
    "BK": {
        "Open": 20.6699161529541,
        "High": 20.868667602539062,
        "Low": 20.07366943359375,
        "Close": 20.272418975830078,
        "Adj Close": 10.546916007995605,
        "Volume": 1662648.0
    },
    "BKNG": {
        "Open": null,
        "High": null,
        "Low": null,
        "Close": null,
        "Adj Close": null,
        "Volume": null
    },
    "BLK": {
        "Open": null,
        "High": null,
        "Low": null,
        "Close": null,
        "Adj Close": null,
        "Volume": null
    },
    "BMY": {
        "Open": 32.122474670410156,
        "High": 32.24144744873047,
        "Low": 30.813779830932617,
        "Close": 31.527612686157227,
        "Adj Close": 11.401693344116211,
        "Volume": 4769184.0
    },
    "BRK-B": {
        "Open": 24.31999969482422,
        "High": 24.459999084472656,
        "Low": 24.100000381469727,
        "Close": 24.219999313354492,
        "Adj Close": 24.219999313354492,
        "Volume": 95000.0
    },
    "C": {
        "Open": 175.0,
        "High": 176.6666717529297,
        "Low": 172.9166717529297,
        "Close": 175.4166717529297,
        "Adj Close": 88.59285736083984,
        "Volume": 539790.0
    },
    "CAT": {
        "Open": 20.125,
        "High": 20.21875,
        "Low": 19.9375,
        "Close": 20.03125,
        "Adj Close": 9.75264835357666,
        "Volume": 1991600.0
    },
    "CL": {
        "Open": 13.53125,
        "High": 13.609375,
        "Low": 13.4375,
        "Close": 13.515625,
        "Adj Close": 7.38895320892334,
        "Volume": 3158400.0
    },
    "CMCSA": {
        "Open": 2.7530460357666016,
        "High": 2.792095899581909,
        "Low": 2.733520984649658,
        "Close": 2.772571086883545,
        "Adj Close": 1.8708359003067017,
        "Volume": 1580014.0
    },
    "COF": {
        "Open": 12.541666984558105,
        "High": 12.541666984558105,
        "Low": 12.166666984558105,
        "Close": 12.375,
        "Adj Close": 8.851212501525879,
        "Volume": 1420800.0
    },
    "COP": {
        "Open": 15.722779273986816,
        "High": 15.865713119506836,
        "Low": 15.62748908996582,
        "Close": 15.770423889160156,
        "Adj Close": 6.356951713562012,
        "Volume": 1416472.0
    },
    "COST": {
        "Open": 15.0625,
        "High": 15.0625,
        "Low": 14.8125,
        "Close": 14.8125,
        "Adj Close": 9.882411003112793,
        "Volume": 4265000.0
    },
    "CRM": {
        "Open": null,
        "High": null,
        "Low": null,
        "Close": null,
        "Adj Close": null,
        "Volume": null
    },
    "CSCO": {
        "Open": 5.5416669845581055,
        "High": 5.611111164093018,
        "Low": 5.430555820465088,
        "Close": 5.597221851348877,
        "Adj Close": 3.621690511703491,
        "Volume": 93579300.0
    },
    "CVS": {
        "Open": 11.5625,
        "High": 11.59375,
        "Low": 11.28125,
        "Close": 11.46875,
        "Adj Close": 7.151661396026611,
        "Volume": 1006800.0
    },
    "CVX": {
        "Open": 33.5,
        "High": 33.75,
        "Low": 33.3125,
        "Close": 33.4375,
        "Adj Close": 11.714418411254883,
        "Volume": 2189000.0
    },
    "DE": {
        "Open": 22.75,
        "High": 22.75,
        "Low": 21.9375,
        "Close": 22.0625,
        "Adj Close": 12.553498268127441,
        "Volume": 1149400.0
    },
    "DHR": {
        "Open": 3.6966540813446045,
        "High": 3.70715594291687,
        "Low": 3.675649881362915,
        "Close": 3.675649881362915,
        "Adj Close": 2.165922164916992,
        "Volume": 320181.0
    },
    "DIS": {
        "Open": 24.9913330078125,
        "High": 25.155750274658203,
        "Low": 24.621395111083984,
        "Close": 24.82691764831543,
        "Adj Close": 18.610565185546875,
        "Volume": 3159351.0
    },
    "DUK": {
        "Open": 38.67947006225586,
        "High": 38.78842544555664,
        "Low": 38.35260009765625,
        "Close": 38.46155548095703,
        "Adj Close": 10.496715545654297,
        "Volume": 850800.0
    },
    "EMR": {
        "Open": 25.125,
        "High": 25.25,
        "Low": 24.625,
        "Close": 25.0625,
        "Adj Close": 11.638994216918945,
        "Volume": 862400.0
    },
    "FDX": {
        "Open": 27.5625,
        "High": 28.25,
        "Low": 27.5625,
        "Close": 28.125,
        "Adj Close": 22.519472122192383,
        "Volume": 1048600.0
    },
    "GD": {
        "Open": 16.78125,
        "High": 16.8125,
        "Low": 16.65625,
        "Close": 16.75,
        "Adj Close": 9.270160675048828,
        "Volume": 1063200.0
    },
    "GE": {
        "Open": 82.96907043457031,
        "High": 83.36843872070312,
        "Low": 81.471435546875,
        "Close": 82.27017211914062,
        "Adj Close": 42.821983337402344,
        "Volume": 2637280.0
    },
    "GILD": {
        "Open": 0.890625,
        "High": 0.9023439884185791,
        "Low": 0.8671879768371582,
        "Close": 0.8828129768371582,
        "Adj Close": 0.6133354902267456,
        "Volume": 4531200.0
    },
    "GM": {
        "Open": null,
        "High": null,
        "Low": null,
        "Close": null,
        "Adj Close": null,
        "Volume": null
    },
    "GOOG": {
        "Open": null,
        "High": null,
        "Low": null,