{
    "AAPL": {
        "Open": 0.14620499312877655,
        "High": 0.14620499312877655,
        "Low": 0.14174099266529083,
        "Close": 0.1439729928970337,
        "Adj Close": 0.12078818678855896,
        "Volume": 208230400.0
    },
    "ABBV": {
        "Open": null,
        "High": null,
        "Low": null,
        "Close": null,
        "Adj Close": null,
        "Volume": null
    },
    "ABT": {
        "Open": 13.382857322692871,
        "High": 13.579252243041992,
        "Low": 13.102293968200684,
        "Close": 13.186463356018066,
        "Adj Close": 6.509466171264648,
        "Volume": 5956326.0
    },
    "ACN": {
        "Open": null,
        "High": null,
        "Low": null,
        "Close": null,
        "Adj Close": null,
        "Volume": null
    },
    "ADBE": {
        "Open": 4.859375,
        "High": 4.921875,
        "Low": 4.78125,
        "Close": 4.828125,
        "Adj Close": 4.740631580352783,
        "Volume": 56603200.0
    },
    "AIG": {
        "Open": 593.7777709960938,
        "High": 597.3333129882812,
        "Low": 587.8518676757812,
        "Close": 588.4444580078125,
        "Adj Close": 344.3260803222656,
        "Volume": 223446.0
    },
    "AMD": {
        "Open": 20.9375,
        "High": 20.9375,
        "Low": 18.5625,
        "Close": 19.75,
        "Adj Close": 19.75,
        "Volume": 15518200.0
    },
    "AMGN": {
        "Open": 15.0,
        "High": 15.53125,
        "Low": 14.90625,
        "Close": 15.09375,
        "Adj Close": 10.209242820739746,
        "Volume": 7902400.0
    },
    "AMT": {
        "Open": null,
        "High": null,
        "Low": null,
        "Close": null,
        "Adj Close": null,
        "Volume": null
    },
    "AMZN": {
        "Open": null,
        "High": null,
        "Low": null,
        "Close": null,
        "Adj Close": null,
        "Volume": null
    },
    "AVGO": {
        "Open": null,
        "High": null,
        "Low": null,
        "Close": null,
        "Adj Close": null,
        "Volume": null
    },
    "AXP": {
        "Open": 18.344829559326172,
        "High": 18.746007919311523,
        "Low": 18.344829559326172,
        "Close": 18.56365394592285,
        "Adj Close": 12.703252792358398,
        "Volume": 4540615.0
    },
    "BA": {
        "Open": 51.875,
        "High": 52.3125,
        "Low": 51.125,
        "Close": 52.0,
        "Adj Close": 32.43617630004883,
        "Volume": 2960400.0
    },
    "BAC": {
        "Open": 28.5,
        "High": 29.625,
        "Low": 28.4375,
        "Close": 29.4375,
        "Adj Close": 14.063993453979492,
        "Volume": 4691000.0
    },
    "BK": {
        "Open": 20.272418975830078,
        "High": 20.6699161529541,
        "Low": 20.13991928100586,
        "Close": 20.537418365478516,
        "Adj Close": 10.684781074523926,
        "Volume": 2493972.0
    },
    "BKNG": {
        "Open": null,
        "High": null,
        "Low": null,
        "Close": null,
        "Adj Close": null,
        "Volume": null
    },
    "BLK": {
        "Open": null,
        "High": null,
        "Low": null,
        "Close": null,
        "Adj Close": null,
        "Volume": null
    },
    "BMY": {
        "Open": 31.46812629699707,
        "High": 32.122474670410156,
        "Low": 30.93275260925293,
        "Close": 31.825042724609375,
        "Adj Close": 11.509267807006836,
        "Volume": 5170119.0
    },
    "BRK-B": {
        "Open": 24.239999771118164,
        "High": 24.799999237060547,
        "Low": 24.200000762939453,
        "Close": 24.700000762939453,
        "Adj Close": 24.700000762939453,
        "Volume": 205000.0
    },
    "C": {
        "Open": 175.0,
        "High": 175.0,
        "Low": 171.6666717529297,
        "Close": 173.75,
        "Adj Close": 87.75109100341797,
        "Volume": 327960.0
    },
    "CAT": {
        "Open": 20.03125,
        "High": 20.15625,
        "Low": 19.9375,
        "Close": 20.15625,
        "Adj Close": 9.81350326538086,
        "Volume": 1285600.0
    },
    "CL": {
        "Open": 13.5,
        "High": 13.640625,
        "Low": 13.421875,
        "Close": 13.46875,
        "Adj Close": 7.3633270263671875,
        "Volume": 3368000.0
    },
    "CMCSA": {
        "Open": 2.792095899581909,
        "High": 2.8116209506988525,
        "Low": 2.674945116043091,
        "Close": 2.674945116043091,
        "Adj Close": 1.8049609661102295,
        "Volume": 3860406.0
    },
    "COF": {
        "Open": 12.291666984558105,
        "High": 12.458333015441895,
        "Low": 12.25,
        "Close": 12.458333015441895,
        "Adj Close": 8.910818099975586,
        "Volume": 1500300.0
    },
    "COP": {
        "Open": 15.770423889160156,
        "High": 16.056293487548828,
        "Low": 15.722779273986816,
        "Close": 15.913357734680176,
        "Adj Close": 6.414568901062012,
        "Volume": 2078402.0
    },
    "COST": {
        "Open": 14.8125,
        "High": 14.875,
        "Low": 14.4375,
        "Close": 14.6875,
        "Adj Close": 9.799015045166016,
        "Volume": 5550400.0
    },
    "CRM": {
        "Open": null,
        "High": null,
        "Low": null,
        "Close": null,
        "Adj Close": null,
        "Volume": null
    },
    "CSCO": {
        "Open": 5.347221851348877,
        "High": 5.6041669845581055,
        "Low": 5.2083330154418945,
        "Close": 5.555555820465088,
        "Adj Close": 3.59472918510437,
        "Volume": 198211500.0
    },
    "CVS": {
        "Open": 11.40625,
        "High": 11.5,
        "Low": 11.375,
        "Close": 11.46875,
        "Adj Close": 7.151661396026611,
        "Volume": 1639200.0
    },
    "CVX": {
        "Open": 33.625,
        "High": 33.875,
        "Low": 33.5,
        "Close": 33.875,
        "Adj Close": 11.867687225341797,
        "Volume": 2679800.0
    },
    "DE": {
        "Open": 22.0,
        "High": 22.3125,
        "Low": 21.8125,
        "Close": 22.0625,
        "Adj Close": 12.553498268127441,
        "Volume": 1835400.0
    },
    "DHR": {
        "Open": 3.675649881362915,
        "High": 3.70715594291687,
        "Low": 3.6651480197906494,
        "Close": 3.70715594291687,
        "Adj Close": 2.185736656188965,
        "Volume": 471345.0
    },
    "DIS": {
        "Open": 24.744707107543945,
        "High": 24.744707107543945,
        "Low": 24.333667755126953,
        "Close": 24.662500381469727,
        "Adj Close": 18.487314224243164,
        "Volume": 2906944.0
    },
    "DUK": {
        "Open": 38.46155548095703,
        "High": 38.46155548095703,
        "Low": 38.02573013305664,
        "Close": 38.35260009765625,
        "Adj Close": 10.466983795166016,
        "Volume": 476109.0
    },
    "EMR": {
        "Open": 25.0625,
        "High": 25.0625,
        "Low": 24.3125,
        "Close": 24.6875,
        "Adj Close": 11.464845657348633,
        "Volume": 941200.0
    },
    "FDX": {
        "Open": 28.0,
        "High": 28.0,
        "Low": 27.125,
        "Close": 27.3125,
        "Adj Close": 21.868911743164062,
        "Volume": 1026200.0
    },
    "GD": {
        "Open": 16.6875,
        "High": 16.84375,
        "Low": 16.6875,
        "Close": 16.8125,
        "Adj Close": 9.30474853515625,
        "Volume": 760400.0
    },
    "GE": {
        "Open": 82.07048797607422,
        "High": 83.16875457763672,
        "Low": 81.471435546875,
        "Close": 82.66954803466797,
        "Adj Close": 43.029869079589844,
        "Volume": 2725544.0
    },
    "GILD": {
        "Open": 0.8789060115814209,
        "High": 0.8867189884185791,
        "Low": 0.7929689884185791,
        "Close": 0.8125,
        "Adj Close": 0.5644856691360474,
        "Volume": 18134400.0
    },
    "GM": {
        "Open": null,
        "High": null,
        "Low": null,
        "Close": null,
        "Adj Close": null,
        "Volume": null
    },
    "GOOG": {
        "Open": null,
        "High": null,
        "Low": null,
        "Close": null,