{
    "AAPL": {
        "Open": 0.14620499312877655,
        "High": 0.15067000687122345,
        "Low": 0.14508900046348572,
        "Close": 0.14955399930477142,
        "Adj Close": 0.12547041475772858,
        "Volume": 106836800.0
    },
    "ABBV": {
        "Open": null,
        "High": null,
        "Low": null,
        "Close": null,
        "Adj Close": null,
        "Volume": null
    },
    "ABT": {
        "Open": 13.242575645446777,
        "High": 13.382857322692871,
        "Low": 13.186463356018066,
        "Close": 13.298688888549805,
        "Adj Close": 6.56486701965332,
        "Volume": 4413001.0
    },
    "ACN": {
        "Open": null,
        "High": null,
        "Low": null,
        "Close": null,
        "Adj Close": null,
        "Volume": null
    },
    "ADBE": {
        "Open": 5.1875,
        "High": 5.453125,
        "Low": 5.171875,
        "Close": 5.34375,
        "Adj Close": 5.246912479400635,
        "Volume": 14589600.0
    },
    "AIG": {
        "Open": 605.629638671875,
        "High": 608.5925903320312,
        "Low": 593.7777709960938,
        "Close": 593.7777709960938,
        "Adj Close": 347.4469909667969,
        "Volume": 154702.0
    },
    "AMD": {
        "Open": 20.375,
        "High": 21.5625,
        "Low": 20.1875,
        "Close": 21.125,
        "Adj Close": 21.125,
        "Volume": 6452200.0
    },
    "AMGN": {
        "Open": 15.0,
        "High": 15.09375,
        "Low": 14.75,
        "Close": 14.78125,
        "Adj Close": 9.997872352600098,
        "Volume": 4178800.0
    },
    "AMT": {
        "Open": null,
        "High": null,
        "Low": null,
        "Close": null,
        "Adj Close": null,
        "Volume": null
    },
    "AMZN": {
        "Open": null,
        "High": null,
        "Low": null,
        "Close": null,
        "Adj Close": null,
        "Volume": null
    },
    "AVGO": {
        "Open": null,
        "High": null,
        "Low": null,
        "Close": null,
        "Adj Close": null,
        "Volume": null
    },
    "AXP": {
        "Open": 18.891891479492188,
        "High": 19.1107177734375,
        "Low": 18.78247833251953,
        "Close": 18.78247833251953,
        "Adj Close": 12.85299015045166,
        "Volume": 3200503.0
    },
    "BA": {
        "Open": 52.625,
        "High": 52.625,
        "Low": 52.125,
        "Close": 52.625,
        "Adj Close": 32.826045989990234,
        "Volume": 1910600.0
    },
    "BAC": {
        "Open": 30.375,
        "High": 30.5625,
        "Low": 29.8125,
        "Close": 29.875,
        "Adj Close": 14.273016929626465,
        "Volume": 4568200.0
    },
    "BK": {
        "Open": 21.133665084838867,
        "High": 21.133665084838867,
        "Low": 20.404918670654297,
        "Close": 20.603668212890625,
        "Adj Close": 10.719243049621582,
        "Volume": 2012084.0
    },
    "BKNG": {
        "Open": null,
        "High": null,
        "Low": null,
        "Close": null,
        "Adj Close": null,
        "Volume": null
    },
    "BLK": {
        "Open": null,
        "High": null,
        "Low": null,
        "Close": null,
        "Adj Close": null,
        "Volume": null
    },
    "BMY": {
        "Open": 31.587099075317383,
        "High": 31.706071853637695,
        "Low": 30.93275260925293,
        "Close": 31.051725387573242,
        "Adj Close": 11.229598999023438,
        "Volume": 2180763.0
    },
    "BRK-B": {
        "Open": 25.059999465942383,
        "High": 25.219999313354492,
        "Low": 25.020000457763672,
        "Close": 25.219999313354492,
        "Adj Close": 25.219999313354492,
        "Volume": 55000.0
    },
    "C": {
        "Open": 180.8333282470703,
        "High": 180.8333282470703,
        "Low": 173.75,
        "Close": 174.1666717529297,
        "Adj Close": 87.96158599853516,
        "Volume": 363390.0
    },
    "CAT": {
        "Open": 20.5703125,
        "High": 20.59375,
        "Low": 20.21875,
        "Close": 20.25,
        "Adj Close": 9.859151840209961,
        "Volume": 3053600.0
    },
    "CL": {
        "Open": 13.484375,
        "High": 13.53125,
        "Low": 13.328125,
        "Close": 13.4375,
        "Adj Close": 7.346240043640137,
        "Volume": 2912800.0
    },
    "CMCSA": {
        "Open": 2.635895013809204,
        "High": 2.674945116043091,
        "Low": 2.635895013809204,
        "Close": 2.674945116043091,
        "Adj Close": 1.8049609661102295,
        "Volume": 1921240.0
    },
    "COF": {
        "Open": 13.166666984558105,
        "High": 13.25,
        "Low": 12.791666984558105,
        "Close": 13.208333015441895,
        "Adj Close": 9.447256088256836,
        "Volume": 718800.0
    },
    "COP": {
        "Open": 15.865713119506836,
        "High": 16.151582717895508,
        "Low": 15.865713119506836,
        "Close": 16.056293487548828,
        "Adj Close": 6.472187042236328,
        "Volume": 1094558.0
    },
    "COST": {
        "Open": 14.625,
        "High": 14.75,
        "Low": 14.4375,
        "Close": 14.5625,
        "Adj Close": 9.71562385559082,
        "Volume": 5234600.0
    },
    "CRM": {
        "Open": null,
        "High": null,
        "Low": null,
        "Close": null,
        "Adj Close": null,
        "Volume": null
    },
    "CSCO": {
        "Open": 5.5,
        "High": 5.8333330154418945,
        "Low": 5.430555820465088,
        "Close": 5.819444179534912,
        "Adj Close": 3.765479326248169,
        "Volume": 162160200.0
    },
    "CVS": {
        "Open": 11.6875,
        "High": 12.0,
        "Low": 11.6875,
        "Close": 11.90625,
        "Adj Close": 7.424473762512207,
        "Volume": 1646000.0
    },
    "CVX": {
        "Open": 35.75,
        "High": 36.375,
        "Low": 35.5625,
        "Close": 36.0625,
        "Adj Close": 12.634052276611328,
        "Volume": 2471200.0
    },
    "DE": {
        "Open": 21.6875,
        "High": 21.9375,
        "Low": 21.4375,
        "Close": 21.8125,
        "Adj Close": 12.46841049194336,
        "Volume": 1433000.0
    },
    "DHR": {
        "Open": 3.6021370887756348,
        "High": 3.6126389503479004,
        "Low": 3.59163498878479,
        "Close": 3.6021370887756348,
        "Adj Close": 2.123817205429077,
        "Volume": 1156938.0
    },
    "DIS": {
        "Open": 24.580291748046875,
        "High": 24.86802101135254,
        "Low": 24.539188385009766,
        "Close": 24.744707107543945,
        "Adj Close": 18.548940658569336,
        "Volume": 3138064.0
    },
    "DUK": {
        "Open": 38.89738082885742,
        "High": 39.0063362121582,
        "Low": 38.67947006225586,
        "Close": 38.89738082885742,
        "Adj Close": 10.615657806396484,
        "Volume": 777032.0
    },
    "EMR": {
        "Open": 25.125,
        "High": 25.1875,
        "Low": 24.5,
        "Close": 24.5,
        "Adj Close": 11.37777042388916,
        "Volume": 1330000.0
    },
    "FDX": {
        "Open": 28.25,
        "High": 28.3125,
        "Low": 27.125,
        "Close": 27.25,
        "Adj Close": 21.818878173828125,
        "Volume": 1420400.0
    },
    "GD": {
        "Open": 17.1875,
        "High": 17.1875,
        "Low": 16.9375,
        "Close": 16.9375,
        "Adj Close": 9.373930931091309,
        "Volume": 635600.0
    },
    "GE": {
        "Open": 83.8676528930664,
        "High": 84.5665512084961,
        "Low": 82.7693862915039,
        "Close": 82.96907043457031,
        "Adj Close": 43.18578338623047,
        "Volume": 2467513.0
    },
    "GILD": {
        "Open": 0.7890629768371582,
        "High": 0.7890629768371582,
        "Low": 0.7695310115814209,
        "Close": 0.7851560115814209,
        "Adj Close": 0.5454882979393005,
        "Volume": 5564800.0
    },
    "GM": {
        "Open": null,
        "High": null,
        "Low": null,
        "Close": null,
        "Adj Close": null,
        "Volume": null
    },
    "GOOG": {
        "Open": null,
        "High": null,
        "Low": null,