{
    "AAPL": {
        "Open": 0.16629500687122345,
        "High": 0.17299099266529083,
        "Low": 0.15401799976825714,
        "Close": 0.16294600069522858,
        "Adj Close": 0.13670583069324493,
        "Volume": 970244800.0
    },
    "ABBV": {
        "Open": null,
        "High": null,
        "Low": null,
        "Close": null,
        "Adj Close": null,
        "Volume": null
    },
    "ABT": {
        "Open": 12.962013244628906,
        "High": 13.102293968200684,
        "Low": 12.569225311279297,
        "Close": 12.597281455993652,
        "Adj Close": 6.218616485595703,
        "Volume": 7191788.0
    },
    "ACN": {
        "Open": null,
        "High": null,
        "Low": null,
        "Close": null,
        "Adj Close": null,
        "Volume": null
    },
    "ADBE": {
        "Open": 5.125,
        "High": 5.15625,
        "Low": 5.0,
        "Close": 5.015625,
        "Adj Close": 4.930500507354736,
        "Volume": 14427200.0
    },
    "AIG": {
        "Open": 574.2222290039062,
        "High": 574.8148193359375,
        "Low": 552.888916015625,
        "Close": 556.4444580078125,
        "Adj Close": 325.6014099121094,
        "Volume": 319338.0
    },
    "AMD": {
        "Open": 20.6875,
        "High": 21.25,
        "Low": 20.0,
        "Close": 20.75,
        "Adj Close": 20.75,
        "Volume": 7109800.0
    },
    "AMGN": {
        "Open": 14.46875,
        "High": 14.5,
        "Low": 13.96875,
        "Close": 13.96875,
        "Adj Close": 9.4483060836792,
        "Volume": 9732000.0
    },
    "AMT": {
        "Open": null,
        "High": null,
        "Low": null,
        "Close": null,
        "Adj Close": null,
        "Volume": null
    },
    "AMZN": {
        "Open": null,
        "High": null,
        "Low": null,
        "Close": null,
        "Adj Close": null,
        "Volume": null
    },
    "AVGO": {
        "Open": null,
        "High": null,
        "Low": null,
        "Close": null,
        "Adj Close": null,
        "Volume": null
    },
    "AXP": {
        "Open": 17.797767639160156,
        "High": 17.980121612548828,
        "Low": 17.43305778503418,
        "Close": 17.469528198242188,
        "Adj Close": 11.954535484313965,
        "Volume": 10752770.0
    },
    "BA": {
        "Open": 50.5,
        "High": 50.5,
        "Low": 49.3125,
        "Close": 49.3125,
        "Adj Close": 30.759807586669922,
        "Volume": 4558200.0
    },
    "BAC": {
        "Open": 28.8125,
        "High": 29.125,
        "Low": 27.375,
        "Close": 27.75,
        "Adj Close": 13.257774353027344,
        "Volume": 7611200.0
    },
    "BK": {
        "Open": 19.94116973876953,
        "High": 19.94116973876953,
        "Low": 18.814924240112305,
        "Close": 19.4774227142334,
        "Adj Close": 10.133298873901367,
        "Volume": 3698128.0
    },
    "BKNG": {
        "Open": null,
        "High": null,
        "Low": null,
        "Close": null,
        "Adj Close": null,
        "Volume": null
    },
    "BLK": {
        "Open": null,
        "High": null,
        "Low": null,
        "Close": null,
        "Adj Close": null,
        "Volume": null
    },
    "BMY": {
        "Open": 30.337892532348633,
        "High": 30.456863403320312,
        "Low": 28.077421188354492,
        "Close": 28.077421188354492,
        "Adj Close": 10.153964042663574,
        "Volume": 6014434.0
    },
    "BRK-B": {
        "Open": 24.899999618530273,
        "High": 24.899999618530273,
        "Low": 24.200000762939453,
        "Close": 24.200000762939453,
        "Adj Close": 24.200000762939453,
        "Volume": 175000.0
    },
    "C": {
        "Open": 167.5,
        "High": 167.9166717529297,
        "Low": 155.0,
        "Close": 160.0,
        "Adj Close": 80.80674743652344,
        "Volume": 1020810.0
    },
    "CAT": {
        "Open": 20.03125,
        "High": 20.21875,
        "Low": 19.84375,
        "Close": 20.0625,
        "Adj Close": 9.767861366271973,
        "Volume": 2098400.0
    },
    "CL": {
        "Open": 12.890625,
        "High": 12.890625,
        "Low": 12.40625,
        "Close": 12.453125,
        "Adj Close": 6.808088779449463,
        "Volume": 5324000.0
    },
    "CMCSA": {
        "Open": 2.6554200649261475,
        "High": 2.6554200649261475,
        "Low": 2.53826904296875,
        "Close": 2.5577940940856934,
        "Adj Close": 1.72591233253479,
        "Volume": 2069126.0
    },
    "COF": {
        "Open": 12.75,
        "High": 12.75,
        "Low": 12.375,
        "Close": 12.416666984558105,
        "Adj Close": 8.881011962890625,
        "Volume": 1331100.0
    },
    "COP": {
        "Open": 15.62748908996582,
        "High": 15.770423889160156,
        "Low": 15.4845552444458,
        "Close": 15.579845428466797,
        "Adj Close": 6.280132293701172,
        "Volume": 1268764.0
    },
    "COST": {
        "Open": 14.0,
        "High": 14.5625,
        "Low": 13.8125,
        "Close": 13.8125,
        "Adj Close": 9.21524429321289,
        "Volume": 4485600.0
    },
    "CRM": {
        "Open": null,
        "High": null,
        "Low": null,
        "Close": null,
        "Adj Close": null,
        "Volume": null
    },
    "CSCO": {
        "Open": 5.597221851348877,
        "High": 5.652778148651123,
        "Low": 5.347221851348877,
        "Close": 5.347221851348877,
        "Adj Close": 3.4599266052246094,
        "Volume": 125262000.0
    },
    "CVS": {
        "Open": 11.84375,
        "High": 11.84375,
        "Low": 11.34375,
        "Close": 11.53125,
        "Adj Close": 7.1906352043151855,
        "Volume": 1599200.0
    },
    "CVX": {
        "Open": 34.9375,
        "High": 35.0,
        "Low": 34.375,
        "Close": 34.8125,
        "Adj Close": 12.196136474609375,
        "Volume": 3971200.0
    },
    "DE": {
        "Open": 21.6875,
        "High": 22.25,
        "Low": 21.6875,
        "Close": 21.75,
        "Adj Close": 12.432686805725098,
        "Volume": 1743000.0
    },
    "DHR": {
        "Open": 3.570631980895996,
        "High": 3.59163498878479,
        "Low": 3.4971189498901367,
        "Close": 3.4971189498901367,
        "Adj Close": 2.0618979930877686,
        "Volume": 1514018.0
    },
    "DIS": {
        "Open": 24.333667755126953,
        "High": 24.333667755126953,
        "Low": 23.758207321166992,
        "Close": 23.963729858398438,
        "Adj Close": 17.96350860595703,
        "Volume": 5098327.0
    },
    "DUK": {
        "Open": 38.67947006225586,
        "High": 38.78842544555664,
        "Low": 38.24364471435547,
        "Close": 38.46155548095703,
        "Adj Close": 10.496715545654297,
        "Volume": 602650.0
    },
    "EMR": {
        "Open": 23.5,
        "High": 23.6875,
        "Low": 22.5,
        "Close": 22.5,
        "Adj Close": 10.448970794677734,
        "Volume": 2643000.0
    },
    "FDX": {
        "Open": 26.875,
        "High": 26.875,
        "Low": 26.0,
        "Close": 26.0625,
        "Adj Close": 20.868051528930664,
        "Volume": 764000.0
    },
    "GD": {
        "Open": 17.03125,
        "High": 17.15625,
        "Low": 16.8125,
        "Close": 16.90625,
        "Adj Close": 9.356637001037598,
        "Volume": 1151200.0
    },
    "GE": {
        "Open": 80.1734848022461,
        "High": 80.1734848022461,
        "Low": 78.47616577148438,
        "Close": 79.27490234375,
        "Adj Close": 41.2629280090332,
        "Volume": 6808602.0
    },
    "GILD": {
        "Open": 0.78125,
        "High": 0.78125,
        "Low": 0.7148439884185791,
        "Close": 0.7148439884185791,
        "Adj Close": 0.49663880467414856,
        "Volume": 6547200.0
    },
    "GM": {
        "Open": null,
        "High": null,
        "Low": null,
        "Close": null,
        "Adj Close": null,
        "Volume": null
    },
    "GOOG": {
        "Open": null,
        "High": null,
        "Low": null,
        "Close": null,
        "Adj Close": null,