{
    "AAPL": {
        "Open": 0.297991007566452,
        "High": 0.3013390004634857,
        "Low": 0.2924109995365143,
        "Close": 0.3013390004634857,
        "Adj Close": 0.2528126835823059,
        "Volume": 566596800.0
    },
    "ABBV": {
        "Open": null,
        "High": null,
        "Low": null,
        "Close": null,
        "Adj Close": null,
        "Volume": null
    },
    "ABT": {
        "Open": 22.33281898498535,
        "High": 22.416988372802734,
        "Low": 21.940031051635742,
        "Close": 22.33281898498535,
        "Adj Close": 11.335258483886719,
        "Volume": 3282239.0
    },
    "ACN": {
        "Open": null,
        "High": null,
        "Low": null,
        "Close": null,
        "Adj Close": null,
        "Volume": null
    },
    "ADBE": {
        "Open": 5.664062976837158,
        "High": 5.867187976837158,
        "Low": 5.65625,
        "Close": 5.828125,
        "Adj Close": 5.767319202423096,
        "Volume": 3934400.0
    },
    "AIG": {
        "Open": 1014.6666870117188,
        "High": 1014.6666870117188,
        "Low": 997.3333129882812,
        "Close": 1005.3333129882812,
        "Adj Close": 591.1257934570312,
        "Volume": 86063.0
    },
    "AMD": {
        "Open": 15.6875,
        "High": 16.0,
        "Low": 15.46875,
        "Close": 15.75,
        "Adj Close": 15.75,
        "Volume": 8622600.0
    },
    "AMGN": {
        "Open": 19.75,
        "High": 20.109375,
        "Low": 19.625,
        "Close": 20.078125,
        "Adj Close": 13.580615043640137,
        "Volume": 12914400.0
    },
    "AMT": {
        "Open": 25.6875,
        "High": 26.375,
        "Low": 25.3125,
        "Close": 26.375,
        "Adj Close": 19.28482437133789,
        "Volume": 369700.0
    },
    "AMZN": {
        "Open": 1.6083329916000366,
        "High": 1.6166670322418213,
        "Low": 1.5427080392837524,
        "Close": 1.5916670560836792,
        "Adj Close": 1.5916670560836792,
        "Volume": 315480000.0
    },
    "AVGO": {
        "Open": null,
        "High": null,
        "Low": null,
        "Close": null,
        "Adj Close": null,
        "Volume": null
    },
    "AXP": {
        "Open": 28.957841873168945,
        "High": 29.468433380126953,
        "Low": 28.81195831298828,
        "Close": 29.231372833251953,
        "Adj Close": 20.395626068115234,
        "Volume": 2932480.0
    },
    "BA": {
        "Open": 33.25,
        "High": 34.875,
        "Low": 33.25,
        "Close": 34.75,
        "Adj Close": 22.1361026763916,
        "Volume": 8053700.0
    },
    "BAC": {
        "Open": 32.21875,
        "High": 32.25,
        "Low": 31.71875,
        "Close": 31.71875,
        "Adj Close": 15.796159744262695,
        "Volume": 7704400.0
    },
    "BK": {
        "Open": 38.62359619140625,
        "High": 38.82234573364258,
        "Low": 38.093597412109375,
        "Close": 38.42484664916992,
        "Adj Close": 20.692842483520508,
        "Volume": 789437.0
    },
    "BKNG": {
        "Open": null,
        "High": null,
        "Low": null,
        "Close": null,
        "Adj Close": null,
        "Volume": null
    },
    "BLK": {
        "Open": null,
        "High": null,
        "Low": null,
        "Close": null,
        "Adj Close": null,
        "Volume": null
    },
    "BMY": {
        "Open": 60.64604187011719,
        "High": 60.82449722290039,
        "Low": 59.515804290771484,
        "Close": 60.43783950805664,
        "Adj Close": 22.53314971923828,
        "Volume": 1947095.0
    },
    "BRK-B": {
        "Open": 44.68000030517578,
        "High": 44.7400016784668,
        "Low": 44.13999938964844,
        "Close": 44.279998779296875,
        "Adj Close": 44.279998779296875,
        "Volume": 195000.0
    },
    "C": {
        "Open": 249.0625,
        "High": 251.5625,
        "Low": 244.6875,
        "Close": 245.3125,
        "Adj Close": 126.05555725097656,
        "Volume": 1407160.0
    },
    "CAT": {
        "Open": 24.375,
        "High": 24.75,
        "Low": 24.1875,
        "Close": 24.59375,
        "Adj Close": 12.403432846069336,
        "Volume": 2527200.0
    },
    "CL": {
        "Open": 21.5,
        "High": 21.59375,
        "Low": 21.046875,
        "Close": 21.265625,
        "Adj Close": 11.927508354187012,
        "Volume": 3178400.0
    },
    "CMCSA": {
        "Open": 8.395813941955566,
        "High": 8.454388618469238,
        "Low": 8.0150728225708,
        "Close": 8.08341121673584,
        "Adj Close": 5.483325958251953,
        "Volume": 2808557.0
    },
    "COF": {
        "Open": 36.29166793823242,
        "High": 38.0,
        "Low": 36.29166793823242,
        "Close": 37.58333206176758,
        "Adj Close": 27.142166137695312,
        "Volume": 947100.0
    },
    "COP": {
        "Open": 16.008647918701172,
        "High": 16.008647918701172,
        "Low": 15.698957443237305,
        "Close": 15.698957443237305,
        "Adj Close": 6.676703453063965,
        "Volume": 2064759.0
    },
    "COST": {
        "Open": 30.59375,
        "High": 31.125,
        "Low": 30.4375,
        "Close": 31.125,
        "Adj Close": 20.765579223632812,
        "Volume": 2501400.0
    },
    "CRM": {
        "Open": null,
        "High": null,
        "Low": null,
        "Close": null,
        "Adj Close": null,
        "Volume": null
    },
    "CSCO": {
        "Open": 19.703125,
        "High": 20.109375,
        "Low": 19.375,
        "Close": 20.046875,
        "Adj Close": 12.971353530883789,
        "Volume": 51790800.0
    },
    "CVS": {
        "Open": 26.0,
        "High": 26.65625,
        "Low": 25.875,
        "Close": 26.5625,
        "Adj Close": 16.70985984802246,
        "Volume": 2155600.0
    },
    "CVX": {
        "Open": 41.25,
        "High": 41.65625,
        "Low": 40.6875,
        "Close": 41.09375,
        "Adj Close": 15.17971420288086,
        "Volume": 1746400.0
    },
    "DE": {
        "Open": 16.0625,
        "High": 16.84375,
        "Low": 15.9375,
        "Close": 16.65625,
        "Adj Close": 9.772939682006836,
        "Volume": 2227800.0
    },
    "DHR": {
        "Open": 8.054924964904785,
        "High": 8.086429595947266,
        "Low": 7.897397041320801,
        "Close": 7.918400764465332,
        "Adj Close": 4.679681777954102,
        "Volume": 3680301.0
    },
    "DIS": {
        "Open": 30.951438903808594,
        "High": 31.506343841552734,
        "Low": 30.458187103271484,
        "Close": 30.70481300354004,
        "Adj Close": 23.276865005493164,
        "Volume": 4522352.0
    },
    "DUK": {
        "Open": 52.95273971557617,
        "High": 52.95273971557617,
        "Low": 52.24452209472656,
        "Close": 52.407955169677734,
        "Adj Close": 15.370499610900879,
        "Volume": 1097115.0
    },
    "EMR": {
        "Open": 31.125,
        "High": 31.5,
        "Low": 31.125,
        "Close": 31.3125,
        "Adj Close": 15.052857398986816,
        "Volume": 2050400.0
    },
    "FDX": {
        "Open": 38.75,
        "High": 39.75,
        "Low": 36.0,
        "Close": 36.0,
        "Adj Close": 28.824935913085938,
        "Volume": 18363000.0
    },
    "GD": {
        "Open": 29.875,
        "High": 30.4375,
        "Low": 29.78125,
        "Close": 29.96875,
        "Adj Close": 17.175670623779297,
        "Volume": 389800.0
    },
    "GE": {
        "Open": 144.2723388671875,
        "High": 146.26918029785156,
        "Low": 143.97280883789062,
        "Close": 145.07107543945312,
        "Adj Close": 77.26083374023438,
        "Volume": 2123533.0
    },
    "GILD": {
        "Open": 1.003906011581421,
        "High": 1.0078129768371582,
        "Low": 0.984375,
        "Close": 1.0058590173721313,
        "Adj Close": 0.6988218426704407,
        "Volume": 2556800.0
    },
    "GM": {
        "Open": null,
        "High": null,
        "Low": null,
        "Close": null,
        "Adj Close": null,
        "Volume": null
    },