{
    "AAPL": {
        "Open": 0.2879459857940674,
        "High": 0.3035709857940674,
        "Low": 0.2857140004634857,
        "Close": 0.3013390004634857,
        "Adj Close": 0.2528126835823059,
        "Volume": 689998400.0
    },
    "ABBV": {
        "Open": null,
        "High": null,
        "Low": null,
        "Close": null,
        "Adj Close": null,
        "Volume": null
    },
    "ABT": {
        "Open": 21.743635177612305,
        "High": 22.108367919921875,
        "Low": 21.631410598754883,
        "Close": 21.940031051635742,
        "Adj Close": 11.135893821716309,
        "Volume": 3200707.0
    },
    "ACN": {
        "Open": null,
        "High": null,
        "Low": null,
        "Close": null,
        "Adj Close": null,
        "Volume": null
    },
    "ADBE": {
        "Open": 5.539062976837158,
        "High": 5.5625,
        "Low": 4.78125,
        "Close": 5.117187976837158,
        "Adj Close": 5.063802242279053,
        "Volume": 22278400.0
    },
    "AIG": {
        "Open": 977.3333129882812,
        "High": 982.0,
        "Low": 960.0,
        "Close": 966.0,
        "Adj Close": 567.9979858398438,
        "Volume": 138431.0
    },
    "AMD": {
        "Open": 14.46875,
        "High": 15.4375,
        "Low": 14.46875,
        "Close": 15.09375,
        "Adj Close": 15.09375,
        "Volume": 4308800.0
    },
    "AMGN": {
        "Open": 20.625,
        "High": 20.78125,
        "Low": 20.15625,
        "Close": 20.765625,
        "Adj Close": 14.045633316040039,
        "Volume": 10995200.0
    },
    "AMT": {
        "Open": 25.625,
        "High": 25.8125,
        "Low": 25.4375,
        "Close": 25.8125,
        "Adj Close": 18.873531341552734,
        "Volume": 110200.0
    },
    "AMZN": {
        "Open": 1.750520944595337,
        "High": 1.8666670322418213,
        "Low": 1.75,
        "Close": 1.8583329916000366,
        "Adj Close": 1.8583329916000366,
        "Volume": 509352000.0
    },
    "AVGO": {
        "Open": null,
        "High": null,
        "Low": null,
        "Close": null,
        "Adj Close": null,
        "Volume": null
    },
    "AXP": {
        "Open": 28.264896392822266,
        "High": 28.264896392822266,
        "Low": 27.079593658447266,
        "Close": 27.353124618530273,
        "Adj Close": 19.085107803344727,
        "Volume": 6672112.0
    },
    "BA": {
        "Open": 34.0625,
        "High": 34.1875,
        "Low": 33.0,
        "Close": 33.125,
        "Adj Close": 21.1009521484375,
        "Volume": 5135400.0
    },
    "BAC": {
        "Open": 29.0,
        "High": 29.6875,
        "Low": 28.6875,
        "Close": 29.4375,
        "Adj Close": 14.660078048706055,
        "Volume": 8870400.0
    },
    "BK": {
        "Open": 37.62984848022461,
        "High": 37.62984848022461,
        "Low": 35.642356872558594,
        "Close": 36.03985595703125,
        "Adj Close": 19.40845489501953,
        "Volume": 1514534.0
    },
    "BKNG": {
        "Open": null,
        "High": null,
        "Low": null,
        "Close": null,
        "Adj Close": null,
        "Volume": null
    },
    "BLK": {
        "Open": null,
        "High": null,
        "Low": null,
        "Close": null,
        "Adj Close": null,
        "Volume": null
    },
    "BMY": {
        "Open": 58.415313720703125,
        "High": 59.72400665283203,
        "Low": 58.05839538574219,
        "Close": 59.54554748535156,
        "Adj Close": 22.20048713684082,
        "Volume": 3387558.0
    },
    "BRK-B": {
        "Open": 40.099998474121094,
        "High": 41.2599983215332,
        "Low": 40.060001373291016,
        "Close": 40.47999954223633,
        "Adj Close": 40.47999954223633,
        "Volume": 825000.0
    },
    "C": {
        "Open": 237.5,
        "High": 238.75,
        "Low": 232.8125,
        "Close": 238.75,
        "Adj Close": 122.68339538574219,
        "Volume": 1632620.0
    },
    "CAT": {
        "Open": 23.5,
        "High": 23.5,
        "Low": 22.84375,
        "Close": 23.3125,
        "Adj Close": 11.757261276245117,
        "Volume": 2519200.0
    },
    "CL": {
        "Open": 20.859375,
        "High": 20.859375,
        "Low": 20.1875,
        "Close": 20.5,
        "Adj Close": 11.49808406829834,
        "Volume": 5575200.0
    },
    "CMCSA": {
        "Open": 8.2005615234375,
        "High": 8.571539878845215,
        "Low": 8.16151237487793,
        "Close": 8.366525650024414,
        "Adj Close": 5.675374984741211,
        "Volume": 3519179.0
    },
    "COF": {
        "Open": 33.97916793823242,
        "High": 34.08333206176758,
        "Low": 32.625,
        "Close": 33.625,
        "Adj Close": 24.28350830078125,
        "Volume": 2276100.0
    },
    "COP": {
        "Open": 15.603667259216309,
        "High": 15.818069458007812,
        "Low": 15.4845552444458,
        "Close": 15.698957443237305,
        "Adj Close": 6.676703453063965,
        "Volume": 2096504.0
    },
    "COST": {
        "Open": 32.9375,
        "High": 33.875,
        "Low": 32.875,
        "Close": 33.46875,
        "Adj Close": 22.32925033569336,
        "Volume": 4094800.0
    },
    "CRM": {
        "Open": null,
        "High": null,
        "Low": null,
        "Close": null,
        "Adj Close": null,
        "Volume": null
    },
    "CSCO": {
        "Open": 20.5,
        "High": 20.890625,
        "Low": 20.234375,
        "Close": 20.875,
        "Adj Close": 13.507192611694336,
        "Volume": 48952400.0
    },
    "CVS": {
        "Open": 26.3125,
        "High": 26.34375,
        "Low": 25.8125,
        "Close": 26.1875,
        "Adj Close": 16.473966598510742,
        "Volume": 1494000.0
    },
    "CVX": {
        "Open": 42.625,
        "High": 43.59375,
        "Low": 42.25,
        "Close": 42.96875,
        "Adj Close": 15.872332572937012,
        "Volume": 3434600.0
    },
    "DE": {
        "Open": 15.53125,
        "High": 15.71875,
        "Low": 15.1875,
        "Close": 15.40625,
        "Adj Close": 9.039510726928711,
        "Volume": 2489400.0
    },
    "DHR": {
        "Open": 7.802879810333252,
        "High": 7.897397041320801,
        "Low": 7.708364009857178,
        "Close": 7.865890979766846,
        "Adj Close": 4.648648738861084,
        "Volume": 1431294.0
    },
    "DIS": {
        "Open": 31.629655838012695,
        "High": 31.629655838012695,
        "Low": 31.013093948364258,
        "Close": 31.56800079345703,
        "Adj Close": 23.93124008178711,
        "Volume": 4688495.0
    },
    "DUK": {
        "Open": 53.3885612487793,
        "High": 53.497520446777344,
        "Low": 52.68034744262695,
        "Close": 53.334083557128906,
        "Adj Close": 15.642117500305176,
        "Volume": 1229507.0
    },
    "EMR": {
        "Open": 30.6875,
        "High": 30.84375,
        "Low": 30.375,
        "Close": 30.78125,
        "Adj Close": 14.797473907470703,
        "Volume": 1647600.0
    },
    "FDX": {
        "Open": 36.0625,
        "High": 36.40625,
        "Low": 35.28125,
        "Close": 35.90625,
        "Adj Close": 28.749866485595703,
        "Volume": 2511000.0
    },
    "GD": {
        "Open": 28.75,
        "High": 28.75,
        "Low": 27.875,
        "Close": 28.21875,
        "Adj Close": 16.172706604003906,
        "Volume": 457800.0
    },
    "GE": {
        "Open": 141.17721557617188,
        "High": 142.57501220703125,
        "Low": 138.48147583007812,
        "Close": 142.27548217773438,
        "Adj Close": 75.77195739746094,
        "Volume": 3314410.0
    },
    "GILD": {
        "Open": 1.019531011581421,
        "High": 1.0390629768371582,
        "Low": 1.0078129768371582,
        "Close": 1.0292969942092896,
        "Adj Close": 0.7151053547859192,
        "Volume": 2048000.0
    },
    "GM": {
        "Open": null,
        "High": null,
        "Low": null,
        "Close": null,
        "Adj Close": null,
        "Volume": null
    },
    "GOOG": {
        "Open": null,
        "High": null,