{
    "AAPL": {
        "Open": 0.2935270071029663,
        "High": 0.2974329888820648,
        "Low": 0.2879459857940674,
        "Close": 0.2901790142059326,
        "Adj Close": 0.24344980716705322,
        "Volume": 501446400.0
    },
    "ABBV": {
        "Open": null,
        "High": null,
        "Low": null,
        "Close": null,
        "Adj Close": null,
        "Volume": null
    },
    "ABT": {
        "Open": 21.88391876220703,
        "High": 22.22059440612793,
        "Low": 21.322792053222656,
        "Close": 21.435016632080078,
        "Adj Close": 10.87956714630127,
        "Volume": 4736680.0
    },
    "ACN": {
        "Open": null,
        "High": null,
        "Low": null,
        "Close": null,
        "Adj Close": null,
        "Volume": null
    },
    "ADBE": {
        "Open": 5.046875,
        "High": 5.25,
        "Low": 4.59375,
        "Close": 4.671875,
        "Adj Close": 4.623134136199951,
        "Volume": 25610400.0
    },
    "AIG": {
        "Open": 960.6666870117188,
        "High": 962.6666870117188,
        "Low": 925.3333129882812,
        "Close": 930.6666870117188,
        "Adj Close": 547.2225952148438,
        "Volume": 131981.0
    },
    "AMD": {
        "Open": 14.78125,
        "High": 14.90625,
        "Low": 14.1875,
        "Close": 14.28125,
        "Adj Close": 14.28125,
        "Volume": 5261600.0
    },
    "AMGN": {
        "Open": 20.5625,
        "High": 20.71875,
        "Low": 20.0625,
        "Close": 20.3125,
        "Adj Close": 13.739145278930664,
        "Volume": 7849600.0
    },
    "AMT": {
        "Open": 25.6875,
        "High": 25.6875,
        "Low": 24.375,
        "Close": 24.375,
        "Adj Close": 17.822463989257812,
        "Volume": 241400.0
    },
    "AMZN": {
        "Open": 1.8427079916000366,
        "High": 1.9166669845581055,
        "Low": 1.8166669607162476,
        "Close": 1.8520829677581787,
        "Adj Close": 1.8520829677581787,
        "Volume": 775020000.0
    },
    "AVGO": {
        "Open": null,
        "High": null,
        "Low": null,
        "Close": null,
        "Adj Close": null,
        "Volume": null
    },
    "AXP": {
        "Open": 26.98841667175293,
        "High": 27.608421325683594,
        "Low": 26.623708724975586,
        "Close": 26.6966495513916,
        "Adj Close": 18.627077102661133,
        "Volume": 4656118.0
    },
    "BA": {
        "Open": 33.125,
        "High": 34.4375,
        "Low": 33.0625,
        "Close": 33.5625,
        "Adj Close": 21.379640579223633,
        "Volume": 5463800.0
    },
    "BAC": {
        "Open": 28.78125,
        "High": 29.21875,
        "Low": 28.09375,
        "Close": 28.1875,
        "Adj Close": 14.037576675415039,
        "Volume": 10867800.0
    },
    "BK": {
        "Open": 35.642356872558594,
        "High": 35.97360610961914,
        "Low": 34.84736251831055,
        "Close": 35.31110763549805,
        "Adj Close": 19.016010284423828,
        "Volume": 1441232.0
    },
    "BKNG": {
        "Open": null,
        "High": null,
        "Low": null,
        "Close": null,
        "Adj Close": null,
        "Volume": null
    },
    "BLK": {
        "Open": null,
        "High": null,
        "Low": null,
        "Close": null,
        "Adj Close": null,
        "Volume": null
    },
    "BMY": {
        "Open": 59.01017379760742,
        "High": 59.3076057434082,
        "Low": 57.166107177734375,
        "Close": 57.61225128173828,
        "Adj Close": 21.479684829711914,
        "Volume": 2836169.0
    },
    "BRK-B": {
        "Open": 40.58000183105469,
        "High": 42.400001525878906,
        "Low": 40.02000045776367,
        "Close": 41.81999969482422,
        "Adj Close": 41.81999969482422,
        "Volume": 855000.0
    },
    "C": {
        "Open": 237.5,
        "High": 237.8125,
        "Low": 227.5,
        "Close": 230.3125,
        "Adj Close": 118.34769439697266,
        "Volume": 1874020.0
    },
    "CAT": {
        "Open": 23.3125,
        "High": 23.625,
        "Low": 23.0,
        "Close": 23.125,
        "Adj Close": 11.66269302368164,
        "Volume": 2094200.0
    },
    "CL": {
        "Open": 20.3125,
        "High": 20.9375,
        "Low": 20.3125,
        "Close": 20.71875,
        "Adj Close": 11.620776176452637,
        "Volume": 4055600.0
    },
    "CMCSA": {
        "Open": 8.376289367675781,
        "High": 8.522727012634277,
        "Low": 8.337238311767578,
        "Close": 8.464152336120605,
        "Adj Close": 5.741598606109619,
        "Volume": 4379608.0
    },
    "COF": {
        "Open": 33.5625,
        "High": 34.375,
        "Low": 33.5625,
        "Close": 33.89583206176758,
        "Adj Close": 24.479106903076172,
        "Volume": 1110900.0
    },
    "COP": {
        "Open": 15.746601104736328,
        "High": 15.93718147277832,
        "Low": 15.508377075195312,
        "Close": 15.579845428466797,
        "Adj Close": 6.6260480880737305,
        "Volume": 1974245.0
    },
    "COST": {
        "Open": 33.40625,
        "High": 33.4375,
        "Low": 32.25,
        "Close": 32.71875,
        "Adj Close": 21.828872680664062,
        "Volume": 5983000.0
    },
    "CRM": {
        "Open": null,
        "High": null,
        "Low": null,
        "Close": null,
        "Adj Close": null,
        "Volume": null
    },
    "CSCO": {
        "Open": 20.640625,
        "High": 20.78125,
        "Low": 19.65625,
        "Close": 20.09375,
        "Adj Close": 13.001688957214355,
        "Volume": 65190400.0
    },
    "CVS": {
        "Open": 26.09375,
        "High": 26.46875,
        "Low": 25.84375,
        "Close": 26.0,
        "Adj Close": 16.356002807617188,
        "Volume": 1441000.0
    },
    "CVX": {
        "Open": 42.25,
        "High": 42.96875,
        "Low": 41.84375,
        "Close": 42.84375,
        "Adj Close": 15.826153755187988,
        "Volume": 2326400.0
    },
    "DE": {
        "Open": 15.40625,
        "High": 16.75,
        "Low": 15.3125,
        "Close": 15.5,
        "Adj Close": 9.09451675415039,
        "Volume": 2317200.0
    },
    "DHR": {
        "Open": 7.8553900718688965,
        "High": 7.897397041320801,
        "Low": 7.7713751792907715,
        "Close": 7.8553900718688965,
        "Adj Close": 4.6424431800842285,
        "Volume": 2898892.0
    },
    "DIS": {
        "Open": 31.074750900268555,
        "High": 31.074750900268555,
        "Low": 29.718313217163086,
        "Close": 30.211563110351562,
        "Adj Close": 22.9029483795166,
        "Volume": 5453117.0
    },
    "DUK": {
        "Open": 53.279605865478516,
        "High": 54.20573425292969,
        "Low": 53.225128173828125,
        "Close": 53.715431213378906,
        "Adj Close": 15.753954887390137,
        "Volume": 943613.0
    },
    "EMR": {
        "Open": 30.84375,
        "High": 30.84375,
        "Low": 30.3125,
        "Close": 30.46875,
        "Adj Close": 14.647239685058594,
        "Volume": 1959000.0
    },
    "FDX": {
        "Open": 35.90625,
        "High": 36.28125,
        "Low": 34.75,
        "Close": 35.125,
        "Adj Close": 28.124326705932617,
        "Volume": 1928200.0
    },
    "GD": {
        "Open": 27.96875,
        "High": 27.96875,
        "Low": 26.71875,
        "Close": 27.0625,
        "Adj Close": 15.510041236877441,
        "Volume": 765200.0
    },
    "GE": {
        "Open": 140.9775390625,
        "High": 141.77627563476562,
        "Low": 137.6827392578125,
        "Close": 138.68115234375,
        "Adj Close": 73.85774230957031,
        "Volume": 3010243.0
    },
    "GILD": {
        "Open": 1.003906011581421,
        "High": 1.019531011581421,
        "Low": 1.0,
        "Close": 1.0,
        "Adj Close": 0.6947513818740845,
        "Volume": 2697600.0
    },
    "GM": {
        "Open": null,
        "High": null,
        "Low": null,
        "Close": null,
        "Adj Close": null,
        "Volume": null
    },
    "GOOG": {
        "Open": null,
        "High": null,