{
    "AAPL": {
        "Open": 0.297991007566452,
        "High": 0.3158479928970337,
        "Low": 0.296875,
        "Close": 0.31417399644851685,
        "Adj Close": 0.2635807991027832,
        "Volume": 791492800.0
    },
    "ABBV": {
        "Open": null,
        "High": null,
        "Low": null,
        "Close": null,
        "Adj Close": null,
        "Volume": null
    },
    "ABT": {
        "Open": 21.238622665405273,
        "High": 21.40696144104004,
        "Low": 21.09834098815918,
        "Close": 21.12639808654785,
        "Adj Close": 10.722928047180176,
        "Volume": 7322775.0
    },
    "ACN": {
        "Open": null,
        "High": null,
        "Low": null,
        "Close": null,
        "Adj Close": null,
        "Volume": null
    },
    "ADBE": {
        "Open": 5.53125,
        "High": 5.59375,
        "Low": 5.34375,
        "Close": 5.5625,
        "Adj Close": 5.50446891784668,
        "Volume": 7824800.0
    },
    "AIG": {
        "Open": 1031.3333740234375,
        "High": 1062.6666259765625,
        "Low": 1017.3333129882812,
        "Close": 1060.6666259765625,
        "Adj Close": 623.6611328125,
        "Volume": 263438.0
    },
    "AMD": {
        "Open": 14.25,
        "High": 14.5,
        "Low": 13.84375,
        "Close": 14.03125,
        "Adj Close": 14.03125,
        "Volume": 5409000.0
    },
    "AMGN": {
        "Open": 21.4375,
        "High": 22.0625,
        "Low": 21.296875,
        "Close": 22.03125,
        "Adj Close": 14.901684761047363,
        "Volume": 8864400.0
    },
    "AMT": {
        "Open": 24.75,
        "High": 26.125,
        "Low": 24.625,
        "Close": 25.625,
        "Adj Close": 18.736438751220703,
        "Volume": 241200.0
    },
    "AMZN": {
        "Open": 2.358333110809326,
        "High": 2.4083330631256104,
        "Low": 2.315624952316284,
        "Close": 2.3890628814697266,
        "Adj Close": 2.3890628814697266,
        "Volume": 459036000.0
    },
    "AVGO": {
        "Open": null,
        "High": null,
        "Low": null,
        "Close": null,
        "Adj Close": null,
        "Volume": null
    },
    "AXP": {
        "Open": 28.884899139404297,
        "High": 29.377256393432617,
        "Low": 28.538427352905273,
        "Close": 29.3043155670166,
        "Adj Close": 20.446523666381836,
        "Volume": 6665943.0
    },
    "BA": {
        "Open": 31.9375,
        "High": 31.9375,
        "Low": 31.5,
        "Close": 31.75,
        "Adj Close": 20.225065231323242,
        "Volume": 5111600.0
    },
    "BAC": {
        "Open": 30.25,
        "High": 30.34375,
        "Low": 29.375,
        "Close": 29.625,
        "Adj Close": 14.753454208374023,
        "Volume": 11271800.0
    },
    "BK": {
        "Open": 39.749839782714844,
        "High": 39.749839782714844,
        "Low": 38.42484664916992,
        "Close": 39.087345123291016,
        "Adj Close": 21.049623489379883,
        "Volume": 2952842.0
    },
    "BKNG": {
        "Open": null,
        "High": null,
        "Low": null,
        "Close": null,
        "Adj Close": null,
        "Volume": null
    },
    "BLK": {
        "Open": null,
        "High": null,
        "Low": null,
        "Close": null,
        "Adj Close": null,
        "Volume": null
    },
    "BMY": {
        "Open": 58.92094421386719,
        "High": 59.01017379760742,
        "Low": 57.166107177734375,
        "Close": 57.52302169799805,
        "Adj Close": 21.446428298950195,
        "Volume": 4702362.0
    },
    "BRK-B": {
        "Open": 41.099998474121094,
        "High": 41.31999969482422,
        "Low": 40.119998931884766,
        "Close": 40.2400016784668,
        "Adj Close": 40.2400016784668,
        "Volume": 1120000.0
    },
    "C": {
        "Open": 250.625,
        "High": 252.5,
        "Low": 247.5,
        "Close": 249.375,
        "Adj Close": 128.14308166503906,
        "Volume": 1735180.0
    },
    "CAT": {
        "Open": 20.5625,
        "High": 20.96875,
        "Low": 20.5625,
        "Close": 20.9375,
        "Adj Close": 10.559460639953613,
        "Volume": 5580400.0
    },
    "CL": {
        "Open": 20.9375,
        "High": 21.59375,
        "Low": 20.9375,
        "Close": 21.53125,
        "Adj Close": 12.076489448547363,
        "Volume": 3311200.0
    },
    "CMCSA": {
        "Open": 8.571539878845215,
        "High": 8.776554107666016,
        "Low": 8.503202438354492,
        "Close": 8.571539878845215,
        "Adj Close": 5.81444787979126,
        "Volume": 895000.0
    },
    "COF": {
        "Open": 37.5,
        "High": 40.08333206176758,
        "Low": 37.33333206176758,
        "Close": 39.89583206176758,
        "Adj Close": 28.812210083007812,
        "Volume": 2337300.0
    },
    "COP": {
        "Open": 15.865713119506836,
        "High": 15.984825134277344,
        "Low": 15.818069458007812,
        "Close": 15.961003303527832,
        "Adj Close": 6.788156032562256,
        "Volume": 2748727.0
    },
    "COST": {
        "Open": 33.375,
        "High": 33.375,
        "Low": 31.90625,
        "Close": 32.65625,
        "Adj Close": 21.78717613220215,
        "Volume": 6485800.0
    },
    "CRM": {
        "Open": null,
        "High": null,
        "Low": null,
        "Close": null,
        "Adj Close": null,
        "Volume": null
    },
    "CSCO": {
        "Open": 21.5625,
        "High": 22.65625,
        "Low": 21.5625,
        "Close": 22.609375,
        "Adj Close": 14.629430770874023,
        "Volume": 86427600.0
    },
    "CVS": {
        "Open": 25.5625,
        "High": 26.4375,
        "Low": 25.5625,
        "Close": 26.34375,
        "Adj Close": 16.572250366210938,
        "Volume": 1364600.0
    },
    "CVX": {
        "Open": 41.46875,
        "High": 41.5625,
        "Low": 41.1875,
        "Close": 41.5,
        "Adj Close": 15.329780578613281,
        "Volume": 3272800.0
    },
    "DE": {
        "Open": 15.5,
        "High": 15.5625,
        "Low": 15.03125,
        "Close": 15.25,
        "Adj Close": 8.947830200195312,
        "Volume": 2361200.0
    },
    "DHR": {
        "Open": 7.844888210296631,
        "High": 8.149441719055176,
        "Low": 7.813382148742676,
        "Close": 8.149441719055176,
        "Adj Close": 4.816224098205566,
        "Volume": 1958582.0
    },
    "DIS": {
        "Open": 30.458187103271484,
        "High": 30.51984405517578,
        "Low": 29.65665626525879,
        "Close": 30.396530151367188,
        "Adj Close": 23.043163299560547,
        "Volume": 6264774.0
    },
    "DUK": {
        "Open": 54.80499267578125,
        "High": 56.05799102783203,
        "Low": 54.69603729248047,
        "Close": 55.94903564453125,
        "Adj Close": 16.40904426574707,
        "Volume": 1391843.0
    },
    "EMR": {
        "Open": 30.46875,
        "High": 30.59375,
        "Low": 29.875,
        "Close": 30.0,
        "Adj Close": 14.421899795532227,
        "Volume": 2268600.0
    },
    "FDX": {
        "Open": 38.65625,
        "High": 41.46875,
        "Low": 38.625,
        "Close": 41.1875,
        "Adj Close": 32.97852325439453,
        "Volume": 8115600.0
    },
    "GD": {
        "Open": 28.59375,
        "High": 29.0,
        "Low": 28.0,
        "Close": 28.6875,
        "Adj Close": 16.44135093688965,
        "Volume": 1144800.0
    },
    "GE": {
        "Open": 150.56240844726562,
        "High": 154.95547485351562,
        "Low": 150.3627166748047,
        "Close": 154.7557830810547,
        "Adj Close": 82.41861724853516,
        "Volume": 5490338.0
    },
    "GILD": {
        "Open": 1.1015629768371582,
        "High": 1.125,
        "Low": 1.09375,
        "Close": 1.1015629768371582,
        "Adj Close": 0.7653124928474426,
        "Volume": 14000000.0
    },
    "GM": {
        "Open": null,
        "High": null,
        "Low": null,
        "Close": null,
        "Adj Close": null,
        "Volume": null
    },
    "GOOG": {
        "Open": null,
        "High": null,