{
    "AAPL": {
        "Open": 0.3560270071029663,
        "High": 0.35714301466941833,
        "Low": 0.34988799691200256,
        "Close": 0.3504459857940674,
        "Adj Close": 0.2940116822719574,
        "Volume": 199987200.0
    },
    "ABBV": {
        "Open": null,
        "High": null,
        "Low": null,
        "Close": null,
        "Adj Close": null,
        "Volume": null
    },
    "ABT": {
        "Open": 21.631410598754883,
        "High": 21.743635177612305,
        "Low": 21.46307373046875,
        "Close": 21.491130828857422,
        "Adj Close": 10.908049583435059,
        "Volume": 1191132.0
    },
    "ACN": {
        "Open": null,
        "High": null,
        "Low": null,
        "Close": null,
        "Adj Close": null,
        "Volume": null
    },
    "ADBE": {
        "Open": 5.953125,
        "High": 5.953125,
        "Low": 5.8125,
        "Close": 5.851562976837158,
        "Adj Close": 5.7968244552612305,
        "Volume": 1768800.0
    },
    "AIG": {
        "Open": 1055.3333740234375,
        "High": 1056.0,
        "Low": 1050.0,
        "Close": 1055.3333740234375,
        "Adj Close": 620.525146484375,
        "Volume": 48469.0
    },
    "AMD": {
        "Open": 13.96875,
        "High": 14.125,
        "Low": 13.78125,
        "Close": 14.0,
        "Adj Close": 14.0,
        "Volume": 1281400.0
    },
    "AMGN": {
        "Open": 25.5,
        "High": 25.6875,
        "Low": 25.25,
        "Close": 25.25,
        "Adj Close": 17.078819274902344,
        "Volume": 1454400.0
    },
    "AMT": {
        "Open": 27.25,
        "High": 27.375,
        "Low": 27.0,
        "Close": 27.3125,
        "Adj Close": 19.97030258178711,
        "Volume": 73400.0
    },
    "AMZN": {
        "Open": 2.6854169368743896,
        "High": 2.7249999046325684,
        "Low": 2.6583330631256104,
        "Close": 2.706770896911621,
        "Adj Close": 2.706770896911621,
        "Volume": 108276000.0
    },
    "AVGO": {
        "Open": null,
        "High": null,
        "Low": null,
        "Close": null,
        "Adj Close": null,
        "Volume": null
    },
    "AXP": {
        "Open": 30.161378860473633,
        "High": 30.580793380737305,
        "Low": 30.01549530029297,
        "Close": 30.161378860473633,
        "Adj Close": 21.044525146484375,
        "Volume": 1347309.0
    },
    "BA": {
        "Open": 31.875,
        "High": 32.9375,
        "Low": 31.75,
        "Close": 32.25,
        "Adj Close": 20.543569564819336,
        "Volume": 2798700.0
    },
    "BAC": {
        "Open": 30.84375,
        "High": 31.1875,
        "Low": 30.65625,
        "Close": 30.9375,
        "Adj Close": 15.407084465026855,
        "Volume": 2468200.0
    },
    "BK": {
        "Open": 40.34608840942383,
        "High": 40.8760871887207,
        "Low": 40.1473388671875,
        "Close": 40.544837951660156,
        "Adj Close": 21.83452606201172,
        "Volume": 615946.0
    },
    "BKNG": {
        "Open": null,
        "High": null,
        "Low": null,
        "Close": null,
        "Adj Close": null,
        "Volume": null
    },
    "BLK": {
        "Open": null,
        "High": null,
        "Low": null,
        "Close": null,
        "Adj Close": null,
        "Volume": null
    },
    "BMY": {
        "Open": 61.211158752441406,
        "High": 61.47884750366211,
        "Low": 60.7650146484375,
        "Close": 60.85424041748047,
        "Adj Close": 22.688404083251953,
        "Volume": 1241257.0
    },
    "BRK-B": {
        "Open": 43.5,
        "High": 45.68000030517578,
        "Low": 43.5,
        "Close": 45.060001373291016,
        "Adj Close": 45.060001373291016,
        "Volume": 825000.0
    },
    "C": {
        "Open": 258.75,
        "High": 260.3125,
        "Low": 256.875,
        "Close": 258.125,
        "Adj Close": 132.63938903808594,
        "Volume": 441960.0
    },
    "CAT": {
        "Open": 21.3125,
        "High": 21.59375,
        "Low": 21.3125,
        "Close": 21.46875,
        "Adj Close": 10.827392578125,
        "Volume": 1888200.0
    },
    "CL": {
        "Open": 23.25,
        "High": 23.421875,
        "Low": 23.046875,
        "Close": 23.046875,
        "Adj Close": 12.926580429077148,
        "Volume": 884000.0
    },
    "CMCSA": {
        "Open": 9.001092910766602,
        "High": 9.049905776977539,
        "Low": 8.971805572509766,
        "Close": 9.040143966674805,
        "Adj Close": 6.132320880889893,
        "Volume": 862349.0
    },
    "COF": {
        "Open": 40.58333206176758,
        "High": 40.64583206176758,
        "Low": 40.08333206176758,
        "Close": 40.375,
        "Adj Close": 29.158273696899414,
        "Volume": 165600.0
    },
    "COP": {
        "Open": 16.246871948242188,
        "High": 16.342161178588867,
        "Low": 16.12775993347168,
        "Close": 16.246871948242188,
        "Adj Close": 6.90973424911499,
        "Volume": 245043.0
    },
    "COST": {
        "Open": 34.09375,
        "High": 34.625,
        "Low": 33.875,
        "Close": 34.375,
        "Adj Close": 22.933866500854492,
        "Volume": 1115800.0
    },
    "CRM": {
        "Open": null,
        "High": null,
        "Low": null,
        "Close": null,
        "Adj Close": null,
        "Volume": null
    },
    "CSCO": {
        "Open": 24.171875,
        "High": 24.171875,
        "Low": 23.53125,
        "Close": 23.546875,
        "Adj Close": 15.236031532287598,
        "Volume": 28090400.0
    },
    "CVS": {
        "Open": 27.09375,
        "High": 27.25,
        "Low": 26.9375,
        "Close": 27.15625,
        "Adj Close": 17.08338737487793,
        "Volume": 306800.0
    },
    "CVX": {
        "Open": 42.25,
        "High": 42.71875,
        "Low": 42.25,
        "Close": 42.34375,
        "Adj Close": 15.641459465026855,
        "Volume": 687000.0
    },
    "DE": {
        "Open": 15.84375,
        "High": 16.25,
        "Low": 15.625,
        "Close": 16.125,
        "Adj Close": 9.461231231689453,
        "Volume": 1059400.0
    },
    "DHR": {
        "Open": 8.369980812072754,
        "High": 8.40148639678955,
        "Low": 8.359478950500488,
        "Close": 8.390983581542969,
        "Adj Close": 4.960433483123779,
        "Volume": 664763.0
    },
    "DIS": {
        "Open": 30.51984405517578,
        "High": 30.581499099731445,
        "Low": 30.08824920654297,
        "Close": 30.149906158447266,
        "Adj Close": 22.856201171875,
        "Volume": 1826761.0
    },
    "DUK": {
        "Open": 55.67664337158203,
        "High": 56.275901794433594,
        "Low": 55.62216567993164,
        "Close": 55.894554138183594,
        "Adj Close": 16.393068313598633,
        "Volume": 889233.0
    },
    "EMR": {
        "Open": 30.5625,
        "High": 31.0,
        "Low": 30.53125,
        "Close": 30.90625,
        "Adj Close": 14.857566833496094,
        "Volume": 525800.0
    },
    "FDX": {
        "Open": 45.0,
        "High": 45.03125,
        "Low": 44.28125,
        "Close": 44.34375,
        "Adj Close": 35.505699157714844,
        "Volume": 917600.0
    },
    "GD": {
        "Open": 27.75,
        "High": 28.1875,
        "Low": 27.53125,
        "Close": 27.65625,
        "Adj Close": 15.850330352783203,
        "Volume": 146400.0
    },
    "GE": {
        "Open": 161.94444274902344,
        "High": 162.94287109375,
        "Low": 161.1457061767578,
        "Close": 161.24554443359375,
        "Adj Close": 85.87491607666016,
        "Volume": 862484.0
    },
    "GILD": {
        "Open": 1.144531011581421,
        "High": 1.2109379768371582,
        "Low": 1.144531011581421,
        "Close": 1.1640629768371582,
        "Adj Close": 0.8087343573570251,
        "Volume": 5440000.0
    },
    "GM": {
        "Open": null,
        "High": null,
        "Low": null,
        "Close": null,
        "Adj Close": null,
        "Volume": null
    },
    "GOOG": {
        "Open": null,
        "High": null,
        "Low": null,