{
    "AAPL": {
        "Open": 0.19307999312877655,
        "High": 0.19642899930477142,
        "Low": 0.18973200023174286,
        "Close": 0.19307999312877655,
        "Adj Close": 0.16198718547821045,
        "Volume": 127948800.0
    },
    "ABBV": {
        "Open": null,
        "High": null,
        "Low": null,
        "Close": null,
        "Adj Close": null,
        "Volume": null
    },
    "ABT": {
        "Open": 10.072213172912598,
        "High": 10.156381607055664,
        "Low": 10.016100883483887,
        "Close": 10.156381607055664,
        "Adj Close": 4.943480491638184,
        "Volume": 5016252.0
    },
    "ACN": {
        "Open": null,
        "High": null,
        "Low": null,
        "Close": null,
        "Adj Close": null,
        "Volume": null
    },
    "ADBE": {
        "Open": 3.90625,
        "High": 3.96875,
        "Low": 3.84375,
        "Close": 3.859375,
        "Adj Close": 3.7796292304992676,
        "Volume": 7012800.0
    },
    "AIG": {
        "Open": 464.0,
        "High": 468.7407531738281,
        "Low": 461.629638671875,
        "Close": 468.7407531738281,
        "Adj Close": 273.52423095703125,
        "Volume": 209545.0
    },
    "AMD": {
        "Open": 6.1875,
        "High": 6.3125,
        "Low": 6.125,
        "Close": 6.25,
        "Adj Close": 6.25,
        "Volume": 1291000.0
    },
    "AMGN": {
        "Open": 13.78125,
        "High": 13.90625,
        "Low": 13.65625,
        "Close": 13.71875,
        "Adj Close": 9.279210090637207,
        "Volume": 7223600.0
    },
    "AMT": {
        "Open": null,
        "High": null,
        "Low": null,
        "Close": null,
        "Adj Close": null,
        "Volume": null
    },
    "AMZN": {
        "Open": null,
        "High": null,
        "Low": null,
        "Close": null,
        "Adj Close": null,
        "Volume": null
    },
    "AVGO": {
        "Open": null,
        "High": null,
        "Low": null,
        "Close": null,
        "Adj Close": null,
        "Volume": null
    },
    "AXP": {
        "Open": 13.275382995605469,
        "High": 13.421266555786133,
        "Low": 13.165970802307129,
        "Close": 13.275382995605469,
        "Adj Close": 9.005850791931152,
        "Volume": 5800868.0
    },
    "BA": {
        "Open": 45.0,
        "High": 45.875,
        "Low": 45.0,
        "Close": 45.8125,
        "Adj Close": 28.326757431030273,
        "Volume": 2391600.0
    },
    "BAC": {
        "Open": 21.6875,
        "High": 22.3125,
        "Low": 21.6875,
        "Close": 22.125,
        "Adj Close": 10.372838020324707,
        "Volume": 9468000.0
    },
    "BK": {
        "Open": 14.111193656921387,
        "High": 14.409317016601562,
        "Low": 14.078068733215332,
        "Close": 14.34306812286377,
        "Adj Close": 7.3582892417907715,
        "Volume": 5086435.0
    },
    "BKNG": {
        "Open": null,
        "High": null,
        "Low": null,
        "Close": null,
        "Adj Close": null,
        "Volume": null
    },
    "BLK": {
        "Open": null,
        "High": null,
        "Low": null,
        "Close": null,
        "Adj Close": null,
        "Volume": null
    },
    "BMY": {
        "Open": 21.177038192749023,
        "High": 21.266267776489258,
        "Low": 21.08780860900879,
        "Close": 21.266267776489258,
        "Adj Close": 7.579238414764404,
        "Volume": 2731732.0
    },
    "BRK-B": {
        "Open": 20.68000030517578,
        "High": 20.959999084472656,
        "Low": 20.65999984741211,
        "Close": 20.959999084472656,
        "Adj Close": 20.959999084472656,
        "Volume": 65000.0
    },
    "C": {
        "Open": 112.8125,
        "High": 112.8125,
        "Low": 111.5625,
        "Close": 112.1875,
        "Adj Close": 56.335880279541016,
        "Volume": 572880.0
    },
    "CAT": {
        "Open": 16.8125,
        "High": 17.0,
        "Low": 16.8125,
        "Close": 17.0,
        "Adj Close": 8.19003677368164,
        "Volume": 2221600.0
    },
    "CL": {
        "Open": 9.90625,
        "High": 10.03125,
        "Low": 9.84375,
        "Close": 9.984375,
        "Adj Close": 5.403685092926025,
        "Volume": 2645600.0
    },
    "CMCSA": {
        "Open": 2.2258670330047607,
        "High": 2.323493003845215,
        "Low": 2.186816930770874,
        "Close": 2.2844419479370117,
        "Adj Close": 1.5354267358779907,
        "Volume": 1339298.0
    },
    "COF": {
        "Open": 9.875,
        "High": 10.208333015441895,
        "Low": 9.833333015441895,
        "Close": 10.208333015441895,
        "Adj Close": 7.268036842346191,
        "Volume": 477000.0
    },
    "COP": {
        "Open": 15.05575180053711,
        "High": 15.05575180053711,
        "Low": 14.817527770996094,
        "Close": 14.91281795501709,
        "Adj Close": 5.922027111053467,
        "Volume": 1160673.0
    },
    "COST": {
        "Open": 10.4375,
        "High": 10.625,
        "Low": 10.3125,
        "Close": 10.5625,
        "Adj Close": 7.0469536781311035,
        "Volume": 3788600.0
    },
    "CRM": {
        "Open": null,
        "High": null,
        "Low": null,
        "Close": null,
        "Adj Close": null,
        "Volume": null
    },
    "CSCO": {
        "Open": 6.097221851348877,
        "High": 6.277778148651123,
        "Low": 6.027778148651123,
        "Close": 6.2083330154418945,
        "Adj Close": 4.0171098709106445,
        "Volume": 80790300.0
    },
    "CVS": {
        "Open": 10.0,
        "High": 10.1875,
        "Low": 10.0,
        "Close": 10.15625,
        "Adj Close": 5.476476669311523,
        "Volume": 1518800.0
    },
    "CVX": {
        "Open": 29.0625,
        "High": 29.625,
        "Low": 29.0625,
        "Close": 29.625,
        "Adj Close": 10.118228912353516,
        "Volume": 1490800.0
    },
    "DE": {
        "Open": 18.8125,
        "High": 18.875,
        "Low": 18.4375,
        "Close": 18.625,
        "Adj Close": 10.49673080444336,
        "Volume": 878800.0
    },
    "DHR": {
        "Open": 3.371095895767212,
        "High": 3.455111026763916,
        "Low": 3.3605940341949463,
        "Close": 3.455111026763916,
        "Adj Close": 2.033585786819458,
        "Volume": 587991.0
    },
    "DIS": {
        "Open": 19.03122901916504,
        "High": 19.318958282470703,
        "Low": 19.03122901916504,
        "Close": 19.07233238220215,
        "Adj Close": 14.249347686767578,
        "Volume": 4539990.0
    },
    "DUK": {
        "Open": 42.92876434326172,
        "High": 43.47354507446289,
        "Low": 42.81980514526367,
        "Close": 43.47354507446289,
        "Adj Close": 11.473506927490234,
        "Volume": 211438.0
    },
    "EMR": {
        "Open": 21.625,
        "High": 22.15625,
        "Low": 21.46875,
        "Close": 22.09375,
        "Adj Close": 10.0943603515625,
        "Volume": 1126000.0
    },
    "FDX": {
        "Open": 19.65625,
        "High": 19.8125,
        "Low": 19.65625,
        "Close": 19.65625,
        "Adj Close": 15.738608360290527,
        "Volume": 954000.0
    },
    "GD": {
        "Open": 16.1875,
        "High": 16.1875,
        "Low": 16.03125,
        "Close": 16.0625,
        "Adj Close": 8.786726951599121,
        "Volume": 520800.0
    },
    "GE": {
        "Open": 66.99427795410156,
        "High": 68.99112701416016,
        "Low": 66.89443969726562,
        "Close": 68.79144287109375,
        "Adj Close": 35.268516540527344,
        "Volume": 3516791.0
    },
    "GILD": {
        "Open": 0.5742189884185791,
        "High": 0.5859379768371582,
        "Low": 0.5625,
        "Close": 0.578125,
        "Adj Close": 0.4016532003879547,
        "Volume": 14156800.0
    },
    "GM": {
        "Open": null,
        "High": null,
        "Low": null,
        "Close": null,
        "Adj Close": null,
        "Volume": null
    },
    "GOOG": {
        "Open": null,
        "High": null,
        "Low": null,
        "Close": null,
        "Adj Close": null,