{
    "AAPL": {
        "Open": 0.1875,
        "High": 0.19196400046348572,
        "Low": 0.18526799976825714,
        "Close": 0.19196400046348572,
        "Adj Close": 0.1610509157180786,
        "Volume": 93587200.0
    },
    "ABBV": {
        "Open": null,
        "High": null,
        "Low": null,
        "Close": null,
        "Adj Close": null,
        "Volume": null
    },
    "ABT": {
        "Open": 10.156381607055664,
        "High": 10.352776527404785,
        "Low": 10.156381607055664,
        "Close": 10.296664237976074,
        "Adj Close": 5.011763095855713,
        "Volume": 5600345.0
    },
    "ACN": {
        "Open": null,
        "High": null,
        "Low": null,
        "Close": null,
        "Adj Close": null,
        "Volume": null
    },
    "ADBE": {
        "Open": 3.859375,
        "High": 4.140625,
        "Low": 3.8125,
        "Close": 4.140625,
        "Adj Close": 4.055068016052246,
        "Volume": 7827200.0
    },
    "AIG": {
        "Open": 461.629638671875,
        "High": 466.96295166015625,
        "Low": 461.629638671875,
        "Close": 464.0,
        "Adj Close": 270.7579040527344,
        "Volume": 124748.0
    },
    "AMD": {
        "Open": 6.1875,
        "High": 6.5,
        "Low": 6.0625,
        "Close": 6.5,
        "Adj Close": 6.5,
        "Volume": 1648400.0
    },
    "AMGN": {
        "Open": 13.75,
        "High": 14.125,
        "Low": 13.71875,
        "Close": 14.0625,
        "Adj Close": 9.511713981628418,
        "Volume": 13437200.0
    },
    "AMT": {
        "Open": null,
        "High": null,
        "Low": null,
        "Close": null,
        "Adj Close": null,
        "Volume": null
    },
    "AMZN": {
        "Open": null,
        "High": null,
        "Low": null,
        "Close": null,
        "Adj Close": null,
        "Volume": null
    },
    "AVGO": {
        "Open": null,
        "High": null,
        "Low": null,
        "Close": null,
        "Adj Close": null,
        "Volume": null
    },
    "AXP": {
        "Open": 13.129500389099121,
        "High": 13.165970802307129,
        "Low": 12.983616828918457,
        "Close": 13.129500389099121,
        "Adj Close": 8.906888961791992,
        "Volume": 2157203.0
    },
    "BA": {
        "Open": 44.75,
        "High": 45.9375,
        "Low": 44.625,
        "Close": 45.375,
        "Adj Close": 28.056238174438477,
        "Volume": 1625400.0
    },
    "BAC": {
        "Open": 22.0,
        "High": 22.3125,
        "Low": 21.96875,
        "Close": 22.125,
        "Adj Close": 10.372838020324707,
        "Volume": 4169200.0
    },
    "BK": {
        "Open": 14.309943199157715,
        "High": 14.34306812286377,
        "Low": 14.243693351745605,
        "Close": 14.34306812286377,
        "Adj Close": 7.3582892417907715,
        "Volume": 1709818.0
    },
    "BKNG": {
        "Open": null,
        "High": null,
        "Low": null,
        "Close": null,
        "Adj Close": null,
        "Volume": null
    },
    "BLK": {
        "Open": null,
        "High": null,
        "Low": null,
        "Close": null,
        "Adj Close": null,
        "Volume": null
    },
    "BMY": {
        "Open": 21.08780860900879,
        "High": 21.08780860900879,
        "Low": 20.93909454345703,
        "Close": 21.028322219848633,
        "Adj Close": 7.494438648223877,
        "Volume": 3506704.0
    },
    "BRK-B": {
        "Open": 20.799999237060547,
        "High": 20.860000610351562,
        "Low": 20.5,
        "Close": 20.799999237060547,
        "Adj Close": 20.799999237060547,
        "Volume": 45000.0
    },
    "C": {
        "Open": 110.3125,
        "High": 111.875,
        "Low": 110.0,
        "Close": 111.5625,
        "Adj Close": 56.02203369140625,
        "Volume": 284640.0
    },
    "CAT": {
        "Open": 17.21875,
        "High": 17.28125,
        "Low": 17.03125,
        "Close": 17.28125,
        "Adj Close": 8.325536727905273,
        "Volume": 2540400.0
    },
    "CL": {
        "Open": 10.0625,
        "High": 10.21875,
        "Low": 10.03125,
        "Close": 10.203125,
        "Adj Close": 5.52207612991333,
        "Volume": 1846400.0
    },
    "CMCSA": {
        "Open": 2.343018054962158,
        "High": 2.3625431060791016,
        "Low": 2.3039679527282715,
        "Close": 2.3625431060791016,
        "Adj Close": 1.5879207849502563,
        "Volume": 724066.0
    },
    "COF": {
        "Open": 10.125,
        "High": 10.291666984558105,
        "Low": 10.125,
        "Close": 10.25,
        "Adj Close": 7.297700881958008,
        "Volume": 431700.0
    },
    "COP": {
        "Open": 15.05575180053711,
        "High": 15.127219200134277,
        "Low": 14.91281795501709,
        "Close": 15.103397369384766,
        "Adj Close": 5.997709274291992,
        "Volume": 942391.0
    },
    "COST": {
        "Open": 10.625,
        "High": 10.6875,
        "Low": 10.3125,
        "Close": 10.5625,
        "Adj Close": 7.0469536781311035,
        "Volume": 1716600.0
    },
    "CRM": {
        "Open": null,
        "High": null,
        "Low": null,
        "Close": null,
        "Adj Close": null,
        "Volume": null
    },
    "CSCO": {
        "Open": 6.111111164093018,
        "High": 6.361111164093018,
        "Low": 6.055555820465088,
        "Close": 6.361111164093018,
        "Adj Close": 4.115965366363525,
        "Volume": 53190000.0
    },
    "CVS": {
        "Open": 10.125,
        "High": 10.125,
        "Low": 9.9375,
        "Close": 10.03125,
        "Adj Close": 5.409073829650879,
        "Volume": 763200.0
    },
    "CVX": {
        "Open": 29.8125,
        "High": 29.8125,
        "Low": 29.4375,
        "Close": 29.6875,
        "Adj Close": 10.13957691192627,
        "Volume": 1205200.0
    },
    "DE": {
        "Open": 18.5,
        "High": 18.625,
        "Low": 18.25,
        "Close": 18.4375,
        "Adj Close": 10.391058921813965,
        "Volume": 1065800.0
    },
    "DHR": {
        "Open": 3.4341070652008057,
        "High": 3.4656128883361816,
        "Low": 3.4131040573120117,
        "Close": 3.4656128883361816,
        "Adj Close": 2.039767265319824,
        "Volume": 371363.0
    },
    "DIS": {
        "Open": 19.195646286010742,
        "High": 19.442270278930664,
        "Low": 19.195646286010742,
        "Close": 19.401166915893555,
        "Adj Close": 14.495027542114258,
        "Volume": 4283933.0
    },
    "DUK": {
        "Open": 42.49293899536133,
        "High": 43.0377197265625,
        "Low": 42.49293899536133,
        "Close": 42.81980514526367,
        "Adj Close": 11.300970077514648,
        "Volume": 349223.0
    },
    "EMR": {
        "Open": 22.0,
        "High": 22.375,
        "Low": 21.90625,
        "Close": 22.375,
        "Adj Close": 10.222853660583496,
        "Volume": 1306000.0
    },
    "FDX": {
        "Open": 19.5,
        "High": 19.5,
        "Low": 19.25,
        "Close": 19.25,
        "Adj Close": 15.413328170776367,
        "Volume": 776000.0
    },
    "GD": {
        "Open": 16.15625,
        "High": 16.1875,
        "Low": 16.09375,
        "Close": 16.15625,
        "Adj Close": 8.838013648986816,
        "Volume": 336400.0
    },
    "GE": {
        "Open": 68.4919204711914,
        "High": 69.1908187866211,
        "Low": 68.09254455566406,
        "Close": 69.09097290039062,
        "Adj Close": 35.42207717895508,
        "Volume": 2158526.0
    },
    "GILD": {
        "Open": 0.5585939884185791,
        "High": 0.578125,
        "Low": 0.5429689884185791,
        "Close": 0.5429689884185791,
        "Adj Close": 0.37722843885421753,
        "Volume": 6332800.0
    },
    "GM": {
        "Open": null,
        "High": null,
        "Low": null,
        "Close": null,
        "Adj Close": null,
        "Volume": null
    },
    "GOOG": {
        "Open": null,
        "High": null,
        "Low": null,
        "Close": null,
        "Adj Close": null,
        "Volume": null
    },