{
    "AAPL": {
        "Open": 0.20200900733470917,
        "High": 0.20200900733470917,
        "Low": 0.19754500687122345,
        "Close": 0.20089299976825714,
        "Adj Close": 0.1685420423746109,
        "Volume": 141758400.0
    },
    "ABBV": {
        "Open": null,
        "High": null,
        "Low": null,
        "Close": null,
        "Adj Close": null,
        "Volume": null
    },
    "ABT": {
        "Open": 10.38083267211914,
        "High": 10.633339881896973,
        "Low": 10.32472038269043,
        "Close": 10.6052827835083,
        "Adj Close": 5.161978721618652,
        "Volume": 5504110.0
    },
    "ACN": {
        "Open": null,
        "High": null,
        "Low": null,
        "Close": null,
        "Adj Close": null,
        "Volume": null
    },
    "ADBE": {
        "Open": 4.109375,
        "High": 4.125,
        "Low": 4.03125,
        "Close": 4.0625,
        "Adj Close": 3.978557825088501,
        "Volume": 1737600.0
    },
    "AIG": {
        "Open": 474.0740661621094,
        "High": 480.59259033203125,
        "Low": 472.8888854980469,
        "Close": 474.6666564941406,
        "Adj Close": 276.9822998046875,
        "Volume": 117049.0
    },
    "AMD": {
        "Open": 6.625,
        "High": 6.6875,
        "Low": 6.5,
        "Close": 6.5625,
        "Adj Close": 6.5625,
        "Volume": 1151000.0
    },
    "AMGN": {
        "Open": 14.78125,
        "High": 14.90625,
        "Low": 14.59375,
        "Close": 14.625,
        "Adj Close": 9.89218521118164,
        "Volume": 7574000.0
    },
    "AMT": {
        "Open": null,
        "High": null,
        "Low": null,
        "Close": null,
        "Adj Close": null,
        "Volume": null
    },
    "AMZN": {
        "Open": null,
        "High": null,
        "Low": null,
        "Close": null,
        "Adj Close": null,
        "Volume": null
    },
    "AVGO": {
        "Open": null,
        "High": null,
        "Low": null,
        "Close": null,
        "Adj Close": null,
        "Volume": null
    },
    "AXP": {
        "Open": 13.165970802307129,
        "High": 13.202442169189453,
        "Low": 13.129500389099121,
        "Close": 13.202442169189453,
        "Adj Close": 8.9563627243042,
        "Volume": 2641837.0
    },
    "BA": {
        "Open": 45.6875,
        "High": 46.1875,
        "Low": 45.5,
        "Close": 45.875,
        "Adj Close": 28.453678131103516,
        "Volume": 1648800.0
    },
    "BAC": {
        "Open": 22.78125,
        "High": 23.03125,
        "Low": 22.75,
        "Close": 22.90625,
        "Adj Close": 10.739109992980957,
        "Volume": 3881200.0
    },
    "BK": {
        "Open": 14.641190528869629,
        "High": 14.972439765930176,
        "Low": 14.641190528869629,
        "Close": 14.906189918518066,
        "Adj Close": 7.647181034088135,
        "Volume": 1732460.0
    },
    "BKNG": {
        "Open": null,
        "High": null,
        "Low": null,
        "Close": null,
        "Adj Close": null,
        "Volume": null
    },
    "BLK": {
        "Open": null,
        "High": null,
        "Low": null,
        "Close": null,
        "Adj Close": null,
        "Volume": null
    },
    "BMY": {
        "Open": 20.909351348876953,
        "High": 21.147294998168945,
        "Low": 20.909351348876953,
        "Close": 21.08780860900879,
        "Adj Close": 7.5156378746032715,
        "Volume": 3704229.0
    },
    "BRK-B": {
        "Open": 22.200000762939453,
        "High": 22.34000015258789,
        "Low": 21.760000228881836,
        "Close": 21.860000610351562,
        "Adj Close": 21.860000610351562,
        "Volume": 90000.0
    },
    "C": {
        "Open": 112.1875,
        "High": 114.375,
        "Low": 112.1875,
        "Close": 114.0625,
        "Adj Close": 57.27740478515625,
        "Volume": 187560.0
    },
    "CAT": {
        "Open": 17.40625,
        "High": 17.46875,
        "Low": 17.375,
        "Close": 17.4375,
        "Adj Close": 8.400808334350586,
        "Volume": 1712800.0
    },
    "CL": {
        "Open": 10.265625,
        "High": 10.4375,
        "Low": 10.25,
        "Close": 10.296875,
        "Adj Close": 5.572817802429199,
        "Volume": 2674400.0
    },
    "CMCSA": {
        "Open": 2.4406440258026123,
        "High": 2.47969388961792,
        "Low": 2.4211180210113525,
        "Close": 2.47969388961792,
        "Adj Close": 1.6666600704193115,
        "Volume": 1021759.0
    },
    "COF": {
        "Open": 10.5,
        "High": 10.708333015441895,
        "Low": 10.416666984558105,
        "Close": 10.583333015441895,
        "Adj Close": 7.535027027130127,
        "Volume": 556500.0
    },
    "COP": {
        "Open": 15.198685646057129,
        "High": 15.53219985961914,
        "Low": 15.151041984558105,
        "Close": 15.4845552444458,
        "Adj Close": 6.149067401885986,
        "Volume": 1123155.0
    },
    "COST": {
        "Open": 10.25,
        "High": 10.375,
        "Low": 10.0625,
        "Close": 10.3125,
        "Adj Close": 6.880162715911865,
        "Volume": 1125000.0
    },
    "CRM": {
        "Open": null,
        "High": null,
        "Low": null,
        "Close": null,
        "Adj Close": null,
        "Volume": null
    },
    "CSCO": {
        "Open": 6.402778148651123,
        "High": 6.590278148651123,
        "Low": 6.194444179534912,
        "Close": 6.222221851348877,
        "Adj Close": 4.026095867156982,
        "Volume": 109000800.0
    },
    "CVS": {
        "Open": 10.875,
        "High": 10.9375,
        "Low": 10.875,
        "Close": 10.875,
        "Adj Close": 5.864044189453125,
        "Volume": 1540000.0
    },
    "CVX": {
        "Open": 28.9375,
        "High": 29.5625,
        "Low": 28.875,
        "Close": 29.5,
        "Adj Close": 10.169611930847168,
        "Volume": 1766600.0
    },
    "DE": {
        "Open": 19.4375,
        "High": 19.75,
        "Low": 19.375,
        "Close": 19.5,
        "Adj Close": 10.989863395690918,
        "Volume": 962600.0
    },
    "DHR": {
        "Open": 3.5286240577697754,
        "High": 3.570631980895996,
        "Low": 3.5286240577697754,
        "Close": 3.5496280193328857,
        "Adj Close": 2.0892176628112793,
        "Volume": 167827.0
    },
    "DIS": {
        "Open": 19.03122901916504,
        "High": 19.11343765258789,
        "Low": 18.99012565612793,
        "Close": 19.11343765258789,
        "Adj Close": 14.280056953430176,
        "Volume": 2658794.0
    },
    "DUK": {
        "Open": 41.40337371826172,
        "High": 42.71084976196289,
        "Low": 41.40337371826172,
        "Close": 41.83919906616211,
        "Adj Close": 11.164170265197754,
        "Volume": 231630.0
    },
    "EMR": {
        "Open": 21.53125,
        "High": 21.53125,
        "Low": 21.25,
        "Close": 21.34375,
        "Adj Close": 9.80756664276123,
        "Volume": 928000.0
    },
    "FDX": {
        "Open": 18.8125,
        "High": 18.8125,
        "Low": 18.6875,
        "Close": 18.6875,
        "Adj Close": 14.962935447692871,
        "Volume": 449200.0
    },
    "GD": {
        "Open": 16.5,
        "High": 16.5,
        "Low": 16.3125,
        "Close": 16.375,
        "Adj Close": 8.95767879486084,
        "Volume": 487600.0
    },
    "GE": {
        "Open": 67.89286041259766,
        "High": 67.99270629882812,
        "Low": 67.59333801269531,
        "Close": 67.79302215576172,
        "Adj Close": 34.75661849975586,
        "Volume": 2395900.0
    },
    "GILD": {
        "Open": 0.671875,
        "High": 0.6796879768371582,
        "Low": 0.6601560115814209,
        "Close": 0.671875,
        "Adj Close": 0.46678611636161804,
        "Volume": 7433600.0
    },
    "GM": {
        "Open": null,
        "High": null,
        "Low": null,
        "Close": null,
        "Adj Close": null,
        "Volume": null
    },
    "GOOG": {
        "Open": null,
        "High": null,
        "Low": null,
        "Close": null,
        "Adj Close": null,