{
    "AAPL": {
        "Open": 1.1004459857940674,
        "High": 1.1004459857940674,
        "Low": 1.0446430444717407,
        "Close": 1.051339030265808,
        "Adj Close": 0.8820357322692871,
        "Volume": 195518400.0
    },
    "ABBV": {
        "Open": null,
        "High": null,
        "Low": null,
        "Close": null,
        "Adj Close": null,
        "Volume": null
    },
    "ABT": {
        "Open": 19.38690757751465,
        "High": 19.83580780029297,
        "Low": 19.302738189697266,
        "Close": 19.807750701904297,
        "Adj Close": 10.350364685058594,
        "Volume": 5164837.0
    },
    "ACN": {
        "Open": null,
        "High": null,
        "Low": null,
        "Close": null,
        "Adj Close": null,
        "Volume": null
    },
    "ADBE": {
        "Open": 33.90625,
        "High": 34.5,
        "Low": 32.890625,
        "Close": 33.46875,
        "Adj Close": 33.24681854248047,
        "Volume": 4988000.0
    },
    "AIG": {
        "Open": 1736.25,
        "High": 1776.25,
        "Low": 1732.5,
        "Close": 1776.25,
        "Adj Close": 1048.0281982421875,
        "Volume": 175320.0
    },
    "AMD": {
        "Open": 33.0,
        "High": 33.0,
        "Low": 31.5625,
        "Close": 31.875,
        "Adj Close": 31.875,
        "Volume": 5504000.0
    },
    "AMGN": {
        "Open": 72.8125,
        "High": 76.3125,
        "Low": 71.1875,
        "Close": 74.9375,
        "Adj Close": 50.6868782043457,
        "Volume": 8089800.0
    },
    "AMT": {
        "Open": 37.6875,
        "High": 37.8125,
        "Low": 36.3125,
        "Close": 37.375,
        "Adj Close": 27.32778549194336,
        "Volume": 861700.0
    },
    "AMZN": {
        "Open": 2.203125,
        "High": 2.25,
        "Low": 2.125,
        "Close": 2.1468749046325684,
        "Adj Close": 2.1468749046325684,
        "Volume": 101778000.0
    },
    "AVGO": {
        "Open": null,
        "High": null,
        "Low": null,
        "Close": null,
        "Adj Close": null,
        "Volume": null
    },
    "AXP": {
        "Open": 51.806819915771484,
        "High": 53.11977005004883,
        "Low": 51.58799362182617,
        "Close": 53.0650634765625,
        "Adj Close": 37.47970962524414,
        "Volume": 3522107.0
    },
    "BA": {
        "Open": 58.5,
        "High": 59.0,
        "Low": 57.625,
        "Close": 58.125,
        "Adj Close": 37.894474029541016,
        "Volume": 6699000.0
    },
    "BAC": {
        "Open": 27.0625,
        "High": 28.0,
        "Low": 27.0625,
        "Close": 27.96875,
        "Adj Close": 14.786567687988281,
        "Volume": 9423200.0
    },
    "BK": {
        "Open": 56.04727554321289,
        "High": 57.04102325439453,
        "Low": 55.583526611328125,
        "Close": 56.8422737121582,
        "Adj Close": 31.442949295043945,
        "Volume": 1942461.0
    },
    "BKNG": {
        "Open": 156.75,
        "High": 160.5,
        "Low": 152.625,
        "Close": 154.5,
        "Adj Close": 152.01268005371094,
        "Volume": 342083.0
    },
    "BLK": {
        "Open": 36.5,
        "High": 37.0625,
        "Low": 36.0,
        "Close": 37.0,
        "Adj Close": 22.142475128173828,
        "Volume": 59900.0
    },
    "BMY": {
        "Open": 49.1354866027832,
        "High": 49.49240493774414,
        "Low": 48.65959930419922,
        "Close": 49.16522979736328,
        "Adj Close": 18.796926498413086,
        "Volume": 4117561.0
    },
    "BRK-B": {
        "Open": 37.540000915527344,
        "High": 38.08000183105469,
        "Low": 37.540000915527344,
        "Close": 38.08000183105469,
        "Adj Close": 38.08000183105469,
        "Volume": 655000.0
    },
    "C": {
        "Open": 545.625,
        "High": 565.0,
        "Low": 543.75,
        "Close": 565.0,
        "Adj Close": 296.135009765625,
        "Volume": 1709180.0
    },
    "CAT": {
        "Open": 19.03125,
        "High": 19.125,
        "Low": 18.75,
        "Close": 18.90625,
        "Adj Close": 9.991641998291016,
        "Volume": 3091600.0
    },
    "CL": {
        "Open": 26.53125,
        "High": 27.21875,
        "Low": 26.4375,
        "Close": 27.03125,
        "Adj Close": 15.472660064697266,
        "Volume": 3502800.0
    },
    "CMCSA": {
        "Open": 11.28553581237793,
        "High": 11.305061340332031,
        "Low": 11.012184143066406,
        "Close": 11.109808921813965,
        "Adj Close": 7.53873348236084,
        "Volume": 193981.0
    },
    "COF": {
        "Open": 64.4375,
        "High": 65.875,
        "Low": 63.6875,
        "Close": 65.15625,
        "Adj Close": 47.254913330078125,
        "Volume": 1156300.0
    },
    "COP": {
        "Open": 23.727102279663086,
        "High": 23.750925064086914,
        "Low": 23.32212257385254,
        "Close": 23.607990264892578,
        "Adj Close": 10.580596923828125,
        "Volume": 2287239.0
    },
    "COST": {
        "Open": 36.4375,
        "High": 39.0625,
        "Low": 36.125,
        "Close": 37.6875,
        "Adj Close": 25.14385986328125,
        "Volume": 7152500.0
    },
    "CRM": {
        "Open": null,
        "High": null,
        "Low": null,
        "Close": null,
        "Adj Close": null,
        "Volume": null
    },
    "CSCO": {
        "Open": 65.75,
        "High": 65.9375,
        "Low": 63.3125,
        "Close": 63.875,
        "Adj Close": 41.33039855957031,
        "Volume": 35967700.0
    },
    "CVS": {
        "Open": 19.28125,
        "High": 20.0,
        "Low": 19.15625,
        "Close": 20.0,
        "Adj Close": 12.701388359069824,
        "Volume": 2564800.0
    },
    "CVX": {
        "Open": 43.6875,
        "High": 43.96875,
        "Low": 43.125,
        "Close": 43.34375,
        "Adj Close": 16.84386444091797,
        "Volume": 2740600.0
    },
    "DE": {
        "Open": 16.6875,
        "High": 16.8125,
        "Low": 16.4375,
        "Close": 16.5,
        "Adj Close": 10.085867881774902,
        "Volume": 1848600.0
    },
    "DHR": {
        "Open": 9.157620429992676,
        "High": 9.157620429992676,
        "Low": 8.653531074523926,
        "Close": 8.88457202911377,
        "Adj Close": 5.261751651763916,
        "Volume": 3136350.0
    },
    "DIS": {
        "Open": 40.13821792602539,
        "High": 40.13821792602539,
        "Low": 39.15171813964844,
        "Close": 39.706626892089844,
        "Adj Close": 30.426204681396484,
        "Volume": 3328434.0
    },
    "DUK": {
        "Open": 68.15213775634766,
        "High": 70.05886840820312,
        "Low": 68.15213775634766,
        "Close": 70.03163146972656,
        "Adj Close": 21.961273193359375,
        "Volume": 2325475.0
    },
    "EMR": {
        "Open": 34.0,
        "High": 34.0,
        "Low": 33.3125,
        "Close": 33.9375,
        "Adj Close": 16.997526168823242,
        "Volume": 4090000.0
    },
    "FDX": {
        "Open": 39.04999923706055,
        "High": 39.779998779296875,
        "Low": 38.93000030517578,
        "Close": 39.2599983215332,
        "Adj Close": 31.435190200805664,
        "Volume": 1221800.0
    },
    "GD": {
        "Open": 31.78125,
        "High": 31.875,
        "Low": 31.03125,
        "Close": 31.625,
        "Adj Close": 18.66240882873535,
        "Volume": 1177800.0
    },
    "GE": {
        "Open": 281.855224609375,
        "High": 287.5462341308594,
        "Low": 279.15948486328125,
        "Close": 286.9471740722656,
        "Adj Close": 156.09693908691406,
        "Volume": 2270118.0
    },
    "GILD": {
        "Open": 3.152343988418579,
        "High": 3.296875,
        "Low": 3.046875,
        "Close": 3.1875,
        "Adj Close": 2.2145204544067383,
        "Volume": 13718400.0
    },
    "GM": {
        "Open": null,
        "High": null,
        "Low": null,
        "Close": null,
        "Adj Close": null,
        "Volume": null
    },
    "GOOG": {
        "Open": null,
        "High": null,
        "Low": null,
        "Close": null,