{
    "AAPL": {
        "Open": 1.0457589626312256,
        "High": 1.0647319555282593,
        "Low": 1.0145089626312256,
        "Close": 1.0153460502624512,
        "Adj Close": 0.8518390655517578,
        "Volume": 426552000.0
    },
    "ABBV": {
        "Open": null,
        "High": null,
        "Low": null,
        "Close": null,
        "Adj Close": null,
        "Volume": null
    },
    "ABT": {
        "Open": 19.751638412475586,
        "High": 19.91997718811035,
        "Low": 19.414962768554688,
        "Close": 19.751638412475586,
        "Adj Close": 10.321045875549316,
        "Volume": 6969245.0
    },
    "ACN": {
        "Open": null,
        "High": null,
        "Low": null,
        "Close": null,
        "Adj Close": null,
        "Volume": null
    },
    "ADBE": {
        "Open": 31.78125,
        "High": 31.9375,
        "Low": 31.0,
        "Close": 31.34375,
        "Adj Close": 31.135906219482422,
        "Volume": 6306000.0
    },
    "AIG": {
        "Open": 1832.5,
        "High": 1842.5,
        "Low": 1825.0,
        "Close": 1840.0,
        "Adj Close": 1085.642333984375,
        "Volume": 106520.0
    },
    "AMD": {
        "Open": 29.0625,
        "High": 30.0,
        "Low": 27.75,
        "Close": 28.375,
        "Adj Close": 28.375,
        "Volume": 8138000.0
    },
    "AMGN": {
        "Open": 71.875,
        "High": 71.875,
        "Low": 65.1875,
        "Close": 67.4375,
        "Adj Close": 45.61396026611328,
        "Volume": 21630800.0
    },
    "AMT": {
        "Open": 35.625,
        "High": 36.25,
        "Low": 35.25,
        "Close": 36.0,
        "Adj Close": 26.322418212890625,
        "Volume": 515600.0
    },
    "AMZN": {
        "Open": 2.2093749046325684,
        "High": 2.299999952316284,
        "Low": 2.1875,
        "Close": 2.2437500953674316,
        "Adj Close": 2.2437500953674316,
        "Volume": 139270000.0
    },
    "AVGO": {
        "Open": null,
        "High": null,
        "Low": null,
        "Close": null,
        "Adj Close": null,
        "Volume": null
    },
    "AXP": {
        "Open": 53.55741882324219,
        "High": 54.15918731689453,
        "Low": 52.955650329589844,
        "Close": 53.22917938232422,
        "Adj Close": 37.59563446044922,
        "Volume": 2419970.0
    },
    "BA": {
        "Open": 58.875,
        "High": 58.875,
        "Low": 57.6875,
        "Close": 58.375,
        "Adj Close": 38.057456970214844,
        "Volume": 4277100.0
    },
    "BAC": {
        "Open": 28.28125,
        "High": 28.6875,
        "Low": 27.8125,
        "Close": 28.1640625,
        "Adj Close": 14.8898286819458,
        "Volume": 7393000.0
    },
    "BK": {
        "Open": 55.517276763916016,
        "High": 55.716026306152344,
        "Low": 55.119781494140625,
        "Close": 55.3847770690918,
        "Adj Close": 30.63672637939453,
        "Volume": 1617082.0
    },
    "BKNG": {
        "Open": 171.0,
        "High": 171.0,
        "Low": 158.25,
        "Close": 162.0,
        "Adj Close": 159.39193725585938,
        "Volume": 342600.0
    },
    "BLK": {
        "Open": 38.875,
        "High": 39.125,
        "Low": 38.625,
        "Close": 38.625,
        "Adj Close": 23.11495018005371,
        "Volume": 21800.0
    },
    "BMY": {
        "Open": 49.7303466796875,
        "High": 51.03904342651367,
        "Low": 49.31394577026367,
        "Close": 50.74161148071289,
        "Adj Close": 19.39961051940918,
        "Volume": 6411376.0
    },
    "BRK-B": {
        "Open": 38.08000183105469,
        "High": 38.47999954223633,
        "Low": 38.02000045776367,
        "Close": 38.47999954223633,
        "Adj Close": 38.47999954223633,
        "Volume": 285000.0
    },
    "C": {
        "Open": 563.75,
        "High": 566.875,
        "Low": 555.0,
        "Close": 562.1875,
        "Adj Close": 294.6609191894531,
        "Volume": 1052950.0
    },
    "CAT": {
        "Open": 19.40625,
        "High": 19.8125,
        "Low": 19.40625,
        "Close": 19.625,
        "Adj Close": 10.371487617492676,
        "Volume": 4188200.0
    },
    "CL": {
        "Open": 24.25,
        "High": 24.8125,
        "Low": 23.25,
        "Close": 23.71875,
        "Adj Close": 13.576583862304688,
        "Volume": 37791600.0
    },
    "CMCSA": {
        "Open": 11.773664474487305,
        "High": 11.988441467285156,
        "Low": 11.578413009643555,
        "Close": 11.724851608276367,
        "Adj Close": 7.956081867218018,
        "Volume": 303455.0
    },
    "COF": {
        "Open": 66.125,
        "High": 66.5625,
        "Low": 64.125,
        "Close": 64.375,
        "Adj Close": 46.688316345214844,
        "Volume": 1191200.0
    },
    "COP": {
        "Open": 24.751466751098633,
        "High": 24.822933197021484,
        "Low": 24.39413070678711,
        "Close": 24.67999839782715,
        "Adj Close": 11.061051368713379,
        "Volume": 1796629.0
    },
    "COST": {
        "Open": 38.4375,
        "High": 38.625,
        "Low": 36.875,
        "Close": 37.1875,
        "Adj Close": 24.810274124145508,
        "Volume": 2115900.0
    },
    "CRM": {
        "Open": null,
        "High": null,
        "Low": null,
        "Close": null,
        "Adj Close": null,
        "Volume": null
    },
    "CSCO": {
        "Open": 62.625,
        "High": 63.3125,
        "Low": 60.546875,
        "Close": 61.25,
        "Adj Close": 39.63189697265625,
        "Volume": 48069600.0
    },
    "CVS": {
        "Open": 22.0,
        "High": 22.09375,
        "Low": 21.25,
        "Close": 22.0,
        "Adj Close": 13.971525192260742,
        "Volume": 5718800.0
    },
    "CVX": {
        "Open": 44.3125,
        "High": 44.3125,
        "Low": 43.65625,
        "Close": 43.7890625,
        "Adj Close": 17.016910552978516,
        "Volume": 1576600.0
    },
    "DE": {
        "Open": 17.1875,
        "High": 17.40625,
        "Low": 17.03125,
        "Close": 17.09375,
        "Adj Close": 10.448803901672363,
        "Volume": 1392800.0
    },
    "DHR": {
        "Open": 8.863568305969238,
        "High": 8.926579475402832,
        "Low": 8.685035705566406,
        "Close": 8.769050598144531,
        "Adj Close": 5.193334579467773,
        "Volume": 909958.0
    },
    "DIS": {
        "Open": 38.905094146728516,
        "High": 38.905094146728516,
        "Low": 37.98025131225586,
        "Close": 38.84343719482422,
        "Adj Close": 29.764768600463867,
        "Volume": 3105220.0
    },
    "DUK": {
        "Open": 72.12903594970703,
        "High": 72.12903594970703,
        "Low": 69.29617309570312,
        "Close": 72.12903594970703,
        "Adj Close": 22.619007110595703,
        "Volume": 2831182.0
    },
    "EMR": {
        "Open": 32.84375,
        "High": 33.53125,
        "Low": 32.6875,
        "Close": 32.9375,
        "Adj Close": 16.496675491333008,
        "Volume": 2303200.0
    },
    "FDX": {
        "Open": 40.20000076293945,
        "High": 40.4900016784668,
        "Low": 40.0,
        "Close": 40.369998931884766,
        "Adj Close": 32.3239631652832,
        "Volume": 1018600.0
    },
    "GD": {
        "Open": 31.875,
        "High": 32.0625,
        "Low": 31.375,
        "Close": 31.65625,
        "Adj Close": 18.680850982666016,
        "Volume": 1228000.0
    },
    "GE": {
        "Open": 283.6523742675781,
        "High": 284.55096435546875,
        "Low": 279.4590148925781,
        "Close": 282.7538146972656,
        "Adj Close": 153.8157196044922,
        "Volume": 1653605.0
    },
    "GILD": {
        "Open": 3.066406011581421,
        "High": 3.220702886581421,
        "Low": 3.0625,
        "Close": 3.179687976837158,
        "Adj Close": 2.209092617034912,
        "Volume": 20076800.0
    },
    "GM": {
        "Open": null,
        "High": null,
        "Low": null,
        "Close": null,
        "Adj Close": null,
        "Volume": null
    },
    "GOOG": {
        "Open": null,
        "High": null,