{
    "AAPL": {
        "Open": 0.28348198533058167,
        "High": 0.31473198533058167,
        "Low": 0.2745540142059326,
        "Close": 0.313616007566452,
        "Adj Close": 0.2631126344203949,
        "Volume": 668236800.0
    },
    "ABBV": {
        "Open": null,
        "High": null,
        "Low": null,
        "Close": null,
        "Adj Close": null,
        "Volume": null
    },
    "ABT": {
        "Open": 18.68549919128418,
        "High": 19.05023193359375,
        "Low": 18.29271125793457,
        "Close": 18.825780868530273,
        "Adj Close": 9.521843910217285,
        "Volume": 5155704.0
    },
    "ACN": {
        "Open": null,
        "High": null,
        "Low": null,
        "Close": null,
        "Adj Close": null,
        "Volume": null
    },
    "ADBE": {
        "Open": 4.0,
        "High": 4.253905773162842,
        "Low": 3.984375,
        "Close": 4.1875,
        "Adj Close": 4.14381217956543,
        "Volume": 5689600.0
    },
    "AIG": {
        "Open": 720.0,
        "High": 746.0,
        "Low": 704.0,
        "Close": 743.3333129882812,
        "Adj Close": 436.80291748046875,
        "Volume": 436622.0
    },
    "AMD": {
        "Open": 7.28125,
        "High": 8.0,
        "Low": 7.03125,
        "Close": 7.59375,
        "Adj Close": 7.59375,
        "Volume": 11084200.0
    },
    "AMGN": {
        "Open": 17.9375,
        "High": 18.0,
        "Low": 17.3125,
        "Close": 17.75,
        "Adj Close": 12.005898475646973,
        "Volume": 13705200.0
    },
    "AMT": {
        "Open": 15.0,
        "High": 15.625,
        "Low": 13.25,
        "Close": 13.5,
        "Adj Close": 9.870901107788086,
        "Volume": 1260000.0
    },
    "AMZN": {
        "Open": 0.7520830035209656,
        "High": 0.765625,
        "Low": 0.6979169845581055,
        "Close": 0.7598959803581238,
        "Adj Close": 0.7598959803581238,
        "Volume": 414540000.0
    },
    "AVGO": {
        "Open": null,
        "High": null,
        "Low": null,
        "Close": null,
        "Adj Close": null,
        "Volume": null
    },
    "AXP": {
        "Open": 21.37190818786621,
        "High": 22.466033935546875,
        "Low": 20.533079147338867,
        "Close": 22.466033935546875,
        "Adj Close": 15.67524528503418,
        "Volume": 10435051.0
    },
    "BA": {
        "Open": 31.1875,
        "High": 32.125,
        "Low": 31.1875,
        "Close": 32.0,
        "Adj Close": 20.317270278930664,
        "Volume": 3823000.0
    },
    "BAC": {
        "Open": 24.6875,
        "High": 27.0,
        "Low": 24.3125,
        "Close": 26.9375,
        "Adj Close": 13.322280883789062,
        "Volume": 18508400.0
    },
    "BK": {
        "Open": 29.083633422851562,
        "High": 30.20987892150879,
        "Low": 27.6923885345459,
        "Close": 30.14362907409668,
        "Adj Close": 16.161170959472656,
        "Volume": 3365768.0
    },
    "BKNG": {
        "Open": null,
        "High": null,
        "Low": null,
        "Close": null,
        "Adj Close": null,
        "Volume": null
    },
    "BLK": {
        "Open": null,
        "High": null,
        "Low": null,
        "Close": null,
        "Adj Close": null,
        "Volume": null
    },
    "BMY": {
        "Open": 45.209407806396484,
        "High": 45.566322326660156,
        "Low": 44.346858978271484,
        "Close": 45.26889419555664,
        "Adj Close": 16.877681732177734,
        "Volume": 4909343.0
    },
    "BRK-B": {
        "Open": 39.20000076293945,
        "High": 40.86000061035156,
        "Low": 39.0,
        "Close": 40.86000061035156,
        "Adj Close": 40.86000061035156,
        "Volume": 755000.0
    },
    "C": {
        "Open": 165.0,
        "High": 178.125,
        "Low": 160.3125,
        "Close": 177.1875,
        "Adj Close": 90.67919921875,
        "Volume": 4607200.0
    },
    "CAT": {
        "Open": 22.5,
        "High": 23.96875,
        "Low": 22.5,
        "Close": 23.375,
        "Adj Close": 11.714900970458984,
        "Volume": 3726400.0
    },
    "CL": {
        "Open": 18.5625,
        "High": 19.25,
        "Low": 18.375,
        "Close": 19.09375,
        "Adj Close": 10.675458908081055,
        "Volume": 5955600.0
    },
    "CMCSA": {
        "Open": 6.374960899353027,
        "High": 6.560450077056885,
        "Low": 6.228521823883057,
        "Close": 6.531161785125732,
        "Adj Close": 4.42832088470459,
        "Volume": 2005747.0
    },
    "COF": {
        "Open": 21.333332061767578,
        "High": 24.666667938232422,
        "Low": 18.166667938232422,
        "Close": 23.541667938232422,
        "Adj Close": 16.988149642944336,
        "Volume": 9795600.0
    },
    "COP": {
        "Open": 17.29505729675293,
        "High": 17.5809268951416,
        "Low": 17.29505729675293,
        "Close": 17.437990188598633,
        "Adj Close": 7.356359004974365,
        "Volume": 1385776.0
    },
    "COST": {
        "Open": 22.625,
        "High": 23.59375,
        "Low": 21.875,
        "Close": 23.5,
        "Adj Close": 15.678421974182129,
        "Volume": 4730200.0
    },
    "CRM": {
        "Open": null,
        "High": null,
        "Low": null,
        "Close": null,
        "Adj Close": null,
        "Volume": null
    },
    "CSCO": {
        "Open": 12.09375,
        "High": 12.53125,
        "Low": 11.890625,
        "Close": 12.515625,
        "Adj Close": 8.09825325012207,
        "Volume": 106092800.0
    },
    "CVS": {
        "Open": 21.09375,
        "High": 21.3125,
        "Low": 20.375,
        "Close": 21.125,
        "Adj Close": 13.272218704223633,
        "Volume": 1592400.0
    },
    "CVX": {
        "Open": 43.15625,
        "High": 43.21875,
        "Low": 42.21875,
        "Close": 42.84375,
        "Adj Close": 15.706598281860352,
        "Volume": 2209200.0
    },
    "DE": {
        "Open": 14.5,
        "High": 15.125,
        "Low": 14.375,
        "Close": 15.0,
        "Adj Close": 8.801148414611816,
        "Volume": 3698600.0
    },
    "DHR": {
        "Open": 4.935873031616211,
        "High": 5.156412124633789,
        "Low": 4.935873031616211,
        "Close": 5.114405155181885,
        "Adj Close": 3.0225539207458496,
        "Volume": 1493783.0
    },
    "DIS": {
        "Open": 23.182750701904297,
        "High": 23.491031646728516,
        "Low": 22.196250915527344,
        "Close": 23.367719650268555,
        "Adj Close": 17.71472930908203,
        "Volume": 6217131.0
    },
    "DUK": {
        "Open": 61.124454498291016,
        "High": 61.124454498291016,
        "Low": 58.94533157348633,
        "Close": 59.05428695678711,
        "Adj Close": 17.166444778442383,
        "Volume": 1926920.0
    },
    "EMR": {
        "Open": 30.15625,
        "High": 31.09375,
        "Low": 29.84375,
        "Close": 30.59375,
        "Adj Close": 14.632864952087402,
        "Volume": 1962000.0
    },
    "FDX": {
        "Open": 22.9375,
        "High": 23.21875,
        "Low": 21.875,
        "Close": 23.1875,
        "Adj Close": 18.566055297851562,
        "Volume": 1428600.0
    },
    "GD": {
        "Open": 27.25,
        "High": 27.3125,
        "Low": 24.9375,
        "Close": 25.5,
        "Adj Close": 14.614545822143555,
        "Volume": 1351800.0
    },
    "GE": {
        "Open": 115.01849365234375,
        "High": 115.8172378540039,
        "Low": 110.62542724609375,
        "Close": 115.8172378540039,
        "Adj Close": 61.68106460571289,
        "Volume": 7283225.0
    },
    "GILD": {
        "Open": 0.59375,
        "High": 0.6445310115814209,
        "Low": 0.59375,
        "Close": 0.640625,
        "Adj Close": 0.44507527351379395,
        "Volume": 5971200.0
    },
    "GM": {
        "Open": null,
        "High": null,
        "Low": null,
        "Close": null,
        "Adj Close": null,
        "Volume": null
    },
    "GOOG": {
        "Open": null,
        "High": null,
        "Low": null,
        "Close": null,