{
    "AAPL": {
        "Open": 0.3314729928970337,
        "High": 0.3398439884185791,
        "Low": 0.32589301466941833,
        "Close": 0.3275670111179352,
        "Adj Close": 0.27481693029403687,
        "Volume": 615563200.0
    },
    "ABBV": {
        "Open": null,
        "High": null,
        "Low": null,
        "Close": null,
        "Adj Close": null,
        "Volume": null
    },
    "ABT": {
        "Open": 20.31276512145996,
        "High": 20.424989700317383,
        "Low": 20.032201766967773,
        "Close": 20.116371154785156,
        "Adj Close": 10.210283279418945,
        "Volume": 6516806.0
    },
    "ACN": {
        "Open": null,
        "High": null,
        "Low": null,
        "Close": null,
        "Adj Close": null,
        "Volume": null
    },
    "ADBE": {
        "Open": 4.601562976837158,
        "High": 4.765625,
        "Low": 4.4375,
        "Close": 4.515625,
        "Adj Close": 4.468514442443848,
        "Volume": 9110400.0
    },
    "AIG": {
        "Open": 893.3333129882812,
        "High": 940.0,
        "Low": 892.0,
        "Close": 935.3333129882812,
        "Adj Close": 549.6272583007812,
        "Volume": 492131.0
    },
    "AMD": {
        "Open": 8.75,
        "High": 8.75,
        "Low": 8.25,
        "Close": 8.59375,
        "Adj Close": 8.59375,
        "Volume": 5414800.0
    },
    "AMGN": {
        "Open": 19.34375,
        "High": 19.5,
        "Low": 18.78125,
        "Close": 18.796875,
        "Adj Close": 12.713995933532715,
        "Volume": 8587200.0
    },
    "AMT": {
        "Open": 19.125,
        "High": 19.375,
        "Low": 18.75,
        "Close": 18.875,
        "Adj Close": 13.800989151000977,
        "Volume": 264500.0
    },
    "AMZN": {
        "Open": 0.8218749761581421,
        "High": 0.8494790196418762,
        "Low": 0.8083329796791077,
        "Close": 0.8286460041999817,
        "Adj Close": 0.8286460041999817,
        "Volume": 428100000.0
    },
    "AVGO": {
        "Open": null,
        "High": null,
        "Low": null,
        "Close": null,
        "Adj Close": null,
        "Volume": null
    },
    "AXP": {
        "Open": 25.967233657836914,
        "High": 26.259000778198242,
        "Low": 25.14664077758789,
        "Close": 25.930763244628906,
        "Adj Close": 18.09269142150879,
        "Volume": 13801782.0
    },
    "BA": {
        "Open": 33.9375,
        "High": 34.875,
        "Low": 31.75,
        "Close": 32.25,
        "Adj Close": 20.475994110107422,
        "Volume": 5088500.0
    },
    "BAC": {
        "Open": 24.75,
        "High": 25.15625,
        "Low": 24.125,
        "Close": 24.8125,
        "Adj Close": 12.271334648132324,
        "Volume": 39531400.0
    },
    "BK": {
        "Open": 33.1248664855957,
        "High": 33.72111511230469,
        "Low": 31.932371139526367,
        "Close": 32.594871520996094,
        "Adj Close": 17.47538948059082,
        "Volume": 3385014.0
    },
    "BKNG": {
        "Open": null,
        "High": null,
        "Low": null,
        "Close": null,
        "Adj Close": null,
        "Volume": null
    },
    "BLK": {
        "Open": null,
        "High": null,
        "Low": null,
        "Close": null,
        "Adj Close": null,
        "Volume": null
    },
    "BMY": {
        "Open": 49.84931945800781,
        "High": 49.968292236328125,
        "Low": 49.016517639160156,
        "Close": 49.61137771606445,
        "Adj Close": 18.4967041015625,
        "Volume": 5720037.0
    },
    "BRK-B": {
        "Open": 45.5,
        "High": 45.63999938964844,
        "Low": 44.099998474121094,
        "Close": 44.400001525878906,
        "Adj Close": 44.400001525878906,
        "Volume": 765000.0
    },
    "C": {
        "Open": 203.4375,
        "High": 210.9375,
        "Low": 201.875,
        "Close": 209.0625,
        "Adj Close": 106.99186706542969,
        "Volume": 6714220.0
    },
    "CAT": {
        "Open": 23.90625,
        "High": 23.90625,
        "Low": 23.0,
        "Close": 23.5,
        "Adj Close": 11.77755069732666,
        "Volume": 6261200.0
    },
    "CL": {
        "Open": 20.59375,
        "High": 21.671875,
        "Low": 20.5625,
        "Close": 21.5625,
        "Adj Close": 12.055760383605957,
        "Volume": 7619200.0
    },
    "CMCSA": {
        "Open": 6.9900031089782715,
        "High": 7.3805060386657715,
        "Low": 6.931427955627441,
        "Close": 7.204780101776123,
        "Adj Close": 4.885052680969238,
        "Volume": 1475661.0
    },
    "COF": {
        "Open": 29.75,
        "High": 30.0,
        "Low": 28.666667938232422,
        "Close": 29.208332061767578,
        "Adj Close": 21.07732582092285,
        "Volume": 5145600.0
    },
    "COP": {
        "Open": 17.175945281982422,
        "High": 17.175945281982422,
        "Low": 16.580385208129883,
        "Close": 16.79478645324707,
        "Adj Close": 7.085020065307617,
        "Volume": 2825860.0
    },
    "COST": {
        "Open": 25.375,
        "High": 26.5,
        "Low": 25.3125,
        "Close": 25.96875,
        "Adj Close": 17.325498580932617,
        "Volume": 7051200.0
    },
    "CRM": {
        "Open": null,
        "High": null,
        "Low": null,
        "Close": null,
        "Adj Close": null,
        "Volume": null
    },
    "CSCO": {
        "Open": 14.671875,
        "High": 14.8125,
        "Low": 13.75,
        "Close": 13.84375,
        "Adj Close": 8.957616806030273,
        "Volume": 96420400.0
    },
    "CVS": {
        "Open": 23.25,
        "High": 23.6875,
        "Low": 22.84375,
        "Close": 23.3125,
        "Adj Close": 14.64655590057373,
        "Volume": 2727400.0
    },
    "CVX": {
        "Open": 43.4375,
        "High": 43.59375,
        "Low": 43.09375,
        "Close": 43.46875,
        "Adj Close": 15.935718536376953,
        "Volume": 3758200.0
    },
    "DE": {
        "Open": 16.125,
        "High": 16.84375,
        "Low": 15.9375,
        "Close": 16.78125,
        "Adj Close": 9.84627914428711,
        "Volume": 3693400.0
    },
    "DHR": {
        "Open": 5.523976802825928,
        "High": 6.070074081420898,
        "Low": 5.492472171783447,
        "Close": 5.986059188842773,
        "Adj Close": 3.5376901626586914,
        "Volume": 2712615.0
    },
    "DIS": {
        "Open": 25.52568817138672,
        "High": 25.64900016784668,
        "Low": 24.785812377929688,
        "Close": 25.155750274658203,
        "Adj Close": 19.07020378112793,
        "Volume": 6483528.0
    },
    "DUK": {
        "Open": 59.38115692138672,
        "High": 59.38115692138672,
        "Low": 56.92964172363281,
        "Close": 57.583377838134766,
        "Adj Close": 16.73885726928711,
        "Volume": 1132565.0
    },
    "EMR": {
        "Open": 32.25,
        "High": 32.75,
        "Low": 31.53125,
        "Close": 31.875,
        "Adj Close": 15.245688438415527,
        "Volume": 1678400.0
    },
    "FDX": {
        "Open": 26.5,
        "High": 27.875,
        "Low": 26.5,
        "Close": 27.625,
        "Adj Close": 22.119136810302734,
        "Volume": 1891200.0
    },
    "GD": {
        "Open": 26.25,
        "High": 26.46875,
        "Low": 25.625,
        "Close": 26.09375,
        "Adj Close": 14.954832077026367,
        "Volume": 548400.0
    },
    "GE": {
        "Open": 132.99014282226562,
        "High": 134.58761596679688,
        "Low": 131.59234619140625,
        "Close": 133.8887176513672,
        "Adj Close": 71.30540466308594,
        "Volume": 6596769.0
    },
    "GILD": {
        "Open": 0.7734379768371582,
        "High": 0.8046879768371582,
        "Low": 0.75,
        "Close": 0.7773439884185791,
        "Adj Close": 0.5400606989860535,
        "Volume": 6361600.0
    },
    "GM": {
        "Open": null,
        "High": null,
        "Low": null,
        "Close": null,
        "Adj Close": null,
        "Volume": null
    },
    "GOOG": {
        "Open": null,
        "High": null,
        "Low": null,