{
    "AAPL": {
        "Open": 0.33872801065444946,
        "High": 0.34095999598503113,
        "Low": 0.3214290142059326,
        "Close": 0.32198700308799744,
        "Adj Close": 0.2701355516910553,
        "Volume": 382088000.0
    },
    "ABBV": {
        "Open": null,
        "High": null,
        "Low": null,
        "Close": null,
        "Adj Close": null,
        "Volume": null
    },
    "ABT": {
        "Open": 20.76166534423828,
        "High": 20.958059310913086,
        "Low": 19.976089477539062,
        "Close": 20.172483444213867,
        "Adj Close": 10.238758087158203,
        "Volume": 4929819.0
    },
    "ACN": {
        "Open": null,
        "High": null,
        "Low": null,
        "Close": null,
        "Adj Close": null,
        "Volume": null
    },
    "ADBE": {
        "Open": 4.734375,
        "High": 4.75,
        "Low": 4.25,
        "Close": 4.382812976837158,
        "Adj Close": 4.337088108062744,
        "Volume": 6640800.0
    },
    "AIG": {
        "Open": 937.3333129882812,
        "High": 980.0,
        "Low": 934.6666870117188,
        "Close": 963.3333129882812,
        "Adj Close": 566.0808715820312,
        "Volume": 371250.0
    },
    "AMD": {
        "Open": 8.625,
        "High": 9.125,
        "Low": 8.5,
        "Close": 8.5625,
        "Adj Close": 8.5625,
        "Volume": 6332400.0
    },
    "AMGN": {
        "Open": 19.5,
        "High": 19.53125,
        "Low": 18.5,
        "Close": 18.515625,
        "Adj Close": 12.523763656616211,
        "Volume": 9068800.0
    },
    "AMT": {
        "Open": 18.9375,
        "High": 19.375,
        "Low": 18.625,
        "Close": 18.8125,
        "Adj Close": 13.755290985107422,
        "Volume": 479800.0
    },
    "AMZN": {
        "Open": 0.90625,
        "High": 0.9375,
        "Low": 0.8885419964790344,
        "Close": 0.8895829916000366,
        "Adj Close": 0.8895829916000366,
        "Volume": 383352000.0
    },
    "AVGO": {
        "Open": null,
        "High": null,
        "Low": null,
        "Close": null,
        "Adj Close": null,
        "Volume": null
    },
    "AXP": {
        "Open": 26.113117218017578,
        "High": 26.98841667175293,
        "Low": 26.113117218017578,
        "Close": 26.167823791503906,
        "Adj Close": 18.258089065551758,
        "Volume": 8717925.0
    },
    "BA": {
        "Open": 34.8125,
        "High": 36.3125,
        "Low": 34.8125,
        "Close": 35.9375,
        "Adj Close": 22.817237854003906,
        "Volume": 5357700.0
    },
    "BAC": {
        "Open": 27.5,
        "High": 28.875,
        "Low": 27.21875,
        "Close": 28.03125,
        "Adj Close": 13.86320972442627,
        "Volume": 24908800.0
    },
    "BK": {
        "Open": 33.853614807128906,
        "High": 34.44986343383789,
        "Low": 33.19111633300781,
        "Close": 33.45611572265625,
        "Adj Close": 17.937135696411133,
        "Volume": 2100857.0
    },
    "BKNG": {
        "Open": null,
        "High": null,
        "Low": null,
        "Close": null,
        "Adj Close": null,
        "Volume": null
    },
    "BLK": {
        "Open": null,
        "High": null,
        "Low": null,
        "Close": null,
        "Adj Close": null,
        "Volume": null
    },
    "BMY": {
        "Open": 50.44417953491211,
        "High": 50.979557037353516,
        "Low": 50.20623779296875,
        "Close": 50.295467376708984,
        "Adj Close": 18.751758575439453,
        "Volume": 4256669.0
    },
    "BRK-B": {
        "Open": 44.279998779296875,
        "High": 44.36000061035156,
        "Low": 43.400001525878906,
        "Close": 43.52000045776367,
        "Adj Close": 43.52000045776367,
        "Volume": 545000.0
    },
    "C": {
        "Open": 224.375,
        "High": 231.875,
        "Low": 221.875,
        "Close": 226.5625,
        "Adj Close": 115.9478530883789,
        "Volume": 4678260.0
    },
    "CAT": {
        "Open": 23.84375,
        "High": 24.46875,
        "Low": 23.59375,
        "Close": 24.25,
        "Adj Close": 12.153425216674805,
        "Volume": 4696400.0
    },
    "CL": {
        "Open": 21.4375,
        "High": 21.65625,
        "Low": 20.90625,
        "Close": 20.953125,
        "Adj Close": 11.715056419372559,
        "Volume": 6402400.0
    },
    "CMCSA": {
        "Open": 7.692907810211182,
        "High": 7.96626091003418,
        "Low": 7.49765682220459,
        "Close": 7.49765682220459,
        "Adj Close": 5.083632469177246,
        "Volume": 2220214.0
    },
    "COF": {
        "Open": 31.3125,
        "High": 31.708332061767578,
        "Low": 28.9375,
        "Close": 30.541667938232422,
        "Adj Close": 22.039487838745117,
        "Volume": 3699300.0
    },
    "COP": {
        "Open": 16.8186092376709,
        "High": 17.152122497558594,
        "Low": 16.723318099975586,
        "Close": 16.9615421295166,
        "Adj Close": 7.155370235443115,
        "Volume": 1443232.0
    },
    "COST": {
        "Open": 27.8125,
        "High": 28.875,
        "Low": 27.8125,
        "Close": 28.15625,
        "Adj Close": 18.784929275512695,
        "Volume": 8023600.0
    },
    "CRM": {
        "Open": null,
        "High": null,
        "Low": null,
        "Close": null,
        "Adj Close": null,
        "Volume": null
    },
    "CSCO": {
        "Open": 14.40625,
        "High": 14.5,
        "Low": 13.34375,
        "Close": 13.53125,
        "Adj Close": 8.755414009094238,
        "Volume": 85716400.0
    },
    "CVS": {
        "Open": 24.46875,
        "High": 24.5,
        "Low": 22.25,
        "Close": 22.625,
        "Adj Close": 14.214625358581543,
        "Volume": 3560400.0
    },
    "CVX": {
        "Open": 43.15625,
        "High": 43.9375,
        "Low": 43.09375,
        "Close": 43.6875,
        "Adj Close": 16.015914916992188,
        "Volume": 2857400.0
    },
    "DE": {
        "Open": 18.0625,
        "High": 18.46875,
        "Low": 17.5,
        "Close": 17.78125,
        "Adj Close": 10.433027267456055,
        "Volume": 2515800.0
    },
    "DHR": {
        "Open": 5.860036849975586,
        "High": 6.133084774017334,
        "Low": 5.860036849975586,
        "Close": 6.091076850891113,
        "Adj Close": 3.5997540950775146,
        "Volume": 1615190.0
    },
    "DIS": {
        "Open": 25.833969116210938,
        "High": 27.12874984741211,
        "Low": 25.833969116210938,
        "Close": 26.69715690612793,
        "Adj Close": 20.238727569580078,
        "Volume": 7953573.0
    },
    "DUK": {
        "Open": 57.31098937988281,
        "High": 57.474422454833984,
        "Low": 55.73112106323242,
        "Close": 55.78559875488281,
        "Adj Close": 16.21625518798828,
        "Volume": 1219985.0
    },
    "EMR": {
        "Open": 31.8125,
        "High": 32.46875,
        "Low": 31.78125,
        "Close": 32.46875,
        "Adj Close": 15.529666900634766,
        "Volume": 2067800.0
    },
    "FDX": {
        "Open": 27.25,
        "High": 27.71875,
        "Low": 27.03125,
        "Close": 27.25,
        "Adj Close": 21.818878173828125,
        "Volume": 1186800.0
    },
    "GD": {
        "Open": 27.46875,
        "High": 29.125,
        "Low": 27.375,
        "Close": 28.375,
        "Adj Close": 16.262258529663086,
        "Volume": 1848800.0
    },
    "GE": {
        "Open": 134.08840942382812,
        "High": 136.78414916992188,
        "Low": 130.79360961914062,
        "Close": 131.3926544189453,
        "Adj Close": 69.9760513305664,
        "Volume": 4621970.0
    },
    "GILD": {
        "Open": 0.8339840173721313,
        "High": 0.9335939884185791,
        "Low": 0.8164060115814209,
        "Close": 0.8945310115814209,
        "Adj Close": 0.6214764714241028,
        "Volume": 33968000.0
    },
    "GM": {
        "Open": null,
        "High": null,
        "Low": null,
        "Close": null,
        "Adj Close": null,
        "Volume": null
    },
    "GOOG": {
        "Open": null,
        "High": null,