{
    "AAPL": {
        "Open": 0.329241007566452,
        "High": 0.3359380066394806,
        "Low": 0.3236609995365143,
        "Close": 0.328125,
        "Adj Close": 0.275285005569458,
        "Volume": 317374400.0
    },
    "ABBV": {
        "Open": null,
        "High": null,
        "Low": null,
        "Close": null,
        "Adj Close": null,
        "Volume": null
    },
    "ABT": {
        "Open": 20.032201766967773,
        "High": 20.789722442626953,
        "Low": 19.751638412475586,
        "Close": 20.621383666992188,
        "Adj Close": 10.466598510742188,
        "Volume": 4195804.0
    },
    "ACN": {
        "Open": null,
        "High": null,
        "Low": null,
        "Close": null,
        "Adj Close": null,
        "Volume": null
    },
    "ADBE": {
        "Open": 4.65625,
        "High": 4.828125,
        "Low": 4.515625,
        "Close": 4.53125,
        "Adj Close": 4.483976364135742,
        "Volume": 7208000.0
    },
    "AIG": {
        "Open": 939.3333129882812,
        "High": 940.0,
        "Low": 900.0,
        "Close": 919.3333129882812,
        "Adj Close": 540.22509765625,
        "Volume": 275719.0
    },
    "AMD": {
        "Open": 8.59375,
        "High": 8.59375,
        "Low": 8.34375,
        "Close": 8.5,
        "Adj Close": 8.5,
        "Volume": 3345800.0
    },
    "AMGN": {
        "Open": 18.296875,
        "High": 18.6875,
        "Low": 18.28125,
        "Close": 18.640625,
        "Adj Close": 12.608306884765625,
        "Volume": 5043200.0
    },
    "AMT": {
        "Open": 20.25,
        "High": 20.9375,
        "Low": 19.75,
        "Close": 20.875,
        "Adj Close": 15.263338088989258,
        "Volume": 94500.0
    },
    "AMZN": {
        "Open": 0.8968750238418579,
        "High": 0.9822919964790344,
        "Low": 0.8947920203208923,
        "Close": 0.9557290077209473,
        "Adj Close": 0.9557290077209473,
        "Volume": 533904000.0
    },
    "AVGO": {
        "Open": null,
        "High": null,
        "Low": null,
        "Close": null,
        "Adj Close": null,
        "Volume": null
    },
    "AXP": {
        "Open": 25.328994750976562,
        "High": 26.094881057739258,
        "Low": 25.12840461730957,
        "Close": 25.967233657836914,
        "Adj Close": 18.118148803710938,
        "Volume": 5039301.0
    },
    "BA": {
        "Open": 36.0,
        "High": 37.5,
        "Low": 36.0,
        "Close": 36.4375,
        "Adj Close": 23.134706497192383,
        "Volume": 5217900.0
    },
    "BAC": {
        "Open": 27.03125,
        "High": 28.6875,
        "Low": 27.03125,
        "Close": 28.5625,
        "Adj Close": 14.125932693481445,
        "Volume": 10719200.0
    },
    "BK": {
        "Open": 32.13112258911133,
        "High": 33.32361602783203,
        "Low": 31.86612319946289,
        "Close": 33.19111633300781,
        "Adj Close": 17.87433433532715,
        "Volume": 1056985.0
    },
    "BKNG": {
        "Open": null,
        "High": null,
        "Low": null,
        "Close": null,
        "Adj Close": null,
        "Volume": null
    },
    "BLK": {
        "Open": null,
        "High": null,
        "Low": null,
        "Close": null,
        "Adj Close": null,
        "Volume": null
    },
    "BMY": {
        "Open": 50.682125091552734,
        "High": 51.752872467041016,
        "Low": 49.93854904174805,
        "Close": 51.752872467041016,
        "Adj Close": 19.29511260986328,
        "Volume": 3414035.0
    },
    "BRK-B": {
        "Open": 42.720001220703125,
        "High": 42.720001220703125,
        "Low": 42.040000915527344,
        "Close": 42.279998779296875,
        "Adj Close": 42.279998779296875,
        "Volume": 370000.0
    },
    "C": {
        "Open": 220.625,
        "High": 227.8125,
        "Low": 217.8125,
        "Close": 225.3125,
        "Adj Close": 115.30814361572266,
        "Volume": 2489480.0
    },
    "CAT": {
        "Open": 23.875,
        "High": 23.875,
        "Low": 22.8125,
        "Close": 23.625,
        "Adj Close": 11.914856910705566,
        "Volume": 3093400.0
    },
    "CL": {
        "Open": 21.21875,
        "High": 22.0,
        "Low": 20.9375,
        "Close": 21.734375,
        "Adj Close": 12.151856422424316,
        "Volume": 3486000.0
    },
    "CMCSA": {
        "Open": 7.653858184814453,
        "High": 7.927209854125977,
        "Low": 7.614808082580566,
        "Close": 7.858871936798096,
        "Adj Close": 5.328546047210693,
        "Volume": 1708694.0
    },
    "COF": {
        "Open": 31.333332061767578,
        "High": 31.854167938232422,
        "Low": 30.166667938232422,
        "Close": 31.833332061767578,
        "Adj Close": 22.971580505371094,
        "Volume": 2218200.0
    },
    "COP": {
        "Open": 16.985366821289062,
        "High": 16.985366821289062,
        "Low": 16.365983963012695,
        "Close": 16.556562423706055,
        "Adj Close": 6.984524726867676,
        "Volume": 1733138.0
    },
    "COST": {
        "Open": 28.4375,
        "High": 29.09375,
        "Low": 27.75,
        "Close": 29.0,
        "Adj Close": 19.347843170166016,
        "Volume": 3160000.0
    },
    "CRM": {
        "Open": null,
        "High": null,
        "Low": null,
        "Close": null,
        "Adj Close": null,
        "Volume": null
    },
    "CSCO": {
        "Open": 14.359375,
        "High": 14.6875,
        "Low": 14.0,
        "Close": 14.609375,
        "Adj Close": 9.453015327453613,
        "Volume": 55034000.0
    },
    "CVS": {
        "Open": 22.9375,
        "High": 23.96875,
        "Low": 22.90625,
        "Close": 23.71875,
        "Adj Close": 14.920919418334961,
        "Volume": 1932600.0
    },
    "CVX": {
        "Open": 43.0,
        "High": 43.0,
        "Low": 40.625,
        "Close": 40.75,
        "Adj Close": 14.939019203186035,
        "Volume": 5266000.0
    },
    "DE": {
        "Open": 18.0,
        "High": 18.1875,
        "Low": 17.53125,
        "Close": 17.96875,
        "Adj Close": 10.543041229248047,
        "Volume": 1132600.0
    },
    "DHR": {
        "Open": 5.97555685043335,
        "High": 5.986059188842773,
        "Low": 5.912546157836914,
        "Close": 5.954553127288818,
        "Adj Close": 3.519070625305176,
        "Volume": 708803.0
    },
    "DIS": {
        "Open": 27.190406799316406,
        "High": 27.621999740600586,
        "Low": 26.69715690612793,
        "Close": 27.621999740600586,
        "Adj Close": 20.939830780029297,
        "Volume": 3661936.0
    },
    "DUK": {
        "Open": 55.78559875488281,
        "High": 56.54829406738281,
        "Low": 55.67664337158203,
        "Close": 56.2214241027832,
        "Adj Close": 16.342967987060547,
        "Volume": 1055240.0
    },
    "EMR": {
        "Open": 31.9375,
        "High": 32.15625,
        "Low": 31.65625,
        "Close": 32.09375,
        "Adj Close": 15.350312232971191,
        "Volume": 1168400.0
    },
    "FDX": {
        "Open": 26.65625,
        "High": 27.0625,
        "Low": 26.53125,
        "Close": 27.0,
        "Adj Close": 21.61869239807129,
        "Volume": 528800.0
    },
    "GD": {
        "Open": 28.375,
        "High": 29.0,
        "Low": 27.9375,
        "Close": 28.5625,
        "Adj Close": 16.369709014892578,
        "Volume": 535800.0
    },
    "GE": {
        "Open": 134.2880859375,
        "High": 138.58131408691406,
        "Low": 131.99171447753906,
        "Close": 138.18194580078125,
        "Adj Close": 73.59186553955078,
        "Volume": 3800363.0
    },
    "GILD": {
        "Open": 0.8515629768371582,
        "High": 0.9140629768371582,
        "Low": 0.8515629768371582,
        "Close": 0.8984379768371582,
        "Adj Close": 0.6241910457611084,
        "Volume": 11376000.0
    },
    "GM": {
        "Open": null,
        "High": null,
        "Low": null,
        "Close": null,
        "Adj Close": null,
        "Volume": null
    },
    "GOOG": {
        "Open": null,
        "High": null,