{
    "AAPL": {
        "Open": 0.328125,
        "High": 0.329241007566452,
        "Low": 0.313616007566452,
        "Close": 0.3169640004634857,
        "Adj Close": 0.26592153310775757,
        "Volume": 355980800.0
    },
    "ABBV": {
        "Open": null,
        "High": null,
        "Low": null,
        "Close": null,
        "Adj Close": null,
        "Volume": null
    },
    "ABT": {
        "Open": 20.64944076538086,
        "High": 21.12639808654785,
        "Low": 20.64944076538086,
        "Close": 21.014171600341797,
        "Adj Close": 10.665968894958496,
        "Volume": 4694800.0
    },
    "ACN": {
        "Open": null,
        "High": null,
        "Low": null,
        "Close": null,
        "Adj Close": null,
        "Volume": null
    },
    "ADBE": {
        "Open": 4.53125,
        "High": 4.59375,
        "Low": 4.4375,
        "Close": 4.453125,
        "Adj Close": 4.406666278839111,
        "Volume": 1744000.0
    },
    "AIG": {
        "Open": 917.3333129882812,
        "High": 918.0,
        "Low": 888.0,
        "Close": 913.3333129882812,
        "Adj Close": 536.6995239257812,
        "Volume": 210553.0
    },
    "AMD": {
        "Open": 8.5625,
        "High": 8.90625,
        "Low": 8.5625,
        "Close": 8.71875,
        "Adj Close": 8.71875,
        "Volume": 4422200.0
    },
    "AMGN": {
        "Open": 18.625,
        "High": 19.1875,
        "Low": 18.625,
        "Close": 19.125,
        "Adj Close": 12.935937881469727,
        "Volume": 6298000.0
    },
    "AMT": {
        "Open": 20.875,
        "High": 21.625,
        "Low": 20.25,
        "Close": 20.625,
        "Adj Close": 15.080550193786621,
        "Volume": 164400.0
    },
    "AMZN": {
        "Open": 0.9541670083999634,
        "High": 0.9859380125999451,
        "Low": 0.9510419964790344,
        "Close": 0.9677079916000366,
        "Adj Close": 0.9677079916000366,
        "Volume": 272496000.0
    },
    "AVGO": {
        "Open": null,
        "High": null,
        "Low": null,
        "Close": null,
        "Adj Close": null,
        "Volume": null
    },
    "AXP": {
        "Open": 25.967233657836914,
        "High": 25.967233657836914,
        "Low": 25.401935577392578,
        "Close": 25.56605339050293,
        "Adj Close": 17.838232040405273,
        "Volume": 4839826.0
    },
    "BA": {
        "Open": 36.4375,
        "High": 36.8125,
        "Low": 35.1875,
        "Close": 35.6875,
        "Adj Close": 22.658517837524414,
        "Volume": 3504900.0
    },
    "BAC": {
        "Open": 28.0625,
        "High": 28.5625,
        "Low": 27.71875,
        "Close": 28.125,
        "Adj Close": 13.909570693969727,
        "Volume": 8770200.0
    },
    "BK": {
        "Open": 33.058616638183594,
        "High": 33.58861541748047,
        "Low": 32.594871520996094,
        "Close": 32.72736740112305,
        "Adj Close": 17.624595642089844,
        "Volume": 846890.0
    },
    "BKNG": {
        "Open": null,
        "High": null,
        "Low": null,
        "Close": null,
        "Adj Close": null,
        "Volume": null
    },
    "BLK": {
        "Open": null,
        "High": null,
        "Low": null,
        "Close": null,
        "Adj Close": null,
        "Volume": null
    },
    "BMY": {
        "Open": 51.30672836303711,
        "High": 52.28824996948242,
        "Low": 51.06878662109375,
        "Close": 51.66364669799805,
        "Adj Close": 19.261852264404297,
        "Volume": 3694983.0
    },
    "BRK-B": {
        "Open": 42.20000076293945,
        "High": 42.2599983215332,
        "Low": 41.68000030517578,
        "Close": 41.959999084472656,
        "Adj Close": 41.959999084472656,
        "Volume": 225000.0
    },
    "C": {
        "Open": 224.0625,
        "High": 234.6875,
        "Low": 223.125,
        "Close": 233.125,
        "Adj Close": 119.30636596679688,
        "Volume": 2390060.0
    },
    "CAT": {
        "Open": 23.625,
        "High": 23.875,
        "Low": 23.25,
        "Close": 23.53125,
        "Adj Close": 11.867576599121094,
        "Volume": 2427200.0
    },
    "CL": {
        "Open": 21.59375,
        "High": 22.234375,
        "Low": 21.515625,
        "Close": 21.671875,
        "Adj Close": 12.155364990234375,
        "Volume": 3335200.0
    },
    "CMCSA": {
        "Open": 7.653858184814453,
        "High": 7.6733832359313965,
        "Low": 7.341455936431885,
        "Close": 7.49765682220459,
        "Adj Close": 5.083632469177246,
        "Volume": 1760550.0
    },
    "COF": {
        "Open": 31.916667938232422,
        "High": 33.33333206176758,
        "Low": 31.125,
        "Close": 32.0,
        "Adj Close": 23.091838836669922,
        "Volume": 2057100.0
    },
    "COP": {
        "Open": 16.62803077697754,
        "High": 16.69949722290039,
        "Low": 16.31833839416504,
        "Close": 16.62803077697754,
        "Adj Close": 7.014675617218018,
        "Volume": 1158311.0
    },
    "COST": {
        "Open": 28.8125,
        "High": 29.40625,
        "Low": 28.5,
        "Close": 28.5625,
        "Adj Close": 19.055959701538086,
        "Volume": 2492400.0
    },
    "CRM": {
        "Open": null,
        "High": null,
        "Low": null,
        "Close": null,
        "Adj Close": null,
        "Volume": null
    },
    "CSCO": {
        "Open": 14.578125,
        "High": 14.921875,
        "Low": 14.53125,
        "Close": 14.671875,
        "Adj Close": 9.493454933166504,
        "Volume": 46912000.0
    },
    "CVS": {
        "Open": 23.8125,
        "High": 23.90625,
        "Low": 22.40625,
        "Close": 22.9375,
        "Adj Close": 14.429451942443848,
        "Volume": 2023200.0
    },
    "CVX": {
        "Open": 40.75,
        "High": 41.0625,
        "Low": 39.53125,
        "Close": 40.46875,
        "Adj Close": 14.835918426513672,
        "Volume": 4741600.0
    },
    "DE": {
        "Open": 17.84375,
        "High": 17.875,
        "Low": 17.375,
        "Close": 17.40625,
        "Adj Close": 10.212997436523438,
        "Volume": 1132800.0
    },
    "DHR": {
        "Open": 5.965054988861084,
        "High": 6.028066158294678,
        "Low": 5.9440507888793945,
        "Close": 5.996561050415039,
        "Adj Close": 3.543896198272705,
        "Volume": 1969294.0
    },
    "DIS": {
        "Open": 27.437030792236328,
        "High": 27.437030792236328,
        "Low": 26.69715690612793,
        "Close": 27.375375747680664,
        "Adj Close": 20.752872467041016,
        "Volume": 3918297.0
    },
    "DUK": {
        "Open": 56.43933868408203,
        "High": 56.54829406738281,
        "Low": 55.40425109863281,
        "Close": 55.73112106323242,
        "Adj Close": 16.20042610168457,
        "Volume": 767051.0
    },
    "EMR": {
        "Open": 32.09375,
        "High": 32.09375,
        "Low": 31.75,
        "Close": 32.0,
        "Adj Close": 15.305471420288086,
        "Volume": 660800.0
    },
    "FDX": {
        "Open": 27.125,
        "High": 27.125,
        "Low": 25.71875,
        "Close": 25.75,
        "Adj Close": 20.617828369140625,
        "Volume": 788000.0
    },
    "GD": {
        "Open": 28.5625,
        "High": 29.125,
        "Low": 28.5625,
        "Close": 28.90625,
        "Adj Close": 16.56671905517578,
        "Volume": 610400.0
    },
    "GE": {
        "Open": 137.08367919921875,
        "High": 138.68115234375,
        "Low": 136.484619140625,
        "Close": 138.2817840576172,
        "Adj Close": 73.64503479003906,
        "Volume": 2690677.0
    },
    "GILD": {
        "Open": 0.8945310115814209,
        "High": 0.8945310115814209,
        "Low": 0.875,
        "Close": 0.890625,
        "Adj Close": 0.6187630891799927,
        "Volume": 2841600.0
    },
    "GM": {
        "Open": null,
        "High": null,
        "Low": null,
        "Close": null,
        "Adj Close": null,
        "Volume": null
    },
    "GOOG": {
        "Open": null,
        "High": null,
        "Low": null,