{
    "AAPL": {
        "Open": 0.31473198533058167,
        "High": 0.33035698533058167,
        "Low": 0.313616007566452,
        "Close": 0.3286829888820648,
        "Adj Close": 0.2757532000541687,
        "Volume": 363708800.0
    },
    "ABBV": {
        "Open": null,
        "High": null,
        "Low": null,
        "Close": null,
        "Adj Close": null,
        "Volume": null
    },
    "ABT": {
        "Open": 20.20054054260254,
        "High": 20.845834732055664,
        "Low": 20.060258865356445,
        "Close": 20.64944076538086,
        "Adj Close": 10.480840682983398,
        "Volume": 3161277.0
    },
    "ACN": {
        "Open": null,
        "High": null,
        "Low": null,
        "Close": null,
        "Adj Close": null,
        "Volume": null
    },
    "ADBE": {
        "Open": 4.515625,
        "High": 4.65625,
        "Low": 4.507812976837158,
        "Close": 4.574219226837158,
        "Adj Close": 4.5264973640441895,
        "Volume": 2222400.0
    },
    "AIG": {
        "Open": 862.6666870117188,
        "High": 864.0,
        "Low": 841.3333129882812,
        "Close": 847.3333129882812,
        "Adj Close": 497.916015625,
        "Volume": 257438.0
    },
    "AMD": {
        "Open": 8.71875,
        "High": 9.5625,
        "Low": 8.53125,
        "Close": 9.40625,
        "Adj Close": 9.40625,
        "Volume": 9404000.0
    },
    "AMGN": {
        "Open": 19.25,
        "High": 19.390625,
        "Low": 18.875,
        "Close": 19.3125,
        "Adj Close": 13.062758445739746,
        "Volume": 13605600.0
    },
    "AMT": {
        "Open": 22.0,
        "High": 22.375,
        "Low": 21.875,
        "Close": 22.25,
        "Adj Close": 16.268709182739258,
        "Volume": 66000.0
    },
    "AMZN": {
        "Open": 0.9744790196418762,
        "High": 0.9958329796791077,
        "Low": 0.9520829916000366,
        "Close": 0.9755210280418396,
        "Adj Close": 0.9755210280418396,
        "Volume": 397836000.0
    },
    "AVGO": {
        "Open": null,
        "High": null,
        "Low": null,
        "Close": null,
        "Adj Close": null,
        "Volume": null
    },
    "AXP": {
        "Open": 25.383699417114258,
        "High": 25.82135009765625,
        "Low": 25.12840461730957,
        "Close": 25.383699417114258,
        "Adj Close": 17.710987091064453,
        "Volume": 5325146.0
    },
    "BA": {
        "Open": 35.5625,
        "High": 36.5,
        "Low": 35.5625,
        "Close": 35.9375,
        "Adj Close": 22.817237854003906,
        "Volume": 3326400.0
    },
    "BAC": {
        "Open": 26.75,
        "High": 27.90625,
        "Low": 26.375,
        "Close": 27.4375,
        "Adj Close": 13.569558143615723,
        "Volume": 13177400.0
    },
    "BK": {
        "Open": 32.594871520996094,
        "High": 33.32361602783203,
        "Low": 32.19737243652344,
        "Close": 32.992366790771484,
        "Adj Close": 17.767309188842773,
        "Volume": 1199627.0
    },
    "BKNG": {
        "Open": null,
        "High": null,
        "Low": null,
        "Close": null,
        "Adj Close": null,
        "Volume": null
    },
    "BLK": {
        "Open": null,
        "High": null,
        "Low": null,
        "Close": null,
        "Adj Close": null,
        "Volume": null
    },
    "BMY": {
        "Open": 51.63390350341797,
        "High": 52.28824996948242,
        "Low": 51.42570114135742,
        "Close": 51.72312927246094,
        "Adj Close": 19.284027099609375,
        "Volume": 2505839.0
    },
    "BRK-B": {
        "Open": 41.5,
        "High": 41.5,
        "Low": 41.119998931884766,
        "Close": 41.18000030517578,
        "Adj Close": 41.18000030517578,
        "Volume": 375000.0
    },
    "C": {
        "Open": 217.5,
        "High": 225.3125,
        "Low": 213.4375,
        "Close": 221.5625,
        "Adj Close": 113.38898468017578,
        "Volume": 2589560.0
    },
    "CAT": {
        "Open": 22.625,
        "High": 22.65625,
        "Low": 21.8125,
        "Close": 21.8125,
        "Adj Close": 11.00075626373291,
        "Volume": 2689600.0
    },
    "CL": {
        "Open": 21.875,
        "High": 21.90625,
        "Low": 21.21875,
        "Close": 21.421875,
        "Adj Close": 12.015142440795898,
        "Volume": 4522400.0
    },
    "CMCSA": {
        "Open": 7.360980987548828,
        "High": 7.761246204376221,
        "Low": 7.263354778289795,
        "Close": 7.683145999908447,
        "Adj Close": 5.209399223327637,
        "Volume": 2540314.0
    },
    "COF": {
        "Open": 30.041667938232422,
        "High": 31.104167938232422,
        "Low": 29.666667938232422,
        "Close": 31.0,
        "Adj Close": 22.370222091674805,
        "Volume": 1484400.0
    },
    "COP": {
        "Open": 16.29451560974121,
        "High": 16.389806747436523,
        "Low": 16.008647918701172,
        "Close": 16.032470703125,
        "Adj Close": 6.763431549072266,
        "Volume": 3540524.0
    },
    "COST": {
        "Open": 27.125,
        "High": 27.875,
        "Low": 27.0,
        "Close": 27.84375,
        "Adj Close": 18.576433181762695,
        "Volume": 3382000.0
    },
    "CRM": {
        "Open": null,
        "High": null,
        "Low": null,
        "Close": null,
        "Adj Close": null,
        "Volume": null
    },
    "CSCO": {
        "Open": 15.0625,
        "High": 15.75,
        "Low": 15.03125,
        "Close": 15.71875,
        "Adj Close": 10.170839309692383,
        "Volume": 48567600.0
    },
    "CVS": {
        "Open": 21.53125,
        "High": 22.28125,
        "Low": 21.53125,
        "Close": 21.6875,
        "Adj Close": 13.64311408996582,
        "Volume": 2297000.0
    },
    "CVX": {
        "Open": 39.65625,
        "High": 39.9375,
        "Low": 39.21875,
        "Close": 39.25,
        "Adj Close": 14.389129638671875,
        "Volume": 2720800.0
    },
    "DE": {
        "Open": 17.1875,
        "High": 17.375,
        "Low": 16.96875,
        "Close": 17.0,
        "Adj Close": 9.974634170532227,
        "Volume": 1383400.0
    },
    "DHR": {
        "Open": 6.017563819885254,
        "High": 6.238102912902832,
        "Low": 6.007062911987305,
        "Close": 6.217100143432617,
        "Adj Close": 3.6742324829101562,
        "Volume": 1266443.0
    },
    "DIS": {
        "Open": 26.450531005859375,
        "High": 26.69715690612793,
        "Low": 25.402374267578125,
        "Close": 26.08059310913086,
        "Adj Close": 19.771312713623047,
        "Volume": 5738368.0
    },
    "DUK": {
        "Open": 55.02290725708008,
        "High": 55.62216567993164,
        "Low": 54.58708190917969,
        "Close": 55.18634033203125,
        "Adj Close": 16.04207420349121,
        "Volume": 947054.0
    },
    "EMR": {
        "Open": 32.3125,
        "High": 32.40625,
        "Low": 31.5,
        "Close": 31.8125,
        "Adj Close": 15.215789794921875,
        "Volume": 896200.0
    },
    "FDX": {
        "Open": 24.625,
        "High": 24.78125,
        "Low": 24.3125,
        "Close": 24.5,
        "Adj Close": 19.61696434020996,
        "Volume": 1252600.0
    },
    "GD": {
        "Open": 28.53125,
        "High": 29.21875,
        "Low": 28.4375,
        "Close": 28.96875,
        "Adj Close": 16.60255241394043,
        "Volume": 277000.0
    },
    "GE": {
        "Open": 136.484619140625,
        "High": 137.08367919921875,
        "Low": 134.6874542236328,
        "Close": 135.68588256835938,
        "Adj Close": 72.2625503540039,
        "Volume": 2742070.0
    },
    "GILD": {
        "Open": 0.8359379768371582,
        "High": 0.8476560115814209,
        "Low": 0.8144530057907104,
        "Close": 0.8203129768371582,
        "Adj Close": 0.5699136853218079,
        "Volume": 3865600.0
    },
    "GM": {
        "Open": null,
        "High": null,
        "Low": null,
        "Close": null,
        "Adj Close": null,
        "Volume": null
    },
    "GOOG": {
        "Open": null,
        "High": null,