{
    "AAPL": {
        "Open": 0.9375,
        "High": 0.9453129768371582,
        "Low": 0.8861610293388367,
        "Close": 0.9252229928970337,
        "Adj Close": 0.7762290239334106,
        "Volume": 309545600.0
    },
    "ABBV": {
        "Open": null,
        "High": null,
        "Low": null,
        "Close": null,
        "Adj Close": null,
        "Volume": null
    },
    "ABT": {
        "Open": 19.976089477539062,
        "High": 20.088314056396484,
        "Low": 19.4710750579834,
        "Close": 19.667470932006836,
        "Adj Close": 10.231654167175293,
        "Volume": 5738683.0
    },
    "ACN": {
        "Open": null,
        "High": null,
        "Low": null,
        "Close": null,
        "Adj Close": null,
        "Volume": null
    },
    "ADBE": {
        "Open": 32.140625,
        "High": 33.75,
        "Low": 31.375,
        "Close": 33.734375,
        "Adj Close": 33.510677337646484,
        "Volume": 10177600.0
    },
    "AIG": {
        "Open": 1605.8333740234375,
        "High": 1608.3333740234375,
        "Low": 1591.6666259765625,
        "Close": 1595.8333740234375,
        "Adj Close": 941.1738891601562,
        "Volume": 118245.0
    },
    "AMD": {
        "Open": 37.25,
        "High": 38.9375,
        "Low": 36.5,
        "Close": 38.75,
        "Adj Close": 38.75,
        "Volume": 10987400.0
    },
    "AMGN": {
        "Open": 72.75,
        "High": 73.625,
        "Low": 70.0,
        "Close": 73.25,
        "Adj Close": 49.545467376708984,
        "Volume": 9974600.0
    },
    "AMT": {
        "Open": 42.0625,
        "High": 42.875,
        "Low": 41.6875,
        "Close": 42.625,
        "Adj Close": 31.16645622253418,
        "Volume": 1269800.0
    },
    "AMZN": {
        "Open": 1.84375,
        "High": 1.868749976158142,
        "Low": 1.7374999523162842,
        "Close": 1.803125023841858,
        "Adj Close": 1.803125023841858,
        "Volume": 135342000.0
    },
    "AVGO": {
        "Open": null,
        "High": null,
        "Low": null,
        "Close": null,
        "Adj Close": null,
        "Volume": null
    },
    "AXP": {
        "Open": 44.9138298034668,
        "High": 45.57030487060547,
        "Low": 44.36676788330078,
        "Close": 45.46089553833008,
        "Adj Close": 32.10892105102539,
        "Volume": 4151262.0
    },
    "BA": {
        "Open": 42.8125,
        "High": 43.1875,
        "Low": 42.5625,
        "Close": 43.0,
        "Adj Close": 27.952938079833984,
        "Volume": 3665200.0
    },
    "BAC": {
        "Open": 23.03125,
        "High": 23.09375,
        "Low": 22.375,
        "Close": 22.90625,
        "Adj Close": 11.991092681884766,
        "Volume": 7997600.0
    },
    "BK": {
        "Open": 51.80729293823242,
        "High": 51.80729293823242,
        "Low": 50.4822998046875,
        "Close": 51.21104431152344,
        "Adj Close": 28.233915328979492,
        "Volume": 1330666.0
    },
    "BKNG": {
        "Open": 222.375,
        "High": 230.25,
        "Low": 216.0,
        "Close": 228.375,
        "Adj Close": 224.69834899902344,
        "Volume": 214517.0
    },
    "BLK": {
        "Open": 29.125,
        "High": 29.25,
        "Low": 28.75,
        "Close": 28.875,
        "Adj Close": 17.28010368347168,
        "Volume": 56000.0
    },
    "BMY": {
        "Open": 55.916900634765625,
        "High": 56.39278793334961,
        "Low": 55.14358139038086,
        "Close": 55.441009521484375,
        "Adj Close": 21.1962890625,
        "Volume": 3563545.0
    },
    "BRK-B": {
        "Open": 35.040000915527344,
        "High": 35.15999984741211,
        "Low": 34.619998931884766,
        "Close": 34.86000061035156,
        "Adj Close": 34.86000061035156,
        "Volume": 490000.0
    },
    "C": {
        "Open": 470.625,
        "High": 481.40625,
        "Low": 462.1875,
        "Close": 479.0625,
        "Adj Close": 250.43460083007812,
        "Volume": 992133.0
    },
    "CAT": {
        "Open": 17.59375,
        "High": 17.8125,
        "Low": 17.40625,
        "Close": 17.40625,
        "Adj Close": 9.111350059509277,
        "Volume": 2433400.0
    },
    "CL": {
        "Open": 29.9375,
        "High": 30.125,
        "Low": 29.375,
        "Close": 29.40625,
        "Adj Close": 16.785137176513672,
        "Volume": 2711800.0
    },
    "CMCSA": {
        "Open": 11.94939136505127,
        "High": 11.94939136505127,
        "Low": 11.539362907409668,
        "Close": 11.87129020690918,
        "Adj Close": 8.055448532104492,
        "Volume": 463825.0
    },
    "COF": {
        "Open": 45.4375,
        "High": 48.0,
        "Low": 45.25,
        "Close": 48.0,
        "Adj Close": 34.79627227783203,
        "Volume": 900800.0
    },
    "COP": {
        "Open": 18.581466674804688,
        "High": 19.367605209350586,
        "Low": 18.53382110595703,
        "Close": 19.105558395385742,
        "Adj Close": 8.501731872558594,
        "Volume": 3764840.0
    },
    "COST": {
        "Open": 33.1875,
        "High": 33.1875,
        "Low": 32.0,
        "Close": 32.875,
        "Adj Close": 21.93311882019043,
        "Volume": 4599900.0
    },
    "CRM": {
        "Open": null,
        "High": null,
        "Low": null,
        "Close": null,
        "Adj Close": null,
        "Volume": null
    },
    "CSCO": {
        "Open": 62.25,
        "High": 64.875,
        "Low": 60.875,
        "Close": 64.75,
        "Adj Close": 41.89658737182617,
        "Volume": 34561900.0
    },
    "CVS": {
        "Open": 20.1875,
        "High": 21.75,
        "Low": 20.03125,
        "Close": 21.6875,
        "Adj Close": 13.754267692565918,
        "Volume": 4212400.0
    },
    "CVX": {
        "Open": 41.40625,
        "High": 42.6875,
        "Low": 41.40625,
        "Close": 41.78125,
        "Adj Close": 16.110261917114258,
        "Volume": 3421600.0
    },
    "DE": {
        "Open": 19.5,
        "High": 19.78125,
        "Low": 19.0,
        "Close": 19.34375,
        "Adj Close": 11.824152946472168,
        "Volume": 1626400.0
    },
    "DHR": {
        "Open": 7.9604082107543945,
        "High": 8.054924964904785,
        "Low": 7.792377948760986,
        "Close": 7.886895179748535,
        "Adj Close": 4.6708903312683105,
        "Volume": 3907047.0
    },
    "DIS": {
        "Open": 37.54865646362305,
        "High": 38.658470153808594,
        "Low": 36.93209457397461,
        "Close": 36.993751525878906,
        "Adj Close": 28.347396850585938,
        "Volume": 3873087.0
    },
    "DUK": {
        "Open": 49.52061462402344,
        "High": 50.66465759277344,
        "Low": 49.46613693237305,
        "Close": 50.66465759277344,
        "Adj Close": 15.763030052185059,
        "Volume": 1012103.0
    },
    "EMR": {
        "Open": 30.75,
        "High": 30.9375,
        "Low": 30.1875,
        "Close": 30.8125,
        "Adj Close": 15.350375175476074,
        "Volume": 3529400.0
    },
    "FDX": {
        "Open": 40.25,
        "High": 40.4375,
        "Low": 39.4375,
        "Close": 39.9375,
        "Adj Close": 31.977670669555664,
        "Volume": 809900.0
    },
    "GD": {
        "Open": 26.25,
        "High": 26.5,
        "Low": 26.0625,
        "Close": 26.09375,
        "Adj Close": 15.323151588439941,
        "Volume": 828800.0
    },
    "GE": {
        "Open": 239.92140197753906,
        "High": 244.414306640625,
        "Low": 238.72328186035156,
        "Close": 240.52044677734375,
        "Adj Close": 130.84112548828125,
        "Volume": 2006599.0
    },
    "GILD": {
        "Open": 2.220702886581421,
        "High": 2.296875,
        "Low": 2.214843988418579,
        "Close": 2.285156011581421,
        "Adj Close": 1.5876151323318481,
        "Volume": 15804800.0
    },
    "GM": {
        "Open": null,
        "High": null,
        "Low": null,
        "Close": null,
        "Adj Close": null,
        "Volume": null
    },
    "GOOG": {
        "Open": null,
        "High": null,