{
    "AAPL": {
        "Open": 0.892857015132904,
        "High": 0.950892984867096,
        "Low": 0.890625,
        "Close": 0.9285709857940674,
        "Adj Close": 0.7790377736091614,
        "Volume": 294985600.0
    },
    "ABBV": {
        "Open": null,
        "High": null,
        "Low": null,
        "Close": null,
        "Adj Close": null,
        "Volume": null
    },
    "ABT": {
        "Open": 17.89992332458496,
        "High": 18.096317291259766,
        "Low": 17.89992332458496,
        "Close": 17.956035614013672,
        "Adj Close": 9.382771492004395,
        "Volume": 3954993.0
    },
    "ACN": {
        "Open": null,
        "High": null,
        "Low": null,
        "Close": null,
        "Adj Close": null,
        "Volume": null
    },
    "ADBE": {
        "Open": 30.7578125,
        "High": 32.0625,
        "Low": 27.4375,
        "Close": 28.375,
        "Adj Close": 28.186845779418945,
        "Volume": 12136400.0
    },
    "AIG": {
        "Open": 1686.6666259765625,
        "High": 1768.3333740234375,
        "Low": 1680.0,
        "Close": 1730.0,
        "Adj Close": 1020.301513671875,
        "Volume": 315495.0
    },
    "AMD": {
        "Open": 36.8125,
        "High": 36.9375,
        "Low": 34.0,
        "Close": 35.0,
        "Adj Close": 35.0,
        "Volume": 17077000.0
    },
    "AMGN": {
        "Open": 69.125,
        "High": 71.5,
        "Low": 68.25,
        "Close": 68.5,
        "Adj Close": 46.33262634277344,
        "Volume": 13737000.0
    },
    "AMT": {
        "Open": 44.625,
        "High": 44.625,
        "Low": 42.0,
        "Close": 43.625,
        "Adj Close": 31.89764404296875,
        "Volume": 664100.0
    },
    "AMZN": {
        "Open": 1.571874976158142,
        "High": 1.600000023841858,
        "Low": 1.4874999523162842,
        "Close": 1.568750023841858,
        "Adj Close": 1.568750023841858,
        "Volume": 471586000.0
    },
    "AVGO": {
        "Open": null,
        "High": null,
        "Low": null,
        "Close": null,
        "Adj Close": null,
        "Volume": null
    },
    "AXP": {
        "Open": 49.235626220703125,
        "High": 51.15034484863281,
        "Low": 49.12621307373047,
        "Close": 51.040931701660156,
        "Adj Close": 36.05007553100586,
        "Volume": 3773335.0
    },
    "BA": {
        "Open": 48.1875,
        "High": 49.4375,
        "Low": 48.1875,
        "Close": 48.25,
        "Adj Close": 31.36579704284668,
        "Volume": 3898500.0
    },
    "BAC": {
        "Open": 23.53125,
        "High": 23.84375,
        "Low": 23.0,
        "Close": 23.375,
        "Adj Close": 12.23647689819336,
        "Volume": 7476600.0
    },
    "BK": {
        "Open": 51.14479446411133,
        "High": 51.93979263305664,
        "Low": 49.819801330566406,
        "Close": 50.81354522705078,
        "Adj Close": 28.10807991027832,
        "Volume": 2228877.0
    },
    "BKNG": {
        "Open": 168.0,
        "High": 168.0,
        "Low": 144.375,
        "Close": 154.875,
        "Adj Close": 152.38162231445312,
        "Volume": 1140833.0
    },
    "BLK": {
        "Open": 34.0,
        "High": 34.0625,
        "Low": 34.0,
        "Close": 34.0625,
        "Adj Close": 20.384540557861328,
        "Volume": 18100.0
    },
    "BMY": {
        "Open": 45.80426788330078,
        "High": 48.77857208251953,
        "Low": 45.744781494140625,
        "Close": 48.06473922729492,
        "Adj Close": 18.376190185546875,
        "Volume": 6384269.0
    },
    "BRK-B": {
        "Open": 37.400001525878906,
        "High": 38.119998931884766,
        "Low": 36.7400016784668,
        "Close": 38.060001373291016,
        "Adj Close": 38.060001373291016,
        "Volume": 670000.0
    },
    "C": {
        "Open": 524.53125,
        "High": 531.09375,
        "Low": 521.25,
        "Close": 524.53125,
        "Adj Close": 274.2038269042969,
        "Volume": 707920.0
    },
    "CAT": {
        "Open": 17.375,
        "High": 17.6875,
        "Low": 17.3125,
        "Close": 17.4375,
        "Adj Close": 9.215429306030273,
        "Volume": 2642200.0
    },
    "CL": {
        "Open": 27.90625,
        "High": 28.3125,
        "Low": 27.375,
        "Close": 28.1875,
        "Adj Close": 16.134490966796875,
        "Volume": 2564200.0
    },
    "CMCSA": {
        "Open": 10.465479850769043,
        "High": 10.719305992126465,
        "Low": 10.465479850769043,
        "Close": 10.582630157470703,
        "Adj Close": 7.1810078620910645,
        "Volume": 242316.0
    },
    "COF": {
        "Open": 53.375,
        "High": 57.125,
        "Low": 53.25,
        "Close": 56.5625,
        "Adj Close": 41.003421783447266,
        "Volume": 1120100.0
    },
    "COP": {
        "Open": 18.247953414916992,
        "High": 18.8435115814209,
        "Low": 18.200307846069336,
        "Close": 18.772045135498047,
        "Adj Close": 8.413226127624512,
        "Volume": 1473141.0
    },
    "COST": {
        "Open": 31.4375,
        "High": 32.5,
        "Low": 31.375,
        "Close": 31.9375,
        "Adj Close": 21.30765724182129,
        "Volume": 5947200.0
    },
    "CRM": {
        "Open": null,
        "High": null,
        "Low": null,
        "Close": null,
        "Adj Close": null,
        "Volume": null
    },
    "CSCO": {
        "Open": 67.859375,
        "High": 69.0,
        "Low": 66.75,
        "Close": 68.0,
        "Adj Close": 43.999481201171875,
        "Volume": 34568500.0
    },
    "CVS": {
        "Open": 21.0,
        "High": 21.25,
        "Low": 20.78125,
        "Close": 20.8125,
        "Adj Close": 13.217377662658691,
        "Volume": 2878400.0
    },
    "CVX": {
        "Open": 39.0,
        "High": 40.5625,
        "Low": 38.96875,
        "Close": 40.46875,
        "Adj Close": 15.604182243347168,
        "Volume": 4901800.0
    },
    "DE": {
        "Open": 18.8125,
        "High": 19.40625,
        "Low": 18.8125,
        "Close": 19.21875,
        "Adj Close": 11.747746467590332,
        "Volume": 1085800.0
    },
    "DHR": {
        "Open": 8.411988258361816,
        "High": 8.464496612548828,
        "Low": 8.075928688049316,
        "Close": 8.159942626953125,
        "Adj Close": 4.832598686218262,
        "Volume": 1405109.0
    },
    "DIS": {
        "Open": 37.54865646362305,
        "High": 37.98025131225586,
        "Low": 37.05540466308594,
        "Close": 37.48699951171875,
        "Adj Close": 28.72535514831543,
        "Volume": 2734009.0
    },
    "DUK": {
        "Open": 54.478126525878906,
        "High": 55.56768798828125,
        "Low": 54.478126525878906,
        "Close": 55.13186264038086,
        "Adj Close": 17.152896881103516,
        "Volume": 1342856.0
    },
    "EMR": {
        "Open": 31.90625,
        "High": 32.59375,
        "Low": 31.8125,
        "Close": 32.375,
        "Adj Close": 16.12879180908203,
        "Volume": 1853600.0
    },
    "FDX": {
        "Open": 38.5,
        "High": 39.25,
        "Low": 38.4375,
        "Close": 38.875,
        "Adj Close": 31.12691879272461,
        "Volume": 546500.0
    },
    "GD": {
        "Open": 28.5,
        "High": 28.71875,
        "Low": 27.65625,
        "Close": 28.59375,
        "Adj Close": 16.873619079589844,
        "Volume": 1170200.0
    },
    "GE": {
        "Open": 252.20201110839844,
        "High": 254.2987060546875,
        "Low": 250.40484619140625,
        "Close": 251.60296630859375,
        "Adj Close": 136.86990356445312,
        "Volume": 2876741.0
    },
    "GILD": {
        "Open": 2.179687976837158,
        "High": 2.191406011581421,
        "Low": 2.066406011581421,
        "Close": 2.103516101837158,
        "Adj Close": 1.4614208936691284,
        "Volume": 8627200.0
    },
    "GM": {
        "Open": null,
        "High": null,
        "Low": null,
        "Close": null,
        "Adj Close": null,
        "Volume": null
    },
    "GOOG": {
        "Open": null,
        "High": null,
        "Low": null,