{
    "AAPL": {
        "Open": 1.0619419813156128,
        "High": 1.082589030265808,
        "Low": 0.9966520071029663,
        "Close": 1.027343988418579,
        "Adj Close": 0.8619048595428467,
        "Volume": 489798400.0
    },
    "ABBV": {
        "Open": null,
        "High": null,
        "Low": null,
        "Close": null,
        "Adj Close": null,
        "Volume": null
    },
    "ABT": {
        "Open": 17.030176162719727,
        "High": 17.170459747314453,
        "Low": 16.66544532775879,
        "Close": 16.889896392822266,
        "Adj Close": 8.786669731140137,
        "Volume": 7554897.0
    },
    "ACN": {
        "Open": null,
        "High": null,
        "Low": null,
        "Close": null,
        "Adj Close": null,
        "Volume": null
    },
    "ADBE": {
        "Open": 28.9375,
        "High": 29.90625,
        "Low": 26.0,
        "Close": 28.1875,
        "Adj Close": 27.99495506286621,
        "Volume": 12529600.0
    },
    "AIG": {
        "Open": 1483.3333740234375,
        "High": 1503.3333740234375,
        "Low": 1454.1666259765625,
        "Close": 1460.8333740234375,
        "Adj Close": 861.1765747070312,
        "Volume": 184200.0
    },
    "AMD": {
        "Open": 44.75,
        "High": 45.25,
        "Low": 42.03125,
        "Close": 43.875,
        "Adj Close": 43.875,
        "Volume": 9597600.0
    },
    "AMGN": {
        "Open": 56.0,
        "High": 56.0625,
        "Low": 52.875,
        "Close": 53.75,
        "Adj Close": 36.35590362548828,
        "Volume": 6569700.0
    },
    "AMT": {
        "Open": 45.5,
        "High": 45.5,
        "Low": 42.0,
        "Close": 42.6875,
        "Adj Close": 31.21217155456543,
        "Volume": 559000.0
    },
    "AMZN": {
        "Open": 2.762500047683716,
        "High": 2.828125,
        "Low": 2.6500000953674316,
        "Close": 2.706249952316284,
        "Adj Close": 2.706249952316284,
        "Volume": 108496000.0
    },
    "AVGO": {
        "Open": null,
        "High": null,
        "Low": null,
        "Close": null,
        "Adj Close": null,
        "Volume": null
    },
    "AXP": {
        "Open": 43.07205581665039,
        "High": 43.69205856323242,
        "Low": 40.84733200073242,
        "Close": 41.43086624145508,
        "Adj Close": 29.217815399169922,
        "Volume": 8556838.0
    },
    "BA": {
        "Open": 37.9375,
        "High": 38.1875,
        "Low": 36.8125,
        "Close": 37.3125,
        "Adj Close": 24.16704559326172,
        "Volume": 3311300.0
    },
    "BAC": {
        "Open": 24.8125,
        "High": 25.40625,
        "Low": 24.15625,
        "Close": 24.5,
        "Adj Close": 12.708666801452637,
        "Volume": 7772200.0
    },
    "BK": {
        "Open": 44.45357131958008,
        "High": 45.24856948852539,
        "Low": 43.327327728271484,
        "Close": 43.393577575683594,
        "Adj Close": 23.9239501953125,
        "Volume": 1709535.0
    },
    "BKNG": {
        "Open": 352.5,
        "High": 354.0,
        "Low": 330.75,
        "Close": 348.09375,
        "Adj Close": 342.4897155761719,
        "Volume": 304650.0
    },
    "BLK": {
        "Open": 23.5625,
        "High": 24.375,
        "Low": 23.5625,
        "Close": 24.25,
        "Adj Close": 14.512295722961426,
        "Volume": 23000.0
    },
    "BMY": {
        "Open": 48.83805847167969,
        "High": 49.5518913269043,
        "Low": 48.30268478393555,
        "Close": 48.30268478393555,
        "Adj Close": 18.388809204101562,
        "Volume": 5164760.0
    },
    "BRK-B": {
        "Open": 34.79999923706055,
        "High": 34.91999816894531,
        "Low": 34.5,
        "Close": 34.900001525878906,
        "Adj Close": 34.900001525878906,
        "Volume": 545000.0
    },
    "C": {
        "Open": 456.09375,
        "High": 469.6875,
        "Low": 448.125,
        "Close": 450.9375,
        "Adj Close": 235.73202514648438,
        "Volume": 1189093.0
    },
    "CAT": {
        "Open": 19.6875,
        "High": 19.6875,
        "Low": 19.25,
        "Close": 19.4375,
        "Adj Close": 10.174614906311035,
        "Volume": 2442600.0
    },
    "CL": {
        "Open": 28.09375,
        "High": 28.90625,
        "Low": 27.65625,
        "Close": 27.75,
        "Adj Close": 15.839743614196777,
        "Volume": 2155800.0
    },
    "CMCSA": {
        "Open": 11.09028434753418,
        "High": 11.09028434753418,
        "Low": 10.074976921081543,
        "Close": 10.289752960205078,
        "Adj Close": 6.982271194458008,
        "Volume": 2099856.0
    },
    "COF": {
        "Open": 45.125,
        "High": 45.125,
        "Low": 42.125,
        "Close": 42.4375,
        "Adj Close": 30.743087768554688,
        "Volume": 878200.0
    },
    "COP": {
        "Open": 18.343242645263672,
        "High": 18.414709091186523,
        "Low": 18.176485061645508,
        "Close": 18.390886306762695,
        "Adj Close": 8.183713912963867,
        "Volume": 3234877.0
    },
    "COST": {
        "Open": 52.0625,
        "High": 52.625,
        "Low": 50.375,
        "Close": 52.1875,
        "Adj Close": 34.81778335571289,
        "Volume": 7462700.0
    },
    "CRM": {
        "Open": null,
        "High": null,
        "Low": null,
        "Close": null,
        "Adj Close": null,
        "Volume": null
    },
    "CSCO": {
        "Open": 67.5625,
        "High": 67.625,
        "Low": 63.625,
        "Close": 66.0625,
        "Adj Close": 42.745826721191406,
        "Volume": 47312400.0
    },
    "CVS": {
        "Open": 22.1875,
        "High": 22.21875,
        "Low": 19.84375,
        "Close": 20.78125,
        "Adj Close": 13.179522514343262,
        "Volume": 10531400.0
    },
    "CVX": {
        "Open": 44.71875,
        "High": 44.71875,
        "Low": 43.65625,
        "Close": 43.65625,
        "Adj Close": 16.71550941467285,
        "Volume": 2793800.0
    },
    "DE": {
        "Open": 20.375,
        "High": 20.4375,
        "Low": 19.96875,
        "Close": 20.28125,
        "Adj Close": 12.327505111694336,
        "Volume": 1219600.0
    },
    "DHR": {
        "Open": 9.66170883178711,
        "High": 9.66170883178711,
        "Low": 9.430667877197266,
        "Close": 9.462174415588379,
        "Adj Close": 5.602113246917725,
        "Volume": 2369224.0
    },
    "DIS": {
        "Open": 41.43299865722656,
        "High": 41.43299865722656,
        "Low": 39.09006118774414,
        "Close": 40.6931266784668,
        "Adj Close": 31.182147979736328,
        "Volume": 6513735.0
    },
    "DUK": {
        "Open": 49.357181549072266,
        "High": 50.06539535522461,
        "Low": 49.030311584472656,
        "Close": 49.57509231567383,
        "Adj Close": 15.280261039733887,
        "Volume": 682155.0
    },
    "EMR": {
        "Open": 27.40625,
        "High": 27.53125,
        "Low": 26.53125,
        "Close": 26.84375,
        "Adj Close": 13.287321090698242,
        "Volume": 2553400.0
    },
    "FDX": {
        "Open": 36.1875,
        "High": 36.6875,
        "Low": 35.75,
        "Close": 36.0,
        "Adj Close": 28.824935913085938,
        "Volume": 878800.0
    },
    "GD": {
        "Open": 28.46875,
        "High": 28.5625,
        "Low": 27.8125,
        "Close": 27.90625,
        "Adj Close": 16.387508392333984,
        "Volume": 901800.0
    },
    "GE": {
        "Open": 254.7979278564453,
        "High": 255.59666442871094,
        "Low": 246.91036987304688,
        "Close": 249.30657958984375,
        "Adj Close": 135.26345825195312,
        "Volume": 3462706.0
    },
    "GILD": {
        "Open": 1.7949219942092896,
        "High": 1.796875,
        "Low": 1.6640629768371582,
        "Close": 1.675781011581421,
        "Adj Close": 1.1642512083053589,
        "Volume": 12617600.0
    },
    "GM": {
        "Open": null,
        "High": null,
        "Low": null,
        "Close": null,
        "Adj Close": null,
        "Volume": null
    },
    "GOOG": {
        "Open": null,