{
    "AAPL": {
        "Open": 0.9893969893455505,
        "High": 1.0245540142059326,
        "Low": 0.9885600209236145,
        "Close": 1.010045051574707,
        "Adj Close": 0.847391664981842,
        "Volume": 284076800.0
    },
    "ABBV": {
        "Open": null,
        "High": null,
        "Low": null,
        "Close": null,
        "Adj Close": null,
        "Volume": null
    },
    "ABT": {
        "Open": 16.609333038330078,
        "High": 17.030176162719727,
        "Low": 16.525163650512695,
        "Close": 17.030176162719727,
        "Adj Close": 8.859641075134277,
        "Volume": 6311861.0
    },
    "ACN": {
        "Open": null,
        "High": null,
        "Low": null,
        "Close": null,
        "Adj Close": null,
        "Volume": null
    },
    "ADBE": {
        "Open": 27.9375,
        "High": 30.203125,
        "Low": 27.84375,
        "Close": 29.921875,
        "Adj Close": 29.717479705810547,
        "Volume": 6605600.0
    },
    "AIG": {
        "Open": 1463.3333740234375,
        "High": 1502.5,
        "Low": 1461.6666259765625,
        "Close": 1487.5,
        "Adj Close": 876.8972778320312,
        "Volume": 171578.0
    },
    "AMD": {
        "Open": 45.03125,
        "High": 46.4375,
        "Low": 45.03125,
        "Close": 46.0,
        "Adj Close": 46.0,
        "Volume": 7915000.0
    },
    "AMGN": {
        "Open": 55.875,
        "High": 59.8125,
        "Low": 55.625,
        "Close": 59.5625,
        "Adj Close": 40.28740692138672,
        "Volume": 7025100.0
    },
    "AMT": {
        "Open": 43.375,
        "High": 45.9375,
        "Low": 43.375,
        "Close": 45.25,
        "Adj Close": 33.08580780029297,
        "Volume": 416000.0
    },
    "AMZN": {
        "Open": 2.731250047683716,
        "High": 2.9312500953674316,
        "Low": 2.706249952316284,
        "Close": 2.924999952316284,
        "Adj Close": 2.924999952316284,
        "Volume": 81242000.0
    },
    "AVGO": {
        "Open": null,
        "High": null,
        "Low": null,
        "Close": null,
        "Adj Close": null,
        "Volume": null
    },
    "AXP": {
        "Open": 42.23322677612305,
        "High": 42.79852294921875,
        "Low": 41.28498458862305,
        "Close": 42.78028869628906,
        "Adj Close": 30.16945457458496,
        "Volume": 5857763.0
    },
    "BA": {
        "Open": 38.1875,
        "High": 39.875,
        "Low": 37.9375,
        "Close": 39.5,
        "Adj Close": 25.583881378173828,
        "Volume": 2794900.0
    },
    "BAC": {
        "Open": 23.625,
        "High": 24.28125,
        "Low": 23.5625,
        "Close": 23.78125,
        "Adj Close": 12.335834503173828,
        "Volume": 8272200.0
    },
    "BK": {
        "Open": 42.333580017089844,
        "High": 44.38732147216797,
        "Low": 42.0023307800293,
        "Close": 44.05607223510742,
        "Adj Close": 24.289186477661133,
        "Volume": 1444911.0
    },
    "BKNG": {
        "Open": 344.25,
        "High": 356.25,
        "Low": 340.875,
        "Close": 344.625,
        "Adj Close": 339.0768127441406,
        "Volume": 264800.0
    },
    "BLK": {
        "Open": 23.5,
        "High": 23.875,
        "Low": 23.5,
        "Close": 23.6875,
        "Adj Close": 14.175664901733398,
        "Volume": 6200.0
    },
    "BMY": {
        "Open": 49.31394577026367,
        "High": 51.15801239013672,
        "Low": 49.07600021362305,
        "Close": 50.32521057128906,
        "Adj Close": 19.158784866333008,
        "Volume": 4518495.0
    },
    "BRK-B": {
        "Open": 35.36000061035156,
        "High": 35.97999954223633,
        "Low": 35.36000061035156,
        "Close": 35.880001068115234,
        "Adj Close": 35.880001068115234,
        "Volume": 200000.0
    },
    "C": {
        "Open": 434.53125,
        "High": 449.53125,
        "Low": 434.53125,
        "Close": 446.71875,
        "Adj Close": 233.5264434814453,
        "Volume": 800613.0
    },
    "CAT": {
        "Open": 18.96875,
        "High": 19.6875,
        "Low": 18.9375,
        "Close": 19.53125,
        "Adj Close": 10.223687171936035,
        "Volume": 2544600.0
    },
    "CL": {
        "Open": 28.125,
        "High": 29.03125,
        "Low": 27.875,
        "Close": 28.5625,
        "Adj Close": 16.30351448059082,
        "Volume": 2314800.0
    },
    "CMCSA": {
        "Open": 10.953607559204102,
        "High": 11.168384552001953,
        "Low": 10.738832473754883,
        "Close": 10.738832473754883,
        "Adj Close": 7.287001132965088,
        "Volume": 1257353.0
    },
    "COF": {
        "Open": 40.625,
        "High": 40.625,
        "Low": 39.6875,
        "Close": 39.875,
        "Adj Close": 28.88670539855957,
        "Volume": 1329100.0
    },
    "COP": {
        "Open": 18.53382110595703,
        "High": 18.74822235107422,
        "Low": 18.486177444458008,
        "Close": 18.74822235107422,
        "Adj Close": 8.342724800109863,
        "Volume": 1296574.0
    },
    "COST": {
        "Open": 47.8125,
        "High": 50.875,
        "Low": 47.125,
        "Close": 48.8125,
        "Adj Close": 32.56608581542969,
        "Volume": 4189400.0
    },
    "CRM": {
        "Open": null,
        "High": null,
        "Low": null,
        "Close": null,
        "Adj Close": null,
        "Volume": null
    },
    "CSCO": {
        "Open": 63.8125,
        "High": 67.984375,
        "Low": 63.5,
        "Close": 67.75,
        "Adj Close": 43.837745666503906,
        "Volume": 45085600.0
    },
    "CVS": {
        "Open": 20.875,
        "High": 21.6875,
        "Low": 20.84375,
        "Close": 21.25,
        "Adj Close": 13.476802825927734,
        "Volume": 2619200.0
    },
    "CVX": {
        "Open": 44.3125,
        "High": 45.375,
        "Low": 44.03125,
        "Close": 45.375,
        "Adj Close": 17.37359619140625,
        "Volume": 2409600.0
    },
    "DE": {
        "Open": 19.875,
        "High": 19.875,
        "Low": 19.4375,
        "Close": 19.6875,
        "Adj Close": 11.966602325439453,
        "Volume": 1786400.0
    },
    "DHR": {
        "Open": 9.157620429992676,
        "High": 9.68271255493164,
        "Low": 9.157620429992676,
        "Close": 9.672210693359375,
        "Adj Close": 5.726465225219727,
        "Volume": 2579306.0
    },
    "DIS": {
        "Open": 39.15171813964844,
        "High": 39.89159393310547,
        "Low": 38.720123291015625,
        "Close": 39.028404235839844,
        "Adj Close": 29.906505584716797,
        "Volume": 3471363.0
    },
    "DUK": {
        "Open": 50.55569839477539,
        "High": 50.77361297607422,
        "Low": 49.302703857421875,
        "Close": 50.39226531982422,
        "Adj Close": 15.532129287719727,
        "Volume": 911604.0
    },
    "EMR": {
        "Open": 27.125,
        "High": 27.59375,
        "Low": 27.0625,
        "Close": 27.21875,
        "Adj Close": 13.472940444946289,
        "Volume": 1393400.0
    },
    "FDX": {
        "Open": 36.8125,
        "High": 39.5625,
        "Low": 36.8125,
        "Close": 39.5625,
        "Adj Close": 31.67740821838379,
        "Volume": 1689600.0
    },
    "GD": {
        "Open": 27.84375,
        "High": 28.90625,
        "Low": 27.65625,
        "Close": 28.5,
        "Adj Close": 16.736183166503906,
        "Volume": 652400.0
    },
    "GE": {
        "Open": 246.01177978515625,
        "High": 255.59666442871094,
        "Low": 245.21304321289062,
        "Close": 252.40170288085938,
        "Adj Close": 136.9427032470703,
        "Volume": 4316363.0
    },
    "GILD": {
        "Open": 1.8925780057907104,
        "High": 2.210448980331421,
        "Low": 1.8359379768371582,
        "Close": 2.15625,
        "Adj Close": 1.4980576038360596,
        "Volume": 41792000.0
    },
    "GM": {
        "Open": null,
        "High": null,
        "Low": null,
        "Close": null,
        "Adj Close": null,
        "Volume": null
    },
    "GOOG": {
        "Open": null,