{
    "AAPL": {
        "Open": 0.9464290142059326,
        "High": 0.986607015132904,
        "Low": 0.9354069828987122,
        "Close": 0.9609379768371582,
        "Adj Close": 0.8061924576759338,
        "Volume": 306913600.0
    },
    "ABBV": {
        "Open": null,
        "High": null,
        "Low": null,
        "Close": null,
        "Adj Close": null,
        "Volume": null
    },
    "ABT": {
        "Open": 16.805727005004883,
        "High": 16.833782196044922,
        "Low": 16.497106552124023,
        "Close": 16.609333038330078,
        "Adj Close": 8.640711784362793,
        "Volume": 6130975.0
    },
    "ACN": {
        "Open": null,
        "High": null,
        "Low": null,
        "Close": null,
        "Adj Close": null,
        "Volume": null
    },
    "ADBE": {
        "Open": 27.234375,
        "High": 28.34375,
        "Low": 26.625,
        "Close": 27.046875,
        "Adj Close": 26.862119674682617,
        "Volume": 4381600.0
    },
    "AIG": {
        "Open": 1528.3333740234375,
        "High": 1532.5,
        "Low": 1501.6666259765625,
        "Close": 1532.0833740234375,
        "Adj Close": 903.17919921875,
        "Volume": 153210.0
    },
    "AMD": {
        "Open": 43.53125,
        "High": 44.875,
        "Low": 42.25,
        "Close": 42.84375,
        "Adj Close": 42.84375,
        "Volume": 7459400.0
    },
    "AMGN": {
        "Open": 61.875,
        "High": 62.4375,
        "Low": 60.875,
        "Close": 62.375,
        "Adj Close": 42.18975830078125,
        "Volume": 4738900.0
    },
    "AMT": {
        "Open": 41.0,
        "High": 42.0,
        "Low": 40.625,
        "Close": 41.8125,
        "Adj Close": 30.5723934173584,
        "Volume": 731000.0
    },
    "AMZN": {
        "Open": 2.734375,
        "High": 2.825000047683716,
        "Low": 2.65625,
        "Close": 2.6875,
        "Adj Close": 2.6875,
        "Volume": 79392000.0
    },
    "AVGO": {
        "Open": null,
        "High": null,
        "Low": null,
        "Close": null,
        "Adj Close": null,
        "Volume": null
    },
    "AXP": {
        "Open": 42.99911117553711,
        "High": 44.31206130981445,
        "Low": 42.88970184326172,
        "Close": 43.98382568359375,
        "Adj Close": 31.018199920654297,
        "Volume": 3613275.0
    },
    "BA": {
        "Open": 37.3125,
        "High": 37.625,
        "Low": 37.0625,
        "Close": 37.1875,
        "Adj Close": 24.174419403076172,
        "Volume": 2455200.0
    },
    "BAC": {
        "Open": 23.6875,
        "High": 24.46875,
        "Low": 23.15625,
        "Close": 24.296875,
        "Adj Close": 12.603303909301758,
        "Volume": 11749800.0
    },
    "BK": {
        "Open": 46.63981246948242,
        "High": 48.09730911254883,
        "Low": 46.242313385009766,
        "Close": 47.501060485839844,
        "Adj Close": 26.188499450683594,
        "Volume": 1292081.0
    },
    "BKNG": {
        "Open": 301.5,
        "High": 310.5,
        "Low": 295.875,
        "Close": 298.125,
        "Adj Close": 293.325439453125,
        "Volume": 253617.0
    },
    "BLK": {
        "Open": 25.0,
        "High": 25.75,
        "Low": 24.875,
        "Close": 25.75,
        "Adj Close": 15.409968376159668,
        "Volume": 32300.0
    },
    "BMY": {
        "Open": 51.33647155761719,
        "High": 52.228763580322266,
        "Low": 50.146751403808594,
        "Close": 51.81235885620117,
        "Adj Close": 19.724946975708008,
        "Volume": 3181207.0
    },
    "BRK-B": {
        "Open": 35.599998474121094,
        "High": 35.939998626708984,
        "Low": 35.34000015258789,
        "Close": 35.459999084472656,
        "Adj Close": 35.459999084472656,
        "Volume": 325000.0
    },
    "C": {
        "Open": 441.5625,
        "High": 457.03125,
        "Low": 437.34375,
        "Close": 451.40625,
        "Adj Close": 235.97706604003906,
        "Volume": 1167787.0
    },
    "CAT": {
        "Open": 19.40625,
        "High": 19.9375,
        "Low": 19.3125,
        "Close": 19.6875,
        "Adj Close": 10.305479049682617,
        "Volume": 1927800.0
    },
    "CL": {
        "Open": 30.09375,
        "High": 30.09375,
        "Low": 28.9375,
        "Close": 29.421875,
        "Adj Close": 16.794063568115234,
        "Volume": 1950200.0
    },
    "CMCSA": {
        "Open": 10.348328590393066,
        "High": 10.367854118347168,
        "Low": 10.03592586517334,
        "Close": 10.03592586517334,
        "Adj Close": 6.810033798217773,
        "Volume": 377078.0
    },
    "COF": {
        "Open": 44.0,
        "High": 44.8125,
        "Low": 42.8125,
        "Close": 43.625,
        "Adj Close": 31.6247615814209,
        "Volume": 743200.0
    },
    "COP": {
        "Open": 19.296138763427734,
        "High": 19.343782424926758,
        "Low": 19.05791473388672,
        "Close": 19.105558395385742,
        "Adj Close": 8.501731872558594,
        "Volume": 3112093.0
    },
    "COST": {
        "Open": 49.5,
        "High": 50.125,
        "Low": 47.75,
        "Close": 47.8125,
        "Adj Close": 31.898921966552734,
        "Volume": 2610000.0
    },
    "CRM": {
        "Open": null,
        "High": null,
        "Low": null,
        "Close": null,
        "Adj Close": null,
        "Volume": null
    },
    "CSCO": {
        "Open": 60.125,
        "High": 63.0,
        "Low": 58.75,
        "Close": 59.9375,
        "Adj Close": 38.78264617919922,
        "Volume": 43915500.0
    },
    "CVS": {
        "Open": 21.1875,
        "High": 21.40625,
        "Low": 20.6875,
        "Close": 20.9375,
        "Adj Close": 13.278614044189453,
        "Volume": 3737000.0
    },
    "CVX": {
        "Open": 46.5,
        "High": 47.15625,
        "Low": 46.3125,
        "Close": 47.140625,
        "Adj Close": 18.049623489379883,
        "Volume": 3320400.0
    },
    "DE": {
        "Open": 21.28125,
        "High": 22.1875,
        "Low": 21.1875,
        "Close": 22.03125,
        "Adj Close": 13.391199111938477,
        "Volume": 4789800.0
    },
    "DHR": {
        "Open": 9.31514835357666,
        "High": 9.399163246154785,
        "Low": 9.199626922607422,
        "Close": 9.294143676757812,
        "Adj Close": 5.502626895904541,
        "Volume": 1705651.0
    },
    "DIS": {
        "Open": 40.5698127746582,
        "High": 40.816436767578125,
        "Low": 39.52165603637695,
        "Close": 40.261531829833984,
        "Adj Close": 30.851421356201172,
        "Volume": 3104612.0
    },
    "DUK": {
        "Open": 54.26021194458008,
        "High": 54.31468963623047,
        "Low": 52.353477478027344,
        "Close": 53.034454345703125,
        "Adj Close": 16.500333786010742,
        "Volume": 1282854.0
    },
    "EMR": {
        "Open": 27.6875,
        "High": 28.15625,
        "Low": 26.96875,
        "Close": 28.03125,
        "Adj Close": 13.964783668518066,
        "Volume": 2391800.0
    },
    "FDX": {
        "Open": 40.25,
        "High": 40.4375,
        "Low": 38.5625,
        "Close": 38.875,
        "Adj Close": 31.12691879272461,
        "Volume": 741600.0
    },
    "GD": {
        "Open": 27.90625,
        "High": 28.875,
        "Low": 27.90625,
        "Close": 28.21875,
        "Adj Close": 16.571016311645508,
        "Volume": 911000.0
    },
    "GE": {
        "Open": 243.51571655273438,
        "High": 252.20201110839844,
        "Low": 242.9166717529297,
        "Close": 250.40484619140625,
        "Adj Close": 135.85934448242188,
        "Volume": 2235564.0
    },
    "GILD": {
        "Open": 1.9355469942092896,
        "High": 1.9609379768371582,
        "Low": 1.9003909826278687,
        "Close": 1.9433590173721313,
        "Adj Close": 1.3501511812210083,
        "Volume": 11344000.0
    },
    "GM": {
        "Open": null,
        "High": null,
        "Low": null,
        "Close": null,
        "Adj Close": null,
        "Volume": null
    },
    "GOOG": {
        "Open": null,