{
    "AAPL": {
        "Open": 0.16629500687122345,
        "High": 0.1752229928970337,
        "Low": 0.16517899930477142,
        "Close": 0.17410700023174286,
        "Adj Close": 0.1460695117712021,
        "Volume": 636854400.0
    },
    "ABBV": {
        "Open": null,
        "High": null,
        "Low": null,
        "Close": null,
        "Adj Close": null,
        "Volume": null
    },
    "ABT": {
        "Open": 15.487079620361328,
        "High": 15.753615379333496,
        "Low": 15.459024429321289,
        "Close": 15.669445991516113,
        "Adj Close": 7.867290496826172,
        "Volume": 7661380.0
    },
    "ACN": {
        "Open": null,
        "High": null,
        "Low": null,
        "Close": null,
        "Adj Close": null,
        "Volume": null
    },
    "ADBE": {
        "Open": 5.09375,
        "High": 5.125,
        "Low": 4.953125,
        "Close": 5.03125,
        "Adj Close": 4.966861248016357,
        "Volume": 9136000.0
    },
    "AIG": {
        "Open": 721.7777709960938,
        "High": 733.3333129882812,
        "Low": 717.3333129882812,
        "Close": 718.2222290039062,
        "Adj Close": 421.2274169921875,
        "Volume": 275597.0
    },
    "AMD": {
        "Open": 9.0,
        "High": 10.4375,
        "Low": 8.96875,
        "Close": 10.4375,
        "Adj Close": 10.4375,
        "Volume": 4973400.0
    },
    "AMGN": {
        "Open": 13.34375,
        "High": 13.375,
        "Low": 12.90625,
        "Close": 12.984375,
        "Adj Close": 8.782487869262695,
        "Volume": 10221600.0
    },
    "AMT": {
        "Open": null,
        "High": null,
        "Low": null,
        "Close": null,
        "Adj Close": null,
        "Volume": null
    },
    "AMZN": {
        "Open": 0.2171880006790161,
        "High": 0.23333300650119781,
        "Low": 0.21614600718021393,
        "Close": 0.23229199647903442,
        "Adj Close": 0.23229199647903442,
        "Volume": 146424000.0
    },
    "AVGO": {
        "Open": null,
        "High": null,
        "Low": null,
        "Close": null,
        "Adj Close": null,
        "Volume": null
    },
    "AXP": {
        "Open": 24.362516403198242,
        "High": 24.362516403198242,
        "Low": 23.9978084564209,
        "Close": 24.16192626953125,
        "Adj Close": 16.735214233398438,
        "Volume": 2903005.0
    },
    "BA": {
        "Open": 45.375,
        "High": 46.1875,
        "Low": 44.6875,
        "Close": 45.0625,
        "Adj Close": 28.342973709106445,
        "Volume": 3722700.0
    },
    "BAC": {
        "Open": 30.0,
        "High": 30.09375,
        "Low": 28.6875,
        "Close": 29.03125,
        "Adj Close": 14.112489700317383,
        "Volume": 10567600.0
    },
    "BK": {
        "Open": 28.884883880615234,
        "High": 29.64675521850586,
        "Low": 28.65300941467285,
        "Close": 29.116758346557617,
        "Adj Close": 15.410294532775879,
        "Volume": 1570572.0
    },
    "BKNG": {
        "Open": null,
        "High": null,
        "Low": null,
        "Close": null,
        "Adj Close": null,
        "Volume": null
    },
    "BLK": {
        "Open": null,
        "High": null,
        "Low": null,
        "Close": null,
        "Adj Close": null,
        "Volume": null
    },
    "BMY": {
        "Open": 44.317115783691406,
        "High": 44.346858978271484,
        "Low": 43.69251251220703,
        "Close": 43.811485290527344,
        "Adj Close": 16.158769607543945,
        "Volume": 4549595.0
    },
    "BRK-B": {
        "Open": 31.280000686645508,
        "High": 31.440000534057617,
        "Low": 31.280000686645508,
        "Close": 31.440000534057617,
        "Adj Close": 31.440000534057617,
        "Volume": 100000.0
    },
    "C": {
        "Open": 245.0,
        "High": 248.4375,
        "Low": 244.0625,
        "Close": 248.125,
        "Adj Close": 126.1849136352539,
        "Volume": 806960.0
    },
    "CAT": {
        "Open": 23.21875,
        "High": 23.375,
        "Low": 22.84375,
        "Close": 23.03125,
        "Adj Close": 11.363771438598633,
        "Volume": 3753000.0
    },
    "CL": {
        "Open": 17.015625,
        "High": 17.0625,
        "Low": 16.875,
        "Close": 17.0,
        "Adj Close": 9.410780906677246,
        "Volume": 4805600.0
    },
    "CMCSA": {
        "Open": 4.70556116104126,
        "High": 4.8422369956970215,
        "Low": 4.70556116104126,
        "Close": 4.812949180603027,
        "Adj Close": 3.2572145462036133,
        "Volume": 993590.0
    },
    "COF": {
        "Open": 17.645832061767578,
        "High": 17.979167938232422,
        "Low": 17.541667938232422,
        "Close": 17.979167938232422,
        "Adj Close": 12.938718795776367,
        "Volume": 710400.0
    },
    "COP": {
        "Open": 16.985366821289062,
        "High": 17.175945281982422,
        "Low": 16.747142791748047,
        "Close": 17.033010482788086,
        "Adj Close": 7.027151107788086,
        "Volume": 2111721.0
    },
    "COST": {
        "Open": 22.0,
        "High": 22.0,
        "Low": 21.6875,
        "Close": 21.78125,
        "Adj Close": 14.531731605529785,
        "Volume": 2474200.0
    },
    "CRM": {
        "Open": null,
        "High": null,
        "Low": null,
        "Close": null,
        "Adj Close": null,
        "Volume": null
    },
    "CSCO": {
        "Open": 9.333333015441895,
        "High": 9.40625,
        "Low": 9.1875,
        "Close": 9.333333015441895,
        "Adj Close": 6.039146423339844,
        "Volume": 62359200.0
    },
    "CVS": {
        "Open": 15.71875,
        "High": 15.765625,
        "Low": 15.40625,
        "Close": 15.75,
        "Adj Close": 9.851466178894043,
        "Volume": 1004400.0
    },
    "CVX": {
        "Open": 36.65625,
        "High": 37.5,
        "Low": 36.375,
        "Close": 37.3125,
        "Adj Close": 13.372297286987305,
        "Volume": 2939600.0
    },
    "DE": {
        "Open": 26.4375,
        "High": 26.46875,
        "Low": 25.8125,
        "Close": 25.96875,
        "Adj Close": 15.01391315460205,
        "Volume": 1781600.0
    },
    "DHR": {
        "Open": 5.067145824432373,
        "High": 5.0881500244140625,
        "Low": 4.977880954742432,
        "Close": 5.06189489364624,
        "Adj Close": 2.9884262084960938,
        "Volume": 1505686.0
    },
    "DIS": {
        "Open": 31.054197311401367,
        "High": 31.403583526611328,
        "Low": 30.828125,
        "Close": 31.239166259765625,
        "Adj Close": 23.566457748413086,
        "Volume": 5069133.0
    },
    "DUK": {
        "Open": 48.594486236572266,
        "High": 48.594486236572266,
        "Low": 47.83179473876953,
        "Close": 48.32209777832031,
        "Adj Close": 13.644590377807617,
        "Volume": 1005564.0
    },
    "EMR": {
        "Open": 29.0,
        "High": 29.40625,
        "Low": 28.9375,
        "Close": 29.40625,
        "Adj Close": 13.868854522705078,
        "Volume": 1994600.0
    },
    "FDX": {
        "Open": 31.5625,
        "High": 31.84375,
        "Low": 31.375,
        "Close": 31.625,
        "Adj Close": 25.321901321411133,
        "Volume": 795400.0
    },
    "GD": {
        "Open": 21.59375,
        "High": 21.96875,
        "Low": 21.53125,
        "Close": 21.734375,
        "Adj Close": 12.227018356323242,
        "Volume": 811600.0
    },
    "GE": {
        "Open": 118.912353515625,
        "High": 119.61125183105469,
        "Low": 117.71424102783203,
        "Close": 119.31172180175781,
        "Adj Close": 62.85565948486328,
        "Volume": 2937315.0
    },
    "GILD": {
        "Open": 1.15625,
        "High": 1.21875,
        "Low": 1.15625,
        "Close": 1.203125,
        "Adj Close": 0.8358725905418396,
        "Volume": 9766400.0
    },
    "GM": {
        "Open": null,
        "High": null,
        "Low": null,
        "Close": null,
        "Adj Close": null,
        "Volume": null
    },
    "GOOG": {
        "Open": null,