{
    "AAPL": {
        "Open": 0.171316996216774,
        "High": 0.17633900046348572,
        "Low": 0.16629500687122345,
        "Close": 0.171316996216774,
        "Adj Close": 0.14372879266738892,
        "Volume": 559272000.0
    },
    "ABBV": {
        "Open": null,
        "High": null,
        "Low": null,
        "Close": null,
        "Adj Close": null,
        "Volume": null
    },
    "ABT": {
        "Open": 15.711530685424805,
        "High": 15.823756217956543,
        "Low": 15.571249008178711,
        "Close": 15.58527660369873,
        "Adj Close": 7.825032711029053,
        "Volume": 4862543.0
    },
    "ACN": {
        "Open": null,
        "High": null,
        "Low": null,
        "Close": null,
        "Adj Close": null,
        "Volume": null
    },
    "ADBE": {
        "Open": 4.8125,
        "High": 5.0,
        "Low": 4.78125,
        "Close": 4.90625,
        "Adj Close": 4.8434624671936035,
        "Volume": 5855200.0
    },
    "AIG": {
        "Open": 717.3333129882812,
        "High": 720.0,
        "Low": 712.888916015625,
        "Close": 714.6666870117188,
        "Adj Close": 419.1421813964844,
        "Volume": 165009.0
    },
    "AMD": {
        "Open": 9.25,
        "High": 9.34375,
        "Low": 9.03125,
        "Close": 9.03125,
        "Adj Close": 9.03125,
        "Volume": 3387400.0
    },
    "AMGN": {
        "Open": 12.484375,
        "High": 12.5,
        "Low": 12.03125,
        "Close": 12.25,
        "Adj Close": 8.285761833190918,
        "Volume": 13699200.0
    },
    "AMT": {
        "Open": null,
        "High": null,
        "Low": null,
        "Close": null,
        "Adj Close": null,
        "Volume": null
    },
    "AMZN": {
        "Open": 0.23958300054073334,
        "High": 0.2505210041999817,
        "Low": 0.23958300054073334,
        "Close": 0.24765600264072418,
        "Adj Close": 0.24765600264072418,
        "Volume": 120288000.0
    },
    "AVGO": {
        "Open": null,
        "High": null,
        "Low": null,
        "Close": null,
        "Adj Close": null,
        "Volume": null
    },
    "AXP": {
        "Open": 24.253103256225586,
        "High": 24.289575576782227,
        "Low": 23.70604133605957,
        "Close": 23.74251365661621,
        "Adj Close": 16.44471549987793,
        "Volume": 3075060.0
    },
    "BA": {
        "Open": 45.5625,
        "High": 45.5625,
        "Low": 44.125,
        "Close": 44.125,
        "Adj Close": 27.753314971923828,
        "Volume": 5409100.0
    },
    "BAC": {
        "Open": 30.1875,
        "High": 30.3125,
        "Low": 29.75,
        "Close": 30.0625,
        "Adj Close": 14.613791465759277,
        "Volume": 4104800.0
    },
    "BK": {
        "Open": 29.679880142211914,
        "High": 29.679880142211914,
        "Low": 28.884883880615234,
        "Close": 29.083633422851562,
        "Adj Close": 15.392772674560547,
        "Volume": 1228684.0
    },
    "BKNG": {
        "Open": null,
        "High": null,
        "Low": null,
        "Close": null,
        "Adj Close": null,
        "Volume": null
    },
    "BLK": {
        "Open": null,
        "High": null,
        "Low": null,
        "Close": null,
        "Adj Close": null,
        "Volume": null
    },
    "BMY": {
        "Open": 44.07917022705078,
        "High": 44.198143005371094,
        "Low": 43.57353973388672,
        "Close": 43.781742095947266,
        "Adj Close": 16.147802352905273,
        "Volume": 5092369.0
    },
    "BRK-B": {
        "Open": 31.399999618530273,
        "High": 31.440000534057617,
        "Low": 31.280000686645508,
        "Close": 31.440000534057617,
        "Adj Close": 31.440000534057617,
        "Volume": 105000.0
    },
    "C": {
        "Open": 250.9375,
        "High": 252.5,
        "Low": 248.125,
        "Close": 248.75,
        "Adj Close": 126.50291442871094,
        "Volume": 462240.0
    },
    "CAT": {
        "Open": 23.1875,
        "High": 23.1875,
        "Low": 22.4375,
        "Close": 22.75,
        "Adj Close": 11.285842895507812,
        "Volume": 2594000.0
    },
    "CL": {
        "Open": 17.359375,
        "High": 17.359375,
        "Low": 16.9375,
        "Close": 17.296875,
        "Adj Close": 9.575124740600586,
        "Volume": 4201200.0
    },
    "CMCSA": {
        "Open": 5.115589141845703,
        "High": 5.1253509521484375,
        "Low": 4.920337200164795,
        "Close": 5.037487983703613,
        "Adj Close": 3.409174919128418,
        "Volume": 4487162.0
    },
    "COF": {
        "Open": 18.916667938232422,
        "High": 19.854167938232422,
        "Low": 18.8125,
        "Close": 19.854167938232422,
        "Adj Close": 14.288064002990723,
        "Volume": 2665800.0
    },
    "COP": {
        "Open": 17.199766159057617,
        "High": 17.2712345123291,
        "Low": 16.913898468017578,
        "Close": 16.9615421295166,
        "Adj Close": 6.997664451599121,
        "Volume": 1872713.0
    },
    "COST": {
        "Open": 21.75,
        "High": 21.75,
        "Low": 21.25,
        "Close": 21.5,
        "Adj Close": 14.344091415405273,
        "Volume": 1270600.0
    },
    "CRM": {
        "Open": null,
        "High": null,
        "Low": null,
        "Close": null,
        "Adj Close": null,
        "Volume": null
    },
    "CSCO": {
        "Open": 9.458333015441895,
        "High": 9.708333015441895,
        "Low": 9.427083015441895,
        "Close": 9.572916984558105,
        "Adj Close": 6.194167613983154,
        "Volume": 49991400.0
    },
    "CVS": {
        "Open": 16.265625,
        "High": 16.296875,
        "Low": 16.09375,
        "Close": 16.125,
        "Adj Close": 10.08602523803711,
        "Volume": 1273200.0
    },
    "CVX": {
        "Open": 38.0,
        "High": 38.5,
        "Low": 37.9375,
        "Close": 38.03125,
        "Adj Close": 13.629890441894531,
        "Volume": 2580000.0
    },
    "DE": {
        "Open": 26.46875,
        "High": 26.46875,
        "Low": 25.75,
        "Close": 25.75,
        "Adj Close": 14.887436866760254,
        "Volume": 1090200.0
    },
    "DHR": {
        "Open": 5.035641193389893,
        "High": 5.035641193389893,
        "Low": 4.935873031616211,
        "Close": 5.00938606262207,
        "Adj Close": 2.957425594329834,
        "Volume": 1365235.0
    },
    "DIS": {
        "Open": 31.588552474975586,
        "High": 31.588552474975586,
        "Low": 31.13640594482422,
        "Close": 31.465240478515625,
        "Adj Close": 23.73700714111328,
        "Volume": 3032235.0
    },
    "DUK": {
        "Open": 48.049705505371094,
        "High": 48.049705505371094,
        "Low": 47.39596939086914,
        "Close": 47.50492477416992,
        "Adj Close": 13.413851737976074,
        "Volume": 1141054.0
    },
    "EMR": {
        "Open": 30.40625,
        "High": 31.125,
        "Low": 30.3125,
        "Close": 30.84375,
        "Adj Close": 14.546817779541016,
        "Volume": 3762800.0
    },
    "FDX": {
        "Open": 31.28125,
        "High": 31.96875,
        "Low": 31.03125,
        "Close": 31.75,
        "Adj Close": 25.421987533569336,
        "Volume": 1718800.0
    },
    "GD": {
        "Open": 21.4375,
        "High": 21.4375,
        "Low": 21.3125,
        "Close": 21.328125,
        "Adj Close": 12.055326461791992,
        "Volume": 384400.0
    },
    "GE": {
        "Open": 118.21345520019531,
        "High": 118.61282348632812,
        "Low": 116.11676025390625,
        "Close": 116.11676025390625,
        "Adj Close": 61.17251968383789,
        "Volume": 2123283.0
    },
    "GILD": {
        "Open": 1.171875,
        "High": 1.199218988418579,
        "Low": 1.171875,
        "Close": 1.199218988418579,
        "Adj Close": 0.8331591486930847,
        "Volume": 4176000.0
    },
    "GM": {
        "Open": null,
        "High": null,
        "Low": null,
        "Close": null,
        "Adj Close": null,
        "Volume": null
    },
    "GOOG": {
        "Open": null,