{
    "AAPL": {
        "Open": 0.16741099953651428,
        "High": 0.17020100355148315,
        "Low": 0.16573700308799744,
        "Close": 0.16880600154399872,
        "Adj Close": 0.14162221550941467,
        "Volume": 190209600.0
    },
    "ABBV": {
        "Open": null,
        "High": null,
        "Low": null,
        "Close": null,
        "Adj Close": null,
        "Volume": null
    },
    "ABT": {
        "Open": 16.034177780151367,
        "High": 16.034177780151367,
        "Low": 15.711530685424805,
        "Close": 15.865839958190918,
        "Adj Close": 7.965897083282471,
        "Volume": 4972590.0
    },
    "ACN": {
        "Open": null,
        "High": null,
        "Low": null,
        "Close": null,
        "Adj Close": null,
        "Volume": null
    },
    "ADBE": {
        "Open": 4.875,
        "High": 4.96875,
        "Low": 4.875,
        "Close": 4.882812976837158,
        "Adj Close": 4.8203253746032715,
        "Volume": 3800000.0
    },
    "AIG": {
        "Open": 732.888916015625,
        "High": 746.2222290039062,
        "Low": 732.888916015625,
        "Close": 741.7777709960938,
        "Adj Close": 435.0423889160156,
        "Volume": 202458.0
    },
    "AMD": {
        "Open": 9.25,
        "High": 9.3125,
        "Low": 9.0625,
        "Close": 9.28125,
        "Adj Close": 9.28125,
        "Volume": 2090800.0
    },
    "AMGN": {
        "Open": 12.46875,
        "High": 12.5625,
        "Low": 12.375,
        "Close": 12.390625,
        "Adj Close": 8.380876541137695,
        "Volume": 9232800.0
    },
    "AMT": {
        "Open": null,
        "High": null,
        "Low": null,
        "Close": null,
        "Adj Close": null,
        "Volume": null
    },
    "AMZN": {
        "Open": 0.24687500298023224,
        "High": 0.2583329975605011,
        "Low": 0.24375000596046448,
        "Close": 0.25364598631858826,
        "Adj Close": 0.25364598631858826,
        "Volume": 174768000.0
    },
    "AVGO": {
        "Open": null,
        "High": null,
        "Low": null,
        "Close": null,
        "Adj Close": null,
        "Volume": null
    },
    "AXP": {
        "Open": 23.851924896240234,
        "High": 24.070749282836914,
        "Low": 23.815454483032227,
        "Close": 23.815454483032227,
        "Adj Close": 16.495250701904297,
        "Volume": 2630869.0
    },
    "BA": {
        "Open": 43.5,
        "High": 44.625,
        "Low": 43.0625,
        "Close": 44.0,
        "Adj Close": 27.6746826171875,
        "Volume": 5895800.0
    },
    "BAC": {
        "Open": 31.34375,
        "High": 31.34375,
        "Low": 30.1875,
        "Close": 30.4375,
        "Adj Close": 14.79608154296875,
        "Volume": 5137400.0
    },
    "BK": {
        "Open": 30.07737922668457,
        "High": 30.441753387451172,
        "Low": 29.149883270263672,
        "Close": 29.812381744384766,
        "Adj Close": 15.85013198852539,
        "Volume": 1250382.0
    },
    "BKNG": {
        "Open": null,
        "High": null,
        "Low": null,
        "Close": null,
        "Adj Close": null,
        "Volume": null
    },
    "BLK": {
        "Open": null,
        "High": null,
        "Low": null,
        "Close": null,
        "Adj Close": null,
        "Volume": null
    },
    "BMY": {
        "Open": 45.68529510498047,
        "High": 45.68529510498047,
        "Low": 44.495574951171875,
        "Close": 44.97146224975586,
        "Adj Close": 16.586597442626953,
        "Volume": 5461994.0
    },
    "BRK-B": {
        "Open": 32.86000061035156,
        "High": 33.5,
        "Low": 32.86000061035156,
        "Close": 33.36000061035156,
        "Adj Close": 33.36000061035156,
        "Volume": 315000.0
    },
    "C": {
        "Open": 253.75,
        "High": 253.75,
        "Low": 247.8125,
        "Close": 250.0,
        "Adj Close": 127.13847351074219,
        "Volume": 572420.0
    },
    "CAT": {
        "Open": 22.71875,
        "High": 23.71875,
        "Low": 22.71875,
        "Close": 23.4375,
        "Adj Close": 11.626893043518066,
        "Volume": 11354200.0
    },
    "CL": {
        "Open": 17.75,
        "High": 17.8125,
        "Low": 17.4375,
        "Close": 17.5,
        "Adj Close": 9.687570571899414,
        "Volume": 3684400.0
    },
    "CMCSA": {
        "Open": 5.09606409072876,
        "High": 5.154638767242432,
        "Low": 5.076539039611816,
        "Close": 5.076539039611816,
        "Adj Close": 3.435601234436035,
        "Volume": 535207.0
    },
    "COF": {
        "Open": 20.0625,
        "High": 20.0625,
        "Low": 19.583332061767578,
        "Close": 19.958332061767578,
        "Adj Close": 14.363021850585938,
        "Volume": 969600.0
    },
    "COP": {
        "Open": 17.128299713134766,
        "High": 17.199766159057617,
        "Low": 17.009187698364258,
        "Close": 17.08065414428711,
        "Adj Close": 7.046807765960693,
        "Volume": 1532172.0
    },
    "COST": {
        "Open": 22.5625,
        "High": 22.8125,
        "Low": 22.0625,
        "Close": 22.25,
        "Adj Close": 14.844474792480469,
        "Volume": 5779800.0
    },
    "CRM": {
        "Open": null,
        "High": null,
        "Low": null,
        "Close": null,
        "Adj Close": null,
        "Volume": null
    },
    "CSCO": {
        "Open": 9.791666984558105,
        "High": 9.916666984558105,
        "Low": 9.458333015441895,
        "Close": 9.895833015441895,
        "Adj Close": 6.40311336517334,
        "Volume": 52260600.0
    },
    "CVS": {
        "Open": 16.75,
        "High": 16.765625,
        "Low": 16.3125,
        "Close": 16.421875,
        "Adj Close": 10.28855037689209,
        "Volume": 1222000.0
    },
    "CVX": {
        "Open": 38.78125,
        "High": 39.15625,
        "Low": 38.28125,
        "Close": 38.5,
        "Adj Close": 13.797879219055176,
        "Volume": 2936600.0
    },
    "DE": {
        "Open": 26.375,
        "High": 26.375,
        "Low": 25.6875,
        "Close": 25.8125,
        "Adj Close": 14.92358684539795,
        "Volume": 2769600.0
    },
    "DHR": {
        "Open": 4.988381862640381,
        "High": 5.035641193389893,
        "Low": 4.935873031616211,
        "Close": 4.972630023956299,
        "Adj Close": 2.935725212097168,
        "Volume": 1125991.0
    },
    "DIS": {
        "Open": 32.67781448364258,
        "High": 32.71891784667969,
        "Low": 32.246219635009766,
        "Close": 32.513397216796875,
        "Adj Close": 24.52773094177246,
        "Volume": 3561379.0
    },
    "DUK": {
        "Open": 46.36088562011719,
        "High": 47.06909942626953,
        "Low": 46.30640411376953,
        "Close": 47.01462173461914,
        "Adj Close": 13.27540111541748,
        "Volume": 730913.0
    },
    "EMR": {
        "Open": 31.0625,
        "High": 31.28125,
        "Low": 30.65625,
        "Close": 31.125,
        "Adj Close": 14.679468154907227,
        "Volume": 1446600.0
    },
    "FDX": {
        "Open": 33.21875,
        "High": 33.4375,
        "Low": 33.0,
        "Close": 33.0,
        "Adj Close": 26.4228572845459,
        "Volume": 877200.0
    },
    "GD": {
        "Open": 21.265625,
        "High": 21.40625,
        "Low": 20.9375,
        "Close": 21.15625,
        "Adj Close": 11.958186149597168,
        "Volume": 270400.0
    },
    "GE": {
        "Open": 120.11045837402344,
        "High": 121.40841674804688,
        "Low": 119.8109359741211,
        "Close": 120.70951843261719,
        "Adj Close": 63.5920524597168,
        "Volume": 3230840.0
    },
    "GILD": {
        "Open": 1.238281011581421,
        "High": 1.25,
        "Low": 1.1875,
        "Close": 1.1875,
        "Adj Close": 0.8250170946121216,
        "Volume": 15433600.0
    },
    "GM": {
        "Open": null,
        "High": null,
        "Low": null,
        "Close": null,
        "Adj Close": null,
        "Volume": null
    },
    "GOOG": {
        "Open": null,
        "High": null,