{
    "AAPL": {
        "Open": 0.171316996216774,
        "High": 0.1757809966802597,
        "Low": 0.16964299976825714,
        "Close": 0.17075900733470917,
        "Adj Close": 0.14326073229312897,
        "Volume": 112235200.0
    },
    "ABBV": {
        "Open": null,
        "High": null,
        "Low": null,
        "Close": null,
        "Adj Close": null,
        "Volume": null
    },
    "ABT": {
        "Open": 15.557221412658691,
        "High": 16.034177780151367,
        "Low": 15.529165267944336,
        "Close": 15.90792465209961,
        "Adj Close": 7.987025260925293,
        "Volume": 6042759.0
    },
    "ACN": {
        "Open": null,
        "High": null,
        "Low": null,
        "Close": null,
        "Adj Close": null,
        "Volume": null
    },
    "ADBE": {
        "Open": 4.632812976837158,
        "High": 4.734375,
        "Low": 4.632812976837158,
        "Close": 4.671875,
        "Adj Close": 4.612087249755859,
        "Volume": 3863200.0
    },
    "AIG": {
        "Open": 768.0,
        "High": 792.0,
        "Low": 766.2222290039062,
        "Close": 790.2222290039062,
        "Adj Close": 463.4544372558594,
        "Volume": 273825.0
    },
    "AMD": {
        "Open": 9.4375,
        "High": 9.75,
        "Low": 9.3125,
        "Close": 9.375,
        "Adj Close": 9.375,
        "Volume": 2224600.0
    },
    "AMGN": {
        "Open": 12.1875,
        "High": 12.46875,
        "Low": 12.140625,
        "Close": 12.28125,
        "Adj Close": 8.306901931762695,
        "Volume": 9728800.0
    },
    "AMT": {
        "Open": null,
        "High": null,
        "Low": null,
        "Close": null,
        "Adj Close": null,
        "Volume": null
    },
    "AMZN": {
        "Open": 0.24088500440120697,
        "High": 0.2432290017604828,
        "Low": 0.23333300650119781,
        "Close": 0.23749999701976776,
        "Adj Close": 0.23749999701976776,
        "Volume": 82080000.0
    },
    "AVGO": {
        "Open": null,
        "High": null,
        "Low": null,
        "Close": null,
        "Adj Close": null,
        "Volume": null
    },
    "AXP": {
        "Open": 23.23192024230957,
        "High": 24.435457229614258,
        "Low": 23.21368408203125,
        "Close": 24.362516403198242,
        "Adj Close": 16.874141693115234,
        "Volume": 7079973.0
    },
    "BA": {
        "Open": 44.4375,
        "High": 45.25,
        "Low": 44.0,
        "Close": 45.0,
        "Adj Close": 28.30367088317871,
        "Volume": 3596600.0
    },
    "BAC": {
        "Open": 29.9375,
        "High": 30.6875,
        "Low": 29.875,
        "Close": 30.625,
        "Adj Close": 14.887222290039062,
        "Volume": 3900800.0
    },
    "BK": {
        "Open": 29.149883270263672,
        "High": 29.28238296508789,
        "Low": 28.089887619018555,
        "Close": 29.083633422851562,
        "Adj Close": 15.462693214416504,
        "Volume": 3833978.0
    },
    "BKNG": {
        "Open": null,
        "High": null,
        "Low": null,
        "Close": null,
        "Adj Close": null,
        "Volume": null
    },
    "BLK": {
        "Open": null,
        "High": null,
        "Low": null,
        "Close": null,
        "Adj Close": null,
        "Volume": null
    },
    "BMY": {
        "Open": 45.923240661621094,
        "High": 46.69655990600586,
        "Low": 45.923240661621094,
        "Close": 46.39912796020508,
        "Adj Close": 17.113155364990234,
        "Volume": 6162578.0
    },
    "BRK-B": {
        "Open": 32.959999084472656,
        "High": 33.279998779296875,
        "Low": 32.84000015258789,
        "Close": 33.279998779296875,
        "Adj Close": 33.279998779296875,
        "Volume": 115000.0
    },
    "C": {
        "Open": 235.3125,
        "High": 249.0625,
        "Low": 235.3125,
        "Close": 246.875,
        "Adj Close": 125.54934692382812,
        "Volume": 693440.0
    },
    "CAT": {
        "Open": 22.84375,
        "High": 23.375,
        "Low": 22.84375,
        "Close": 23.1875,
        "Adj Close": 11.50287914276123,
        "Volume": 3134000.0
    },
    "CL": {
        "Open": 17.421875,
        "High": 17.8125,
        "Low": 17.40625,
        "Close": 17.65625,
        "Adj Close": 9.812925338745117,
        "Volume": 3916000.0
    },
    "CMCSA": {
        "Open": 5.076539039611816,
        "High": 5.115589141845703,
        "Low": 4.8422369956970215,
        "Close": 4.95938777923584,
        "Adj Close": 3.356318235397339,
        "Volume": 1843136.0
    },
    "COF": {
        "Open": 19.770832061767578,
        "High": 20.75,
        "Low": 19.729167938232422,
        "Close": 20.520832061767578,
        "Adj Close": 14.76782512664795,
        "Volume": 1502700.0
    },
    "COP": {
        "Open": 16.8186092376709,
        "High": 17.199766159057617,
        "Low": 16.8186092376709,
        "Close": 17.08065414428711,
        "Adj Close": 7.046807765960693,
        "Volume": 1227049.0
    },
    "COST": {
        "Open": 21.09375,
        "High": 22.125,
        "Low": 21.0,
        "Close": 21.78125,
        "Adj Close": 14.531731605529785,
        "Volume": 3599200.0
    },
    "CRM": {
        "Open": null,
        "High": null,
        "Low": null,
        "Close": null,
        "Adj Close": null,
        "Volume": null
    },
    "CSCO": {
        "Open": 9.4375,
        "High": 9.895833015441895,
        "Low": 9.3125,
        "Close": 9.875,
        "Adj Close": 6.3896307945251465,
        "Volume": 67517400.0
    },
    "CVS": {
        "Open": 16.125,
        "High": 16.5,
        "Low": 16.125,
        "Close": 16.21875,
        "Adj Close": 10.161287307739258,
        "Volume": 1154800.0
    },
    "CVX": {
        "Open": 37.78125,
        "High": 38.5,
        "Low": 37.6875,
        "Close": 38.21875,
        "Adj Close": 13.697083473205566,
        "Volume": 2153800.0
    },
    "DE": {
        "Open": 25.34375,
        "High": 25.625,
        "Low": 24.6875,
        "Close": 24.6875,
        "Adj Close": 14.273164749145508,
        "Volume": 4093600.0
    },
    "DHR": {
        "Open": 4.993632793426514,
        "High": 5.056644916534424,
        "Low": 4.993632793426514,
        "Close": 5.040892124176025,
        "Adj Close": 2.976025104522705,
        "Volume": 1103376.0
    },
    "DIS": {
        "Open": 32.513397216796875,
        "High": 34.23977279663086,
        "Low": 32.513397216796875,
        "Close": 33.78762435913086,
        "Adj Close": 25.48898696899414,
        "Volume": 9832945.0
    },
    "DUK": {
        "Open": 47.45044708251953,
        "High": 47.6138801574707,
        "Low": 47.28701400756836,
        "Close": 47.28701400756836,
        "Adj Close": 13.352319717407227,
        "Volume": 969196.0
    },
    "EMR": {
        "Open": 30.46875,
        "High": 31.0625,
        "Low": 30.375,
        "Close": 30.84375,
        "Adj Close": 14.546817779541016,
        "Volume": 1482600.0
    },
    "FDX": {
        "Open": 32.21875,
        "High": 32.34375,
        "Low": 31.90625,
        "Close": 32.0625,
        "Adj Close": 25.672203063964844,
        "Volume": 1097000.0
    },
    "GD": {
        "Open": 21.875,
        "High": 22.078125,
        "Low": 21.625,
        "Close": 21.6875,
        "Adj Close": 12.258461952209473,
        "Volume": 447600.0
    },
    "GE": {
        "Open": 119.71109008789062,
        "High": 123.20558166503906,
        "Low": 119.51140594482422,
        "Close": 121.80778503417969,
        "Adj Close": 64.17063903808594,
        "Volume": 3759423.0
    },
    "GILD": {
        "Open": 1.203125,
        "High": 1.2246090173721313,
        "Low": 1.1640629768371582,
        "Close": 1.2246090173721313,
        "Adj Close": 0.8507986664772034,
        "Volume": 6166400.0
    },
    "GM": {
        "Open": null,
        "High": null,
        "Low": null,
        "Close": null,
        "Adj Close": null,
        "Volume": null
    },
    "GOOG": {
        "Open": null,