{
    "AAPL": {
        "Open": 0.20145100355148315,
        "High": 0.20424099266529083,
        "Low": 0.19866099953651428,
        "Close": 0.20089299976825714,
        "Adj Close": 0.1685420423746109,
        "Volume": 122539200.0
    },
    "ABBV": {
        "Open": null,
        "High": null,
        "Low": null,
        "Close": null,
        "Adj Close": null,
        "Volume": null
    },
    "ABT": {
        "Open": 14.14037799835205,
        "High": 14.196490287780762,
        "Low": 13.986067771911621,
        "Close": 14.042181015014648,
        "Adj Close": 6.993710517883301,
        "Volume": 4989966.0
    },
    "ACN": {
        "Open": null,
        "High": null,
        "Low": null,
        "Close": null,
        "Adj Close": null,
        "Volume": null
    },
    "ADBE": {
        "Open": 5.125,
        "High": 5.1875,
        "Low": 5.0625,
        "Close": 5.117187976837158,
        "Adj Close": 5.044269561767578,
        "Volume": 6225600.0
    },
    "AIG": {
        "Open": 700.888916015625,
        "High": 709.3333129882812,
        "Low": 697.7777709960938,
        "Close": 708.888916015625,
        "Adj Close": 415.45928955078125,
        "Volume": 207014.0
    },
    "AMD": {
        "Open": 18.0625,
        "High": 18.1875,
        "Low": 17.5625,
        "Close": 17.625,
        "Adj Close": 17.625,
        "Volume": 13555200.0
    },
    "AMGN": {
        "Open": 12.421875,
        "High": 12.59375,
        "Low": 12.34375,
        "Close": 12.390625,
        "Adj Close": 8.380876541137695,
        "Volume": 10355200.0
    },
    "AMT": {
        "Open": null,
        "High": null,
        "Low": null,
        "Close": null,
        "Adj Close": null,
        "Volume": null
    },
    "AMZN": {
        "Open": 0.11822900176048279,
        "High": 0.12760399281978607,
        "Low": 0.1171879991889,
        "Close": 0.12760399281978607,
        "Adj Close": 0.12760399281978607,
        "Volume": 66960000.0
    },
    "AVGO": {
        "Open": null,
        "High": null,
        "Low": null,
        "Close": null,
        "Adj Close": null,
        "Volume": null
    },
    "AXP": {
        "Open": 23.0495662689209,
        "High": 23.48721694946289,
        "Low": 23.0495662689209,
        "Close": 23.450746536254883,
        "Adj Close": 16.155982971191406,
        "Volume": 3141551.0
    },
    "BA": {
        "Open": 57.4375,
        "High": 57.5,
        "Low": 55.375,
        "Close": 56.25,
        "Adj Close": 35.27248764038086,
        "Volume": 5142600.0
    },
    "BAC": {
        "Open": 29.1875,
        "High": 29.1875,
        "Low": 28.53125,
        "Close": 28.71875,
        "Adj Close": 13.874573707580566,
        "Volume": 8720400.0
    },
    "BK": {
        "Open": 24.379901885986328,
        "High": 24.5455265045166,
        "Low": 24.24740219116211,
        "Close": 24.512401580810547,
        "Adj Close": 12.907593727111816,
        "Volume": 1201892.0
    },
    "BKNG": {
        "Open": null,
        "High": null,
        "Low": null,
        "Close": null,
        "Adj Close": null,
        "Volume": null
    },
    "BLK": {
        "Open": null,
        "High": null,
        "Low": null,
        "Close": null,
        "Adj Close": null,
        "Volume": null
    },
    "BMY": {
        "Open": 37.35724639892578,
        "High": 38.160308837890625,
        "Low": 37.3275032043457,
        "Close": 37.92236328125,
        "Adj Close": 13.864109992980957,
        "Volume": 4518075.0
    },
    "BRK-B": {
        "Open": 29.15999984741211,
        "High": 29.200000762939453,
        "Low": 28.940000534057617,
        "Close": 28.940000534057617,
        "Adj Close": 28.940000534057617,
        "Volume": 70000.0
    },
    "C": {
        "Open": 225.8333282470703,
        "High": 227.9166717529297,
        "Low": 222.5,
        "Close": 225.0,
        "Adj Close": 114.18119049072266,
        "Volume": 348600.0
    },
    "CAT": {
        "Open": 28.875,
        "High": 28.875,
        "Low": 28.0,
        "Close": 28.1875,
        "Adj Close": 13.849953651428223,
        "Volume": 6638200.0
    },
    "CL": {
        "Open": 16.5,
        "High": 16.5625,
        "Low": 16.1875,
        "Close": 16.421875,
        "Adj Close": 9.057077407836914,
        "Volume": 4136400.0
    },
    "CMCSA": {
        "Open": 3.651202917098999,
        "High": 3.6707279682159424,
        "Low": 3.5242888927459717,
        "Close": 3.5340518951416016,
        "Adj Close": 2.3898537158966064,
        "Volume": 1489105.0
    },
    "COF": {
        "Open": 12.958333015441895,
        "High": 13.25,
        "Low": 12.854166984558105,
        "Close": 13.0625,
        "Adj Close": 9.383727073669434,
        "Volume": 2333100.0
    },
    "COP": {
        "Open": 18.43853187561035,
        "High": 18.62911033630371,
        "Low": 18.414709091186523,
        "Close": 18.605287551879883,
        "Adj Close": 7.621225833892822,
        "Volume": 682394.0
    },
    "COST": {
        "Open": 18.5,
        "High": 18.5625,
        "Low": 18.3125,
        "Close": 18.5,
        "Adj Close": 12.3425874710083,
        "Volume": 3919600.0
    },
    "CRM": {
        "Open": null,
        "High": null,
        "Low": null,
        "Close": null,
        "Adj Close": null,
        "Volume": null
    },
    "CSCO": {
        "Open": 8.597222328186035,
        "High": 8.722222328186035,
        "Low": 8.569443702697754,
        "Close": 8.604166984558105,
        "Adj Close": 5.5673370361328125,
        "Volume": 39959100.0
    },
    "CVS": {
        "Open": 14.4375,
        "High": 14.75,
        "Low": 14.390625,
        "Close": 14.65625,
        "Adj Close": 9.149492263793945,
        "Volume": 2708400.0
    },
    "CVX": {
        "Open": 39.6875,
        "High": 40.09375,
        "Low": 39.59375,
        "Close": 39.9375,
        "Adj Close": 14.213861465454102,
        "Volume": 1618800.0
    },
    "DE": {
        "Open": 28.5,
        "High": 28.53125,
        "Low": 27.59375,
        "Close": 27.875,
        "Adj Close": 15.992871284484863,
        "Volume": 1838800.0
    },
    "DHR": {
        "Open": 4.594563007354736,
        "High": 4.626068115234375,
        "Low": 4.5893120765686035,
        "Close": 4.626068115234375,
        "Adj Close": 2.728854179382324,
        "Volume": 373743.0
    },
    "DIS": {
        "Open": 26.142250061035156,
        "High": 26.142250061035156,
        "Low": 25.422927856445312,
        "Close": 25.546239852905273,
        "Adj Close": 19.2165470123291,
        "Volume": 5252509.0
    },
    "DUK": {
        "Open": 43.14667510986328,
        "High": 43.47354507446289,
        "Low": 43.09219741821289,
        "Close": 43.47354507446289,
        "Adj Close": 12.138083457946777,
        "Volume": 671256.0
    },
    "EMR": {
        "Open": 28.09375,
        "High": 28.125,
        "Low": 27.8125,
        "Close": 28.0625,
        "Adj Close": 13.15937614440918,
        "Volume": 1089000.0
    },
    "FDX": {
        "Open": 34.21875,
        "High": 34.4375,
        "Low": 34.0,
        "Close": 34.0,
        "Adj Close": 27.223546981811523,
        "Volume": 479400.0
    },
    "GD": {
        "Open": 20.859375,
        "High": 21.0625,
        "Low": 20.796875,
        "Close": 21.0625,
        "Adj Close": 11.793844223022461,
        "Volume": 490800.0
    },
    "GE": {
        "Open": 106.93125915527344,
        "High": 108.1293716430664,
        "Low": 105.63330841064453,
        "Close": 106.33220672607422,
        "Adj Close": 55.563621520996094,
        "Volume": 2696498.0
    },
    "GILD": {
        "Open": 1.0703129768371582,
        "High": 1.125,
        "Low": 1.0625,
        "Close": 1.1171879768371582,
        "Adj Close": 0.7761679887771606,
        "Volume": 16713600.0
    },
    "GM": {
        "Open": null,
        "High": null,
        "Low": null,
        "Close": null,
        "Adj Close": null,
        "Volume": null
    },