{
    "AAPL": {
        "Open": 0.19810299575328827,
        "High": 0.19866099953651428,
        "Low": 0.1914059966802597,
        "Close": 0.19698700308799744,
        "Adj Close": 0.1652650237083435,
        "Volume": 113680000.0
    },
    "ABBV": {
        "Open": null,
        "High": null,
        "Low": null,
        "Close": null,
        "Adj Close": null,
        "Volume": null
    },
    "ABT": {
        "Open": 13.467025756835938,
        "High": 13.943984031677246,
        "Low": 13.354801177978516,
        "Close": 13.915926933288574,
        "Adj Close": 6.930830955505371,
        "Volume": 7305844.0
    },
    "ACN": {
        "Open": null,
        "High": null,
        "Low": null,
        "Close": null,
        "Adj Close": null,
        "Volume": null
    },
    "ADBE": {
        "Open": 5.570312976837158,
        "High": 5.726562976837158,
        "Low": 5.53125,
        "Close": 5.65625,
        "Adj Close": 5.575651168823242,
        "Volume": 18688800.0
    },
    "AIG": {
        "Open": 716.888916015625,
        "High": 716.888916015625,
        "Low": 702.6666870117188,
        "Close": 708.888916015625,
        "Adj Close": 415.45928955078125,
        "Volume": 143522.0
    },
    "AMD": {
        "Open": 17.5,
        "High": 18.0,
        "Low": 17.4375,
        "Close": 17.75,
        "Adj Close": 17.75,
        "Volume": 10132400.0
    },
    "AMGN": {
        "Open": 12.25,
        "High": 12.28125,
        "Low": 11.90625,
        "Close": 12.05859375,
        "Adj Close": 8.15629768371582,
        "Volume": 19295600.0
    },
    "AMT": {
        "Open": null,
        "High": null,
        "Low": null,
        "Close": null,
        "Adj Close": null,
        "Volume": null
    },
    "AMZN": {
        "Open": 0.15937499701976776,
        "High": 0.18489600718021393,
        "Low": 0.15781299769878387,
        "Close": 0.18437500298023224,
        "Adj Close": 0.18437500298023224,
        "Volume": 66672000.0
    },
    "AVGO": {
        "Open": null,
        "High": null,
        "Low": null,
        "Close": null,
        "Adj Close": null,
        "Volume": null
    },
    "AXP": {
        "Open": 22.75779914855957,
        "High": 22.77603530883789,
        "Low": 22.32015037536621,
        "Close": 22.666622161865234,
        "Adj Close": 15.61577320098877,
        "Volume": 3955215.0
    },
    "BA": {
        "Open": 51.6875,
        "High": 52.9375,
        "Low": 51.5,
        "Close": 52.9375,
        "Adj Close": 33.19532775878906,
        "Volume": 4730000.0
    },
    "BAC": {
        "Open": 29.25,
        "High": 29.5625,
        "Low": 28.78125,
        "Close": 29.5,
        "Adj Close": 14.252010345458984,
        "Volume": 7564200.0
    },
    "BK": {
        "Open": 24.479276657104492,
        "High": 24.777400970458984,
        "Low": 24.280527114868164,
        "Close": 24.413026809692383,
        "Adj Close": 12.85525894165039,
        "Volume": 1928121.0
    },
    "BKNG": {
        "Open": null,
        "High": null,
        "Low": null,
        "Close": null,
        "Adj Close": null,
        "Volume": null
    },
    "BLK": {
        "Open": null,
        "High": null,
        "Low": null,
        "Close": null,
        "Adj Close": null,
        "Volume": null
    },
    "BMY": {
        "Open": 37.11930465698242,
        "High": 38.48748016357422,
        "Low": 36.67315673828125,
        "Close": 38.39825439453125,
        "Adj Close": 14.038074493408203,
        "Volume": 4024892.0
    },
    "BRK-B": {
        "Open": 28.219999313354492,
        "High": 28.479999542236328,
        "Low": 28.0,
        "Close": 28.420000076293945,
        "Adj Close": 28.420000076293945,
        "Volume": 90000.0
    },
    "C": {
        "Open": 217.9166717529297,
        "High": 221.25,
        "Low": 215.625,
        "Close": 220.8333282470703,
        "Adj Close": 112.06670379638672,
        "Volume": 357660.0
    },
    "CAT": {
        "Open": 26.8125,
        "High": 27.125,
        "Low": 26.6875,
        "Close": 27.0,
        "Adj Close": 13.266467094421387,
        "Volume": 1875800.0
    },
    "CL": {
        "Open": 15.671875,
        "High": 15.78125,
        "Low": 15.4375,
        "Close": 15.78125,
        "Adj Close": 8.703754425048828,
        "Volume": 7394400.0
    },
    "CMCSA": {
        "Open": 3.7488279342651367,
        "High": 3.77811598777771,
        "Low": 3.709778070449829,
        "Close": 3.7683539390563965,
        "Adj Close": 2.5482966899871826,
        "Volume": 1170286.0
    },
    "COF": {
        "Open": 12.708333015441895,
        "High": 12.708333015441895,
        "Low": 12.333333015441895,
        "Close": 12.458333015441895,
        "Adj Close": 8.94970417022705,
        "Volume": 937200.0
    },
    "COP": {
        "Open": 18.772045135498047,
        "High": 18.795867919921875,
        "Low": 18.43853187561035,
        "Close": 18.795867919921875,
        "Adj Close": 7.699291229248047,
        "Volume": 1825751.0
    },
    "COST": {
        "Open": 18.4375,
        "High": 18.8125,
        "Low": 18.4375,
        "Close": 18.65625,
        "Adj Close": 12.446836471557617,
        "Volume": 1773000.0
    },
    "CRM": {
        "Open": null,
        "High": null,
        "Low": null,
        "Close": null,
        "Adj Close": null,
        "Volume": null
    },
    "CSCO": {
        "Open": 8.097222328186035,
        "High": 8.097222328186035,
        "Low": 7.826388835906982,
        "Close": 8.027777671813965,
        "Adj Close": 5.194385051727295,
        "Volume": 66121200.0
    },
    "CVS": {
        "Open": 14.25,
        "High": 14.65625,
        "Low": 14.1875,
        "Close": 14.625,
        "Adj Close": 9.129982948303223,
        "Volume": 1839200.0
    },
    "CVX": {
        "Open": 40.25,
        "High": 41.21875,
        "Low": 40.0625,
        "Close": 41.1875,
        "Adj Close": 14.6587495803833,
        "Volume": 2256000.0
    },
    "DE": {
        "Open": 26.75,
        "High": 26.8125,
        "Low": 26.09375,
        "Close": 26.65625,
        "Adj Close": 15.293634414672852,
        "Volume": 1605400.0
    },
    "DHR": {
        "Open": 4.631319046020508,
        "High": 4.704832077026367,
        "Low": 4.631319046020508,
        "Close": 4.704832077026367,
        "Adj Close": 2.7753162384033203,
        "Volume": 326133.0
    },
    "DIS": {
        "Open": 24.95022964477539,
        "High": 25.422927856445312,
        "Low": 24.95022964477539,
        "Close": 25.361270904541016,
        "Adj Close": 19.077409744262695,
        "Volume": 4719108.0
    },
    "DUK": {
        "Open": 42.98324203491211,
        "High": 43.69145584106445,
        "Low": 42.81980514526367,
        "Close": 43.69145584106445,
        "Adj Close": 12.19892406463623,
        "Volume": 685596.0
    },
    "EMR": {
        "Open": 26.65625,
        "High": 27.53125,
        "Low": 26.59375,
        "Close": 27.46875,
        "Adj Close": 12.880949974060059,
        "Volume": 1517000.0
    },
    "FDX": {
        "Open": 33.6875,
        "High": 34.0625,
        "Low": 33.125,
        "Close": 33.6875,
        "Adj Close": 26.973325729370117,
        "Volume": 398400.0
    },
    "GD": {
        "Open": 20.25,
        "High": 20.875,
        "Low": 20.125,
        "Close": 20.875,
        "Adj Close": 11.688851356506348,
        "Volume": 366800.0
    },
    "GE": {
        "Open": 104.83456420898438,
        "High": 106.73157501220703,
        "Low": 103.43677520751953,
        "Close": 105.83299255371094,
        "Adj Close": 55.30278015136719,
        "Volume": 3382892.0
    },
    "GILD": {
        "Open": 1.144531011581421,
        "High": 1.2265629768371582,
        "Low": 1.1347659826278687,
        "Close": 1.214843988418579,
        "Adj Close": 0.8440147638320923,
        "Volume": 20764800.0
    },
    "GM": {
        "Open": null,
        "High": null,
        "Low": null,
        "Close": null,
        "Adj Close": null,