{
    "AAPL": {
        "Open": 0.19754500687122345,
        "High": 0.20591500401496887,
        "Low": 0.19642899930477142,
        "Close": 0.203683003783226,
        "Adj Close": 0.17088276147842407,
        "Volume": 200368000.0
    },
    "ABBV": {
        "Open": null,
        "High": null,
        "Low": null,
        "Close": null,
        "Adj Close": null,
        "Volume": null
    },
    "ABT": {
        "Open": 14.491082191467285,
        "High": 14.589279174804688,
        "Low": 14.420941352844238,
        "Close": 14.54719352722168,
        "Adj Close": 7.24523401260376,
        "Volume": 4002220.0
    },
    "ACN": {
        "Open": null,
        "High": null,
        "Low": null,
        "Close": null,
        "Adj Close": null,
        "Volume": null
    },
    "ADBE": {
        "Open": 6.421875,
        "High": 6.609375,
        "Low": 6.375,
        "Close": 6.515625,
        "Adj Close": 6.4227776527404785,
        "Volume": 37351200.0
    },
    "AIG": {
        "Open": 742.2222290039062,
        "High": 756.888916015625,
        "Low": 740.4444580078125,
        "Close": 751.111083984375,
        "Adj Close": 440.204345703125,
        "Volume": 99788.0
    },
    "AMD": {
        "Open": 16.75,
        "High": 16.8125,
        "Low": 16.3125,
        "Close": 16.59375,
        "Adj Close": 16.59375,
        "Volume": 4114800.0
    },
    "AMGN": {
        "Open": 12.078125,
        "High": 12.21875,
        "Low": 12.0625,
        "Close": 12.1875,
        "Adj Close": 8.243484497070312,
        "Volume": 9154800.0
    },
    "AMT": {
        "Open": null,
        "High": null,
        "Low": null,
        "Close": null,
        "Adj Close": null,
        "Volume": null
    },
    "AMZN": {
        "Open": 0.20000000298023224,
        "High": 0.2338539958000183,
        "Low": 0.19739599525928497,
        "Close": 0.22499999403953552,
        "Adj Close": 0.22499999403953552,
        "Volume": 338760000.0
    },
    "AVGO": {
        "Open": null,
        "High": null,
        "Low": null,
        "Close": null,
        "Adj Close": null,
        "Volume": null
    },
    "AXP": {
        "Open": 23.633100509643555,
        "High": 23.851924896240234,
        "Low": 23.560157775878906,
        "Close": 23.669570922851562,
        "Adj Close": 16.306739807128906,
        "Volume": 3863018.0
    },
    "BA": {
        "Open": 52.375,
        "High": 53.4375,
        "Low": 52.0625,
        "Close": 52.8125,
        "Adj Close": 33.11692810058594,
        "Volume": 4929600.0
    },
    "BAC": {
        "Open": 30.21875,
        "High": 30.5625,
        "Low": 30.0625,
        "Close": 30.5625,
        "Adj Close": 14.765329360961914,
        "Volume": 4671600.0
    },
    "BK": {
        "Open": 25.96989631652832,
        "High": 26.135520935058594,
        "Low": 25.704896926879883,
        "Close": 25.96989631652832,
        "Adj Close": 13.675077438354492,
        "Volume": 1080382.0
    },
    "BKNG": {
        "Open": null,
        "High": null,
        "Low": null,
        "Close": null,
        "Adj Close": null,
        "Volume": null
    },
    "BLK": {
        "Open": null,
        "High": null,
        "Low": null,
        "Close": null,
        "Adj Close": null,
        "Volume": null
    },
    "BMY": {
        "Open": 38.725425720214844,
        "High": 39.52848815917969,
        "Low": 38.725425720214844,
        "Close": 39.275672912597656,
        "Adj Close": 14.35885238647461,
        "Volume": 3115226.0
    },
    "BRK-B": {
        "Open": 29.600000381469727,
        "High": 29.700000762939453,
        "Low": 29.520000457763672,
        "Close": 29.600000381469727,
        "Adj Close": 29.600000381469727,
        "Volume": 100000.0
    },
    "C": {
        "Open": 237.5,
        "High": 242.2916717529297,
        "Low": 236.875,
        "Close": 241.0416717529297,
        "Adj Close": 122.32190704345703,
        "Volume": 281790.0
    },
    "CAT": {
        "Open": 27.90625,
        "High": 28.375,
        "Low": 27.75,
        "Close": 28.28125,
        "Adj Close": 13.896013259887695,
        "Volume": 1919400.0
    },
    "CL": {
        "Open": 17.5,
        "High": 17.5,
        "Low": 17.109375,
        "Close": 17.140625,
        "Adj Close": 9.453487396240234,
        "Volume": 2825600.0
    },
    "CMCSA": {
        "Open": 3.809844970703125,
        "High": 3.8269290924072266,
        "Low": 3.7683539390563965,
        "Close": 3.7683539390563965,
        "Adj Close": 2.5482966899871826,
        "Volume": 744553.0
    },
    "COF": {
        "Open": 14.020833015441895,
        "High": 14.145833015441895,
        "Low": 13.75,
        "Close": 14.0,
        "Adj Close": 10.057195663452148,
        "Volume": 1738500.0
    },
    "COP": {
        "Open": 19.1532039642334,
        "High": 19.1532039642334,
        "Low": 18.74822235107422,
        "Close": 18.8435115814209,
        "Adj Close": 7.718808174133301,
        "Volume": 724109.0
    },
    "COST": {
        "Open": 19.625,
        "High": 19.625,
        "Low": 19.375,
        "Close": 19.5078125,
        "Adj Close": 13.014969825744629,
        "Volume": 2912600.0
    },
    "CRM": {
        "Open": null,
        "High": null,
        "Low": null,
        "Close": null,
        "Adj Close": null,
        "Volume": null
    },
    "CSCO": {
        "Open": 8.152777671813965,
        "High": 8.472222328186035,
        "Low": 8.145833015441895,
        "Close": 8.354166984558105,
        "Adj Close": 5.405575275421143,
        "Volume": 77814900.0
    },
    "CVS": {
        "Open": 14.625,
        "High": 14.6875,
        "Low": 14.46875,
        "Close": 14.53125,
        "Adj Close": 9.071457862854004,
        "Volume": 1358000.0
    },
    "CVX": {
        "Open": 43.5,
        "High": 43.59375,
        "Low": 42.5,
        "Close": 42.578125,
        "Adj Close": 15.153663635253906,
        "Volume": 2349000.0
    },
    "DE": {
        "Open": 27.5,
        "High": 27.78125,
        "Low": 27.09375,
        "Close": 27.21875,
        "Adj Close": 15.616353988647461,
        "Volume": 1632400.0
    },
    "DHR": {
        "Open": 4.893866062164307,
        "High": 4.893866062164307,
        "Low": 4.867610931396484,
        "Close": 4.867610931396484,
        "Adj Close": 2.8713347911834717,
        "Volume": 240434.0
    },
    "DIS": {
        "Open": 26.286115646362305,
        "High": 26.368322372436523,
        "Low": 26.142250061035156,
        "Close": 26.16280174255371,
        "Adj Close": 19.68034553527832,
        "Volume": 2926102.0
    },
    "DUK": {
        "Open": 43.52802276611328,
        "High": 44.236236572265625,
        "Low": 43.47354507446289,
        "Close": 43.63697814941406,
        "Adj Close": 12.183710098266602,
        "Volume": 454311.0
    },
    "EMR": {
        "Open": 28.96875,
        "High": 29.4375,
        "Low": 28.78125,
        "Close": 29.25,
        "Adj Close": 13.716238021850586,
        "Volume": 1097800.0
    },
    "FDX": {
        "Open": 40.875,
        "High": 41.5,
        "Low": 40.625,
        "Close": 41.28125,
        "Adj Close": 33.05359649658203,
        "Volume": 1542800.0
    },
    "GD": {
        "Open": 22.34375,
        "High": 22.59375,
        "Low": 22.125,
        "Close": 22.1875,
        "Adj Close": 12.423771858215332,
        "Volume": 295200.0
    },
    "GE": {
        "Open": 112.42259216308594,
        "High": 113.32117462158203,
        "Low": 112.1230697631836,
        "Close": 112.32275390625,
        "Adj Close": 58.69397735595703,
        "Volume": 2075144.0
    },
    "GILD": {
        "Open": 1.40625,
        "High": 1.4453129768371582,
        "Low": 1.3984379768371582,
        "Close": 1.4375,
        "Adj Close": 0.998705267906189,
        "Volume": 11750400.0
    },
    "GM": {
        "Open": null,
        "High": null,
        "Low": null,
        "Close": null,
        "Adj Close": null,
        "Volume": null
    },