{
    "AAPL": {
        "Open": 0.25,
        "High": 0.2578130066394806,
        "Low": 0.24888400733470917,
        "Close": 0.251116007566452,
        "Adj Close": 0.2106773555278778,
        "Volume": 228502400.0
    },
    "ABBV": {
        "Open": null,
        "High": null,
        "Low": null,
        "Close": null,
        "Adj Close": null,
        "Volume": null
    },
    "ABT": {
        "Open": 9.903876304626465,
        "High": 9.95998764038086,
        "Low": 9.763593673706055,
        "Close": 9.819706916809082,
        "Adj Close": 4.724967956542969,
        "Volume": 5248820.0
    },
    "ACN": {
        "Open": null,
        "High": null,
        "Low": null,
        "Close": null,
        "Adj Close": null,
        "Volume": null
    },
    "ADBE": {
        "Open": 4.703125,
        "High": 4.8125,
        "Low": 4.625,
        "Close": 4.65625,
        "Adj Close": 4.54679012298584,
        "Volume": 11503200.0
    },
    "AIG": {
        "Open": 482.370361328125,
        "High": 488.2962951660156,
        "Low": 480.59259033203125,
        "Close": 482.370361328125,
        "Adj Close": 280.9872131347656,
        "Volume": 171935.0
    },
    "AMD": {
        "Open": 10.0,
        "High": 10.375,
        "Low": 9.9375,
        "Close": 10.25,
        "Adj Close": 10.25,
        "Volume": 3181200.0
    },
    "AMGN": {
        "Open": 15.65625,
        "High": 15.9375,
        "Low": 15.5,
        "Close": 15.65625,
        "Adj Close": 10.589714050292969,
        "Volume": 7928000.0
    },
    "AMT": {
        "Open": null,
        "High": null,
        "Low": null,
        "Close": null,
        "Adj Close": null,
        "Volume": null
    },
    "AMZN": {
        "Open": null,
        "High": null,
        "Low": null,
        "Close": null,
        "Adj Close": null,
        "Volume": null
    },
    "AVGO": {
        "Open": null,
        "High": null,
        "Low": null,
        "Close": null,
        "Adj Close": null,
        "Volume": null
    },
    "AXP": {
        "Open": 13.603620529174805,
        "High": 13.785975456237793,
        "Low": 13.603620529174805,
        "Close": 13.713032722473145,
        "Adj Close": 9.215045928955078,
        "Volume": 4478579.0
    },
    "BA": {
        "Open": 41.5625,
        "High": 41.5625,
        "Low": 41.0,
        "Close": 41.5625,
        "Adj Close": 25.610870361328125,
        "Volume": 3139800.0
    },
    "BAC": {
        "Open": 18.34375,
        "High": 18.59375,
        "Low": 18.34375,
        "Close": 18.46875,
        "Adj Close": 8.53239631652832,
        "Volume": 3000400.0
    },
    "BK": {
        "Open": 14.409317016601562,
        "High": 14.60806655883789,
        "Low": 14.376192092895508,
        "Close": 14.409317016601562,
        "Adj Close": 7.2642083168029785,
        "Volume": 1279628.0
    },
    "BKNG": {
        "Open": null,
        "High": null,
        "Low": null,
        "Close": null,
        "Adj Close": null,
        "Volume": null
    },
    "BLK": {
        "Open": null,
        "High": null,
        "Low": null,
        "Close": null,
        "Adj Close": null,
        "Volume": null
    },
    "BMY": {
        "Open": 20.67140769958496,
        "High": 21.117551803588867,
        "Low": 20.67140769958496,
        "Close": 21.08780860900879,
        "Adj Close": 7.38929557800293,
        "Volume": 5285692.0
    },
    "BRK-B": {
        "Open": null,
        "High": null,
        "Low": null,
        "Close": null,
        "Adj Close": null,
        "Volume": null
    },
    "C": {
        "Open": 110.20833587646484,
        "High": 112.29166412353516,
        "Low": 109.375,
        "Close": 111.25,
        "Adj Close": 55.461883544921875,
        "Volume": 344220.0
    },
    "CAT": {
        "Open": 16.875,
        "High": 16.875,
        "Low": 16.53125,
        "Close": 16.875,
        "Adj Close": 8.038613319396973,
        "Volume": 4714800.0
    },
    "CL": {
        "Open": 9.765625,
        "High": 9.875,
        "Low": 9.734375,
        "Close": 9.875,
        "Adj Close": 5.281445026397705,
        "Volume": 6109600.0
    },
    "CMCSA": {
        "Open": 3.065448045730591,
        "High": 3.104499101638794,
        "Low": 3.0459229946136475,
        "Close": 3.065448045730591,
        "Adj Close": 2.055497407913208,
        "Volume": 2054402.0
    },
    "COF": {
        "Open": 8.833333015441895,
        "High": 9.333333015441895,
        "Low": 8.75,
        "Close": 9.208333015441895,
        "Adj Close": 6.519387722015381,
        "Volume": 1220100.0
    },
    "COP": {
        "Open": 13.054671287536621,
        "High": 13.24524974822998,
        "Low": 13.007025718688965,
        "Close": 13.149961471557617,
        "Adj Close": 5.141872406005859,
        "Volume": 2140581.0
    },
    "COST": {
        "Open": 8.5,
        "High": 8.75,
        "Low": 8.4375,
        "Close": 8.625,
        "Adj Close": 5.754318714141846,
        "Volume": 3070400.0
    },
    "CRM": {
        "Open": null,
        "High": null,
        "Low": null,
        "Close": null,
        "Adj Close": null,
        "Volume": null
    },
    "CSCO": {
        "Open": 4.923611164093018,
        "High": 5.0416669845581055,
        "Low": 4.875,
        "Close": 5.013888835906982,
        "Adj Close": 3.244244337081909,
        "Volume": 120457800.0
    },
    "CVS": {
        "Open": 7.71875,
        "High": 7.8125,
        "Low": 7.59375,
        "Close": 7.78125,
        "Adj Close": 4.172262191772461,
        "Volume": 1270400.0
    },
    "CVX": {
        "Open": 27.9375,
        "High": 28.3125,
        "Low": 27.875,
        "Close": 28.0625,
        "Adj Close": 9.503686904907227,
        "Volume": 3396400.0
    },
    "DE": {
        "Open": 19.1875,
        "High": 19.75,
        "Low": 19.0,
        "Close": 19.3125,
        "Adj Close": 10.779106140136719,
        "Volume": 2907800.0
    },
    "DHR": {
        "Open": 2.877509117126465,
        "High": 2.877509117126465,
        "Low": 2.825000047683716,
        "Close": 2.825000047683716,
        "Adj Close": 1.6606276035308838,
        "Volume": 691544.0
    },
    "DIS": {
        "Open": 20.798707962036133,
        "High": 21.004228591918945,
        "Low": 20.634292602539062,
        "Close": 20.922021865844727,
        "Adj Close": 15.574411392211914,
        "Volume": 4683224.0
    },
    "DUK": {
        "Open": 45.65266799926758,
        "High": 46.19744873046875,
        "Low": 45.5437126159668,
        "Close": 45.870582580566406,
        "Adj Close": 11.865594863891602,
        "Volume": 811794.0
    },
    "EMR": {
        "Open": 20.875,
        "High": 21.375,
        "Low": 20.875,
        "Close": 21.09375,
        "Adj Close": 9.524065971374512,
        "Volume": 2425200.0
    },
    "FDX": {
        "Open": 18.9375,
        "High": 19.09375,
        "Low": 18.875,
        "Close": 18.9375,
        "Adj Close": 15.163106918334961,
        "Volume": 1360000.0
    },
    "GD": {
        "Open": 15.4375,
        "High": 15.59375,
        "Low": 15.4375,
        "Close": 15.53125,
        "Adj Close": 8.381391525268555,
        "Volume": 1042400.0
    },
    "GE": {
        "Open": 63.499794006347656,
        "High": 63.899166107177734,
        "Low": 63.30010986328125,
        "Close": 63.69947814941406,
        "Adj Close": 32.29036331176758,
        "Volume": 3279417.0
    },
    "GILD": {
        "Open": 1.109375,
        "High": 1.1796879768371582,
        "Low": 1.109375,
        "Close": 1.1796879768371582,
        "Adj Close": 0.8195900917053223,
        "Volume": 14998400.0
    },
    "GM": {
        "Open": null,
        "High": null,
        "Low": null,
        "Close": null,
        "Adj Close": null,
        "Volume": null
    },
    "GOOG": {
        "Open": null,
        "High": null,
        "Low": null,
        "Close": null,
        "Adj Close": null,
        "Volume": null
    },
    "GOOGL": {
        "Open": null,
        "High": null,