{
    "AAPL": {
        "Open": 0.25223198533058167,
        "High": 0.25223198533058167,
        "Low": 0.24497799575328827,
        "Close": 0.2466520071029663,
        "Adj Close": 0.20693226158618927,
        "Volume": 163184000.0
    },
    "ABBV": {
        "Open": null,
        "High": null,
        "Low": null,
        "Close": null,
        "Adj Close": null,
        "Volume": null
    },
    "ABT": {
        "Open": 9.79164981842041,
        "High": 9.875819206237793,
        "Low": 9.539143562316895,
        "Close": 9.623312950134277,
        "Adj Close": 4.630471229553223,
        "Volume": 4497652.0
    },
    "ACN": {
        "Open": null,
        "High": null,
        "Low": null,
        "Close": null,
        "Adj Close": null,
        "Volume": null
    },
    "ADBE": {
        "Open": 4.671875,
        "High": 4.75,
        "Low": 4.59375,
        "Close": 4.632812976837158,
        "Adj Close": 4.523903846740723,
        "Volume": 12188000.0
    },
    "AIG": {
        "Open": 482.96295166015625,
        "High": 485.9259338378906,
        "Low": 477.629638671875,
        "Close": 478.8148193359375,
        "Adj Close": 278.9161682128906,
        "Volume": 140295.0
    },
    "AMD": {
        "Open": 10.125,
        "High": 10.375,
        "Low": 10.0625,
        "Close": 10.125,
        "Adj Close": 10.125,
        "Volume": 1522400.0
    },
    "AMGN": {
        "Open": 15.6875,
        "High": 15.6875,
        "Low": 15.21875,
        "Close": 15.28125,
        "Adj Close": 10.336065292358398,
        "Volume": 7308000.0
    },
    "AMT": {
        "Open": null,
        "High": null,
        "Low": null,
        "Close": null,
        "Adj Close": null,
        "Volume": null
    },
    "AMZN": {
        "Open": null,
        "High": null,
        "Low": null,
        "Close": null,
        "Adj Close": null,
        "Volume": null
    },
    "AVGO": {
        "Open": null,
        "High": null,
        "Low": null,
        "Close": null,
        "Adj Close": null,
        "Volume": null
    },
    "AXP": {
        "Open": 13.713032722473145,
        "High": 13.785975456237793,
        "Low": 13.640091896057129,
        "Close": 13.640091896057129,
        "Adj Close": 9.16602897644043,
        "Volume": 4820633.0
    },
    "BA": {
        "Open": 41.5625,
        "High": 41.8125,
        "Low": 41.1875,
        "Close": 41.6875,
        "Adj Close": 25.687911987304688,
        "Volume": 1516800.0
    },
    "BAC": {
        "Open": 18.46875,
        "High": 18.625,
        "Low": 18.25,
        "Close": 18.28125,
        "Adj Close": 8.445778846740723,
        "Volume": 3085600.0
    },
    "BK": {
        "Open": 14.309943199157715,
        "High": 14.309943199157715,
        "Low": 13.945569038391113,
        "Close": 14.111193656921387,
        "Adj Close": 7.113919258117676,
        "Volume": 1810196.0
    },
    "BKNG": {
        "Open": null,
        "High": null,
        "Low": null,
        "Close": null,
        "Adj Close": null,
        "Volume": null
    },
    "BLK": {
        "Open": null,
        "High": null,
        "Low": null,
        "Close": null,
        "Adj Close": null,
        "Volume": null
    },
    "BMY": {
        "Open": 20.82012176513672,
        "High": 21.05806541442871,
        "Low": 20.79037857055664,
        "Close": 20.879608154296875,
        "Adj Close": 7.316342353820801,
        "Volume": 3507965.0
    },
    "BRK-B": {
        "Open": null,
        "High": null,
        "Low": null,
        "Close": null,
        "Adj Close": null,
        "Volume": null
    },
    "C": {
        "Open": 111.66666412353516,
        "High": 113.125,
        "Low": 111.45833587646484,
        "Close": 112.5,
        "Adj Close": 56.085018157958984,
        "Volume": 402360.0
    },
    "CAT": {
        "Open": 16.875,
        "High": 16.9375,
        "Low": 16.625,
        "Close": 16.75,
        "Adj Close": 7.979062557220459,
        "Volume": 2642400.0
    },
    "CL": {
        "Open": 9.828125,
        "High": 9.84375,
        "Low": 9.71875,
        "Close": 9.75,
        "Adj Close": 5.214593410491943,
        "Volume": 3423200.0
    },
    "CMCSA": {
        "Open": 3.065448045730591,
        "High": 3.124023914337158,
        "Low": 3.0459229946136475,
        "Close": 3.104499101638794,
        "Adj Close": 2.0816826820373535,
        "Volume": 828419.0
    },
    "COF": {
        "Open": 9.125,
        "High": 9.333333015441895,
        "Low": 9.125,
        "Close": 9.208333015441895,
        "Adj Close": 6.519387722015381,
        "Volume": 671100.0
    },
    "COP": {
        "Open": 13.054671287536621,
        "High": 13.102315902709961,
        "Low": 13.007025718688965,
        "Close": 13.007025718688965,
        "Adj Close": 5.085981845855713,
        "Volume": 1111349.0
    },
    "COST": {
        "Open": 8.625,
        "High": 8.8125,
        "Low": 8.625,
        "Close": 8.75,
        "Adj Close": 5.837709903717041,
        "Volume": 6181600.0
    },
    "CRM": {
        "Open": null,
        "High": null,
        "Low": null,
        "Close": null,
        "Adj Close": null,
        "Volume": null
    },
    "CSCO": {
        "Open": 5.0208330154418945,
        "High": 5.027778148651123,
        "Low": 4.8125,
        "Close": 4.9166669845581055,
        "Adj Close": 3.18133544921875,
        "Volume": 126838800.0
    },
    "CVS": {
        "Open": 7.71875,
        "High": 7.71875,
        "Low": 7.65625,
        "Close": 7.6875,
        "Adj Close": 4.12199592590332,
        "Volume": 698800.0
    },
    "CVX": {
        "Open": 28.0,
        "High": 28.1875,
        "Low": 27.6875,
        "Close": 27.75,
        "Adj Close": 9.397852897644043,
        "Volume": 1821800.0
    },
    "DE": {
        "Open": 19.5,
        "High": 19.9375,
        "Low": 19.3125,
        "Close": 19.8125,
        "Adj Close": 11.058177947998047,
        "Volume": 3788400.0
    },
    "DHR": {
        "Open": 2.8355019092559814,
        "High": 2.8565049171447754,
        "Low": 2.8355019092559814,
        "Close": 2.8565049171447754,
        "Adj Close": 1.679146409034729,
        "Volume": 879606.0
    },
    "DIS": {
        "Open": 20.922021865844727,
        "High": 21.209749221801758,
        "Low": 20.880916595458984,
        "Close": 21.045333862304688,
        "Adj Close": 15.666202545166016,
        "Volume": 6409934.0
    },
    "DUK": {
        "Open": 45.325801849365234,
        "High": 45.325801849365234,
        "Low": 44.672061920166016,
        "Close": 44.672061920166016,
        "Adj Close": 11.668645858764648,
        "Volume": 513509.0
    },
    "EMR": {
        "Open": 21.09375,
        "High": 21.15625,
        "Low": 20.6875,
        "Close": 20.6875,
        "Adj Close": 9.340638160705566,
        "Volume": 1834800.0
    },
    "FDX": {
        "Open": 19.0,
        "High": 19.15625,
        "Low": 18.9375,
        "Close": 18.9375,
        "Adj Close": 15.163106918334961,
        "Volume": 956800.0
    },
    "GD": {
        "Open": 15.46875,
        "High": 15.53125,
        "Low": 15.25,
        "Close": 15.5,
        "Adj Close": 8.364530563354492,
        "Volume": 516000.0
    },
    "GE": {
        "Open": 63.499794006347656,
        "High": 63.899166107177734,
        "Low": 62.70105743408203,
        "Close": 62.90074157714844,
        "Adj Close": 31.885488510131836,
        "Volume": 2910586.0
    },
    "GILD": {
        "Open": 1.167968988418579,
        "High": 1.1953129768371582,
        "Low": 1.1171879768371582,
        "Close": 1.1484379768371582,
        "Adj Close": 0.7978789210319519,
        "Volume": 10649600.0
    },
    "GM": {
        "Open": null,
        "High": null,
        "Low": null,
        "Close": null,
        "Adj Close": null,
        "Volume": null
    },
    "GOOG": {
        "Open": null,
        "High": null,
        "Low": null,
        "Close": null,
        "Adj Close": null,
        "Volume": null
    },