{
    "AAPL": {
        "Open": 0.2622770071029663,
        "High": 0.265625,
        "Low": 0.26004499197006226,
        "Close": 0.264508992433548,
        "Adj Close": 0.22191357612609863,
        "Volume": 221838400.0
    },
    "ABBV": {
        "Open": null,
        "High": null,
        "Low": null,
        "Close": null,
        "Adj Close": null,
        "Volume": null
    },
    "ABT": {
        "Open": 9.539143562316895,
        "High": 9.595255851745605,
        "Low": 9.202467918395996,
        "Close": 9.202467918395996,
        "Adj Close": 4.427971839904785,
        "Volume": 13839581.0
    },
    "ACN": {
        "Open": null,
        "High": null,
        "Low": null,
        "Close": null,
        "Adj Close": null,
        "Volume": null
    },
    "ADBE": {
        "Open": 4.65625,
        "High": 4.765625,
        "Low": 4.640625,
        "Close": 4.703125,
        "Adj Close": 4.592562198638916,
        "Volume": 11043200.0
    },
    "AIG": {
        "Open": 461.629638671875,
        "High": 461.629638671875,
        "Low": 453.3333435058594,
        "Close": 455.7037048339844,
        "Adj Close": 265.45361328125,
        "Volume": 241545.0
    },
    "AMD": {
        "Open": 9.875,
        "High": 10.125,
        "Low": 9.875,
        "Close": 9.9375,
        "Adj Close": 9.9375,
        "Volume": 1124600.0
    },
    "AMGN": {
        "Open": 15.15625,
        "High": 15.25,
        "Low": 14.96875,
        "Close": 15.03125,
        "Adj Close": 10.166967391967773,
        "Volume": 7911600.0
    },
    "AMT": {
        "Open": null,
        "High": null,
        "Low": null,
        "Close": null,
        "Adj Close": null,
        "Volume": null
    },
    "AMZN": {
        "Open": null,
        "High": null,
        "Low": null,
        "Close": null,
        "Adj Close": null,
        "Volume": null
    },
    "AVGO": {
        "Open": null,
        "High": null,
        "Low": null,
        "Close": null,
        "Adj Close": null,
        "Volume": null
    },
    "AXP": {
        "Open": 13.384796142578125,
        "High": 13.749504089355469,
        "Low": 13.384796142578125,
        "Close": 13.676563262939453,
        "Adj Close": 9.190531730651855,
        "Volume": 5003656.0
    },
    "BA": {
        "Open": 40.4375,
        "High": 41.8125,
        "Low": 40.4375,
        "Close": 41.5,
        "Adj Close": 25.572368621826172,
        "Volume": 2494400.0
    },
    "BAC": {
        "Open": 18.0,
        "High": 18.4375,
        "Low": 17.96875,
        "Close": 18.40625,
        "Adj Close": 8.503520965576172,
        "Volume": 3210400.0
    },
    "BK": {
        "Open": 13.481821060180664,
        "High": 13.912444114685059,
        "Low": 13.44869613647461,
        "Close": 13.746820449829102,
        "Adj Close": 6.930224418640137,
        "Volume": 3261900.0
    },
    "BKNG": {
        "Open": null,
        "High": null,
        "Low": null,
        "Close": null,
        "Adj Close": null,
        "Volume": null
    },
    "BLK": {
        "Open": null,
        "High": null,
        "Low": null,
        "Close": null,
        "Adj Close": null,
        "Volume": null
    },
    "BMY": {
        "Open": 20.52269172668457,
        "High": 20.760635375976562,
        "Low": 20.463205337524414,
        "Close": 20.492948532104492,
        "Adj Close": 7.180856227874756,
        "Volume": 4028255.0
    },
    "BRK-B": {
        "Open": null,
        "High": null,
        "Low": null,
        "Close": null,
        "Adj Close": null,
        "Volume": null
    },
    "C": {
        "Open": 109.79166412353516,
        "High": 111.25,
        "Low": 108.75,
        "Close": 110.41666412353516,
        "Adj Close": 55.04639434814453,
        "Volume": 512880.0
    },
    "CAT": {
        "Open": 17.03125,
        "High": 17.375,
        "Low": 17.03125,
        "Close": 17.21875,
        "Adj Close": 8.202363014221191,
        "Volume": 4449200.0
    },
    "CL": {
        "Open": 9.765625,
        "High": 9.875,
        "Low": 9.765625,
        "Close": 9.8125,
        "Adj Close": 5.248015403747559,
        "Volume": 2502400.0
    },
    "CMCSA": {
        "Open": 2.967823028564453,
        "High": 3.0068728923797607,
        "Low": 2.9482970237731934,
        "Close": 2.9775850772857666,
        "Adj Close": 1.9965808391571045,
        "Volume": 1369388.0
    },
    "COF": {
        "Open": 8.625,
        "High": 8.833333015441895,
        "Low": 8.625,
        "Close": 8.708333015441895,
        "Adj Close": 6.1653947830200195,
        "Volume": 476400.0
    },
    "COP": {
        "Open": 13.054671287536621,
        "High": 13.340539932250977,
        "Low": 13.054671287536621,
        "Close": 13.251206398010254,
        "Adj Close": 5.181458473205566,
        "Volume": 1527974.0
    },
    "COST": {
        "Open": 9.0,
        "High": 9.0625,
        "Low": 8.875,
        "Close": 8.9375,
        "Adj Close": 5.96280574798584,
        "Volume": 2190400.0
    },
    "CRM": {
        "Open": null,
        "High": null,
        "Low": null,
        "Close": null,
        "Adj Close": null,
        "Volume": null
    },
    "CSCO": {
        "Open": 5.180555820465088,
        "High": 5.263888835906982,
        "Low": 5.0416669845581055,
        "Close": 5.243055820465088,
        "Adj Close": 3.3925273418426514,
        "Volume": 70398000.0
    },
    "CVS": {
        "Open": 7.8125,
        "High": 7.96875,
        "Low": 7.8125,
        "Close": 7.90625,
        "Adj Close": 4.23928689956665,
        "Volume": 814000.0
    },
    "CVX": {
        "Open": 27.875,
        "High": 28.25,
        "Low": 27.875,
        "Close": 28.1875,
        "Adj Close": 9.546014785766602,
        "Volume": 2786800.0
    },
    "DE": {
        "Open": 18.5,
        "High": 19.5625,
        "Low": 18.4375,
        "Close": 19.4375,
        "Adj Close": 10.848875045776367,
        "Volume": 2344400.0
    },
    "DHR": {
        "Open": 2.8565049171447754,
        "High": 2.898513078689575,
        "Low": 2.8460030555725098,
        "Close": 2.8460030555725098,
        "Adj Close": 1.6729729175567627,
        "Volume": 934358.0
    },
    "DIS": {
        "Open": 20.839813232421875,
        "High": 20.963125228881836,
        "Low": 20.71649932861328,
        "Close": 20.963125228881836,
        "Adj Close": 15.605010986328125,
        "Volume": 2643893.0
    },
    "DUK": {
        "Open": 43.58250045776367,
        "High": 44.01832580566406,
        "Low": 43.58250045776367,
        "Close": 43.69145584106445,
        "Adj Close": 11.412505149841309,
        "Volume": 777262.0
    },
    "EMR": {
        "Open": 20.28125,
        "High": 20.5,
        "Low": 20.0625,
        "Close": 20.1875,
        "Adj Close": 9.16992473602295,
        "Volume": 2162400.0
    },
    "FDX": {
        "Open": 18.40625,
        "High": 18.96875,
        "Low": 18.40625,
        "Close": 18.890625,
        "Adj Close": 15.125578880310059,
        "Volume": 589600.0
    },
    "GD": {
        "Open": 15.4375,
        "High": 15.53125,
        "Low": 15.40625,
        "Close": 15.5,
        "Adj Close": 8.364530563354492,
        "Volume": 454800.0
    },
    "GE": {
        "Open": 61.60279083251953,
        "High": 62.20184326171875,
        "Low": 61.50294494628906,
        "Close": 62.20184326171875,
        "Adj Close": 31.531190872192383,
        "Volume": 3015626.0
    },
    "GILD": {
        "Open": 1.1875,
        "High": 1.1875,
        "Low": 1.1640629768371582,
        "Close": 1.171875,
        "Adj Close": 0.8141620755195618,
        "Volume": 6038400.0
    },
    "GM": {
        "Open": null,
        "High": null,
        "Low": null,
        "Close": null,
        "Adj Close": null,
        "Volume": null
    },
    "GOOG": {
        "Open": null,
        "High": null,
        "Low": null,
        "Close": null,
        "Adj Close": null,
        "Volume": null
    },
    "GOOGL": {
        "Open": null,