{
    "AAPL": {
        "Open": 0.26785698533058167,
        "High": 0.2689729928970337,
        "Low": 0.264508992433548,
        "Close": 0.266741007566452,
        "Adj Close": 0.2237861603498459,
        "Volume": 184184000.0
    },
    "ABBV": {
        "Open": null,
        "High": null,
        "Low": null,
        "Close": null,
        "Adj Close": null,
        "Volume": null
    },
    "ABT": {
        "Open": 9.34274959564209,
        "High": 9.3988618850708,
        "Low": 9.286637306213379,
        "Close": 9.370805740356445,
        "Adj Close": 4.508969306945801,
        "Volume": 9623505.0
    },
    "ACN": {
        "Open": null,
        "High": null,
        "Low": null,
        "Close": null,
        "Adj Close": null,
        "Volume": null
    },
    "ADBE": {
        "Open": 4.765625,
        "High": 4.828125,
        "Low": 4.4375,
        "Close": 4.609375,
        "Adj Close": 4.501016616821289,
        "Volume": 21591200.0
    },
    "AIG": {
        "Open": 462.22222900390625,
        "High": 467.5555419921875,
        "Low": 459.8518371582031,
        "Close": 460.4444580078125,
        "Adj Close": 268.2152099609375,
        "Volume": 256247.0
    },
    "AMD": {
        "Open": 10.0,
        "High": 10.375,
        "Low": 9.9375,
        "Close": 10.3125,
        "Adj Close": 10.3125,
        "Volume": 2432400.0
    },
    "AMGN": {
        "Open": 15.09375,
        "High": 15.46875,
        "Low": 15.0625,
        "Close": 15.40625,
        "Adj Close": 10.420616149902344,
        "Volume": 12543200.0
    },
    "AMT": {
        "Open": null,
        "High": null,
        "Low": null,
        "Close": null,
        "Adj Close": null,
        "Volume": null
    },
    "AMZN": {
        "Open": null,
        "High": null,
        "Low": null,
        "Close": null,
        "Adj Close": null,
        "Volume": null
    },
    "AVGO": {
        "Open": null,
        "High": null,
        "Low": null,
        "Close": null,
        "Adj Close": null,
        "Volume": null
    },
    "AXP": {
        "Open": 13.785975456237793,
        "High": 13.785975456237793,
        "Low": 13.640091896057129,
        "Close": 13.713032722473145,
        "Adj Close": 9.215045928955078,
        "Volume": 4692448.0
    },
    "BA": {
        "Open": 41.5,
        "High": 42.3125,
        "Low": 41.1875,
        "Close": 41.75,
        "Adj Close": 25.726408004760742,
        "Volume": 2374200.0
    },
    "BAC": {
        "Open": 18.5625,
        "High": 18.875,
        "Low": 18.46875,
        "Close": 18.59375,
        "Adj Close": 8.590145111083984,
        "Volume": 5047200.0
    },
    "BK": {
        "Open": 13.879319190979004,
        "High": 14.078068733215332,
        "Low": 13.647444725036621,
        "Close": 14.044943809509277,
        "Adj Close": 7.080519199371338,
        "Volume": 4284923.0
    },
    "BKNG": {
        "Open": null,
        "High": null,
        "Low": null,
        "Close": null,
        "Adj Close": null,
        "Volume": null
    },
    "BLK": {
        "Open": null,
        "High": null,
        "Low": null,
        "Close": null,
        "Adj Close": null,
        "Volume": null
    },
    "BMY": {
        "Open": 20.611921310424805,
        "High": 20.909351348876953,
        "Low": 20.582178115844727,
        "Close": 20.849864959716797,
        "Adj Close": 7.305925369262695,
        "Volume": 3432317.0
    },
    "BRK-B": {
        "Open": null,
        "High": null,
        "Low": null,
        "Close": null,
        "Adj Close": null,
        "Volume": null
    },
    "C": {
        "Open": 111.66666412353516,
        "High": 115.20833587646484,
        "Low": 111.25,
        "Close": 114.79166412353516,
        "Adj Close": 57.227481842041016,
        "Volume": 646860.0
    },
    "CAT": {
        "Open": 17.3125,
        "High": 17.59375,
        "Low": 17.3125,
        "Close": 17.5625,
        "Adj Close": 8.36611270904541,
        "Volume": 3827600.0
    },
    "CL": {
        "Open": 9.84375,
        "High": 9.9375,
        "Low": 9.78125,
        "Close": 9.859375,
        "Adj Close": 5.27308988571167,
        "Volume": 3993600.0
    },
    "CMCSA": {
        "Open": 2.9873480796813965,
        "High": 3.0068728923797607,
        "Low": 2.967823028564453,
        "Close": 2.9873480796813965,
        "Adj Close": 2.0031275749206543,
        "Volume": 2827123.0
    },
    "COF": {
        "Open": 8.875,
        "High": 9.0,
        "Low": 8.75,
        "Close": 8.916666984558105,
        "Adj Close": 6.312892913818359,
        "Volume": 579000.0
    },
    "COP": {
        "Open": 13.435829162597656,
        "High": 13.531119346618652,
        "Low": 13.24524974822998,
        "Close": 13.483473777770996,
        "Adj Close": 5.272283554077148,
        "Volume": 1545552.0
    },
    "COST": {
        "Open": 8.875,
        "High": 9.0625,
        "Low": 8.875,
        "Close": 9.0,
        "Adj Close": 6.004504680633545,
        "Volume": 2792000.0
    },
    "CRM": {
        "Open": null,
        "High": null,
        "Low": null,
        "Close": null,
        "Adj Close": null,
        "Volume": null
    },
    "CSCO": {
        "Open": 5.347221851348877,
        "High": 5.5416669845581055,
        "Low": 5.25,
        "Close": 5.493055820465088,
        "Adj Close": 3.5542893409729004,
        "Volume": 95496300.0
    },
    "CVS": {
        "Open": 7.9375,
        "High": 8.0,
        "Low": 7.90625,
        "Close": 8.0,
        "Adj Close": 4.289556980133057,
        "Volume": 1937200.0
    },
    "CVX": {
        "Open": 28.4375,
        "High": 29.125,
        "Low": 28.125,
        "Close": 29.0625,
        "Adj Close": 9.842342376708984,
        "Volume": 3197200.0
    },
    "DE": {
        "Open": 19.4375,
        "High": 20.0625,
        "Low": 19.4375,
        "Close": 19.5625,
        "Adj Close": 10.918639183044434,
        "Volume": 2804200.0
    },
    "DHR": {
        "Open": 2.86700701713562,
        "High": 2.909014940261841,
        "Low": 2.8460030555725098,
        "Close": 2.898513078689575,
        "Adj Close": 1.7038397789001465,
        "Volume": 780814.0
    },
    "DIS": {
        "Open": 21.004228591918945,
        "High": 21.33306312561035,
        "Low": 21.004228591918945,
        "Close": 21.209749221801758,
        "Adj Close": 15.788591384887695,
        "Volume": 4086265.0
    },
    "DUK": {
        "Open": 43.69145584106445,
        "High": 43.90937042236328,
        "Low": 43.36458969116211,
        "Close": 43.58250045776367,
        "Adj Close": 11.384051322937012,
        "Volume": 419090.0
    },
    "EMR": {
        "Open": 20.34375,
        "High": 20.875,
        "Low": 20.34375,
        "Close": 20.8125,
        "Adj Close": 9.453827857971191,
        "Volume": 4684800.0
    },
    "FDX": {
        "Open": 18.96875,
        "High": 19.4375,
        "Low": 18.96875,
        "Close": 19.40625,
        "Adj Close": 15.53844165802002,
        "Volume": 829600.0
    },
    "GD": {
        "Open": 15.53125,
        "High": 15.6875,
        "Low": 15.46875,
        "Close": 15.625,
        "Adj Close": 8.431984901428223,
        "Volume": 333200.0
    },
    "GE": {
        "Open": 62.70105743408203,
        "High": 63.99900817871094,
        "Low": 62.60121154785156,
        "Close": 63.599639892578125,
        "Adj Close": 32.23975372314453,
        "Volume": 3327743.0
    },
    "GILD": {
        "Open": 1.1796879768371582,
        "High": 1.1796879768371582,
        "Low": 1.171875,
        "Close": 1.1796879768371582,
        "Adj Close": 0.8195900917053223,
        "Volume": 6140800.0
    },
    "GM": {
        "Open": null,
        "High": null,
        "Low": null,
        "Close": null,
        "Adj Close": null,
        "Volume": null
    },
    "GOOG": {
        "Open": null,
        "High": null,
        "Low": null,
        "Close": null,
        "Adj Close": null,
        "Volume": null
    },
    "GOOGL": {
        "Open": null,