{
    "AAPL": {
        "Open": 0.266741007566452,
        "High": 0.2700890004634857,
        "Low": 0.264508992433548,
        "Close": 0.266741007566452,
        "Adj Close": 0.2237861603498459,
        "Volume": 173286400.0
    },
    "ABBV": {
        "Open": null,
        "High": null,
        "Low": null,
        "Close": null,
        "Adj Close": null,
        "Volume": null
    },
    "ABT": {
        "Open": 9.454975128173828,
        "High": 9.539143562316895,
        "Low": 9.314693450927734,
        "Close": 9.370805740356445,
        "Adj Close": 4.508969306945801,
        "Volume": 6623734.0
    },
    "ACN": {
        "Open": null,
        "High": null,
        "Low": null,
        "Close": null,
        "Adj Close": null,
        "Volume": null
    },
    "ADBE": {
        "Open": 4.59375,
        "High": 4.65625,
        "Low": 4.5625,
        "Close": 4.59375,
        "Adj Close": 4.48576021194458,
        "Volume": 12652800.0
    },
    "AIG": {
        "Open": 464.59259033203125,
        "High": 474.0740661621094,
        "Low": 461.629638671875,
        "Close": 474.0740661621094,
        "Adj Close": 276.1546325683594,
        "Volume": 219185.0
    },
    "AMD": {
        "Open": 10.4375,
        "High": 10.5,
        "Low": 10.125,
        "Close": 10.25,
        "Adj Close": 10.25,
        "Volume": 1881000.0
    },
    "AMGN": {
        "Open": 15.46875,
        "High": 15.59375,
        "Low": 15.21875,
        "Close": 15.3125,
        "Adj Close": 10.357205390930176,
        "Volume": 8630000.0
    },
    "AMT": {
        "Open": null,
        "High": null,
        "Low": null,
        "Close": null,
        "Adj Close": null,
        "Volume": null
    },
    "AMZN": {
        "Open": null,
        "High": null,
        "Low": null,
        "Close": null,
        "Adj Close": null,
        "Volume": null
    },
    "AVGO": {
        "Open": null,
        "High": null,
        "Low": null,
        "Close": null,
        "Adj Close": null,
        "Volume": null
    },
    "AXP": {
        "Open": 13.713032722473145,
        "High": 13.749504089355469,
        "Low": 13.311854362487793,
        "Close": 13.676563262939453,
        "Adj Close": 9.190531730651855,
        "Volume": 8360105.0
    },
    "BA": {
        "Open": 41.75,
        "High": 42.25,
        "Low": 41.5625,
        "Close": 41.8125,
        "Adj Close": 25.764934539794922,
        "Volume": 1602400.0
    },
    "BAC": {
        "Open": 18.65625,
        "High": 18.8125,
        "Low": 18.5,
        "Close": 18.65625,
        "Adj Close": 8.619024276733398,
        "Volume": 3513200.0
    },
    "BK": {
        "Open": 14.044943809509277,
        "High": 14.21056842803955,
        "Low": 13.912444114685059,
        "Close": 14.111193656921387,
        "Adj Close": 7.113919258117676,
        "Volume": 2585671.0
    },
    "BKNG": {
        "Open": null,
        "High": null,
        "Low": null,
        "Close": null,
        "Adj Close": null,
        "Volume": null
    },
    "BLK": {
        "Open": null,
        "High": null,
        "Low": null,
        "Close": null,
        "Adj Close": null,
        "Volume": null
    },
    "BMY": {
        "Open": 21.05806541442871,
        "High": 21.05806541442871,
        "Low": 20.67140769958496,
        "Close": 20.67140769958496,
        "Adj Close": 7.243386745452881,
        "Volume": 3961012.0
    },
    "BRK-B": {
        "Open": null,
        "High": null,
        "Low": null,
        "Close": null,
        "Adj Close": null,
        "Volume": null
    },
    "C": {
        "Open": 117.5,
        "High": 117.5,
        "Low": 116.04166412353516,
        "Close": 116.45833587646484,
        "Adj Close": 58.058372497558594,
        "Volume": 1389540.0
    },
    "CAT": {
        "Open": 17.5625,
        "High": 18.0,
        "Low": 17.28125,
        "Close": 17.5,
        "Adj Close": 8.336341857910156,
        "Volume": 3818000.0
    },
    "CL": {
        "Open": 9.875,
        "High": 9.984375,
        "Low": 9.828125,
        "Close": 9.890625,
        "Adj Close": 5.289798736572266,
        "Volume": 3029600.0
    },
    "CMCSA": {
        "Open": 3.0068728923797607,
        "High": 3.0068728923797607,
        "Low": 2.9092469215393066,
        "Close": 2.9873480796813965,
        "Adj Close": 2.0031275749206543,
        "Volume": 1880908.0
    },
    "COF": {
        "Open": 8.875,
        "High": 9.083333015441895,
        "Low": 8.875,
        "Close": 9.083333015441895,
        "Adj Close": 6.43088960647583,
        "Volume": 695100.0
    },
    "COP": {
        "Open": 13.483473777770996,
        "High": 13.531119346618652,
        "Low": 13.24524974822998,
        "Close": 13.435829162597656,
        "Adj Close": 5.253650188446045,
        "Volume": 3253504.0
    },
    "COST": {
        "Open": 9.0,
        "High": 9.0625,
        "Low": 8.84375,
        "Close": 8.90625,
        "Adj Close": 5.941957473754883,
        "Volume": 1772000.0
    },
    "CRM": {
        "Open": null,
        "High": null,
        "Low": null,
        "Close": null,
        "Adj Close": null,
        "Volume": null
    },
    "CSCO": {
        "Open": 5.597221851348877,
        "High": 5.6666669845581055,
        "Low": 5.361111164093018,
        "Close": 5.513888835906982,
        "Adj Close": 3.5677690505981445,
        "Volume": 105448500.0
    },
    "CVS": {
        "Open": 8.03125,
        "High": 8.046875,
        "Low": 8.0,
        "Close": 8.03125,
        "Adj Close": 4.3063130378723145,
        "Volume": 1475200.0
    },
    "CVX": {
        "Open": 29.1875,
        "High": 29.4375,
        "Low": 28.0,
        "Close": 28.625,
        "Adj Close": 9.694178581237793,
        "Volume": 3381200.0
    },
    "DE": {
        "Open": 19.6875,
        "High": 19.75,
        "Low": 18.875,
        "Close": 19.625,
        "Adj Close": 10.95352554321289,
        "Volume": 1747000.0
    },
    "DHR": {
        "Open": 2.919516086578369,
        "High": 2.96152400970459,
        "Low": 2.919516086578369,
        "Close": 2.9405200481414795,
        "Adj Close": 1.7285327911376953,
        "Volume": 1872288.0
    },
    "DIS": {
        "Open": 21.209749221801758,
        "High": 21.415271759033203,
        "Low": 21.12754249572754,
        "Close": 21.37416648864746,
        "Adj Close": 15.910993576049805,
        "Volume": 5580030.0
    },
    "DUK": {
        "Open": 43.800411224365234,
        "High": 44.01832580566406,
        "Low": 43.47354507446289,
        "Close": 43.58250045776367,
        "Adj Close": 11.384051322937012,
        "Volume": 324098.0
    },
    "EMR": {
        "Open": 20.96875,
        "High": 20.96875,
        "Low": 20.40625,
        "Close": 20.46875,
        "Adj Close": 9.297679901123047,
        "Volume": 1548800.0
    },
    "FDX": {
        "Open": 19.375,
        "High": 19.5,
        "Low": 18.90625,
        "Close": 19.03125,
        "Adj Close": 15.238182067871094,
        "Volume": 558800.0
    },
    "GD": {
        "Open": 15.6875,
        "High": 15.71875,
        "Low": 15.25,
        "Close": 15.65625,
        "Adj Close": 8.448848724365234,
        "Volume": 545600.0
    },
    "GE": {
        "Open": 63.599639892578125,
        "High": 64.29853820800781,
        "Low": 62.50136947631836,
        "Close": 63.69947814941406,
        "Adj Close": 32.29036331176758,
        "Volume": 2809927.0
    },
    "GILD": {
        "Open": 1.171875,
        "High": 1.21875,
        "Low": 1.171875,
        "Close": 1.191406011581421,
        "Adj Close": 0.8277310729026794,
        "Volume": 10172800.0
    },
    "GM": {
        "Open": null,
        "High": null,
        "Low": null,
        "Close": null,
        "Adj Close": null,
        "Volume": null
    },
    "GOOG": {
        "Open": null,
        "High": null,
        "Low": null,
        "Close": null,
        "Adj Close": null,
        "Volume": null
    },
    "GOOGL": {
        "Open": null,