{
    "AAPL": {
        "Open": 0.24553599953651428,
        "High": 0.24776799976825714,
        "Low": 0.24330399930477142,
        "Close": 0.24553599953651428,
        "Adj Close": 0.20599591732025146,
        "Volume": 112884800.0
    },
    "ABBV": {
        "Open": null,
        "High": null,
        "Low": null,
        "Close": null,
        "Adj Close": null,
        "Volume": null
    },
    "ABT": {
        "Open": 9.202467918395996,
        "High": 9.511087417602539,
        "Low": 9.202467918395996,
        "Close": 9.370805740356445,
        "Adj Close": 4.508969306945801,
        "Volume": 9208714.0
    },
    "ACN": {
        "Open": null,
        "High": null,
        "Low": null,
        "Close": null,
        "Adj Close": null,
        "Volume": null
    },
    "ADBE": {
        "Open": 4.125,
        "High": 4.265625,
        "Low": 4.109375,
        "Close": 4.1875,
        "Adj Close": 4.089059352874756,
        "Volume": 10164000.0
    },
    "AIG": {
        "Open": 466.370361328125,
        "High": 469.9259338378906,
        "Low": 458.0740661621094,
        "Close": 459.2592468261719,
        "Adj Close": 267.52471923828125,
        "Volume": 125065.0
    },
    "AMD": {
        "Open": 9.6875,
        "High": 9.875,
        "Low": 9.625,
        "Close": 9.6875,
        "Adj Close": 9.6875,
        "Volume": 1687200.0
    },
    "AMGN": {
        "Open": 15.0,
        "High": 15.0625,
        "Low": 14.84375,
        "Close": 14.9375,
        "Adj Close": 10.103556632995605,
        "Volume": 7809200.0
    },
    "AMT": {
        "Open": null,
        "High": null,
        "Low": null,
        "Close": null,
        "Adj Close": null,
        "Volume": null
    },
    "AMZN": {
        "Open": null,
        "High": null,
        "Low": null,
        "Close": null,
        "Adj Close": null,
        "Volume": null
    },
    "AVGO": {
        "Open": null,
        "High": null,
        "Low": null,
        "Close": null,
        "Adj Close": null,
        "Volume": null
    },
    "AXP": {
        "Open": 13.3483247756958,
        "High": 13.713032722473145,
        "Low": 13.311854362487793,
        "Close": 13.384796142578125,
        "Adj Close": 8.99446964263916,
        "Volume": 3850680.0
    },
    "BA": {
        "Open": 40.375,
        "High": 41.0,
        "Low": 40.25,
        "Close": 40.5625,
        "Adj Close": 24.99468421936035,
        "Volume": 2033600.0
    },
    "BAC": {
        "Open": 18.625,
        "High": 18.6875,
        "Low": 18.375,
        "Close": 18.4375,
        "Adj Close": 8.584348678588867,
        "Volume": 2911600.0
    },
    "BK": {
        "Open": 13.680569648742676,
        "High": 13.813070297241211,
        "Low": 13.614320755004883,
        "Close": 13.746820449829102,
        "Adj Close": 6.930224418640137,
        "Volume": 3103786.0
    },
    "BKNG": {
        "Open": null,
        "High": null,
        "Low": null,
        "Close": null,
        "Adj Close": null,
        "Volume": null
    },
    "BLK": {
        "Open": null,
        "High": null,
        "Low": null,
        "Close": null,
        "Adj Close": null,
        "Volume": null
    },
    "BMY": {
        "Open": 20.2550048828125,
        "High": 20.641664505004883,
        "Low": 20.225261688232422,
        "Close": 20.2550048828125,
        "Adj Close": 7.097480297088623,
        "Volume": 3869814.0
    },
    "BRK-B": {
        "Open": null,
        "High": null,
        "Low": null,
        "Close": null,
        "Adj Close": null,
        "Volume": null
    },
    "C": {
        "Open": 114.16666412353516,
        "High": 114.375,
        "Low": 110.625,
        "Close": 111.45833587646484,
        "Adj Close": 55.56571960449219,
        "Volume": 970140.0
    },
    "CAT": {
        "Open": 16.9375,
        "High": 16.96875,
        "Low": 16.65625,
        "Close": 16.6875,
        "Adj Close": 7.949291706085205,
        "Volume": 2937600.0
    },
    "CL": {
        "Open": 9.71875,
        "High": 9.96875,
        "Low": 9.703125,
        "Close": 9.78125,
        "Adj Close": 5.231306552886963,
        "Volume": 4407200.0
    },
    "CMCSA": {
        "Open": 2.967823028564453,
        "High": 3.0459229946136475,
        "Low": 2.9482970237731934,
        "Close": 3.0068728923797607,
        "Adj Close": 2.0162205696105957,
        "Volume": 1300886.0
    },
    "COF": {
        "Open": 8.833333015441895,
        "High": 8.958333015441895,
        "Low": 8.75,
        "Close": 8.916666984558105,
        "Adj Close": 6.312892913818359,
        "Volume": 753600.0
    },
    "COP": {
        "Open": 13.340539932250977,
        "High": 13.435829162597656,
        "Low": 13.24524974822998,
        "Close": 13.340539932250977,
        "Adj Close": 5.216392993927002,
        "Volume": 957870.0
    },
    "COST": {
        "Open": 8.5625,
        "High": 8.6875,
        "Low": 8.4375,
        "Close": 8.625,
        "Adj Close": 5.754318714141846,
        "Volume": 1839800.0
    },
    "CRM": {
        "Open": null,
        "High": null,
        "Low": null,
        "Close": null,
        "Adj Close": null,
        "Volume": null
    },
    "CSCO": {
        "Open": 5.236111164093018,
        "High": 5.388888835906982,
        "Low": 5.125,
        "Close": 5.277778148651123,
        "Adj Close": 3.4149932861328125,
        "Volume": 73582200.0
    },
    "CVS": {
        "Open": 7.9375,
        "High": 8.0625,
        "Low": 7.9375,
        "Close": 7.96875,
        "Adj Close": 4.272801399230957,
        "Volume": 2770400.0
    },
    "CVX": {
        "Open": 27.4375,
        "High": 28.0,
        "Low": 27.375,
        "Close": 27.8125,
        "Adj Close": 9.419023513793945,
        "Volume": 2669400.0
    },
    "DE": {
        "Open": 19.6875,
        "High": 20.125,
        "Low": 19.25,
        "Close": 19.5625,
        "Adj Close": 10.918639183044434,
        "Volume": 1645400.0
    },
    "DHR": {
        "Open": 2.909014940261841,
        "High": 2.909014940261841,
        "Low": 2.8565049171447754,
        "Close": 2.8565049171447754,
        "Adj Close": 1.679146409034729,
        "Volume": 235673.0
    },
    "DIS": {
        "Open": 21.661895751953125,
        "High": 21.661895751953125,
        "Low": 21.37416648864746,
        "Close": 21.538583755493164,
        "Adj Close": 16.033382415771484,
        "Volume": 3244197.0
    },
    "DUK": {
        "Open": 42.92876434326172,
        "High": 43.58250045776367,
        "Low": 42.49293899536133,
        "Close": 42.60189437866211,
        "Adj Close": 11.127904891967773,
        "Volume": 358171.0
    },
    "EMR": {
        "Open": 19.78125,
        "High": 20.0,
        "Low": 19.46875,
        "Close": 19.46875,
        "Adj Close": 8.8434476852417,
        "Volume": 3584800.0
    },
    "FDX": {
        "Open": 18.4375,
        "High": 18.8125,
        "Low": 18.4375,
        "Close": 18.5,
        "Adj Close": 14.812813758850098,
        "Volume": 714000.0
    },
    "GD": {
        "Open": 15.0,
        "High": 15.1875,
        "Low": 14.90625,
        "Close": 14.90625,
        "Adj Close": 8.04411506652832,
        "Volume": 507200.0
    },
    "GE": {
        "Open": 60.40467834472656,
        "High": 61.303260803222656,
        "Low": 60.204994201660156,
        "Close": 60.30483627319336,
        "Adj Close": 30.5695743560791,
        "Volume": 3463206.0
    },
    "GILD": {
        "Open": 1.1484379768371582,
        "High": 1.1640629768371582,
        "Low": 1.109375,
        "Close": 1.109375,
        "Adj Close": 0.7707398533821106,
        "Volume": 6787200.0
    },
    "GM": {
        "Open": null,
        "High": null,
        "Low": null,
        "Close": null,
        "Adj Close": null,
        "Volume": null
    },
    "GOOG": {
        "Open": null,
        "High": null,
        "Low": null,
        "Close": null,
        "Adj Close": null,
        "Volume": null
    },
    "GOOGL": {
        "Open": null,