{
    "AAPL": {
        "Open": 0.24442000687122345,
        "High": 0.2544640004634857,
        "Low": 0.24442000687122345,
        "Close": 0.25223198533058167,
        "Adj Close": 0.21161364018917084,
        "Volume": 275744000.0
    },
    "ABBV": {
        "Open": null,
        "High": null,
        "Low": null,
        "Close": null,
        "Adj Close": null,
        "Volume": null
    },
    "ABT": {
        "Open": 16.609333038330078,
        "High": 16.917951583862305,
        "Low": 16.581275939941406,
        "Close": 16.693500518798828,
        "Adj Close": 8.41450023651123,
        "Volume": 4335701.0
    },
    "ACN": {
        "Open": null,
        "High": null,
        "Low": null,
        "Close": null,
        "Adj Close": null,
        "Volume": null
    },
    "ADBE": {
        "Open": 5.078125,
        "High": 5.484375,
        "Low": 5.0625,
        "Close": 5.4375,
        "Adj Close": 5.370053291320801,
        "Volume": 11635200.0
    },
    "AIG": {
        "Open": 952.4444580078125,
        "High": 982.6666870117188,
        "Low": 950.2222290039062,
        "Close": 976.4444580078125,
        "Adj Close": 573.3720703125,
        "Volume": 136842.0
    },
    "AMD": {
        "Open": 9.09375,
        "High": 9.375,
        "Low": 8.8125,
        "Close": 9.3125,
        "Adj Close": 9.3125,
        "Volume": 4795600.0
    },
    "AMGN": {
        "Open": 15.90625,
        "High": 16.0625,
        "Low": 15.90625,
        "Close": 16.046875,
        "Adj Close": 10.853926658630371,
        "Volume": 5090000.0
    },
    "AMT": {
        "Open": 23.0,
        "High": 23.0,
        "Low": 22.0,
        "Close": 22.375,
        "Adj Close": 16.3601131439209,
        "Volume": 604900.0
    },
    "AMZN": {
        "Open": 0.38697901368141174,
        "High": 0.43229201436042786,
        "Low": 0.38541701436042786,
        "Close": 0.42708298563957214,
        "Adj Close": 0.42708298563957214,
        "Volume": 388728000.0
    },
    "AVGO": {
        "Open": null,
        "High": null,
        "Low": null,
        "Close": null,
        "Adj Close": null,
        "Volume": null
    },
    "AXP": {
        "Open": 31.62021255493164,
        "High": 31.63844871520996,
        "Low": 30.854324340820312,
        "Close": 31.255504608154297,
        "Adj Close": 21.695024490356445,
        "Volume": 3300925.0
    },
    "BA": {
        "Open": 45.8125,
        "High": 46.375,
        "Low": 45.8125,
        "Close": 46.0,
        "Adj Close": 29.098474502563477,
        "Volume": 3338300.0
    },
    "BAC": {
        "Open": 38.5,
        "High": 38.78125,
        "Low": 38.28125,
        "Close": 38.71875,
        "Adj Close": 19.02201271057129,
        "Volume": 3112600.0
    },
    "BK": {
        "Open": 32.793617248535156,
        "High": 32.793617248535156,
        "Low": 32.19737243652344,
        "Close": 32.29674530029297,
        "Adj Close": 17.24095344543457,
        "Volume": 1736799.0
    },
    "BKNG": {
        "Open": null,
        "High": null,
        "Low": null,
        "Close": null,
        "Adj Close": null,
        "Volume": null
    },
    "BLK": {
        "Open": null,
        "High": null,
        "Low": null,
        "Close": null,
        "Adj Close": null,
        "Volume": null
    },
    "BMY": {
        "Open": 53.00208282470703,
        "High": 53.507713317871094,
        "Low": 52.645164489746094,
        "Close": 53.38874053955078,
        "Adj Close": 19.764982223510742,
        "Volume": 2707777.0
    },
    "BRK-B": {
        "Open": 52.15999984741211,
        "High": 52.2599983215332,
        "Low": 51.400001525878906,
        "Close": 51.91999816894531,
        "Adj Close": 51.91999816894531,
        "Volume": 1030000.0
    },
    "C": {
        "Open": 325.625,
        "High": 326.5625,
        "Low": 322.1875,
        "Close": 323.125,
        "Adj Close": 165.0536346435547,
        "Volume": 511620.0
    },
    "CAT": {
        "Open": 27.96875,
        "High": 28.1875,
        "Low": 27.5,
        "Close": 28.15625,
        "Adj Close": 14.029719352722168,
        "Volume": 2439600.0
    },
    "CL": {
        "Open": 22.4375,
        "High": 22.453125,
        "Low": 22.046875,
        "Close": 22.203125,
        "Adj Close": 12.378009796142578,
        "Volume": 2156000.0
    },
    "CMCSA": {
        "Open": 5.291315078735352,
        "High": 5.349891185760498,
        "Low": 5.203452110290527,
        "Close": 5.252264976501465,
        "Adj Close": 3.559100866317749,
        "Volume": 622274.0
    },
    "COF": {
        "Open": 34.0,
        "High": 34.04166793823242,
        "Low": 33.875,
        "Close": 33.97916793823242,
        "Adj Close": 24.503231048583984,
        "Volume": 805500.0
    },
    "COP": {
        "Open": 19.51053810119629,
        "High": 19.53436279296875,
        "Low": 19.296138763427734,
        "Close": 19.343782424926758,
        "Adj Close": 8.099526405334473,
        "Volume": 942128.0
    },
    "COST": {
        "Open": 30.34375,
        "High": 30.375,
        "Low": 29.5625,
        "Close": 29.9375,
        "Adj Close": 19.97332191467285,
        "Volume": 3365800.0
    },
    "CRM": {
        "Open": null,
        "High": null,
        "Low": null,
        "Close": null,
        "Adj Close": null,
        "Volume": null
    },
    "CSCO": {
        "Open": 12.916666984558105,
        "High": 13.291666984558105,
        "Low": 12.8125,
        "Close": 13.25,
        "Adj Close": 8.573432922363281,
        "Volume": 36597000.0
    },
    "CVS": {
        "Open": 18.921875,
        "High": 19.125,
        "Low": 18.734375,
        "Close": 18.984375,
        "Adj Close": 11.911763191223145,
        "Volume": 2112400.0
    },
    "CVX": {
        "Open": 40.625,
        "High": 40.65625,
        "Low": 40.0,
        "Close": 40.0,
        "Adj Close": 14.55372428894043,
        "Volume": 1763400.0
    },
    "DE": {
        "Open": 25.5,
        "High": 25.5625,
        "Low": 25.28125,
        "Close": 25.5625,
        "Adj Close": 14.830829620361328,
        "Volume": 1531400.0
    },
    "DHR": {
        "Open": 6.049069881439209,
        "High": 6.070074081420898,
        "Low": 6.017563819885254,
        "Close": 6.038568019866943,
        "Adj Close": 3.5662012100219727,
        "Volume": 612987.0
    },
    "DIS": {
        "Open": 38.10356140136719,
        "High": 38.30908203125,
        "Low": 37.73362350463867,
        "Close": 38.30908203125,
        "Adj Close": 28.94211769104004,
        "Volume": 4120020.0
    },
    "DUK": {
        "Open": 51.645263671875,
        "High": 52.19004440307617,
        "Low": 51.590782165527344,
        "Close": 52.08108901977539,
        "Adj Close": 14.99691104888916,
        "Volume": 594161.0
    },
    "EMR": {
        "Open": 30.53125,
        "High": 30.75,
        "Low": 30.125,
        "Close": 30.71875,
        "Adj Close": 14.622957229614258,
        "Volume": 1020800.0
    },
    "FDX": {
        "Open": 31.6875,
        "High": 32.09375,
        "Low": 31.625,
        "Close": 32.0,
        "Adj Close": 25.622150421142578,
        "Volume": 1160800.0
    },
    "GD": {
        "Open": 22.59375,
        "High": 22.8125,
        "Low": 22.59375,
        "Close": 22.8125,
        "Adj Close": 12.957869529724121,
        "Volume": 282400.0
    },
    "GE": {
        "Open": 134.2880859375,
        "High": 136.0852508544922,
        "Low": 133.98855590820312,
        "Close": 135.48619079589844,
        "Adj Close": 71.65836334228516,
        "Volume": 1856300.0
    },
    "GILD": {
        "Open": 1.0625,
        "High": 1.0625,
        "Low": 1.035156011581421,
        "Close": 1.050781011581421,
        "Adj Close": 0.730031430721283,
        "Volume": 4358400.0
    },
    "GM": {
        "Open": null,
        "High": null,
        "Low": null,
        "Close": null,
        "Adj Close": null,
        "Volume": null
    },
    "GOOG": {
        "Open": null,
        "High": null,