{
    "AAPL": {
        "Open": 0.24107100069522858,
        "High": 0.2460940033197403,
        "Low": 0.23883900046348572,
        "Close": 0.24442000687122345,
        "Adj Close": 0.20505958795547485,
        "Volume": 134568000.0
    },
    "ABBV": {
        "Open": null,
        "High": null,
        "Low": null,
        "Close": null,
        "Adj Close": null,
        "Volume": null
    },
    "ABT": {
        "Open": 17.731584548950195,
        "High": 18.18048667907715,
        "Low": 17.731584548950195,
        "Close": 18.012147903442383,
        "Adj Close": 9.079174995422363,
        "Volume": 4200482.0
    },
    "ACN": {
        "Open": null,
        "High": null,
        "Low": null,
        "Close": null,
        "Adj Close": null,
        "Volume": null
    },
    "ADBE": {
        "Open": 4.984375,
        "High": 5.078125,
        "Low": 4.9375,
        "Close": 5.015625,
        "Adj Close": 4.953409194946289,
        "Volume": 10323200.0
    },
    "AIG": {
        "Open": 955.5555419921875,
        "High": 973.7777709960938,
        "Low": 945.7777709960938,
        "Close": 946.2222290039062,
        "Adj Close": 555.6254272460938,
        "Volume": 128377.0
    },
    "AMD": {
        "Open": 8.75,
        "High": 9.1875,
        "Low": 8.53125,
        "Close": 9.125,
        "Adj Close": 9.125,
        "Volume": 2746200.0
    },
    "AMGN": {
        "Open": 15.25,
        "High": 15.265625,
        "Low": 14.96875,
        "Close": 15.03125,
        "Adj Close": 10.166967391967773,
        "Volume": 7261200.0
    },
    "AMT": {
        "Open": 21.0,
        "High": 21.375,
        "Low": 20.625,
        "Close": 21.125,
        "Adj Close": 15.446130752563477,
        "Volume": 159500.0
    },
    "AMZN": {
        "Open": 0.6229169964790344,
        "High": 0.6864579916000366,
        "Low": 0.6020830273628235,
        "Close": 0.6781250238418579,
        "Adj Close": 0.6781250238418579,
        "Volume": 726360000.0
    },
    "AVGO": {
        "Open": null,
        "High": null,
        "Low": null,
        "Close": null,
        "Adj Close": null,
        "Volume": null
    },
    "AXP": {
        "Open": 31.109621047973633,
        "High": 31.109621047973633,
        "Low": 30.781383514404297,
        "Close": 30.781383514404297,
        "Adj Close": 21.36593246459961,
        "Volume": 2193534.0
    },
    "BA": {
        "Open": 42.9375,
        "High": 43.9375,
        "Low": 42.125,
        "Close": 42.75,
        "Adj Close": 27.042604446411133,
        "Volume": 3343500.0
    },
    "BAC": {
        "Open": 38.0,
        "High": 38.125,
        "Low": 37.625,
        "Close": 37.65625,
        "Adj Close": 18.500017166137695,
        "Volume": 2557000.0
    },
    "BK": {
        "Open": 31.899246215820312,
        "High": 32.16424560546875,
        "Low": 31.534873962402344,
        "Close": 31.534873962402344,
        "Adj Close": 16.834253311157227,
        "Volume": 892079.0
    },
    "BKNG": {
        "Open": null,
        "High": null,
        "Low": null,
        "Close": null,
        "Adj Close": null,
        "Volume": null
    },
    "BLK": {
        "Open": null,
        "High": null,
        "Low": null,
        "Close": null,
        "Adj Close": null,
        "Volume": null
    },
    "BMY": {
        "Open": 53.953857421875,
        "High": 54.28103256225586,
        "Low": 52.942596435546875,
        "Close": 53.24002456665039,
        "Adj Close": 19.70993423461914,
        "Volume": 2345928.0
    },
    "BRK-B": {
        "Open": 55.31999969482422,
        "High": 55.900001525878906,
        "Low": 51.900001525878906,
        "Close": 51.900001525878906,
        "Adj Close": 51.900001525878906,
        "Volume": 2300000.0
    },
    "C": {
        "Open": 306.25,
        "High": 307.5,
        "Low": 303.125,
        "Close": 303.4375,
        "Adj Close": 154.9971160888672,
        "Volume": 562420.0
    },
    "CAT": {
        "Open": 25.96875,
        "High": 26.65625,
        "Low": 25.96875,
        "Close": 26.4375,
        "Adj Close": 13.17330265045166,
        "Volume": 3035800.0
    },
    "CL": {
        "Open": 21.84375,
        "High": 21.9375,
        "Low": 21.640625,
        "Close": 21.8125,
        "Adj Close": 12.160238265991211,
        "Volume": 2951200.0
    },
    "CMCSA": {
        "Open": 5.857544898986816,
        "High": 5.87706995010376,
        "Low": 5.681818008422852,
        "Close": 5.838018894195557,
        "Adj Close": 3.956026792526245,
        "Volume": 2406512.0
    },
    "COF": {
        "Open": 35.58333206176758,
        "High": 36.45833206176758,
        "Low": 35.47916793823242,
        "Close": 36.22916793823242,
        "Adj Close": 26.12577247619629,
        "Volume": 907500.0
    },
    "COP": {
        "Open": 18.509998321533203,
        "High": 19.177026748657227,
        "Low": 18.509998321533203,
        "Close": 18.962623596191406,
        "Adj Close": 7.939927101135254,
        "Volume": 1041824.0
    },
    "COST": {
        "Open": 30.9375,
        "High": 31.125,
        "Low": 30.5,
        "Close": 31.09375,
        "Adj Close": 20.744733810424805,
        "Volume": 2115000.0
    },
    "CRM": {
        "Open": null,
        "High": null,
        "Low": null,
        "Close": null,
        "Adj Close": null,
        "Volume": null
    },
    "CSCO": {
        "Open": 13.833333015441895,
        "High": 14.145833015441895,
        "Low": 13.71875,
        "Close": 14.104166984558105,
        "Adj Close": 9.126119613647461,
        "Volume": 48966000.0
    },
    "CVS": {
        "Open": 19.125,
        "High": 19.21875,
        "Low": 18.96875,
        "Close": 19.09375,
        "Adj Close": 11.980387687683105,
        "Volume": 1036200.0
    },
    "CVX": {
        "Open": 40.78125,
        "High": 41.46875,
        "Low": 40.75,
        "Close": 40.875,
        "Adj Close": 14.872087478637695,
        "Volume": 1986800.0
    },
    "DE": {
        "Open": 24.09375,
        "High": 25.09375,
        "Low": 24.09375,
        "Close": 24.8125,
        "Adj Close": 14.395691871643066,
        "Volume": 1917400.0
    },
    "DHR": {
        "Open": 6.196095943450928,
        "High": 6.227602005004883,
        "Low": 6.154088973999023,
        "Close": 6.227602005004883,
        "Adj Close": 3.67783784866333,
        "Volume": 981969.0
    },
    "DIS": {
        "Open": 35.37013626098633,
        "High": 35.82228088378906,
        "Low": 34.36308288574219,
        "Close": 35.760623931884766,
        "Adj Close": 27.016782760620117,
        "Volume": 15356412.0
    },
    "DUK": {
        "Open": 52.026607513427734,
        "High": 52.789302825927734,
        "Low": 51.42734909057617,
        "Close": 51.42734909057617,
        "Adj Close": 14.808674812316895,
        "Volume": 1454368.0
    },
    "EMR": {
        "Open": 30.46875,
        "High": 30.78125,
        "Low": 30.375,
        "Close": 30.375,
        "Adj Close": 14.459312438964844,
        "Volume": 852400.0
    },
    "FDX": {
        "Open": 31.0,
        "High": 31.5,
        "Low": 30.71875,
        "Close": 30.90625,
        "Adj Close": 24.74640464782715,
        "Volume": 833000.0
    },
    "GD": {
        "Open": 21.9375,
        "High": 21.96875,
        "Low": 21.59375,
        "Close": 21.625,
        "Adj Close": 12.28335189819336,
        "Volume": 182000.0
    },
    "GE": {
        "Open": 138.781005859375,
        "High": 139.8792724609375,
        "Low": 137.48304748535156,
        "Close": 137.5828857421875,
        "Adj Close": 72.7673110961914,
        "Volume": 2249857.0
    },
    "GILD": {
        "Open": 1.0703129768371582,
        "High": 1.0859379768371582,
        "Low": 1.050781011581421,
        "Close": 1.0800780057907104,
        "Adj Close": 0.7503856420516968,
        "Volume": 8000000.0
    },
    "GM": {
        "Open": null,
        "High": null,
        "Low": null,
        "Close": null,
        "Adj Close": null,