{
    "AAPL": {
        "Open": 0.24497799575328827,
        "High": 0.251116007566452,
        "Low": 0.24330399930477142,
        "Close": 0.24832600355148315,
        "Adj Close": 0.20833663642406464,
        "Volume": 231056000.0
    },
    "ABBV": {
        "Open": null,
        "High": null,
        "Low": null,
        "Close": null,
        "Adj Close": null,
        "Volume": null
    },
    "ABT": {
        "Open": 18.068260192871094,
        "High": 18.32076644897461,
        "Low": 17.87186622619629,
        "Close": 18.29271125793457,
        "Adj Close": 9.220597267150879,
        "Volume": 4269094.0
    },
    "ACN": {
        "Open": null,
        "High": null,
        "Low": null,
        "Close": null,
        "Adj Close": null,
        "Volume": null
    },
    "ADBE": {
        "Open": 5.0625,
        "High": 5.21875,
        "Low": 5.015625,
        "Close": 5.0625,
        "Adj Close": 4.999703884124756,
        "Volume": 6876800.0
    },
    "AIG": {
        "Open": 948.888916015625,
        "High": 960.0,
        "Low": 948.888916015625,
        "Close": 958.6666870117188,
        "Adj Close": 562.932861328125,
        "Volume": 128869.0
    },
    "AMD": {
        "Open": 9.125,
        "High": 9.28125,
        "Low": 8.875,
        "Close": 8.9375,
        "Adj Close": 8.9375,
        "Volume": 2986800.0
    },
    "AMGN": {
        "Open": 15.3125,
        "High": 15.765625,
        "Low": 15.171875,
        "Close": 15.671875,
        "Adj Close": 10.60028076171875,
        "Volume": 14370000.0
    },
    "AMT": {
        "Open": 21.875,
        "High": 22.75,
        "Low": 21.625,
        "Close": 22.5,
        "Adj Close": 16.451501846313477,
        "Volume": 234000.0
    },
    "AMZN": {
        "Open": 0.6755210161209106,
        "High": 0.7729169726371765,
        "Low": 0.6708329916000366,
        "Close": 0.7723960280418396,
        "Adj Close": 0.7723960280418396,
        "Volume": 749268000.0
    },
    "AVGO": {
        "Open": null,
        "High": null,
        "Low": null,
        "Close": null,
        "Adj Close": null,
        "Volume": null
    },
    "AXP": {
        "Open": 30.92726707458496,
        "High": 31.073150634765625,
        "Low": 30.799619674682617,
        "Close": 30.890796661376953,
        "Adj Close": 21.44187355041504,
        "Volume": 3369816.0
    },
    "BA": {
        "Open": 42.75,
        "High": 43.4375,
        "Low": 42.75,
        "Close": 43.375,
        "Adj Close": 27.437969207763672,
        "Volume": 3964100.0
    },
    "BAC": {
        "Open": 37.65625,
        "High": 38.0,
        "Low": 37.34375,
        "Close": 37.375,
        "Adj Close": 18.361852645874023,
        "Volume": 3746600.0
    },
    "BK": {
        "Open": 31.79987335205078,
        "High": 31.79987335205078,
        "Low": 31.203624725341797,
        "Close": 31.700498580932617,
        "Adj Close": 16.922657012939453,
        "Volume": 1614535.0
    },
    "BKNG": {
        "Open": null,
        "High": null,
        "Low": null,
        "Close": null,
        "Adj Close": null,
        "Volume": null
    },
    "BLK": {
        "Open": null,
        "High": null,
        "Low": null,
        "Close": null,
        "Adj Close": null,
        "Volume": null
    },
    "BMY": {
        "Open": 53.24002456665039,
        "High": 54.578460693359375,
        "Low": 53.121055603027344,
        "Close": 54.370262145996094,
        "Adj Close": 20.128368377685547,
        "Volume": 3398905.0
    },
    "BRK-B": {
        "Open": 52.279998779296875,
        "High": 52.7599983215332,
        "Low": 52.279998779296875,
        "Close": 52.41999816894531,
        "Adj Close": 52.41999816894531,
        "Volume": 830000.0
    },
    "C": {
        "Open": 305.9375,
        "High": 307.5,
        "Low": 304.0625,
        "Close": 304.6875,
        "Adj Close": 155.6356201171875,
        "Volume": 588120.0
    },
    "CAT": {
        "Open": 26.4375,
        "High": 26.96875,
        "Low": 26.09375,
        "Close": 26.40625,
        "Adj Close": 13.157731056213379,
        "Volume": 1768600.0
    },
    "CL": {
        "Open": 21.75,
        "High": 22.234375,
        "Low": 21.65625,
        "Close": 21.953125,
        "Adj Close": 12.238636016845703,
        "Volume": 3358000.0
    },
    "CMCSA": {
        "Open": 5.838018894195557,
        "High": 6.3066229820251465,
        "Low": 5.828257083892822,
        "Close": 6.208996772766113,
        "Adj Close": 4.207413673400879,
        "Volume": 6745147.0
    },
    "COF": {
        "Open": 36.5625,
        "High": 36.85416793823242,
        "Low": 36.25,
        "Close": 36.85416793823242,
        "Adj Close": 26.576475143432617,
        "Volume": 646800.0
    },
    "COP": {
        "Open": 19.010269165039062,
        "High": 19.177026748657227,
        "Low": 18.962623596191406,
        "Close": 19.010269165039062,
        "Adj Close": 7.959877967834473,
        "Volume": 923763.0
    },
    "COST": {
        "Open": 31.0625,
        "High": 31.8125,
        "Low": 31.0625,
        "Close": 31.375,
        "Adj Close": 20.932369232177734,
        "Volume": 2727600.0
    },
    "CRM": {
        "Open": null,
        "High": null,
        "Low": null,
        "Close": null,
        "Adj Close": null,
        "Volume": null
    },
    "CSCO": {
        "Open": 14.229166984558105,
        "High": 14.5,
        "Low": 14.166666984558105,
        "Close": 14.479166984558105,
        "Adj Close": 9.368764877319336,
        "Volume": 54733200.0
    },
    "CVS": {
        "Open": 19.15625,
        "High": 19.4375,
        "Low": 19.0625,
        "Close": 19.375,
        "Adj Close": 12.156856536865234,
        "Volume": 2146200.0
    },
    "CVX": {
        "Open": 41.625,
        "High": 42.0625,
        "Low": 41.4375,
        "Close": 42.03125,
        "Adj Close": 15.292779922485352,
        "Volume": 2014600.0
    },
    "DE": {
        "Open": 25.5,
        "High": 26.125,
        "Low": 24.4375,
        "Close": 24.625,
        "Adj Close": 14.286913871765137,
        "Volume": 2832200.0
    },
    "DHR": {
        "Open": 6.227602005004883,
        "High": 6.332620143890381,
        "Low": 6.227602005004883,
        "Close": 6.227602005004883,
        "Adj Close": 3.67783784866333,
        "Volume": 670715.0
    },
    "DIS": {
        "Open": 35.760623931884766,
        "High": 36.294979095458984,
        "Low": 35.719520568847656,
        "Close": 36.08945846557617,
        "Adj Close": 27.265213012695312,
        "Volume": 6272478.0
    },
    "DUK": {
        "Open": 52.29899978637695,
        "High": 52.29899978637695,
        "Low": 51.53630447387695,
        "Close": 51.75421905517578,
        "Adj Close": 14.902799606323242,
        "Volume": 985946.0
    },
    "EMR": {
        "Open": 30.1875,
        "High": 30.5,
        "Low": 30.03125,
        "Close": 30.28125,
        "Adj Close": 14.414693832397461,
        "Volume": 1725800.0
    },
    "FDX": {
        "Open": 30.75,
        "High": 31.125,
        "Low": 30.53125,
        "Close": 30.90625,
        "Adj Close": 24.74640464782715,
        "Volume": 660600.0
    },
    "GD": {
        "Open": 21.625,
        "High": 22.5,
        "Low": 21.53125,
        "Close": 22.4375,
        "Adj Close": 12.74487018585205,
        "Volume": 561400.0
    },
    "GE": {
        "Open": 138.98068237304688,
        "High": 141.07737731933594,
        "Low": 138.38162231445312,
        "Close": 140.77784729003906,
        "Adj Close": 74.45711517333984,
        "Volume": 2182564.0
    },
    "GILD": {
        "Open": 1.089843988418579,
        "High": 1.1015629768371582,
        "Low": 1.078125,
        "Close": 1.078125,
        "Adj Close": 0.7490288019180298,
        "Volume": 30793600.0
    },
    "GM": {
        "Open": null,
        "High": null,
        "Low": null,
        "Close": null,
        "Adj Close": null,
        "Volume": null
    },
    "GOOG": {
        "Open": null,