{
    "AAPL": {
        "Open": 0.2154020071029663,
        "High": 0.2154020071029663,
        "Low": 0.20982100069522858,
        "Close": 0.21317000687122345,
        "Adj Close": 0.17884202301502228,
        "Volume": 108460800.0
    },
    "ABBV": {
        "Open": null,
        "High": null,
        "Low": null,
        "Close": null,
        "Adj Close": null,
        "Volume": null
    },
    "ABT": {
        "Open": 9.006073951721191,
        "High": 9.062187194824219,
        "Low": 8.837736129760742,
        "Close": 8.837736129760742,
        "Adj Close": 4.277358055114746,
        "Volume": 6777443.0
    },
    "ACN": {
        "Open": null,
        "High": null,
        "Low": null,
        "Close": null,
        "Adj Close": null,
        "Volume": null
    },
    "ADBE": {
        "Open": 5.203125,
        "High": 5.21875,
        "Low": 5.046875,
        "Close": 5.203125,
        "Adj Close": 5.0885467529296875,
        "Volume": 16702400.0
    },
    "AIG": {
        "Open": 425.4814758300781,
        "High": 429.03704833984375,
        "Low": 417.77777099609375,
        "Close": 417.77777099609375,
        "Adj Close": 243.57078552246094,
        "Volume": 479187.0
    },
    "AMD": {
        "Open": 9.75,
        "High": 9.9375,
        "Low": 9.6875,
        "Close": 9.75,
        "Adj Close": 9.75,
        "Volume": 2960600.0
    },
    "AMGN": {
        "Open": 13.46875,
        "High": 13.75,
        "Low": 12.96875,
        "Close": 13.09375,
        "Adj Close": 8.856462478637695,
        "Volume": 24848000.0
    },
    "AMT": {
        "Open": null,
        "High": null,
        "Low": null,
        "Close": null,
        "Adj Close": null,
        "Volume": null
    },
    "AMZN": {
        "Open": null,
        "High": null,
        "Low": null,
        "Close": null,
        "Adj Close": null,
        "Volume": null
    },
    "AVGO": {
        "Open": null,
        "High": null,
        "Low": null,
        "Close": null,
        "Adj Close": null,
        "Volume": null
    },
    "AXP": {
        "Open": 13.858917236328125,
        "High": 14.004799842834473,
        "Low": 13.530678749084473,
        "Close": 13.785975456237793,
        "Adj Close": 9.30572509765625,
        "Volume": 4338398.0
    },
    "BA": {
        "Open": 38.8125,
        "High": 39.625,
        "Low": 38.8125,
        "Close": 39.0,
        "Adj Close": 24.031869888305664,
        "Volume": 3665800.0
    },
    "BAC": {
        "Open": 19.5,
        "High": 19.78125,
        "Low": 19.40625,
        "Close": 19.46875,
        "Adj Close": 9.06448745727539,
        "Volume": 4564000.0
    },
    "BK": {
        "Open": 12.686823844909668,
        "High": 12.753073692321777,
        "Low": 12.488075256347656,
        "Close": 12.521200180053711,
        "Adj Close": 6.366533279418945,
        "Volume": 3272089.0
    },
    "BKNG": {
        "Open": null,
        "High": null,
        "Low": null,
        "Close": null,
        "Adj Close": null,
        "Volume": null
    },
    "BLK": {
        "Open": null,
        "High": null,
        "Low": null,
        "Close": null,
        "Adj Close": null,
        "Volume": null
    },
    "BMY": {
        "Open": 19.303226470947266,
        "High": 19.481685638427734,
        "Low": 19.303226470947266,
        "Close": 19.362712860107422,
        "Adj Close": 6.843470096588135,
        "Volume": 4173246.0
    },
    "BRK-B": {
        "Open": null,
        "High": null,
        "Low": null,
        "Close": null,
        "Adj Close": null,
        "Volume": null
    },
    "C": {
        "Open": 97.08333587646484,
        "High": 97.5,
        "Low": 95.83333587646484,
        "Close": 96.45833587646484,
        "Adj Close": 48.265377044677734,
        "Volume": 1039080.0
    },
    "CAT": {
        "Open": 16.15625,
        "High": 16.28125,
        "Low": 15.84375,
        "Close": 15.9375,
        "Adj Close": 7.631445407867432,
        "Volume": 3529200.0
    },
    "CL": {
        "Open": 9.46875,
        "High": 9.59375,
        "Low": 9.46875,
        "Close": 9.53125,
        "Adj Close": 5.12869930267334,
        "Volume": 4271200.0
    },
    "CMCSA": {
        "Open": 2.694469928741455,
        "High": 2.713995933532715,
        "Low": 2.6554200649261475,
        "Close": 2.6554200649261475,
        "Adj Close": 1.7825183868408203,
        "Volume": 613312.0
    },
    "COF": {
        "Open": 9.708333015441895,
        "High": 9.75,
        "Low": 9.541666984558105,
        "Close": 9.583333015441895,
        "Adj Close": 6.804150581359863,
        "Volume": 189000.0
    },
    "COP": {
        "Open": 15.151041984558105,
        "High": 15.198685646057129,
        "Low": 15.05575180053711,
        "Close": 15.103397369384766,
        "Adj Close": 5.949424743652344,
        "Volume": 1006144.0
    },
    "COST": {
        "Open": 9.3125,
        "High": 9.5625,
        "Low": 9.25,
        "Close": 9.5,
        "Adj Close": 6.338088035583496,
        "Volume": 2616400.0
    },
    "CRM": {
        "Open": null,
        "High": null,
        "Low": null,
        "Close": null,
        "Adj Close": null,
        "Volume": null
    },
    "CSCO": {
        "Open": 5.6666669845581055,
        "High": 5.7916669845581055,
        "Low": 5.569444179534912,
        "Close": 5.625,
        "Adj Close": 3.6396644115448,
        "Volume": 51748200.0
    },
    "CVS": {
        "Open": 9.65625,
        "High": 9.65625,
        "Low": 9.5625,
        "Close": 9.65625,
        "Adj Close": 5.192226886749268,
        "Volume": 1337200.0
    },
    "CVX": {
        "Open": 28.625,
        "High": 28.625,
        "Low": 28.25,
        "Close": 28.3125,
        "Adj Close": 9.588351249694824,
        "Volume": 1134800.0
    },
    "DE": {
        "Open": 20.0625,
        "High": 20.125,
        "Low": 19.875,
        "Close": 19.9375,
        "Adj Close": 11.180249214172363,
        "Volume": 1372800.0
    },
    "DHR": {
        "Open": 3.2975831031799316,
        "High": 3.2975831031799316,
        "Low": 3.2555758953094482,
        "Close": 3.2555758953094482,
        "Adj Close": 1.914785385131836,
        "Volume": 898651.0
    },
    "DIS": {
        "Open": 19.729999542236328,
        "High": 19.976625442504883,
        "Low": 19.23674964904785,
        "Close": 19.401166915893555,
        "Adj Close": 14.467296600341797,
        "Volume": 7600507.0
    },
    "DUK": {
        "Open": 41.076507568359375,
        "High": 41.076507568359375,
        "Low": 39.986942291259766,
        "Close": 40.313812255859375,
        "Adj Close": 10.530242919921875,
        "Volume": 332129.0
    },
    "EMR": {
        "Open": 20.90625,
        "High": 20.90625,
        "Low": 20.75,
        "Close": 20.75,
        "Adj Close": 9.42543888092041,
        "Volume": 1395200.0
    },
    "FDX": {
        "Open": 19.71875,
        "High": 19.78125,
        "Low": 19.25,
        "Close": 19.46875,
        "Adj Close": 15.588476181030273,
        "Volume": 495600.0
    },
    "GD": {
        "Open": 15.84375,
        "High": 15.84375,
        "Low": 15.6875,
        "Close": 15.75,
        "Adj Close": 8.558915138244629,
        "Volume": 578000.0
    },
    "GE": {
        "Open": 61.90231704711914,
        "High": 62.401527404785156,
        "Low": 61.40310287475586,
        "Close": 61.50294494628906,
        "Adj Close": 31.364585876464844,
        "Volume": 2806547.0
    },
    "GILD": {
        "Open": 1.0078129768371582,
        "High": 1.027343988418579,
        "Low": 0.984375,
        "Close": 1.0,
        "Adj Close": 0.6947513818740845,
        "Volume": 5996800.0
    },
    "GM": {
        "Open": null,
        "High": null,
        "Low": null,
        "Close": null,
        "Adj Close": null,
        "Volume": null
    },
    "GOOG": {
        "Open": null,
        "High": null,
        "Low": null,
        "Close": null,
        "Adj Close": null,
        "Volume": null
    },