{
    "AAPL": {
        "Open": 0.24330399930477142,
        "High": 0.24330399930477142,
        "Low": 0.22879500687122345,
        "Close": 0.23883900046348572,
        "Adj Close": 0.20037737488746643,
        "Volume": 186793600.0
    },
    "ABBV": {
        "Open": null,
        "High": null,
        "Low": null,
        "Close": null,
        "Adj Close": null,
        "Volume": null
    },
    "ABT": {
        "Open": 8.809679985046387,
        "High": 8.921904563903809,
        "Low": 8.669398307800293,
        "Close": 8.837736129760742,
        "Adj Close": 4.277358055114746,
        "Volume": 7847612.0
    },
    "ACN": {
        "Open": null,
        "High": null,
        "Low": null,
        "Close": null,
        "Adj Close": null,
        "Volume": null
    },
    "ADBE": {
        "Open": 5.1875,
        "High": 5.234375,
        "Low": 4.84375,
        "Close": 5.015625,
        "Adj Close": 4.905177593231201,
        "Volume": 29684800.0
    },
    "AIG": {
        "Open": 421.3333435058594,
        "High": 430.8148193359375,
        "Low": 420.7407531738281,
        "Close": 429.629638671875,
        "Adj Close": 250.48065185546875,
        "Volume": 262448.0
    },
    "AMD": {
        "Open": 9.375,
        "High": 9.5625,
        "Low": 9.1875,
        "Close": 9.5,
        "Adj Close": 9.5,
        "Volume": 1404200.0
    },
    "AMGN": {
        "Open": 13.65625,
        "High": 14.0,
        "Low": 13.3125,
        "Close": 13.96875,
        "Adj Close": 9.4483060836792,
        "Volume": 8373600.0
    },
    "AMT": {
        "Open": null,
        "High": null,
        "Low": null,
        "Close": null,
        "Adj Close": null,
        "Volume": null
    },
    "AMZN": {
        "Open": null,
        "High": null,
        "Low": null,
        "Close": null,
        "Adj Close": null,
        "Volume": null
    },
    "AVGO": {
        "Open": null,
        "High": null,
        "Low": null,
        "Close": null,
        "Adj Close": null,
        "Volume": null
    },
    "AXP": {
        "Open": 13.311854362487793,
        "High": 14.041271209716797,
        "Low": 13.238912582397461,
        "Close": 13.968329429626465,
        "Adj Close": 9.428816795349121,
        "Volume": 6030847.0
    },
    "BA": {
        "Open": 37.4375,
        "High": 38.25,
        "Low": 37.0625,
        "Close": 38.1875,
        "Adj Close": 23.531206130981445,
        "Volume": 5769000.0
    },
    "BAC": {
        "Open": 19.25,
        "High": 19.875,
        "Low": 19.0,
        "Close": 19.78125,
        "Adj Close": 9.209980964660645,
        "Volume": 4213600.0
    },
    "BK": {
        "Open": 12.289325714111328,
        "High": 12.653698921203613,
        "Low": 12.223075866699219,
        "Close": 12.653698921203613,
        "Adj Close": 6.433906555175781,
        "Volume": 5764929.0
    },
    "BKNG": {
        "Open": null,
        "High": null,
        "Low": null,
        "Close": null,
        "Adj Close": null,
        "Volume": null
    },
    "BLK": {
        "Open": null,
        "High": null,
        "Low": null,
        "Close": null,
        "Adj Close": null,
        "Volume": null
    },
    "BMY": {
        "Open": 18.797595977783203,
        "High": 19.303226470947266,
        "Low": 18.66375160217285,
        "Close": 19.303226470947266,
        "Adj Close": 6.822448253631592,
        "Volume": 4725897.0
    },
    "BRK-B": {
        "Open": null,
        "High": null,
        "Low": null,
        "Close": null,
        "Adj Close": null,
        "Volume": null
    },
    "C": {
        "Open": 94.16666412353516,
        "High": 98.54166412353516,
        "Low": 94.16666412353516,
        "Close": 98.33333587646484,
        "Adj Close": 49.20359802246094,
        "Volume": 1115640.0
    },
    "CAT": {
        "Open": 15.78125,
        "High": 15.84375,
        "Low": 15.5,
        "Close": 15.75,
        "Adj Close": 7.541665554046631,
        "Volume": 2446000.0
    },
    "CL": {
        "Open": 9.515625,
        "High": 9.6875,
        "Low": 9.40625,
        "Close": 9.671875,
        "Adj Close": 5.20436954498291,
        "Volume": 3251200.0
    },
    "CMCSA": {
        "Open": 2.6163699626922607,
        "High": 2.6554200649261475,
        "Low": 2.5187439918518066,
        "Close": 2.54803204536438,
        "Adj Close": 1.7104313373565674,
        "Volume": 2420596.0
    },
    "COF": {
        "Open": 9.083333015441895,
        "High": 9.333333015441895,
        "Low": 9.0,
        "Close": 9.291666984558105,
        "Adj Close": 6.597069263458252,
        "Volume": 696600.0
    },
    "COP": {
        "Open": 14.484015464782715,
        "High": 14.86517333984375,
        "Low": 14.388725280761719,
        "Close": 14.817527770996094,
        "Adj Close": 5.836822032928467,
        "Volume": 1765408.0
    },
    "COST": {
        "Open": 9.125,
        "High": 9.25,
        "Low": 9.0,
        "Close": 9.25,
        "Adj Close": 6.17129373550415,
        "Volume": 2002600.0
    },
    "CRM": {
        "Open": null,
        "High": null,
        "Low": null,
        "Close": null,
        "Adj Close": null,
        "Volume": null
    },
    "CSCO": {
        "Open": 5.777778148651123,
        "High": 5.861111164093018,
        "Low": 5.611111164093018,
        "Close": 5.861111164093018,
        "Adj Close": 3.79243803024292,
        "Volume": 68562000.0
    },
    "CVS": {
        "Open": 9.375,
        "High": 9.40625,
        "Low": 9.25,
        "Close": 9.375,
        "Adj Close": 5.0409955978393555,
        "Volume": 2457600.0
    },
    "CVX": {
        "Open": 27.6875,
        "High": 28.375,
        "Low": 27.4375,
        "Close": 28.3125,
        "Adj Close": 9.588351249694824,
        "Volume": 2471000.0
    },
    "DE": {
        "Open": 19.125,
        "High": 19.25,
        "Low": 18.5625,
        "Close": 19.125,
        "Adj Close": 10.724629402160645,
        "Volume": 2371600.0
    },
    "DHR": {
        "Open": 3.266077995300293,
        "High": 3.371095895767212,
        "Low": 3.266077995300293,
        "Close": 3.3605940341949463,
        "Adj Close": 1.9765523672103882,
        "Volume": 1700890.0
    },
    "DIS": {
        "Open": 19.442270278930664,
        "High": 19.442270278930664,
        "Low": 19.03122901916504,
        "Close": 19.401166915893555,
        "Adj Close": 14.467296600341797,
        "Volume": 7203345.0
    },
    "DUK": {
        "Open": 40.313812255859375,
        "High": 41.5123291015625,
        "Low": 40.204856872558594,
        "Close": 41.40337371826172,
        "Adj Close": 10.814846992492676,
        "Volume": 411059.0
    },
    "EMR": {
        "Open": 20.21875,
        "High": 20.4375,
        "Low": 20.09375,
        "Close": 20.34375,
        "Adj Close": 9.240907669067383,
        "Volume": 1394400.0
    },
    "FDX": {
        "Open": 19.34375,
        "High": 19.34375,
        "Low": 19.1875,
        "Close": 19.34375,
        "Adj Close": 15.488402366638184,
        "Volume": 379600.0
    },
    "GD": {
        "Open": 15.5,
        "High": 15.78125,
        "Low": 15.40625,
        "Close": 15.71875,
        "Adj Close": 8.541938781738281,
        "Volume": 408800.0
    },
    "GE": {
        "Open": 59.90546798706055,
        "High": 60.80405044555664,
        "Low": 58.90704345703125,
        "Close": 60.70420837402344,
        "Adj Close": 30.957250595092773,
        "Volume": 3334128.0
    },
    "GILD": {
        "Open": 0.921875,
        "High": 0.9609379768371582,
        "Low": 0.90625,
        "Close": 0.9570310115814209,
        "Adj Close": 0.6648985743522644,
        "Volume": 11056000.0
    },
    "GM": {
        "Open": null,
        "High": null,
        "Low": null,
        "Close": null,
        "Adj Close": null,
        "Volume": null
    },
    "GOOG": {
        "Open": null,
        "High": null,
        "Low": null,
        "Close": null,
        "Adj Close": null,
        "Volume": null
    },