{
    "AAPL": {
        "Open": 0.23549099266529083,
        "High": 0.23660700023174286,
        "Low": 0.22991099953651428,
        "Close": 0.23325900733470917,
        "Adj Close": 0.1956959366798401,
        "Volume": 98078400.0
    },
    "ABBV": {
        "Open": null,
        "High": null,
        "Low": null,
        "Close": null,
        "Adj Close": null,
        "Volume": null
    },
    "ABT": {
        "Open": 8.89384937286377,
        "High": 8.9639892578125,
        "Low": 8.837736129760742,
        "Close": 8.921904563903809,
        "Adj Close": 4.318093299865723,
        "Volume": 7316537.0
    },
    "ACN": {
        "Open": null,
        "High": null,
        "Low": null,
        "Close": null,
        "Adj Close": null,
        "Volume": null
    },
    "ADBE": {
        "Open": 5.015625,
        "High": 5.046875,
        "Low": 4.90625,
        "Close": 4.921875,
        "Adj Close": 4.8134918212890625,
        "Volume": 7848800.0
    },
    "AIG": {
        "Open": 429.03704833984375,
        "High": 431.40740966796875,
        "Low": 427.8518371582031,
        "Close": 429.629638671875,
        "Adj Close": 250.48065185546875,
        "Volume": 150462.0
    },
    "AMD": {
        "Open": 9.375,
        "High": 9.4375,
        "Low": 9.25,
        "Close": 9.375,
        "Adj Close": 9.375,
        "Volume": 1487000.0
    },
    "AMGN": {
        "Open": 14.0,
        "High": 14.09375,
        "Low": 13.78125,
        "Close": 13.90625,
        "Adj Close": 9.40602970123291,
        "Volume": 7061600.0
    },
    "AMT": {
        "Open": null,
        "High": null,
        "Low": null,
        "Close": null,
        "Adj Close": null,
        "Volume": null
    },
    "AMZN": {
        "Open": null,
        "High": null,
        "Low": null,
        "Close": null,
        "Adj Close": null,
        "Volume": null
    },
    "AVGO": {
        "Open": null,
        "High": null,
        "Low": null,
        "Close": null,
        "Adj Close": null,
        "Volume": null
    },
    "AXP": {
        "Open": 13.895387649536133,
        "High": 13.93185806274414,
        "Low": 13.457737922668457,
        "Close": 13.676563262939453,
        "Adj Close": 9.231873512268066,
        "Volume": 5374500.0
    },
    "BA": {
        "Open": 38.25,
        "High": 39.0,
        "Low": 38.25,
        "Close": 38.625,
        "Adj Close": 23.800796508789062,
        "Volume": 2490200.0
    },
    "BAC": {
        "Open": 19.71875,
        "High": 19.96875,
        "Low": 19.625,
        "Close": 19.75,
        "Adj Close": 9.195439338684082,
        "Volume": 2355200.0
    },
    "BK": {
        "Open": 12.620574951171875,
        "High": 12.819323539733887,
        "Low": 12.58745002746582,
        "Close": 12.753073692321777,
        "Adj Close": 6.48443078994751,
        "Volume": 6646442.0
    },
    "BKNG": {
        "Open": null,
        "High": null,
        "Low": null,
        "Close": null,
        "Adj Close": null,
        "Volume": null
    },
    "BLK": {
        "Open": null,
        "High": null,
        "Low": null,
        "Close": null,
        "Adj Close": null,
        "Volume": null
    },
    "BMY": {
        "Open": 19.273483276367188,
        "High": 19.273483276367188,
        "Low": 19.005796432495117,
        "Close": 19.184255599975586,
        "Adj Close": 6.780399799346924,
        "Volume": 4280414.0
    },
    "BRK-B": {
        "Open": 22.200000762939453,
        "High": 24.399999618530273,
        "Low": 22.200000762939453,
        "Close": 23.200000762939453,
        "Adj Close": 23.200000762939453,
        "Volume": 4290000.0
    },
    "C": {
        "Open": 98.75,
        "High": 98.95833587646484,
        "Low": 97.29166412353516,
        "Close": 97.91666412353516,
        "Adj Close": 48.99509048461914,
        "Volume": 795420.0
    },
    "CAT": {
        "Open": 15.75,
        "High": 16.0,
        "Low": 15.6875,
        "Close": 15.84375,
        "Adj Close": 7.586561679840088,
        "Volume": 2398400.0
    },
    "CL": {
        "Open": 9.625,
        "High": 9.71875,
        "Low": 9.609375,
        "Close": 9.71875,
        "Adj Close": 5.2295918464660645,
        "Volume": 2156800.0
    },
    "CMCSA": {
        "Open": 2.577320098876953,
        "High": 2.577320098876953,
        "Low": 2.53826904296875,
        "Close": 2.5675570964813232,
        "Adj Close": 1.7235372066497803,
        "Volume": 2223415.0
    },
    "COF": {
        "Open": 9.333333015441895,
        "High": 9.333333015441895,
        "Low": 9.041666984558105,
        "Close": 9.208333015441895,
        "Adj Close": 6.537901878356934,
        "Volume": 209100.0
    },
    "COP": {
        "Open": 14.769883155822754,
        "High": 15.05575180053711,
        "Low": 14.769883155822754,
        "Close": 14.960461616516113,
        "Adj Close": 5.893121242523193,
        "Volume": 3401474.0
    },
    "COST": {
        "Open": 9.25,
        "High": 9.75,
        "Low": 9.25,
        "Close": 9.625,
        "Adj Close": 6.421483516693115,
        "Volume": 3168200.0
    },
    "CRM": {
        "Open": null,
        "High": null,
        "Low": null,
        "Close": null,
        "Adj Close": null,
        "Volume": null
    },
    "CSCO": {
        "Open": 5.944444179534912,
        "High": 6.013888835906982,
        "Low": 5.805555820465088,
        "Close": 5.861111164093018,
        "Adj Close": 3.79243803024292,
        "Volume": 100045800.0
    },
    "CVS": {
        "Open": 9.40625,
        "High": 9.5,
        "Low": 9.34375,
        "Close": 9.375,
        "Adj Close": 5.0409955978393555,
        "Volume": 1666400.0
    },
    "CVX": {
        "Open": 28.375,
        "High": 28.6875,
        "Low": 28.25,
        "Close": 28.5625,
        "Adj Close": 9.673014640808105,
        "Volume": 1555600.0
    },
    "DE": {
        "Open": 19.25,
        "High": 19.5,
        "Low": 19.1875,
        "Close": 19.5,
        "Adj Close": 10.934919357299805,
        "Volume": 1398800.0
    },
    "DHR": {
        "Open": 3.371095895767212,
        "High": 3.402601957321167,
        "Low": 3.3395910263061523,
        "Close": 3.3605940341949463,
        "Adj Close": 1.9765523672103882,
        "Volume": 435637.0
    },
    "DIS": {
        "Open": 19.401166915893555,
        "High": 19.565582275390625,
        "Low": 19.03122901916504,
        "Close": 19.154542922973633,
        "Adj Close": 14.2833890914917,
        "Volume": 6075722.0
    },
    "DUK": {
        "Open": 41.29441833496094,
        "High": 41.73024368286133,
        "Low": 41.29441833496094,
        "Close": 41.62128829956055,
        "Adj Close": 10.87176513671875,
        "Volume": 302300.0
    },
    "EMR": {
        "Open": 20.5625,
        "High": 20.6875,
        "Low": 20.5,
        "Close": 20.5625,
        "Adj Close": 9.3402681350708,
        "Volume": 1599600.0
    },
    "FDX": {
        "Open": 19.34375,
        "High": 19.65625,
        "Low": 19.34375,
        "Close": 19.5,
        "Adj Close": 15.61350154876709,
        "Volume": 543200.0
    },
    "GD": {
        "Open": 15.71875,
        "High": 16.15625,
        "Low": 15.6875,
        "Close": 16.125,
        "Adj Close": 8.762701034545898,
        "Volume": 1360400.0
    },
    "GE": {
        "Open": 60.80405044555664,
        "High": 61.60279083251953,
        "Low": 60.70420837402344,
        "Close": 61.50294494628906,
        "Adj Close": 31.364585876464844,
        "Volume": 2555902.0
    },
    "GILD": {
        "Open": 0.9570310115814209,
        "High": 0.9765629768371582,
        "Low": 0.9414060115814209,
        "Close": 0.953125,
        "Adj Close": 0.6621848940849304,
        "Volume": 9398400.0
    },
    "GM": {
        "Open": null,
        "High": null,
        "Low": null,
        "Close": null,
        "Adj Close": null,
        "Volume": null
    },
    "GOOG": {
        "Open": null,
        "High": null,
        "Low": null,
        "Close": null,