{
    "AAPL": {
        "Open": 0.24776799976825714,
        "High": 0.25,
        "Low": 0.24553599953651428,
        "Close": 0.24553599953651428,
        "Adj Close": 0.20599591732025146,
        "Volume": 197624000.0
    },
    "ABBV": {
        "Open": null,
        "High": null,
        "Low": null,
        "Close": null,
        "Adj Close": null,
        "Volume": null
    },
    "ABT": {
        "Open": 9.17441177368164,
        "High": 9.17441177368164,
        "Low": 9.034130096435547,
        "Close": 9.090243339538574,
        "Adj Close": 4.39956521987915,
        "Volume": 6031176.0
    },
    "ACN": {
        "Open": null,
        "High": null,
        "Low": null,
        "Close": null,
        "Adj Close": null,
        "Volume": null
    },
    "ADBE": {
        "Open": 5.234375,
        "High": 5.40625,
        "Low": 5.1875,
        "Close": 5.3125,
        "Adj Close": 5.195515155792236,
        "Volume": 14715200.0
    },
    "AIG": {
        "Open": 443.8518371582031,
        "High": 446.22222900390625,
        "Low": 440.2962951660156,
        "Close": 440.8888854980469,
        "Adj Close": 257.0450134277344,
        "Volume": 127259.0
    },
    "AMD": {
        "Open": 9.375,
        "High": 9.375,
        "Low": 9.1875,
        "Close": 9.375,
        "Adj Close": 9.375,
        "Volume": 1232800.0
    },
    "AMGN": {
        "Open": 14.625,
        "High": 14.75,
        "Low": 14.46875,
        "Close": 14.5,
        "Adj Close": 9.807637214660645,
        "Volume": 7611200.0
    },
    "AMT": {
        "Open": null,
        "High": null,
        "Low": null,
        "Close": null,
        "Adj Close": null,
        "Volume": null
    },
    "AMZN": {
        "Open": null,
        "High": null,
        "Low": null,
        "Close": null,
        "Adj Close": null,
        "Volume": null
    },
    "AVGO": {
        "Open": null,
        "High": null,
        "Low": null,
        "Close": null,
        "Adj Close": null,
        "Volume": null
    },
    "AXP": {
        "Open": 13.968329429626465,
        "High": 14.077741622924805,
        "Low": 13.749504089355469,
        "Close": 13.858917236328125,
        "Adj Close": 9.354961395263672,
        "Volume": 3407860.0
    },
    "BA": {
        "Open": 40.0,
        "High": 40.875,
        "Low": 40.0,
        "Close": 40.875,
        "Adj Close": 25.187244415283203,
        "Volume": 2569800.0
    },
    "BAC": {
        "Open": 20.1875,
        "High": 20.34375,
        "Low": 20.125,
        "Close": 20.3125,
        "Adj Close": 9.457335472106934,
        "Volume": 2158400.0
    },
    "BK": {
        "Open": 13.415571212768555,
        "High": 13.548070907592773,
        "Low": 13.415571212768555,
        "Close": 13.548070907592773,
        "Adj Close": 6.888654708862305,
        "Volume": 3875865.0
    },
    "BKNG": {
        "Open": null,
        "High": null,
        "Low": null,
        "Close": null,
        "Adj Close": null,
        "Volume": null
    },
    "BLK": {
        "Open": null,
        "High": null,
        "Low": null,
        "Close": null,
        "Adj Close": null,
        "Volume": null
    },
    "BMY": {
        "Open": 19.660144805908203,
        "High": 19.719629287719727,
        "Low": 19.481685638427734,
        "Close": 19.600658416748047,
        "Adj Close": 6.927572250366211,
        "Volume": 3324728.0
    },
    "BRK-B": {
        "Open": 24.0,
        "High": 24.100000381469727,
        "Low": 23.100000381469727,
        "Close": 23.600000381469727,
        "Adj Close": 23.600000381469727,
        "Volume": 310000.0
    },
    "C": {
        "Open": 101.25,
        "High": 101.45833587646484,
        "Low": 100.20833587646484,
        "Close": 101.25,
        "Adj Close": 50.66301727294922,
        "Volume": 618060.0
    },
    "CAT": {
        "Open": 16.15625,
        "High": 16.40625,
        "Low": 16.15625,
        "Close": 16.3125,
        "Adj Close": 7.811007976531982,
        "Volume": 4389600.0
    },
    "CL": {
        "Open": 9.96875,
        "High": 10.078125,
        "Low": 9.96875,
        "Close": 10.015625,
        "Adj Close": 5.389341354370117,
        "Volume": 2903200.0
    },
    "CMCSA": {
        "Open": 2.674945116043091,
        "High": 2.713995933532715,
        "Low": 2.6554200649261475,
        "Close": 2.674945116043091,
        "Adj Close": 1.7956254482269287,
        "Volume": 1347621.0
    },
    "COF": {
        "Open": 9.875,
        "High": 9.916666984558105,
        "Low": 9.791666984558105,
        "Close": 9.833333015441895,
        "Adj Close": 6.981650352478027,
        "Volume": 365700.0
    },
    "COP": {
        "Open": 15.00810718536377,
        "High": 15.103397369384766,
        "Low": 14.91281795501709,
        "Close": 15.05575180053711,
        "Adj Close": 5.930659294128418,
        "Volume": 4340454.0
    },
    "COST": {
        "Open": 10.375,
        "High": 10.5625,
        "Low": 10.3125,
        "Close": 10.40625,
        "Adj Close": 6.942708969116211,
        "Volume": 3739000.0
    },
    "CRM": {
        "Open": null,
        "High": null,
        "Low": null,
        "Close": null,
        "Adj Close": null,
        "Volume": null
    },
    "CSCO": {
        "Open": 6.152778148651123,
        "High": 6.25,
        "Low": 6.069444179534912,
        "Close": 6.236111164093018,
        "Adj Close": 4.035084247589111,
        "Volume": 81181800.0
    },
    "CVS": {
        "Open": 9.6875,
        "High": 9.71875,
        "Low": 9.59375,
        "Close": 9.625,
        "Adj Close": 5.175421714782715,
        "Volume": 3310400.0
    },
    "CVX": {
        "Open": 29.3125,
        "High": 29.6875,
        "Low": 29.25,
        "Close": 29.625,
        "Adj Close": 10.118228912353516,
        "Volume": 3519000.0
    },
    "DE": {
        "Open": 20.75,
        "High": 21.0,
        "Low": 20.5,
        "Close": 20.8125,
        "Adj Close": 11.670915603637695,
        "Volume": 3985600.0
    },
    "DHR": {
        "Open": 3.402601957321167,
        "High": 3.4446089267730713,
        "Low": 3.3815979957580566,
        "Close": 3.4131040573120117,
        "Adj Close": 2.007436752319336,
        "Volume": 876035.0
    },
    "DIS": {
        "Open": 19.976625442504883,
        "High": 20.141042709350586,
        "Low": 19.93552017211914,
        "Close": 20.017728805541992,
        "Adj Close": 14.927057266235352,
        "Volume": 3686366.0
    },
    "DUK": {
        "Open": 42.92876434326172,
        "High": 43.47354507446289,
        "Low": 42.92876434326172,
        "Close": 43.25563049316406,
        "Adj Close": 11.298667907714844,
        "Volume": 679401.0
    },
    "EMR": {
        "Open": 21.0,
        "High": 21.21875,
        "Low": 20.9375,
        "Close": 21.125,
        "Adj Close": 9.595776557922363,
        "Volume": 1275600.0
    },
    "FDX": {
        "Open": 19.8125,
        "High": 19.8125,
        "Low": 19.375,
        "Close": 19.59375,
        "Adj Close": 15.688562393188477,
        "Volume": 455200.0
    },
    "GD": {
        "Open": 16.1875,
        "High": 16.1875,
        "Low": 16.09375,
        "Close": 16.125,
        "Adj Close": 8.762701034545898,
        "Volume": 358000.0
    },
    "GE": {
        "Open": 62.50136947631836,
        "High": 63.30010986328125,
        "Low": 62.401527404785156,
        "Close": 63.00058364868164,
        "Adj Close": 32.128334045410156,
        "Volume": 2612366.0
    },
    "GILD": {
        "Open": 0.953125,
        "High": 1.046875,
        "Low": 0.953125,
        "Close": 1.019531011581421,
        "Adj Close": 0.7083203792572021,
        "Volume": 12019200.0
    },
    "GM": {
        "Open": null,
        "High": null,
        "Low": null,
        "Close": null,
        "Adj Close": null,
        "Volume": null
    },
    "GOOG": {
        "Open": null,
        "High": null,
        "Low": null,
        "Close": null,
        "Adj Close": null,
        "Volume": null
    },