{
    "AAPL": {
        "Open": 0.24888400733470917,
        "High": 0.2578130066394806,
        "Low": 0.24776799976825714,
        "Close": 0.2544640004634857,
        "Adj Close": 0.2134861946105957,
        "Volume": 292364800.0
    },
    "ABBV": {
        "Open": null,
        "High": null,
        "Low": null,
        "Close": null,
        "Adj Close": null,
        "Volume": null
    },
    "ABT": {
        "Open": 9.118298530578613,
        "High": 9.230524063110352,
        "Low": 9.090243339538574,
        "Close": 9.202467918395996,
        "Adj Close": 4.453884124755859,
        "Volume": 7567818.0
    },
    "ACN": {
        "Open": null,
        "High": null,
        "Low": null,
        "Close": null,
        "Adj Close": null,
        "Volume": null
    },
    "ADBE": {
        "Open": 5.265625,
        "High": 5.4375,
        "Low": 5.25,
        "Close": 5.328125,
        "Adj Close": 5.21079683303833,
        "Volume": 10385600.0
    },
    "AIG": {
        "Open": 440.8888854980469,
        "High": 442.6666564941406,
        "Low": 434.96295166015625,
        "Close": 437.3333435058594,
        "Adj Close": 254.97201538085938,
        "Volume": 167716.0
    },
    "AMD": {
        "Open": 9.25,
        "High": 9.375,
        "Low": 9.125,
        "Close": 9.1875,
        "Adj Close": 9.1875,
        "Volume": 1358400.0
    },
    "AMGN": {
        "Open": 14.53125,
        "High": 14.5625,
        "Low": 14.34375,
        "Close": 14.375,
        "Adj Close": 9.723087310791016,
        "Volume": 8616400.0
    },
    "AMT": {
        "Open": null,
        "High": null,
        "Low": null,
        "Close": null,
        "Adj Close": null,
        "Volume": null
    },
    "AMZN": {
        "Open": null,
        "High": null,
        "Low": null,
        "Close": null,
        "Adj Close": null,
        "Volume": null
    },
    "AVGO": {
        "Open": null,
        "High": null,
        "Low": null,
        "Close": null,
        "Adj Close": null,
        "Volume": null
    },
    "AXP": {
        "Open": 13.858917236328125,
        "High": 14.004799842834473,
        "Low": 13.640091896057129,
        "Close": 13.785975456237793,
        "Adj Close": 9.30572509765625,
        "Volume": 3110362.0
    },
    "BA": {
        "Open": 40.875,
        "High": 41.0625,
        "Low": 40.5625,
        "Close": 40.6875,
        "Adj Close": 25.157867431640625,
        "Volume": 3934000.0
    },
    "BAC": {
        "Open": 20.25,
        "High": 20.40625,
        "Low": 20.09375,
        "Close": 20.125,
        "Adj Close": 9.37003231048584,
        "Volume": 1818800.0
    },
    "BK": {
        "Open": 13.514945983886719,
        "High": 13.779945373535156,
        "Low": 13.514945983886719,
        "Close": 13.548070907592773,
        "Adj Close": 6.888654708862305,
        "Volume": 4133224.0
    },
    "BKNG": {
        "Open": null,
        "High": null,
        "Low": null,
        "Close": null,
        "Adj Close": null,
        "Volume": null
    },
    "BLK": {
        "Open": null,
        "High": null,
        "Low": null,
        "Close": null,
        "Adj Close": null,
        "Volume": null
    },
    "BMY": {
        "Open": 19.54117202758789,
        "High": 19.83860206604004,
        "Low": 19.3924560546875,
        "Close": 19.660144805908203,
        "Adj Close": 6.948594570159912,
        "Volume": 5313430.0
    },
    "BRK-B": {
        "Open": 23.600000381469727,
        "High": 23.700000762939453,
        "Low": 23.0,
        "Close": 23.200000762939453,
        "Adj Close": 23.200000762939453,
        "Volume": 545000.0
    },
    "C": {
        "Open": 101.66666412353516,
        "High": 102.91666412353516,
        "Low": 101.45833587646484,
        "Close": 101.66666412353516,
        "Adj Close": 50.87147903442383,
        "Volume": 607920.0
    },
    "CAT": {
        "Open": 16.4375,
        "High": 16.78125,
        "Low": 16.4375,
        "Close": 16.6875,
        "Adj Close": 7.990574359893799,
        "Volume": 3393600.0
    },
    "CL": {
        "Open": 10.0,
        "High": 10.015625,
        "Low": 9.921875,
        "Close": 9.96875,
        "Adj Close": 5.3641157150268555,
        "Volume": 3254400.0
    },
    "CMCSA": {
        "Open": 2.694469928741455,
        "High": 2.713995933532715,
        "Low": 2.6847081184387207,
        "Close": 2.6847081184387207,
        "Adj Close": 1.8021799325942993,
        "Volume": 852746.0
    },
    "COF": {
        "Open": 9.833333015441895,
        "High": 9.916666984558105,
        "Low": 9.666666984558105,
        "Close": 9.708333015441895,
        "Adj Close": 6.892899036407471,
        "Volume": 220500.0
    },
    "COP": {
        "Open": 15.246331214904785,
        "High": 15.53219985961914,
        "Low": 15.246331214904785,
        "Close": 15.436909675598145,
        "Adj Close": 6.080803394317627,
        "Volume": 3079561.0
    },
    "COST": {
        "Open": 10.3125,
        "High": 10.375,
        "Low": 10.0,
        "Close": 10.0625,
        "Adj Close": 6.7133684158325195,
        "Volume": 4272200.0
    },
    "CRM": {
        "Open": null,
        "High": null,
        "Low": null,
        "Close": null,
        "Adj Close": null,
        "Volume": null
    },
    "CSCO": {
        "Open": 6.2083330154418945,
        "High": 6.347221851348877,
        "Low": 6.138888835906982,
        "Close": 6.152778148651123,
        "Adj Close": 3.98116397857666,
        "Volume": 72589500.0
    },
    "CVS": {
        "Open": 9.625,
        "High": 9.6875,
        "Low": 9.59375,
        "Close": 9.625,
        "Adj Close": 5.175421714782715,
        "Volume": 1918800.0
    },
    "CVX": {
        "Open": 29.5625,
        "High": 29.75,
        "Low": 29.375,
        "Close": 29.5,
        "Adj Close": 10.075535774230957,
        "Volume": 2598600.0
    },
    "DE": {
        "Open": 20.75,
        "High": 21.125,
        "Low": 20.625,
        "Close": 21.0,
        "Adj Close": 11.776068687438965,
        "Volume": 1933000.0
    },
    "DHR": {
        "Open": 3.402601957321167,
        "High": 3.4236059188842773,
        "Low": 3.3815979957580566,
        "Close": 3.3921000957489014,
        "Adj Close": 1.9950840473175049,
        "Volume": 324943.0
    },
    "DIS": {
        "Open": 20.017728805541992,
        "High": 20.182146072387695,
        "Low": 19.729999542236328,
        "Close": 19.853313446044922,
        "Adj Close": 14.804452896118164,
        "Volume": 5873796.0
    },
    "DUK": {
        "Open": 42.71084976196289,
        "High": 42.81980514526367,
        "Low": 42.60189437866211,
        "Close": 42.71084976196289,
        "Adj Close": 11.272209167480469,
        "Volume": 670453.0
    },
    "EMR": {
        "Open": 21.0625,
        "High": 21.1875,
        "Low": 21.03125,
        "Close": 21.15625,
        "Adj Close": 9.666024208068848,
        "Volume": 1759200.0
    },
    "FDX": {
        "Open": 19.71875,
        "High": 20.15625,
        "Low": 19.6875,
        "Close": 20.09375,
        "Adj Close": 16.08890151977539,
        "Volume": 941200.0
    },
    "GD": {
        "Open": 16.0,
        "High": 16.140625,
        "Low": 15.9375,
        "Close": 16.03125,
        "Adj Close": 8.711755752563477,
        "Volume": 514400.0
    },
    "GE": {
        "Open": 62.90074157714844,
        "High": 63.39995193481445,
        "Low": 62.70105743408203,
        "Close": 62.90074157714844,
        "Adj Close": 32.07741165161133,
        "Volume": 1754640.0
    },
    "GILD": {
        "Open": 1.0078129768371582,
        "High": 1.03125,
        "Low": 0.9921879768371582,
        "Close": 0.9921879768371582,
        "Adj Close": 0.6893237829208374,
        "Volume": 4153600.0
    },
    "GM": {
        "Open": null,
        "High": null,
        "Low": null,
        "Close": null,
        "Adj Close": null,
        "Volume": null
    },
    "GOOG": {
        "Open": null,
        "High": null,
        "Low": null,