{
    "AAPL": {
        "Open": 0.20758900046348572,
        "High": 0.21651799976825714,
        "Low": 0.2064729928970337,
        "Close": 0.2148440033197403,
        "Adj Close": 0.18024641275405884,
        "Volume": 675124800.0
    },
    "ABBV": {
        "Open": null,
        "High": null,
        "Low": null,
        "Close": null,
        "Adj Close": null,
        "Volume": null
    },
    "ABT": {
        "Open": 16.609333038330078,
        "High": 16.791698455810547,
        "Low": 16.581275939941406,
        "Close": 16.77766990661621,
        "Adj Close": 8.423707962036133,
        "Volume": 3959894.0
    },
    "ACN": {
        "Open": null,
        "High": null,
        "Low": null,
        "Close": null,
        "Adj Close": null,
        "Volume": null
    },
    "ADBE": {
        "Open": 5.34375,
        "High": 5.515625,
        "Low": 5.3125,
        "Close": 5.460937976837158,
        "Adj Close": 5.391051769256592,
        "Volume": 6260000.0
    },
    "AIG": {
        "Open": 853.3333129882812,
        "High": 857.3333129882812,
        "Low": 840.4444580078125,
        "Close": 850.6666870117188,
        "Adj Close": 499.2112731933594,
        "Volume": 86597.0
    },
    "AMD": {
        "Open": 10.5625,
        "High": 10.65625,
        "Low": 10.375,
        "Close": 10.5,
        "Adj Close": 10.5,
        "Volume": 4751800.0
    },
    "AMGN": {
        "Open": 13.09375,
        "High": 13.3125,
        "Low": 13.0625,
        "Close": 13.109375,
        "Adj Close": 8.867035865783691,
        "Volume": 5751200.0
    },
    "AMT": {
        "Open": 16.125,
        "High": 16.125,
        "Low": 16.125,
        "Close": 16.125,
        "Adj Close": 11.79024887084961,
        "Volume": 400.0
    },
    "AMZN": {
        "Open": 0.2989580035209656,
        "High": 0.325780987739563,
        "Low": 0.296875,
        "Close": 0.3125,
        "Adj Close": 0.3125,
        "Volume": 240024000.0
    },
    "AVGO": {
        "Open": null,
        "High": null,
        "Low": null,
        "Close": null,
        "Adj Close": null,
        "Volume": null
    },
    "AXP": {
        "Open": 26.477825164794922,
        "High": 26.897239685058594,
        "Low": 26.441354751586914,
        "Close": 26.733121871948242,
        "Adj Close": 18.516098022460938,
        "Volume": 2992460.0
    },
    "BA": {
        "Open": 52.8125,
        "High": 52.8125,
        "Low": 51.9375,
        "Close": 52.25,
        "Adj Close": 32.95859909057617,
        "Volume": 3356300.0
    },
    "BAC": {
        "Open": 34.03125,
        "High": 34.21875,
        "Low": 33.78125,
        "Close": 33.9375,
        "Adj Close": 16.58892059326172,
        "Volume": 3918800.0
    },
    "BK": {
        "Open": 30.607378005981445,
        "High": 30.93862533569336,
        "Low": 30.474878311157227,
        "Close": 30.739877700805664,
        "Adj Close": 16.343257904052734,
        "Volume": 1886045.0
    },
    "BKNG": {
        "Open": null,
        "High": null,
        "Low": null,
        "Close": null,
        "Adj Close": null,
        "Volume": null
    },
    "BLK": {
        "Open": null,
        "High": null,
        "Low": null,
        "Close": null,
        "Adj Close": null,
        "Volume": null
    },
    "BMY": {
        "Open": 47.8267936706543,
        "High": 48.421653747558594,
        "Low": 47.38064956665039,
        "Close": 47.58884811401367,
        "Adj Close": 17.55194664001465,
        "Volume": 3773993.0
    },
    "BRK-B": {
        "Open": 38.47999954223633,
        "High": 38.65999984741211,
        "Low": 38.2400016784668,
        "Close": 38.599998474121094,
        "Adj Close": 38.599998474121094,
        "Volume": 240000.0
    },
    "C": {
        "Open": 272.5,
        "High": 278.125,
        "Low": 270.3125,
        "Close": 278.125,
        "Adj Close": 141.77474975585938,
        "Volume": 417900.0
    },
    "CAT": {
        "Open": 25.96875,
        "High": 25.96875,
        "Low": 25.5,
        "Close": 25.59375,
        "Adj Close": 12.696569442749023,
        "Volume": 1396600.0
    },
    "CL": {
        "Open": 19.75,
        "High": 19.859375,
        "Low": 19.65625,
        "Close": 19.796875,
        "Adj Close": 11.00263786315918,
        "Volume": 3659600.0
    },
    "CMCSA": {
        "Open": 5.603717803955078,
        "High": 5.642767906188965,
        "Low": 5.564667224884033,
        "Close": 5.642767906188965,
        "Adj Close": 3.821207284927368,
        "Volume": 1581294.0
    },
    "COF": {
        "Open": 21.375,
        "High": 21.75,
        "Low": 21.375,
        "Close": 21.520832061767578,
        "Adj Close": 15.506525993347168,
        "Volume": 1022100.0
    },
    "COP": {
        "Open": 19.03409194946289,
        "High": 19.05791473388672,
        "Low": 18.93880271911621,
        "Close": 19.010269165039062,
        "Adj Close": 7.9032769203186035,
        "Volume": 2493190.0
    },
    "COST": {
        "Open": 25.0,
        "High": 25.8125,
        "Low": 24.875,
        "Close": 25.4375,
        "Adj Close": 16.971059799194336,
        "Volume": 3186200.0
    },
    "CRM": {
        "Open": null,
        "High": null,
        "Low": null,
        "Close": null,
        "Adj Close": null,
        "Volume": null
    },
    "CSCO": {
        "Open": 10.5625,
        "High": 10.770833015441895,
        "Low": 10.1875,
        "Close": 10.3125,
        "Adj Close": 6.672719955444336,
        "Volume": 102384000.0
    },
    "CVS": {
        "Open": 18.1875,
        "High": 18.53125,
        "Low": 18.15625,
        "Close": 18.453125,
        "Adj Close": 11.56116008758545,
        "Volume": 2048400.0
    },
    "CVX": {
        "Open": 41.34375,
        "High": 42.4375,
        "Low": 41.34375,
        "Close": 42.28125,
        "Adj Close": 15.27334213256836,
        "Volume": 3917200.0
    },
    "DE": {
        "Open": 28.25,
        "High": 28.65625,
        "Low": 28.1875,
        "Close": 28.4375,
        "Adj Close": 16.44123077392578,
        "Volume": 1338200.0
    },
    "DHR": {
        "Open": 5.986059188842773,
        "High": 5.996561050415039,
        "Low": 5.917797088623047,
        "Close": 5.9440507888793945,
        "Adj Close": 3.509229898452759,
        "Volume": 573708.0
    },
    "DIS": {
        "Open": 34.81522750854492,
        "High": 34.81522750854492,
        "Low": 34.44529342651367,
        "Close": 34.58915710449219,
        "Adj Close": 26.09365463256836,
        "Volume": 6628890.0
    },
    "DUK": {
        "Open": 48.812400817871094,
        "High": 48.812400817871094,
        "Low": 48.32209777832031,
        "Close": 48.594486236572266,
        "Adj Close": 13.858063697814941,
        "Volume": 421041.0
    },
    "EMR": {
        "Open": 32.0,
        "High": 32.03125,
        "Low": 31.5625,
        "Close": 31.8125,
        "Adj Close": 15.073740005493164,
        "Volume": 1078800.0
    },
    "FDX": {
        "Open": 31.75,
        "High": 32.125,
        "Low": 31.625,
        "Close": 32.0,
        "Adj Close": 25.622150421142578,
        "Volume": 928000.0
    },
    "GD": {
        "Open": 22.0,
        "High": 22.359375,
        "Low": 21.59375,
        "Close": 21.71875,
        "Adj Close": 12.276124954223633,
        "Volume": 912400.0
    },
    "GE": {
        "Open": 120.31015014648438,
        "High": 122.70636749267578,
        "Low": 120.2103042602539,
        "Close": 122.0074691772461,
        "Adj Close": 64.52950286865234,
        "Volume": 2462567.0
    },
    "GILD": {
        "Open": 1.109375,
        "High": 1.136718988418579,
        "Low": 1.1015629768371582,
        "Close": 1.128906011581421,
        "Adj Close": 0.7843090295791626,
        "Volume": 4924800.0
    },
    "GM": {
        "Open": null,
        "High": null,
        "Low": null,
        "Close": null,
        "Adj Close": null,
        "Volume": null
    },
    "GOOG": {
        "Open": null,
        "High": null,
        "Low": null,