{
    "AAPL": {
        "Open": 0.21317000687122345,
        "High": 0.21875,
        "Low": 0.20870499312877655,
        "Close": 0.218191996216774,
        "Adj Close": 0.18305528163909912,
        "Volume": 666467200.0
    },
    "ABBV": {
        "Open": null,
        "High": null,
        "Low": null,
        "Close": null,
        "Adj Close": null,
        "Volume": null
    },
    "ABT": {
        "Open": 16.847810745239258,
        "High": 17.08629035949707,
        "Low": 16.833782196044922,
        "Close": 17.030176162719727,
        "Adj Close": 8.550482749938965,
        "Volume": 5802617.0
    },
    "ACN": {
        "Open": null,
        "High": null,
        "Low": null,
        "Close": null,
        "Adj Close": null,
        "Volume": null
    },
    "ADBE": {
        "Open": 5.46875,
        "High": 5.578125,
        "Low": 5.46875,
        "Close": 5.5625,
        "Adj Close": 5.49131441116333,
        "Volume": 5942400.0
    },
    "AIG": {
        "Open": 852.4444580078125,
        "High": 863.5555419921875,
        "Low": 851.5555419921875,
        "Close": 862.2222290039062,
        "Adj Close": 505.9926452636719,
        "Volume": 83306.0
    },
    "AMD": {
        "Open": 10.53125,
        "High": 11.03125,
        "Low": 10.53125,
        "Close": 10.90625,
        "Adj Close": 10.90625,
        "Volume": 5197800.0
    },
    "AMGN": {
        "Open": 13.125,
        "High": 13.3125,
        "Low": 13.125,
        "Close": 13.21875,
        "Adj Close": 8.941011428833008,
        "Volume": 5912000.0
    },
    "AMT": {
        "Open": 16.125,
        "High": 16.375,
        "Low": 16.125,
        "Close": 16.125,
        "Adj Close": 11.79024887084961,
        "Volume": 3600.0
    },
    "AMZN": {
        "Open": 0.31510400772094727,
        "High": 0.3208329975605011,
        "Low": 0.30729201436042786,
        "Close": 0.3197920024394989,
        "Adj Close": 0.3197920024394989,
        "Volume": 117744000.0
    },
    "AVGO": {
        "Open": null,
        "High": null,
        "Low": null,
        "Close": null,
        "Adj Close": null,
        "Volume": null
    },
    "AXP": {
        "Open": 26.660179138183594,
        "High": 27.353124618530273,
        "Low": 26.660179138183594,
        "Close": 27.22547721862793,
        "Adj Close": 18.857107162475586,
        "Volume": 2730264.0
    },
    "BA": {
        "Open": 52.3125,
        "High": 53.1875,
        "Low": 52.3125,
        "Close": 52.4375,
        "Adj Close": 33.076866149902344,
        "Volume": 2231100.0
    },
    "BAC": {
        "Open": 34.0,
        "High": 34.625,
        "Low": 34.0,
        "Close": 34.53125,
        "Adj Close": 16.8791561126709,
        "Volume": 3825000.0
    },
    "BK": {
        "Open": 31.00487518310547,
        "High": 31.402374267578125,
        "Low": 30.872377395629883,
        "Close": 31.269874572753906,
        "Adj Close": 16.62503433227539,
        "Volume": 2382462.0
    },
    "BKNG": {
        "Open": null,
        "High": null,
        "Low": null,
        "Close": null,
        "Adj Close": null,
        "Volume": null
    },
    "BLK": {
        "Open": null,
        "High": null,
        "Low": null,
        "Close": null,
        "Adj Close": null,
        "Volume": null
    },
    "BMY": {
        "Open": 47.94576644897461,
        "High": 48.83805847167969,
        "Low": 47.91602325439453,
        "Close": 48.77857208251953,
        "Adj Close": 17.99074935913086,
        "Volume": 3658630.0
    },
    "BRK-B": {
        "Open": 38.79999923706055,
        "High": 39.86000061035156,
        "Low": 38.779998779296875,
        "Close": 39.400001525878906,
        "Adj Close": 39.400001525878906,
        "Volume": 560000.0
    },
    "C": {
        "Open": 277.8125,
        "High": 281.875,
        "Low": 274.375,
        "Close": 278.75,
        "Adj Close": 142.0933380126953,
        "Volume": 587820.0
    },
    "CAT": {
        "Open": 25.71875,
        "High": 26.71875,
        "Low": 25.71875,
        "Close": 26.65625,
        "Adj Close": 13.22365951538086,
        "Volume": 2747200.0
    },
    "CL": {
        "Open": 20.0625,
        "High": 21.0625,
        "Low": 20.0625,
        "Close": 20.984375,
        "Adj Close": 11.66262149810791,
        "Volume": 6921600.0
    },
    "CMCSA": {
        "Open": 5.642767906188965,
        "High": 5.681818008422852,
        "Low": 5.613480091094971,
        "Close": 5.642767906188965,
        "Adj Close": 3.821207284927368,
        "Volume": 647882.0
    },
    "COF": {
        "Open": 21.520832061767578,
        "High": 23.041667938232422,
        "Low": 21.520832061767578,
        "Close": 23.020832061767578,
        "Adj Close": 16.587331771850586,
        "Volume": 1097700.0
    },
    "COP": {
        "Open": 19.05791473388672,
        "High": 19.12938117980957,
        "Low": 18.891157150268555,
        "Close": 18.891157150268555,
        "Adj Close": 7.853753566741943,
        "Volume": 1319662.0
    },
    "COST": {
        "Open": 25.46875,
        "High": 26.375,
        "Low": 25.4375,
        "Close": 26.3125,
        "Adj Close": 17.554832458496094,
        "Volume": 3760000.0
    },
    "CRM": {
        "Open": null,
        "High": null,
        "Low": null,
        "Close": null,
        "Adj Close": null,
        "Volume": null
    },
    "CSCO": {
        "Open": 10.427083015441895,
        "High": 10.75,
        "Low": 10.322916984558105,
        "Close": 10.729166984558105,
        "Adj Close": 6.94232177734375,
        "Volume": 64338600.0
    },
    "CVS": {
        "Open": 18.4375,
        "High": 18.6875,
        "Low": 18.4375,
        "Close": 18.578125,
        "Adj Close": 11.639473915100098,
        "Volume": 2305200.0
    },
    "CVX": {
        "Open": 42.40625,
        "High": 42.46875,
        "Low": 41.96875,
        "Close": 42.21875,
        "Adj Close": 15.250771522521973,
        "Volume": 2905400.0
    },
    "DE": {
        "Open": 28.40625,
        "High": 29.0,
        "Low": 28.25,
        "Close": 29.0,
        "Adj Close": 16.766441345214844,
        "Volume": 1766400.0
    },
    "DHR": {
        "Open": 5.959804058074951,
        "High": 5.97555685043335,
        "Low": 5.938800811767578,
        "Close": 5.959804058074951,
        "Adj Close": 3.5185279846191406,
        "Volume": 1529491.0
    },
    "DIS": {
        "Open": 34.58915710449219,
        "High": 35.00019836425781,
        "Low": 34.568603515625,
        "Close": 34.7330207824707,
        "Adj Close": 26.20218849182129,
        "Volume": 4021186.0
    },
    "DUK": {
        "Open": 48.64896774291992,
        "High": 49.193748474121094,
        "Low": 48.64896774291992,
        "Close": 49.193748474121094,
        "Adj Close": 14.028959274291992,
        "Volume": 525326.0
    },
    "EMR": {
        "Open": 31.6875,
        "High": 33.0625,
        "Low": 31.5625,
        "Close": 33.0625,
        "Adj Close": 15.66602897644043,
        "Volume": 1454000.0
    },
    "FDX": {
        "Open": 31.875,
        "High": 32.75,
        "Low": 31.875,
        "Close": 32.75,
        "Adj Close": 26.222679138183594,
        "Volume": 861200.0
    },
    "GD": {
        "Open": 21.75,
        "High": 22.109375,
        "Low": 21.75,
        "Close": 22.015625,
        "Adj Close": 12.443926811218262,
        "Volume": 708000.0
    },
    "GE": {
        "Open": 122.2071533203125,
        "High": 125.3022689819336,
        "Low": 122.2071533203125,
        "Close": 125.00273895263672,
        "Adj Close": 66.11371612548828,
        "Volume": 3093812.0
    },
    "GILD": {
        "Open": 1.128906011581421,
        "High": 1.183593988418579,
        "Low": 1.128906011581421,
        "Close": 1.175781011581421,
        "Adj Close": 0.8168753981590271,
        "Volume": 15017600.0
    },
    "GM": {
        "Open": null,
        "High": null,
        "Low": null,
        "Close": null,
        "Adj Close": null,
        "Volume": null
    },