{
    "AAPL": {
        "Open": 0.22432999312877655,
        "High": 0.233816996216774,
        "Low": 0.219308003783226,
        "Close": 0.23325900733470917,
        "Adj Close": 0.1956959366798401,
        "Volume": 1214337600.0
    },
    "ABBV": {
        "Open": null,
        "High": null,
        "Low": null,
        "Close": null,
        "Adj Close": null,
        "Volume": null
    },
    "ABT": {
        "Open": 17.338796615600586,
        "High": 17.451021194458008,
        "Low": 17.282684326171875,
        "Close": 17.422964096069336,
        "Adj Close": 8.747692108154297,
        "Volume": 4856306.0
    },
    "ACN": {
        "Open": null,
        "High": null,
        "Low": null,
        "Close": null,
        "Adj Close": null,
        "Volume": null
    },
    "ADBE": {
        "Open": 5.609375,
        "High": 5.632812976837158,
        "Low": 5.5625,
        "Close": 5.597655773162842,
        "Adj Close": 5.5260210037231445,
        "Volume": 2916000.0
    },
    "AIG": {
        "Open": 865.7777709960938,
        "High": 872.0,
        "Low": 860.4444580078125,
        "Close": 872.0,
        "Adj Close": 511.7308654785156,
        "Volume": 99900.0
    },
    "AMD": {
        "Open": 10.875,
        "High": 11.15625,
        "Low": 10.65625,
        "Close": 10.6875,
        "Adj Close": 10.6875,
        "Volume": 3657200.0
    },
    "AMGN": {
        "Open": 13.625,
        "High": 13.890625,
        "Low": 13.59375,
        "Close": 13.75,
        "Adj Close": 9.300345420837402,
        "Volume": 15078400.0
    },
    "AMT": {
        "Open": 16.25,
        "High": 16.5,
        "Low": 16.125,
        "Close": 16.25,
        "Adj Close": 11.881640434265137,
        "Volume": 10400.0
    },
    "AMZN": {
        "Open": 0.3416669964790344,
        "High": 0.34375,
        "Low": 0.3260419964790344,
        "Close": 0.33177098631858826,
        "Adj Close": 0.33177098631858826,
        "Volume": 246984000.0
    },
    "AVGO": {
        "Open": null,
        "High": null,
        "Low": null,
        "Close": null,
        "Adj Close": null,
        "Volume": null
    },
    "AXP": {
        "Open": 27.043123245239258,
        "High": 27.4078311920166,
        "Low": 26.897239685058594,
        "Close": 27.316654205322266,
        "Adj Close": 18.920265197753906,
        "Volume": 3190220.0
    },
    "BA": {
        "Open": 52.375,
        "High": 52.625,
        "Low": 52.125,
        "Close": 52.1875,
        "Adj Close": 32.91916275024414,
        "Volume": 2351400.0
    },
    "BAC": {
        "Open": 35.0,
        "High": 35.21875,
        "Low": 34.90625,
        "Close": 35.09375,
        "Adj Close": 17.154115676879883,
        "Volume": 4315600.0
    },
    "BK": {
        "Open": 31.43549919128418,
        "High": 31.932371139526367,
        "Low": 31.336124420166016,
        "Close": 31.700498580932617,
        "Adj Close": 16.853981018066406,
        "Volume": 1918498.0
    },
    "BKNG": {
        "Open": null,
        "High": null,
        "Low": null,
        "Close": null,
        "Adj Close": null,
        "Volume": null
    },
    "BLK": {
        "Open": null,
        "High": null,
        "Low": null,
        "Close": null,
        "Adj Close": null,
        "Volume": null
    },
    "BMY": {
        "Open": 50.80109786987305,
        "High": 51.27698516845703,
        "Low": 50.503665924072266,
        "Close": 50.92007064819336,
        "Adj Close": 18.78059196472168,
        "Volume": 4734092.0
    },
    "BRK-B": {
        "Open": 40.119998931884766,
        "High": 41.5,
        "Low": 40.119998931884766,
        "Close": 41.439998626708984,
        "Adj Close": 41.439998626708984,
        "Volume": 375000.0
    },
    "C": {
        "Open": 292.8125,
        "High": 296.5625,
        "Low": 291.5625,
        "Close": 295.0,
        "Adj Close": 150.3768768310547,
        "Volume": 907440.0
    },
    "CAT": {
        "Open": 27.0,
        "High": 27.625,
        "Low": 26.9375,
        "Close": 27.03125,
        "Adj Close": 13.409683227539062,
        "Volume": 1988800.0
    },
    "CL": {
        "Open": 21.5625,
        "High": 22.0,
        "Low": 21.5,
        "Close": 21.953125,
        "Adj Close": 12.201030731201172,
        "Volume": 2600800.0
    },
    "CMCSA": {
        "Open": 5.779444217681885,
        "High": 5.779444217681885,
        "Low": 5.701343059539795,
        "Close": 5.701343059539795,
        "Adj Close": 3.860874652862549,
        "Volume": 1177328.0
    },
    "COF": {
        "Open": 24.166667938232422,
        "High": 24.8125,
        "Low": 24.145832061767578,
        "Close": 24.729167938232422,
        "Adj Close": 17.818246841430664,
        "Volume": 928800.0
    },
    "COP": {
        "Open": 19.05791473388672,
        "High": 19.105558395385742,
        "Low": 18.819690704345703,
        "Close": 18.962623596191406,
        "Adj Close": 7.883467674255371,
        "Volume": 1825751.0
    },
    "COST": {
        "Open": 27.9375,
        "High": 28.0,
        "Low": 26.75,
        "Close": 27.4375,
        "Adj Close": 18.30539894104004,
        "Volume": 3683800.0
    },
    "CRM": {
        "Open": null,
        "High": null,
        "Low": null,
        "Close": null,
        "Adj Close": null,
        "Volume": null
    },
    "CSCO": {
        "Open": 10.40625,
        "High": 10.708333015441895,
        "Low": 10.338541984558105,
        "Close": 10.4375,
        "Adj Close": 6.753596305847168,
        "Volume": 75829200.0
    },
    "CVS": {
        "Open": 18.9375,
        "High": 19.0,
        "Low": 18.625,
        "Close": 18.71875,
        "Adj Close": 11.727569580078125,
        "Volume": 1781600.0
    },
    "CVX": {
        "Open": 41.90625,
        "High": 42.1875,
        "Low": 41.6875,
        "Close": 42.0,
        "Adj Close": 15.171747207641602,
        "Volume": 2681000.0
    },
    "DE": {
        "Open": 28.375,
        "High": 28.90625,
        "Low": 28.34375,
        "Close": 28.8125,
        "Adj Close": 16.65804100036621,
        "Volume": 1407800.0
    },
    "DHR": {
        "Open": 6.133084774017334,
        "High": 6.238102912902832,
        "Low": 6.127833843231201,
        "Close": 6.185594081878662,
        "Adj Close": 3.6518290042877197,
        "Volume": 1106947.0
    },
    "DIS": {
        "Open": 34.712467193603516,
        "High": 34.712467193603516,
        "Low": 34.32197952270508,
        "Close": 34.465843200683594,
        "Adj Close": 26.000627517700195,
        "Volume": 3550735.0
    },
    "DUK": {
        "Open": 49.90196228027344,
        "High": 50.174354553222656,
        "Low": 49.52061462402344,
        "Close": 49.95643997192383,
        "Adj Close": 14.246460914611816,
        "Volume": 909310.0
    },
    "EMR": {
        "Open": 32.25,
        "High": 32.6875,
        "Low": 32.09375,
        "Close": 32.5,
        "Adj Close": 15.399497032165527,
        "Volume": 1052000.0
    },
    "FDX": {
        "Open": 33.8125,
        "High": 34.0,
        "Low": 33.375,
        "Close": 33.4375,
        "Adj Close": 26.77315902709961,
        "Volume": 1172800.0
    },
    "GD": {
        "Open": 21.875,
        "High": 22.0625,
        "Low": 21.84375,
        "Close": 22.03125,
        "Adj Close": 12.452756881713867,
        "Volume": 822400.0
    },
    "GE": {
        "Open": 126.00116729736328,
        "High": 126.6002197265625,
        "Low": 125.3022689819336,
        "Close": 126.20085144042969,
        "Adj Close": 66.74736785888672,
        "Volume": 1847285.0
    },
    "GILD": {
        "Open": 1.191406011581421,
        "High": 1.2109379768371582,
        "Low": 1.1875,
        "Close": 1.199218988418579,
        "Adj Close": 0.8331591486930847,
        "Volume": 13510400.0
    },
    "GM": {
        "Open": null,
        "High": null,
        "Low": null,
        "Close": null,
        "Adj Close": null,
        "Volume": null
    },
    "GOOG": {
        "Open": null,
        "High": null,