{
    "AAPL": {
        "Open": 0.24330399930477142,
        "High": 0.24330399930477142,
        "Low": 0.234375,
        "Close": 0.2421880066394806,
        "Adj Close": 0.20318704843521118,
        "Volume": 566160000.0
    },
    "ABBV": {
        "Open": null,
        "High": null,
        "Low": null,
        "Close": null,
        "Adj Close": null,
        "Volume": null
    },
    "ABT": {
        "Open": 17.577274322509766,
        "High": 17.717557907104492,
        "Low": 17.394908905029297,
        "Close": 17.47907829284668,
        "Adj Close": 8.775864601135254,
        "Volume": 6124737.0
    },
    "ACN": {
        "Open": null,
        "High": null,
        "Low": null,
        "Close": null,
        "Adj Close": null,
        "Volume": null
    },
    "ADBE": {
        "Open": 5.53125,
        "High": 5.59375,
        "Low": 5.421875,
        "Close": 5.484375,
        "Adj Close": 5.414188385009766,
        "Volume": 5724000.0
    },
    "AIG": {
        "Open": 880.0,
        "High": 883.5555419921875,
        "Low": 866.2222290039062,
        "Close": 883.111083984375,
        "Adj Close": 518.251220703125,
        "Volume": 94486.0
    },
    "AMD": {
        "Open": 11.0625,
        "High": 11.15625,
        "Low": 10.84375,
        "Close": 10.96875,
        "Adj Close": 10.96875,
        "Volume": 1917800.0
    },
    "AMGN": {
        "Open": 14.65625,
        "High": 14.71875,
        "Low": 14.484375,
        "Close": 14.609375,
        "Adj Close": 9.88161563873291,
        "Volume": 19850000.0
    },
    "AMT": {
        "Open": 16.5,
        "High": 16.5,
        "Low": 16.5,
        "Close": 16.5,
        "Adj Close": 12.064436912536621,
        "Volume": 1000.0
    },
    "AMZN": {
        "Open": 0.33177098631858826,
        "High": 0.3369790017604828,
        "Low": 0.32395800948143005,
        "Close": 0.32786500453948975,
        "Adj Close": 0.32786500453948975,
        "Volume": 130464000.0
    },
    "AVGO": {
        "Open": null,
        "High": null,
        "Low": null,
        "Close": null,
        "Adj Close": null,
        "Volume": null
    },
    "AXP": {
        "Open": 27.22547721862793,
        "High": 27.298419952392578,
        "Low": 26.897239685058594,
        "Close": 26.915475845336914,
        "Adj Close": 18.64239501953125,
        "Volume": 2485891.0
    },
    "BA": {
        "Open": 51.5625,
        "High": 52.375,
        "Low": 51.5625,
        "Close": 51.8125,
        "Adj Close": 32.68262481689453,
        "Volume": 2544700.0
    },
    "BAC": {
        "Open": 35.25,
        "High": 35.28125,
        "Low": 34.4375,
        "Close": 34.59375,
        "Adj Close": 16.909698486328125,
        "Volume": 2884000.0
    },
    "BK": {
        "Open": 32.329872131347656,
        "High": 32.561744689941406,
        "Low": 31.932371139526367,
        "Close": 32.16424560546875,
        "Adj Close": 17.10053825378418,
        "Volume": 1056608.0
    },
    "BKNG": {
        "Open": null,
        "High": null,
        "Low": null,
        "Close": null,
        "Adj Close": null,
        "Volume": null
    },
    "BLK": {
        "Open": null,
        "High": null,
        "Low": null,
        "Close": null,
        "Adj Close": null,
        "Volume": null
    },
    "BMY": {
        "Open": 51.33647155761719,
        "High": 51.514930725097656,
        "Low": 50.56315231323242,
        "Close": 50.8605842590332,
        "Adj Close": 18.75865364074707,
        "Volume": 3323047.0
    },
    "BRK-B": {
        "Open": 40.880001068115234,
        "High": 40.91999816894531,
        "Low": 39.58000183105469,
        "Close": 39.70000076293945,
        "Adj Close": 39.70000076293945,
        "Volume": 465000.0
    },
    "C": {
        "Open": 303.4375,
        "High": 305.3125,
        "Low": 299.375,
        "Close": 301.875,
        "Adj Close": 153.8813018798828,
        "Volume": 390920.0
    },
    "CAT": {
        "Open": 28.0625,
        "High": 28.6875,
        "Low": 28.0625,
        "Close": 28.09375,
        "Adj Close": 13.936777114868164,
        "Volume": 2355800.0
    },
    "CL": {
        "Open": 21.125,
        "High": 21.375,
        "Low": 20.71875,
        "Close": 20.953125,
        "Adj Close": 11.645256042480469,
        "Volume": 3263200.0
    },
    "CMCSA": {
        "Open": 5.652530193328857,
        "High": 5.701343059539795,
        "Low": 5.6232428550720215,
        "Close": 5.691580772399902,
        "Adj Close": 3.854262590408325,
        "Volume": 523684.0
    },
    "COF": {
        "Open": 25.770832061767578,
        "High": 26.395832061767578,
        "Low": 25.3125,
        "Close": 25.895832061767578,
        "Adj Close": 18.658878326416016,
        "Volume": 946800.0
    },
    "COP": {
        "Open": 18.74822235107422,
        "High": 18.819690704345703,
        "Low": 18.605287551879883,
        "Close": 18.676755905151367,
        "Adj Close": 7.764620780944824,
        "Volume": 960493.0
    },
    "COST": {
        "Open": 26.9375,
        "High": 27.5625,
        "Low": 26.9375,
        "Close": 27.40625,
        "Adj Close": 18.2845516204834,
        "Volume": 3319600.0
    },
    "CRM": {
        "Open": null,
        "High": null,
        "Low": null,
        "Close": null,
        "Adj Close": null,
        "Volume": null
    },
    "CSCO": {
        "Open": 10.791666984558105,
        "High": 10.875,
        "Low": 10.6875,
        "Close": 10.760416984558105,
        "Adj Close": 6.96254301071167,
        "Volume": 41296200.0
    },
    "CVS": {
        "Open": 18.671875,
        "High": 18.6875,
        "Low": 18.421875,
        "Close": 18.46875,
        "Adj Close": 11.570953369140625,
        "Volume": 1844400.0
    },
    "CVX": {
        "Open": 41.46875,
        "High": 41.9375,
        "Low": 41.28125,
        "Close": 41.4375,
        "Adj Close": 14.96855354309082,
        "Volume": 2596400.0
    },
    "DE": {
        "Open": 28.59375,
        "High": 29.15625,
        "Low": 28.375,
        "Close": 28.4375,
        "Adj Close": 16.44123077392578,
        "Volume": 1378000.0
    },
    "DHR": {
        "Open": 6.264358043670654,
        "High": 6.2853617668151855,
        "Low": 6.206597805023193,
        "Close": 6.227602005004883,
        "Adj Close": 3.6766316890716553,
        "Volume": 543951.0
    },
    "DIS": {
        "Open": 34.83578109741211,
        "High": 35.472896575927734,
        "Low": 34.54805374145508,
        "Close": 34.8563346862793,
        "Adj Close": 26.295209884643555,
        "Volume": 3056260.0
    },
    "DUK": {
        "Open": 49.90196228027344,
        "High": 50.174354553222656,
        "Low": 49.684051513671875,
        "Close": 49.95643997192383,
        "Adj Close": 14.246460914611816,
        "Volume": 664143.0
    },
    "EMR": {
        "Open": 32.25,
        "High": 32.25,
        "Low": 31.6875,
        "Close": 31.84375,
        "Adj Close": 15.088540077209473,
        "Volume": 1157000.0
    },
    "FDX": {
        "Open": 33.84375,
        "High": 34.625,
        "Low": 33.84375,
        "Close": 34.5,
        "Adj Close": 27.623889923095703,
        "Volume": 1576000.0
    },
    "GD": {
        "Open": 22.0,
        "High": 22.0,
        "Low": 21.84375,
        "Close": 21.90625,
        "Adj Close": 12.38210678100586,
        "Volume": 1048400.0
    },
    "GE": {
        "Open": 125.80148315429688,
        "High": 126.10100555419922,
        "Low": 123.80463409423828,
        "Close": 125.10258483886719,
        "Adj Close": 66.1665267944336,
        "Volume": 2308763.0
    },
    "GILD": {
        "Open": 1.2265629768371582,
        "High": 1.230468988418579,
        "Low": 1.207031011581421,
        "Close": 1.2089840173721313,
        "Adj Close": 0.8399432897567749,
        "Volume": 4697600.0
    },
    "GM": {
        "Open": null,
        "High": null,
        "Low": null,
        "Close": null,
        "Adj Close": null,
        "Volume": null
    },