{
    "AAPL": {
        "Open": 0.23883900046348572,
        "High": 0.24107100069522858,
        "Low": 0.23604899644851685,
        "Close": 0.23716500401496887,
        "Adj Close": 0.19897298514842987,
        "Volume": 202966400.0
    },
    "ABBV": {
        "Open": null,
        "High": null,
        "Low": null,
        "Close": null,
        "Adj Close": null,
        "Volume": null
    },
    "ABT": {
        "Open": 16.749614715576172,
        "High": 17.002120971679688,
        "Low": 16.749614715576172,
        "Close": 16.917951583862305,
        "Adj Close": 8.494139671325684,
        "Volume": 7810187.0
    },
    "ACN": {
        "Open": null,
        "High": null,
        "Low": null,
        "Close": null,
        "Adj Close": null,
        "Volume": null
    },
    "ADBE": {
        "Open": 5.546875,
        "High": 6.179687976837158,
        "Low": 5.515625,
        "Close": 6.0,
        "Adj Close": 5.923213958740234,
        "Volume": 48476800.0
    },
    "AIG": {
        "Open": 898.2222290039062,
        "High": 901.3333129882812,
        "Low": 882.2222290039062,
        "Close": 885.7777709960938,
        "Adj Close": 519.8162841796875,
        "Volume": 111319.0
    },
    "AMD": {
        "Open": 11.46875,
        "High": 11.8125,
        "Low": 11.375,
        "Close": 11.6875,
        "Adj Close": 11.6875,
        "Volume": 2783000.0
    },
    "AMGN": {
        "Open": 15.34375,
        "High": 15.375,
        "Low": 15.203125,
        "Close": 15.34375,
        "Adj Close": 10.378337860107422,
        "Volume": 7846400.0
    },
    "AMT": {
        "Open": 19.875,
        "High": 19.875,
        "Low": 19.25,
        "Close": 19.625,
        "Adj Close": 14.34936809539795,
        "Volume": 26300.0
    },
    "AMZN": {
        "Open": 0.34062498807907104,
        "High": 0.34895798563957214,
        "Low": 0.33125001192092896,
        "Close": 0.3447920083999634,
        "Adj Close": 0.3447920083999634,
        "Volume": 157560000.0
    },
    "AVGO": {
        "Open": null,
        "High": null,
        "Low": null,
        "Close": null,
        "Adj Close": null,
        "Volume": null
    },
    "AXP": {
        "Open": 27.608421325683594,
        "High": 27.608421325683594,
        "Low": 27.134300231933594,
        "Close": 27.134300231933594,
        "Adj Close": 18.793954849243164,
        "Volume": 3499372.0
    },
    "BA": {
        "Open": 52.625,
        "High": 52.625,
        "Low": 51.5,
        "Close": 52.125,
        "Adj Close": 32.87976837158203,
        "Volume": 3229100.0
    },
    "BAC": {
        "Open": 36.25,
        "High": 36.71875,
        "Low": 35.9375,
        "Close": 36.25,
        "Adj Close": 17.71928596496582,
        "Volume": 2806600.0
    },
    "BK": {
        "Open": 32.760494232177734,
        "High": 33.058616638183594,
        "Low": 32.4954948425293,
        "Close": 32.793617248535156,
        "Adj Close": 17.435152053833008,
        "Volume": 981325.0
    },
    "BKNG": {
        "Open": null,
        "High": null,
        "Low": null,
        "Close": null,
        "Adj Close": null,
        "Volume": null
    },
    "BLK": {
        "Open": null,
        "High": null,
        "Low": null,
        "Close": null,
        "Adj Close": null,
        "Volume": null
    },
    "BMY": {
        "Open": 49.31394577026367,
        "High": 49.90880584716797,
        "Low": 49.16522979736328,
        "Close": 49.432918548583984,
        "Adj Close": 18.232093811035156,
        "Volume": 3722721.0
    },
    "BRK-B": {
        "Open": 44.2599983215332,
        "High": 44.720001220703125,
        "Low": 44.2400016784668,
        "Close": 44.68000030517578,
        "Adj Close": 44.68000030517578,
        "Volume": 380000.0
    },
    "C": {
        "Open": 313.125,
        "High": 315.625,
        "Low": 311.5625,
        "Close": 315.625,
        "Adj Close": 160.8904571533203,
        "Volume": 547460.0
    },
    "CAT": {
        "Open": 27.59375,
        "High": 27.59375,
        "Low": 27.0,
        "Close": 27.375,
        "Adj Close": 13.580217361450195,
        "Volume": 2845400.0
    },
    "CL": {
        "Open": 21.6875,
        "High": 22.21875,
        "Low": 21.453125,
        "Close": 21.71875,
        "Adj Close": 12.07076358795166,
        "Volume": 2818000.0
    },
    "CMCSA": {
        "Open": 5.691580772399902,
        "High": 5.720868110656738,
        "Low": 5.6232428550720215,
        "Close": 5.6232428550720215,
        "Adj Close": 3.807983636856079,
        "Volume": 3767577.0
    },
    "COF": {
        "Open": 25.583332061767578,
        "High": 27.125,
        "Low": 25.583332061767578,
        "Close": 26.916667938232422,
        "Adj Close": 19.394426345825195,
        "Volume": 1660800.0
    },
    "COP": {
        "Open": 19.248493194580078,
        "High": 19.70111846923828,
        "Low": 19.248493194580078,
        "Close": 19.39142608642578,
        "Adj Close": 8.061734199523926,
        "Volume": 1442183.0
    },
    "COST": {
        "Open": 27.3125,
        "High": 27.78125,
        "Low": 26.875,
        "Close": 26.875,
        "Adj Close": 17.930110931396484,
        "Volume": 2752200.0
    },
    "CRM": {
        "Open": null,
        "High": null,
        "Low": null,
        "Close": null,
        "Adj Close": null,
        "Volume": null
    },
    "CSCO": {
        "Open": 11.53125,
        "High": 11.625,
        "Low": 11.416666984558105,
        "Close": 11.5625,
        "Adj Close": 7.481530666351318,
        "Volume": 41119200.0
    },
    "CVS": {
        "Open": 18.265625,
        "High": 18.5,
        "Low": 18.265625,
        "Close": 18.484375,
        "Adj Close": 11.58073616027832,
        "Volume": 2462800.0
    },
    "CVX": {
        "Open": 41.96875,
        "High": 42.53125,
        "Low": 41.9375,
        "Close": 42.15625,
        "Adj Close": 15.22818374633789,
        "Volume": 3301800.0
    },
    "DE": {
        "Open": 31.25,
        "High": 31.78125,
        "Low": 30.9375,
        "Close": 31.5,
        "Adj Close": 18.211824417114258,
        "Volume": 2521600.0
    },
    "DHR": {
        "Open": 6.332620143890381,
        "High": 6.337871074676514,
        "Low": 6.269608974456787,
        "Close": 6.311615943908691,
        "Adj Close": 3.727454662322998,
        "Volume": 449920.0
    },
    "DIS": {
        "Open": 35.14406204223633,
        "High": 35.55510330200195,
        "Low": 34.897438049316406,
        "Close": 35.41123962402344,
        "Adj Close": 26.713821411132812,
        "Volume": 3244805.0
    },
    "DUK": {
        "Open": 52.19004440307617,
        "High": 52.19004440307617,
        "Low": 51.645263671875,
        "Close": 51.645263671875,
        "Adj Close": 14.72807502746582,
        "Volume": 657259.0
    },
    "EMR": {
        "Open": 31.4375,
        "High": 31.9375,
        "Low": 31.28125,
        "Close": 31.8125,
        "Adj Close": 15.073740005493164,
        "Volume": 2892800.0
    },
    "FDX": {
        "Open": 32.5,
        "High": 34.6875,
        "Low": 32.5,
        "Close": 34.65625,
        "Adj Close": 27.748991012573242,
        "Volume": 4222200.0
    },
    "GD": {
        "Open": 21.96875,
        "High": 22.109375,
        "Low": 21.8125,
        "Close": 22.046875,
        "Adj Close": 12.461589813232422,
        "Volume": 341600.0
    },
    "GE": {
        "Open": 130.2943878173828,
        "High": 132.69061279296875,
        "Low": 130.2943878173828,
        "Close": 131.6921844482422,
        "Adj Close": 69.65174102783203,
        "Volume": 2180561.0
    },
    "GILD": {
        "Open": 1.234375,
        "High": 1.253906011581421,
        "Low": 1.230468988418579,
        "Close": 1.2421879768371582,
        "Adj Close": 0.8630117774009705,
        "Volume": 2358400.0
    },
    "GM": {
        "Open": null,
        "High": null,
        "Low": null,
        "Close": null,
        "Adj Close": null,
        "Volume": null
    },