{
    "AAPL": {
        "Open": 0.23883900046348572,
        "High": 0.24553599953651428,
        "Low": 0.23883900046348572,
        "Close": 0.24497799575328827,
        "Adj Close": 0.20552775263786316,
        "Volume": 250700800.0
    },
    "ABBV": {
        "Open": null,
        "High": null,
        "Low": null,
        "Close": null,
        "Adj Close": null,
        "Volume": null
    },
    "ABT": {
        "Open": 16.917951583862305,
        "High": 16.917951583862305,
        "Low": 16.595304489135742,
        "Close": 16.637388229370117,
        "Adj Close": 8.353267669677734,
        "Volume": 5298274.0
    },
    "ACN": {
        "Open": null,
        "High": null,
        "Low": null,
        "Close": null,
        "Adj Close": null,
        "Volume": null
    },
    "ADBE": {
        "Open": 5.765625,
        "High": 5.828125,
        "Low": 5.65625,
        "Close": 5.671875,
        "Adj Close": 5.599289417266846,
        "Volume": 19652800.0
    },
    "AIG": {
        "Open": 881.7777709960938,
        "High": 892.4444580078125,
        "Low": 864.888916015625,
        "Close": 869.3333129882812,
        "Adj Close": 510.1656188964844,
        "Volume": 130050.0
    },
    "AMD": {
        "Open": 12.5,
        "High": 13.3125,
        "Low": 12.5,
        "Close": 13.28125,
        "Adj Close": 13.28125,
        "Volume": 17118800.0
    },
    "AMGN": {
        "Open": 15.0625,
        "High": 15.078125,
        "Low": 14.921875,
        "Close": 15.03125,
        "Adj Close": 10.166967391967773,
        "Volume": 6428800.0
    },
    "AMT": {
        "Open": 19.25,
        "High": 19.875,
        "Low": 19.25,
        "Close": 19.875,
        "Adj Close": 14.532164573669434,
        "Volume": 49500.0
    },
    "AMZN": {
        "Open": 0.3578130006790161,
        "High": 0.36458298563957214,
        "Low": 0.35468798875808716,
        "Close": 0.3578130006790161,
        "Adj Close": 0.3578130006790161,
        "Volume": 110016000.0
    },
    "AVGO": {
        "Open": null,
        "High": null,
        "Low": null,
        "Close": null,
        "Adj Close": null,
        "Volume": null
    },
    "AXP": {
        "Open": 26.98841667175293,
        "High": 27.097829818725586,
        "Low": 26.441354751586914,
        "Close": 26.55076789855957,
        "Adj Close": 18.38979721069336,
        "Volume": 4056324.0
    },
    "BA": {
        "Open": 51.0625,
        "High": 51.0625,
        "Low": 50.25,
        "Close": 50.5,
        "Adj Close": 31.854705810546875,
        "Volume": 2608100.0
    },
    "BAC": {
        "Open": 36.21875,
        "High": 36.5,
        "Low": 35.25,
        "Close": 35.5625,
        "Adj Close": 17.38323974609375,
        "Volume": 3655200.0
    },
    "BK": {
        "Open": 32.859867095947266,
        "High": 33.1248664855957,
        "Low": 32.19737243652344,
        "Close": 32.23049545288086,
        "Adj Close": 17.135753631591797,
        "Volume": 902079.0
    },
    "BKNG": {
        "Open": null,
        "High": null,
        "Low": null,
        "Close": null,
        "Adj Close": null,
        "Volume": null
    },
    "BLK": {
        "Open": null,
        "High": null,
        "Low": null,
        "Close": null,
        "Adj Close": null,
        "Volume": null
    },
    "BMY": {
        "Open": 48.21345520019531,
        "High": 49.016517639160156,
        "Low": 47.94576644897461,
        "Close": 48.540626525878906,
        "Adj Close": 17.902992248535156,
        "Volume": 4229352.0
    },
    "BRK-B": {
        "Open": 45.2599983215332,
        "High": 45.2599983215332,
        "Low": 44.040000915527344,
        "Close": 44.20000076293945,
        "Adj Close": 44.20000076293945,
        "Volume": 370000.0
    },
    "C": {
        "Open": 308.75,
        "High": 309.6875,
        "Low": 297.5,
        "Close": 302.5,
        "Adj Close": 154.2000274658203,
        "Volume": 577820.0
    },
    "CAT": {
        "Open": 27.6875,
        "High": 27.6875,
        "Low": 27.3125,
        "Close": 27.5,
        "Adj Close": 13.64222526550293,
        "Volume": 1195000.0
    },
    "CL": {
        "Open": 21.59375,
        "High": 21.875,
        "Low": 21.3125,
        "Close": 21.640625,
        "Adj Close": 12.027350425720215,
        "Volume": 1831600.0
    },
    "CMCSA": {
        "Open": 5.535379886627197,
        "High": 5.54514217376709,
        "Low": 5.330366134643555,
        "Close": 5.330366134643555,
        "Adj Close": 3.6096529960632324,
        "Volume": 2436601.0
    },
    "COF": {
        "Open": 26.166667938232422,
        "High": 26.625,
        "Low": 26.166667938232422,
        "Close": 26.354167938232422,
        "Adj Close": 18.98911476135254,
        "Volume": 766200.0
    },
    "COP": {
        "Open": 19.439071655273438,
        "High": 19.53436279296875,
        "Low": 19.05791473388672,
        "Close": 19.248493194580078,
        "Adj Close": 8.002311706542969,
        "Volume": 915105.0
    },
    "COST": {
        "Open": 26.5625,
        "High": 26.96875,
        "Low": 25.9375,
        "Close": 26.0625,
        "Adj Close": 17.388044357299805,
        "Volume": 3344600.0
    },
    "CRM": {
        "Open": null,
        "High": null,
        "Low": null,
        "Close": null,
        "Adj Close": null,
        "Volume": null
    },
    "CSCO": {
        "Open": 11.552083015441895,
        "High": 11.604166984558105,
        "Low": 11.145833015441895,
        "Close": 11.239583015441895,
        "Adj Close": 7.272587776184082,
        "Volume": 38302800.0
    },
    "CVS": {
        "Open": 18.578125,
        "High": 18.59375,
        "Low": 18.46875,
        "Close": 18.515625,
        "Adj Close": 11.600308418273926,
        "Volume": 3120800.0
    },
    "CVX": {
        "Open": 41.71875,
        "High": 41.875,
        "Low": 41.21875,
        "Close": 41.53125,
        "Adj Close": 15.002408027648926,
        "Volume": 1444400.0
    },
    "DE": {
        "Open": 31.375,
        "High": 31.375,
        "Low": 30.75,
        "Close": 30.90625,
        "Adj Close": 17.931161880493164,
        "Volume": 1246000.0
    },
    "DHR": {
        "Open": 6.253856182098389,
        "High": 6.253856182098389,
        "Low": 6.217100143432617,
        "Close": 6.253856182098389,
        "Adj Close": 3.6933438777923584,
        "Volume": 459443.0
    },
    "DIS": {
        "Open": 35.26737594604492,
        "High": 35.34958267211914,
        "Low": 34.691917419433594,
        "Close": 34.712467193603516,
        "Adj Close": 26.186676025390625,
        "Volume": 2789559.0
    },
    "DUK": {
        "Open": 51.20943832397461,
        "High": 51.590782165527344,
        "Low": 51.04600143432617,
        "Close": 51.15496063232422,
        "Adj Close": 14.58825969696045,
        "Volume": 489531.0
    },
    "EMR": {
        "Open": 31.875,
        "High": 32.0625,
        "Low": 31.5,
        "Close": 31.875,
        "Adj Close": 15.103354454040527,
        "Volume": 1108800.0
    },
    "FDX": {
        "Open": 34.1875,
        "High": 34.34375,
        "Low": 33.78125,
        "Close": 34.125,
        "Adj Close": 27.323627471923828,
        "Volume": 1059600.0
    },
    "GD": {
        "Open": 21.5,
        "High": 21.796875,
        "Low": 21.46875,
        "Close": 21.59375,
        "Adj Close": 12.20546817779541,
        "Volume": 564000.0
    },
    "GE": {
        "Open": 133.6890411376953,
        "High": 136.68431091308594,
        "Low": 133.6890411376953,
        "Close": 136.28494262695312,
        "Adj Close": 72.08087921142578,
        "Volume": 2623008.0
    },
    "GILD": {
        "Open": 1.246093988418579,
        "High": 1.246093988418579,
        "Low": 1.214843988418579,
        "Close": 1.214843988418579,
        "Adj Close": 0.8440147638320923,
        "Volume": 12080000.0
    },
    "GM": {
        "Open": null,
        "High": null,
        "Low": null,
        "Close": null,
        "Adj Close": null,