{
    "AAPL": {
        "Open": 0.1914059966802597,
        "High": 0.19642899930477142,
        "Low": 0.1908479928970337,
        "Close": 0.1958709955215454,
        "Adj Close": 0.16432875394821167,
        "Volume": 135408000.0
    },
    "ABBV": {
        "Open": null,
        "High": null,
        "Low": null,
        "Close": null,
        "Adj Close": null,
        "Volume": null
    },
    "ABT": {
        "Open": 14.434968948364258,
        "High": 14.477052688598633,
        "Low": 14.294687271118164,
        "Close": 14.477052688598633,
        "Adj Close": 7.210296154022217,
        "Volume": 3361544.0
    },
    "ACN": {
        "Open": null,
        "High": null,
        "Low": null,
        "Close": null,
        "Adj Close": null,
        "Volume": null
    },
    "ADBE": {
        "Open": 6.242187976837158,
        "High": 6.34375,
        "Low": 6.195312976837158,
        "Close": 6.273437976837158,
        "Adj Close": 6.190247535705566,
        "Volume": 5793600.0
    },
    "AIG": {
        "Open": 748.0,
        "High": 757.7777709960938,
        "Low": 740.888916015625,
        "Close": 752.888916015625,
        "Adj Close": 441.246337890625,
        "Volume": 97242.0
    },
    "AMD": {
        "Open": 13.875,
        "High": 14.5,
        "Low": 13.71875,
        "Close": 14.40625,
        "Adj Close": 14.40625,
        "Volume": 10023800.0
    },
    "AMGN": {
        "Open": 11.8125,
        "High": 11.96875,
        "Low": 11.75,
        "Close": 11.8125,
        "Adj Close": 7.989838600158691,
        "Volume": 8419200.0
    },
    "AMT": {
        "Open": null,
        "High": null,
        "Low": null,
        "Close": null,
        "Adj Close": null,
        "Volume": null
    },
    "AMZN": {
        "Open": 0.20208300650119781,
        "High": 0.20885400474071503,
        "Low": 0.19947899878025055,
        "Close": 0.20052100718021393,
        "Adj Close": 0.20052100718021393,
        "Volume": 37536000.0
    },
    "AVGO": {
        "Open": null,
        "High": null,
        "Low": null,
        "Close": null,
        "Adj Close": null,
        "Volume": null
    },
    "AXP": {
        "Open": 24.143692016601562,
        "High": 24.690753936767578,
        "Low": 24.143692016601562,
        "Close": 24.326045989990234,
        "Adj Close": 16.805194854736328,
        "Volume": 5278190.0
    },
    "BA": {
        "Open": 53.9375,
        "High": 54.0,
        "Low": 52.25,
        "Close": 52.5,
        "Adj Close": 32.92099380493164,
        "Volume": 5311900.0
    },
    "BAC": {
        "Open": 31.4375,
        "High": 31.96875,
        "Low": 31.4375,
        "Close": 31.625,
        "Adj Close": 15.278647422790527,
        "Volume": 3902600.0
    },
    "BK": {
        "Open": 25.804271697998047,
        "High": 26.268020629882812,
        "Low": 25.671772003173828,
        "Close": 26.069271087646484,
        "Adj Close": 13.727396965026855,
        "Volume": 1173778.0
    },
    "BKNG": {
        "Open": null,
        "High": null,
        "Low": null,
        "Close": null,
        "Adj Close": null,
        "Volume": null
    },
    "BLK": {
        "Open": null,
        "High": null,
        "Low": null,
        "Close": null,
        "Adj Close": null,
        "Volume": null
    },
    "BMY": {
        "Open": 39.11208724975586,
        "High": 40.06386184692383,
        "Low": 39.022857666015625,
        "Close": 39.736690521240234,
        "Adj Close": 14.5944242477417,
        "Volume": 3707591.0
    },
    "BRK-B": {
        "Open": 29.860000610351562,
        "High": 30.559999465942383,
        "Low": 29.860000610351562,
        "Close": 30.5,
        "Adj Close": 30.5,
        "Volume": 200000.0
    },
    "C": {
        "Open": 230.8333282470703,
        "High": 233.125,
        "Low": 230.2083282470703,
        "Close": 233.125,
        "Adj Close": 118.304443359375,
        "Volume": 589170.0
    },
    "CAT": {
        "Open": 27.71875,
        "High": 27.71875,
        "Low": 27.125,
        "Close": 27.46875,
        "Adj Close": 13.496787071228027,
        "Volume": 1455800.0
    },
    "CL": {
        "Open": 17.40625,
        "High": 17.71875,
        "Low": 17.375,
        "Close": 17.46875,
        "Adj Close": 9.634451866149902,
        "Volume": 2184800.0
    },
    "CMCSA": {
        "Open": 4.0514678955078125,
        "High": 4.10028076171875,
        "Low": 4.012417793273926,
        "Close": 4.012417793273926,
        "Adj Close": 2.713340997695923,
        "Volume": 6525559.0
    },
    "COF": {
        "Open": 15.208333015441895,
        "High": 15.208333015441895,
        "Low": 14.958333015441895,
        "Close": 15.1875,
        "Adj Close": 10.910262107849121,
        "Volume": 1223700.0
    },
    "COP": {
        "Open": 19.439071655273438,
        "High": 19.82023048400879,
        "Low": 19.272314071655273,
        "Close": 19.439071655273438,
        "Adj Close": 7.962766647338867,
        "Volume": 2284878.0
    },
    "COST": {
        "Open": 19.59375,
        "High": 19.59375,
        "Low": 18.875,
        "Close": 19.21875,
        "Adj Close": 12.82211971282959,
        "Volume": 3607200.0
    },
    "CRM": {
        "Open": null,
        "High": null,
        "Low": null,
        "Close": null,
        "Adj Close": null,
        "Volume": null
    },
    "CSCO": {
        "Open": 8.083333015441895,
        "High": 8.458333015441895,
        "Low": 8.055556297302246,
        "Close": 8.45138931274414,
        "Adj Close": 5.468482971191406,
        "Volume": 62412300.0
    },
    "CVS": {
        "Open": 14.0625,
        "High": 14.171875,
        "Low": 13.828125,
        "Close": 13.96875,
        "Adj Close": 8.720301628112793,
        "Volume": 2041600.0
    },
    "CVX": {
        "Open": 42.21875,
        "High": 42.5,
        "Low": 41.875,
        "Close": 42.21875,
        "Adj Close": 15.02577018737793,
        "Volume": 1537000.0
    },
    "DE": {
        "Open": 27.375,
        "High": 27.625,
        "Low": 26.71875,
        "Close": 26.84375,
        "Adj Close": 15.457923889160156,
        "Volume": 1286800.0
    },
    "DHR": {
        "Open": 4.935873031616211,
        "High": 4.946374893188477,
        "Low": 4.9148688316345215,
        "Close": 4.9148688316345215,
        "Adj Close": 2.900459051132202,
        "Volume": 837947.0
    },
    "DIS": {
        "Open": 27.046541213989258,
        "High": 27.60144805908203,
        "Low": 27.046541213989258,
        "Close": 27.560344696044922,
        "Adj Close": 20.73161506652832,
        "Volume": 5178611.0
    },
    "DUK": {
        "Open": 43.52802276611328,
        "High": 44.34519577026367,
        "Low": 43.47354507446289,
        "Close": 44.127281188964844,
        "Adj Close": 12.32060432434082,
        "Volume": 463604.0
    },
    "EMR": {
        "Open": 28.4375,
        "High": 28.5,
        "Low": 28.15625,
        "Close": 28.25,
        "Adj Close": 13.24730396270752,
        "Volume": 1420600.0
    },
    "FDX": {
        "Open": 40.0,
        "High": 40.0,
        "Low": 39.6875,
        "Close": 40.0,
        "Adj Close": 32.027706146240234,
        "Volume": 705200.0
    },
    "GD": {
        "Open": 21.875,
        "High": 21.875,
        "Low": 21.46875,
        "Close": 21.546875,
        "Adj Close": 12.065057754516602,
        "Volume": 286400.0
    },
    "GE": {
        "Open": 109.2276382446289,
        "High": 111.12464141845703,
        "Low": 109.12779235839844,
        "Close": 111.02479553222656,
        "Adj Close": 58.24214553833008,
        "Volume": 1492727.0
    },
    "GILD": {
        "Open": 1.375,
        "High": 1.390625,
        "Low": 1.2734379768371582,
        "Close": 1.316406011581421,
        "Adj Close": 0.914574921131134,
        "Volume": 18620800.0
    },
    "GM": {
        "Open": null,
        "High": null,
        "Low": null,
        "Close": null,
        "Adj Close": null,
        "Volume": null
    },