{
    "AAPL": {
        "Open": 0.203125,
        "High": 0.20424099266529083,
        "Low": 0.19810299575328827,
        "Close": 0.202566996216774,
        "Adj Close": 0.16994647681713104,
        "Volume": 158625600.0
    },
    "ABBV": {
        "Open": null,
        "High": null,
        "Low": null,
        "Close": null,
        "Adj Close": null,
        "Volume": null
    },
    "ABT": {
        "Open": 14.448996543884277,
        "High": 14.54719352722168,
        "Low": 14.336771965026855,
        "Close": 14.406912803649902,
        "Adj Close": 7.205325126647949,
        "Volume": 1746488.0
    },
    "ACN": {
        "Open": null,
        "High": null,
        "Low": null,
        "Close": null,
        "Adj Close": null,
        "Volume": null
    },
    "ADBE": {
        "Open": 6.28125,
        "High": 6.53125,
        "Low": 6.28125,
        "Close": 6.484375,
        "Adj Close": 6.398387908935547,
        "Volume": 7782400.0
    },
    "AIG": {
        "Open": 762.2222290039062,
        "High": 781.3333129882812,
        "Low": 762.2222290039062,
        "Close": 776.888916015625,
        "Adj Close": 455.31195068359375,
        "Volume": 85697.0
    },
    "AMD": {
        "Open": 15.4375,
        "High": 15.5625,
        "Low": 15.125,
        "Close": 15.34375,
        "Adj Close": 15.34375,
        "Volume": 2099600.0
    },
    "AMGN": {
        "Open": 12.125,
        "High": 12.296875,
        "Low": 12.078125,
        "Close": 12.234375,
        "Adj Close": 8.27519416809082,
        "Volume": 5328000.0
    },
    "AMT": {
        "Open": null,
        "High": null,
        "Low": null,
        "Close": null,
        "Adj Close": null,
        "Volume": null
    },
    "AMZN": {
        "Open": 0.1963540017604828,
        "High": 0.20208300650119781,
        "Low": 0.1963540017604828,
        "Close": 0.20000000298023224,
        "Adj Close": 0.20000000298023224,
        "Volume": 16296000.0
    },
    "AVGO": {
        "Open": null,
        "High": null,
        "Low": null,
        "Close": null,
        "Adj Close": null,
        "Volume": null
    },
    "AXP": {
        "Open": 24.253103256225586,
        "High": 24.435457229614258,
        "Low": 24.052515029907227,
        "Close": 24.19839859008789,
        "Adj Close": 16.717008590698242,
        "Volume": 1601280.0
    },
    "BA": {
        "Open": 54.5,
        "High": 55.0,
        "Low": 54.5,
        "Close": 54.75,
        "Adj Close": 34.33189010620117,
        "Volume": 2081400.0
    },
    "BAC": {
        "Open": 32.34375,
        "High": 32.8125,
        "Low": 32.34375,
        "Close": 32.78125,
        "Adj Close": 15.837248802185059,
        "Volume": 3998600.0
    },
    "BK": {
        "Open": 26.499893188476562,
        "High": 26.69864273071289,
        "Low": 26.466768264770508,
        "Close": 26.665517807006836,
        "Adj Close": 14.041361808776855,
        "Volume": 838871.0
    },
    "BKNG": {
        "Open": null,
        "High": null,
        "Low": null,
        "Close": null,
        "Adj Close": null,
        "Volume": null
    },
    "BLK": {
        "Open": null,
        "High": null,
        "Low": null,
        "Close": null,
        "Adj Close": null,
        "Volume": null
    },
    "BMY": {
        "Open": 41.04538345336914,
        "High": 41.61050033569336,
        "Low": 40.92641067504883,
        "Close": 41.134613037109375,
        "Adj Close": 15.107850074768066,
        "Volume": 1918937.0
    },
    "BRK-B": {
        "Open": 29.84000015258789,
        "High": 29.8799991607666,
        "Low": 29.479999542236328,
        "Close": 29.700000762939453,
        "Adj Close": 29.700000762939453,
        "Volume": 50000.0
    },
    "C": {
        "Open": 251.0416717529297,
        "High": 252.5,
        "Low": 249.5833282470703,
        "Close": 251.0416717529297,
        "Adj Close": 127.39664459228516,
        "Volume": 487890.0
    },
    "CAT": {
        "Open": 29.375,
        "High": 29.9375,
        "Low": 29.375,
        "Close": 29.90625,
        "Adj Close": 14.694452285766602,
        "Volume": 1515200.0
    },
    "CL": {
        "Open": 18.265625,
        "High": 18.5,
        "Low": 18.265625,
        "Close": 18.390625,
        "Adj Close": 10.142890930175781,
        "Volume": 1292400.0
    },
    "CMCSA": {
        "Open": 4.080756187438965,
        "High": 4.080756187438965,
        "Low": 4.041706085205078,
        "Close": 4.0612311363220215,
        "Adj Close": 2.7463512420654297,
        "Volume": 465425.0
    },
    "COF": {
        "Open": 15.416666984558105,
        "High": 15.708333015441895,
        "Low": 15.395833015441895,
        "Close": 15.6875,
        "Adj Close": 11.269450187683105,
        "Volume": 1106400.0
    },
    "COP": {
        "Open": 19.105558395385742,
        "High": 19.1532039642334,
        "Low": 18.891157150268555,
        "Close": 18.891157150268555,
        "Adj Close": 7.738323211669922,
        "Volume": 1148867.0
    },
    "COST": {
        "Open": 19.5625,
        "High": 20.0,
        "Low": 19.5625,
        "Close": 19.8125,
        "Adj Close": 13.21825122833252,
        "Volume": 1891000.0
    },
    "CRM": {
        "Open": null,
        "High": null,
        "Low": null,
        "Close": null,
        "Adj Close": null,
        "Volume": null
    },
    "CSCO": {
        "Open": 9.097222328186035,
        "High": 9.13888931274414,
        "Low": 8.979166984558105,
        "Close": 9.083333015441895,
        "Adj Close": 5.877382755279541,
        "Volume": 29376900.0
    },
    "CVS": {
        "Open": 14.875,
        "High": 14.90625,
        "Low": 14.484375,
        "Close": 14.625,
        "Adj Close": 9.129982948303223,
        "Volume": 1697200.0
    },
    "CVX": {
        "Open": 43.03125,
        "High": 43.375,
        "Low": 42.625,
        "Close": 42.75,
        "Adj Close": 15.214847564697266,
        "Volume": 1106200.0
    },
    "DE": {
        "Open": 28.25,
        "High": 29.0,
        "Low": 28.25,
        "Close": 28.46875,
        "Adj Close": 16.393692016601562,
        "Volume": 2425600.0
    },
    "DHR": {
        "Open": 4.883364200592041,
        "High": 4.951625823974609,
        "Low": 4.883364200592041,
        "Close": 4.920119762420654,
        "Adj Close": 2.9035565853118896,
        "Volume": 372553.0
    },
    "DIS": {
        "Open": 27.663103103637695,
        "High": 27.90972900390625,
        "Low": 27.663103103637695,
        "Close": 27.8275203704834,
        "Adj Close": 20.932588577270508,
        "Volume": 1503193.0
    },
    "DUK": {
        "Open": 42.92876434326172,
        "High": 42.98324203491211,
        "Low": 42.49293899536133,
        "Close": 42.60189437866211,
        "Adj Close": 11.894705772399902,
        "Volume": 349337.0
    },
    "EMR": {
        "Open": 28.0625,
        "High": 28.15625,
        "Low": 27.65625,
        "Close": 27.75,
        "Adj Close": 13.012840270996094,
        "Volume": 1041800.0
    },
    "FDX": {
        "Open": 35.75,
        "High": 37.25,
        "Low": 35.75,
        "Close": 37.25,
        "Adj Close": 29.8257999420166,
        "Volume": 2471800.0
    },
    "GD": {
        "Open": 21.984375,
        "High": 21.984375,
        "Low": 21.625,
        "Close": 21.84375,
        "Adj Close": 12.288549423217773,
        "Volume": 228800.0
    },
    "GE": {
        "Open": 113.12149047851562,
        "High": 113.32117462158203,
        "Low": 110.42574310302734,
        "Close": 110.82511138916016,
        "Adj Close": 58.13742446899414,
        "Volume": 1552947.0
    },
    "GILD": {
        "Open": 1.34375,
        "High": 1.359375,
        "Low": 1.328125,
        "Close": 1.339843988418579,
        "Adj Close": 0.9308584928512573,
        "Volume": 5849600.0
    },
    "GM": {
        "Open": null,
        "High": null,
        "Low": null,
        "Close": null,
        "Adj Close": null,
        "Volume": null
    },