{
    "AAPL": {
        "Open": 0.18861599266529083,
        "High": 0.18861599266529083,
        "Low": 0.17745499312877655,
        "Close": 0.1796880066394806,
        "Adj Close": 0.1507517546415329,
        "Volume": 438670400.0
    },
    "ABBV": {
        "Open": null,
        "High": null,
        "Low": null,
        "Close": null,
        "Adj Close": null,
        "Volume": null
    },
    "ABT": {
        "Open": 14.210517883300781,
        "High": 14.406912803649902,
        "Low": 14.014123916625977,
        "Close": 14.336771965026855,
        "Adj Close": 7.17024564743042,
        "Volume": 6066818.0
    },
    "ACN": {
        "Open": null,
        "High": null,
        "Low": null,
        "Close": null,
        "Adj Close": null,
        "Volume": null
    },
    "ADBE": {
        "Open": 6.148437976837158,
        "High": 6.15625,
        "Low": 5.796875,
        "Close": 5.984375,
        "Adj Close": 5.9050188064575195,
        "Volume": 20144000.0
    },
    "AIG": {
        "Open": 775.111083984375,
        "High": 782.2222290039062,
        "Low": 759.5555419921875,
        "Close": 766.2222290039062,
        "Adj Close": 449.0606994628906,
        "Volume": 194063.0
    },
    "AMD": {
        "Open": 14.375,
        "High": 14.75,
        "Low": 13.75,
        "Close": 14.0625,
        "Adj Close": 14.0625,
        "Volume": 4091600.0
    },
    "AMGN": {
        "Open": 11.875,
        "High": 12.0,
        "Low": 11.65625,
        "Close": 11.875,
        "Adj Close": 8.032115936279297,
        "Volume": 14899200.0
    },
    "AMT": {
        "Open": null,
        "High": null,
        "Low": null,
        "Close": null,
        "Adj Close": null,
        "Volume": null
    },
    "AMZN": {
        "Open": 0.1807290017604828,
        "High": 0.18281300365924835,
        "Low": 0.17604200541973114,
        "Close": 0.18125000596046448,
        "Adj Close": 0.18125000596046448,
        "Volume": 50688000.0
    },
    "AVGO": {
        "Open": null,
        "High": null,
        "Low": null,
        "Close": null,
        "Adj Close": null,
        "Volume": null
    },
    "AXP": {
        "Open": 24.253103256225586,
        "High": 24.326045989990234,
        "Low": 23.432510375976562,
        "Close": 23.851924896240234,
        "Adj Close": 16.477645874023438,
        "Volume": 5534217.0
    },
    "BA": {
        "Open": 52.5,
        "High": 52.5625,
        "Low": 51.0,
        "Close": 51.875,
        "Adj Close": 32.52907180786133,
        "Volume": 5195200.0
    },
    "BAC": {
        "Open": 31.375,
        "High": 31.5,
        "Low": 30.65625,
        "Close": 31.03125,
        "Adj Close": 14.991789817810059,
        "Volume": 3575400.0
    },
    "BK": {
        "Open": 26.367395401000977,
        "High": 26.433643341064453,
        "Low": 25.37364959716797,
        "Close": 26.135520935058594,
        "Adj Close": 13.76228141784668,
        "Volume": 1065476.0
    },
    "BKNG": {
        "Open": null,
        "High": null,
        "Low": null,
        "Close": null,
        "Adj Close": null,
        "Volume": null
    },
    "BLK": {
        "Open": null,
        "High": null,
        "Low": null,
        "Close": null,
        "Adj Close": null,
        "Volume": null
    },
    "BMY": {
        "Open": 40.450523376464844,
        "High": 40.65872573852539,
        "Low": 39.706947326660156,
        "Close": 40.569496154785156,
        "Adj Close": 14.900293350219727,
        "Volume": 5767948.0
    },
    "BRK-B": {
        "Open": 29.940000534057617,
        "High": 30.0,
        "Low": 29.34000015258789,
        "Close": 29.68000030517578,
        "Adj Close": 29.68000030517578,
        "Volume": 90000.0
    },
    "C": {
        "Open": 246.25,
        "High": 246.25,
        "Low": 237.9166717529297,
        "Close": 242.9166717529297,
        "Adj Close": 123.2734375,
        "Volume": 727050.0
    },
    "CAT": {
        "Open": 29.46875,
        "High": 29.46875,
        "Low": 28.875,
        "Close": 29.1875,
        "Adj Close": 14.4013090133667,
        "Volume": 1572600.0
    },
    "CL": {
        "Open": 18.203125,
        "High": 18.4375,
        "Low": 18.0,
        "Close": 18.28125,
        "Adj Close": 10.082569122314453,
        "Volume": 4564000.0
    },
    "CMCSA": {
        "Open": 4.17838191986084,
        "High": 4.217432022094727,
        "Low": 4.10028076171875,
        "Close": 4.188144207000732,
        "Adj Close": 2.832174301147461,
        "Volume": 1272077.0
    },
    "COF": {
        "Open": 16.25,
        "High": 16.25,
        "Low": 15.916666984558105,
        "Close": 16.0,
        "Adj Close": 11.493937492370605,
        "Volume": 2262900.0
    },
    "COP": {
        "Open": 18.65293312072754,
        "High": 18.8435115814209,
        "Low": 18.62911033630371,
        "Close": 18.700578689575195,
        "Adj Close": 7.660260200500488,
        "Volume": 1359278.0
    },
    "COST": {
        "Open": 19.03125,
        "High": 19.1875,
        "Low": 18.375,
        "Close": 19.0,
        "Adj Close": 12.676176071166992,
        "Volume": 4426200.0
    },
    "CRM": {
        "Open": null,
        "High": null,
        "Low": null,
        "Close": null,
        "Adj Close": null,
        "Volume": null
    },
    "CSCO": {
        "Open": 9.01388931274414,
        "High": 9.069443702697754,
        "Low": 8.722222328186035,
        "Close": 8.88888931274414,
        "Adj Close": 5.7515692710876465,
        "Volume": 90790200.0
    },
    "CVS": {
        "Open": 14.140625,
        "High": 14.1875,
        "Low": 13.6875,
        "Close": 14.1875,
        "Adj Close": 8.85686206817627,
        "Volume": 1738000.0
    },
    "CVX": {
        "Open": 42.625,
        "High": 42.875,
        "Low": 42.0,
        "Close": 42.0,
        "Adj Close": 14.947914123535156,
        "Volume": 2479000.0
    },
    "DE": {
        "Open": 28.25,
        "High": 28.3125,
        "Low": 27.59375,
        "Close": 28.21875,
        "Adj Close": 16.249717712402344,
        "Volume": 1327600.0
    },
    "DHR": {
        "Open": 4.87811279296875,
        "High": 4.87811279296875,
        "Low": 4.76259183883667,
        "Close": 4.841355800628662,
        "Adj Close": 2.8570752143859863,
        "Volume": 496341.0
    },
    "DIS": {
        "Open": 27.78641700744629,
        "High": 27.78641700744629,
        "Low": 26.73826026916504,
        "Close": 27.16985321044922,
        "Adj Close": 20.469141006469727,
        "Volume": 5955905.0
    },
    "DUK": {
        "Open": 42.32950210571289,
        "High": 42.71084976196289,
        "Low": 42.2750244140625,
        "Close": 42.60189437866211,
        "Adj Close": 11.894705772399902,
        "Volume": 563299.0
    },
    "EMR": {
        "Open": 28.21875,
        "High": 28.21875,
        "Low": 27.5,
        "Close": 27.6875,
        "Adj Close": 12.98353099822998,
        "Volume": 1246200.0
    },
    "FDX": {
        "Open": 36.9375,
        "High": 36.9375,
        "Low": 36.0625,
        "Close": 36.59375,
        "Adj Close": 29.30034828186035,
        "Volume": 714000.0
    },
    "GD": {
        "Open": 21.59375,
        "High": 21.59375,
        "Low": 21.03125,
        "Close": 21.421875,
        "Adj Close": 12.051217079162598,
        "Volume": 1028000.0
    },
    "GE": {
        "Open": 109.72684478759766,
        "High": 110.92495727539062,
        "Low": 107.03109741210938,
        "Close": 110.82511138916016,
        "Adj Close": 58.13742446899414,
        "Volume": 3736199.0
    },
    "GILD": {
        "Open": 1.21875,
        "High": 1.2265629768371582,
        "Low": 1.136718988418579,
        "Close": 1.191406011581421,
        "Adj Close": 0.8277310729026794,
        "Volume": 16566400.0
    },
    "GM": {
        "Open": null,
        "High": null,
        "Low": null,
        "Close": null,
        "Adj Close": null,
        "Volume": null
    },
    "GOOG": {
        "Open": null,
        "High": null,