{
    "AAPL": {
        "Open": 0.1685270071029663,
        "High": 0.172433003783226,
        "Low": 0.16685299575328827,
        "Close": 0.17020100355148315,
        "Adj Close": 0.1427924782037735,
        "Volume": 475272000.0
    },
    "ABBV": {
        "Open": null,
        "High": null,
        "Low": null,
        "Close": null,
        "Adj Close": null,
        "Volume": null
    },
    "ABT": {
        "Open": 14.210517883300781,
        "High": 14.336771965026855,
        "Low": 14.210517883300781,
        "Close": 14.294687271118164,
        "Adj Close": 7.149194717407227,
        "Volume": 6014691.0
    },
    "ACN": {
        "Open": null,
        "High": null,
        "Low": null,
        "Close": null,
        "Adj Close": null,
        "Volume": null
    },
    "ADBE": {
        "Open": 6.296875,
        "High": 6.359375,
        "Low": 6.203125,
        "Close": 6.25,
        "Adj Close": 6.167121410369873,
        "Volume": 7841600.0
    },
    "AIG": {
        "Open": 788.888916015625,
        "High": 793.7777709960938,
        "Low": 782.2222290039062,
        "Close": 792.888916015625,
        "Adj Close": 464.6891174316406,
        "Volume": 108506.0
    },
    "AMD": {
        "Open": 14.1875,
        "High": 14.875,
        "Low": 14.125,
        "Close": 14.71875,
        "Adj Close": 14.71875,
        "Volume": 4834000.0
    },
    "AMGN": {
        "Open": 11.71875,
        "High": 11.71875,
        "Low": 11.3125,
        "Close": 11.5625,
        "Adj Close": 7.8207478523254395,
        "Volume": 27434000.0
    },
    "AMT": {
        "Open": null,
        "High": null,
        "Low": null,
        "Close": null,
        "Adj Close": null,
        "Volume": null
    },
    "AMZN": {
        "Open": 0.19791699945926666,
        "High": 0.22187499701976776,
        "Low": 0.19270800054073334,
        "Close": 0.22135399281978607,
        "Adj Close": 0.22135399281978607,
        "Volume": 241920000.0
    },
    "AVGO": {
        "Open": null,
        "High": null,
        "Low": null,
        "Close": null,
        "Adj Close": null,
        "Volume": null
    },
    "AXP": {
        "Open": 24.362516403198242,
        "High": 24.581342697143555,
        "Low": 24.216632843017578,
        "Close": 24.49016571044922,
        "Adj Close": 16.918569564819336,
        "Volume": 2875243.0
    },
    "BA": {
        "Open": 53.5625,
        "High": 54.4375,
        "Low": 52.875,
        "Close": 54.0,
        "Adj Close": 33.86157989501953,
        "Volume": 3643600.0
    },
    "BAC": {
        "Open": 31.375,
        "High": 31.5625,
        "Low": 31.0,
        "Close": 31.53125,
        "Adj Close": 15.23335075378418,
        "Volume": 2981400.0
    },
    "BK": {
        "Open": 26.10239601135254,
        "High": 27.228641510009766,
        "Low": 26.10239601135254,
        "Close": 27.162391662597656,
        "Adj Close": 14.303007125854492,
        "Volume": 1480949.0
    },
    "BKNG": {
        "Open": null,
        "High": null,
        "Low": null,
        "Close": null,
        "Adj Close": null,
        "Volume": null
    },
    "BLK": {
        "Open": null,
        "High": null,
        "Low": null,
        "Close": null,
        "Adj Close": null,
        "Volume": null
    },
    "BMY": {
        "Open": 41.07512664794922,
        "High": 41.49152755737305,
        "Low": 40.985897064208984,
        "Close": 41.1048698425293,
        "Adj Close": 15.096930503845215,
        "Volume": 3671238.0
    },
    "BRK-B": {
        "Open": 29.799999237060547,
        "High": 30.18000030517578,
        "Low": 29.799999237060547,
        "Close": 30.020000457763672,
        "Adj Close": 30.020000457763672,
        "Volume": 55000.0
    },
    "C": {
        "Open": 246.6666717529297,
        "High": 252.5,
        "Low": 246.0416717529297,
        "Close": 250.625,
        "Adj Close": 127.18512725830078,
        "Volume": 535710.0
    },
    "CAT": {
        "Open": 29.40625,
        "High": 29.5625,
        "Low": 29.28125,
        "Close": 29.5,
        "Adj Close": 14.555493354797363,
        "Volume": 983800.0
    },
    "CL": {
        "Open": 18.28125,
        "High": 18.65625,
        "Low": 18.25,
        "Close": 18.625,
        "Adj Close": 10.272153854370117,
        "Volume": 1919600.0
    },
    "CMCSA": {
        "Open": 4.373632907867432,
        "High": 4.373632907867432,
        "Low": 4.256482124328613,
        "Close": 4.295533180236816,
        "Adj Close": 2.904794931411743,
        "Volume": 1456455.0
    },
    "COF": {
        "Open": 15.875,
        "High": 16.083332061767578,
        "Low": 15.875,
        "Close": 16.083332061767578,
        "Adj Close": 11.55380630493164,
        "Volume": 697500.0
    },
    "COP": {
        "Open": 19.03409194946289,
        "High": 19.1532039642334,
        "Low": 18.891157150268555,
        "Close": 18.962623596191406,
        "Adj Close": 7.767600059509277,
        "Volume": 2864164.0
    },
    "COST": {
        "Open": 19.15625,
        "High": 19.4375,
        "Low": 19.09375,
        "Close": 19.21875,
        "Adj Close": 12.82211971282959,
        "Volume": 1682600.0
    },
    "CRM": {
        "Open": null,
        "High": null,
        "Low": null,
        "Close": null,
        "Adj Close": null,
        "Volume": null
    },
    "CSCO": {
        "Open": 9.13888931274414,
        "High": 9.38888931274414,
        "Low": 9.097222328186035,
        "Close": 9.368056297302246,
        "Adj Close": 6.061610698699951,
        "Volume": 76772700.0
    },
    "CVS": {
        "Open": 14.1875,
        "High": 14.375,
        "Low": 14.1875,
        "Close": 14.25,
        "Adj Close": 8.913230895996094,
        "Volume": 1193200.0
    },
    "CVX": {
        "Open": 43.625,
        "High": 43.90625,
        "Low": 42.84375,
        "Close": 43.90625,
        "Adj Close": 15.62635612487793,
        "Volume": 2288400.0
    },
    "DE": {
        "Open": 28.8125,
        "High": 29.15625,
        "Low": 28.40625,
        "Close": 28.5,
        "Adj Close": 16.411672592163086,
        "Volume": 735400.0
    },
    "DHR": {
        "Open": 4.872861862182617,
        "High": 4.893866062164307,
        "Low": 4.820353031158447,
        "Close": 4.857109069824219,
        "Adj Close": 2.8663718700408936,
        "Volume": 618938.0
    },
    "DIS": {
        "Open": 27.478134155273438,
        "High": 27.663103103637695,
        "Low": 27.313718795776367,
        "Close": 27.51923942565918,
        "Adj Close": 20.732351303100586,
        "Volume": 2878662.0
    },
    "DUK": {
        "Open": 43.14667510986328,
        "High": 43.4190673828125,
        "Low": 42.98324203491211,
        "Close": 43.25563049316406,
        "Adj Close": 12.077238082885742,
        "Volume": 792520.0
    },
    "EMR": {
        "Open": 27.96875,
        "High": 28.375,
        "Low": 27.9375,
        "Close": 28.1875,
        "Adj Close": 13.217994689941406,
        "Volume": 894000.0
    },
    "FDX": {
        "Open": 37.1875,
        "High": 38.03125,
        "Low": 37.0,
        "Close": 38.0,
        "Adj Close": 30.426305770874023,
        "Volume": 1239200.0
    },
    "GD": {
        "Open": 21.171875,
        "High": 21.171875,
        "Low": 20.921875,
        "Close": 21.0,
        "Adj Close": 11.813881874084473,
        "Volume": 1050400.0
    },
    "GE": {
        "Open": 112.02322387695312,
        "High": 113.12149047851562,
        "Low": 111.4241714477539,
        "Close": 112.82196044921875,
        "Adj Close": 59.18494415283203,
        "Volume": 2434148.0
    },
    "GILD": {
        "Open": 1.222656011581421,
        "High": 1.28125,
        "Low": 1.214843988418579,
        "Close": 1.261718988418579,
        "Adj Close": 0.8765811324119568,
        "Volume": 12416000.0
    },
    "GM": {
        "Open": null,
        "High": null,
        "Low": null,
        "Close": null,
        "Adj Close": null,
        "Volume": null
    },