{
    "AAPL": {
        "Open": 0.17020100355148315,
        "High": 0.171875,
        "Low": 0.16517899930477142,
        "Close": 0.16573700308799744,
        "Adj Close": 0.13904742896556854,
        "Volume": 151177600.0
    },
    "ABBV": {
        "Open": null,
        "High": null,
        "Low": null,
        "Close": null,
        "Adj Close": null,
        "Volume": null
    },
    "ABT": {
        "Open": 14.280658721923828,
        "High": 14.336771965026855,
        "Low": 14.182461738586426,
        "Close": 14.252602577209473,
        "Adj Close": 7.128149509429932,
        "Volume": 3745147.0
    },
    "ACN": {
        "Open": null,
        "High": null,
        "Low": null,
        "Close": null,
        "Adj Close": null,
        "Volume": null
    },
    "ADBE": {
        "Open": 6.25,
        "High": 6.265625,
        "Low": 6.132812976837158,
        "Close": 6.140625,
        "Adj Close": 6.059196949005127,
        "Volume": 5284800.0
    },
    "AIG": {
        "Open": 792.888916015625,
        "High": 800.4444580078125,
        "Low": 784.4444580078125,
        "Close": 796.0,
        "Adj Close": 466.512451171875,
        "Volume": 86400.0
    },
    "AMD": {
        "Open": 14.71875,
        "High": 14.75,
        "Low": 14.03125,
        "Close": 14.1875,
        "Adj Close": 14.1875,
        "Volume": 1975800.0
    },
    "AMGN": {
        "Open": 11.5625,
        "High": 11.875,
        "Low": 11.359375,
        "Close": 11.484375,
        "Adj Close": 7.767900466918945,
        "Volume": 24240800.0
    },
    "AMT": {
        "Open": null,
        "High": null,
        "Low": null,
        "Close": null,
        "Adj Close": null,
        "Volume": null
    },
    "AMZN": {
        "Open": 0.22083300352096558,
        "High": 0.2309899926185608,
        "Low": 0.21875,
        "Close": 0.2260420024394989,
        "Adj Close": 0.2260420024394989,
        "Volume": 104160000.0
    },
    "AVGO": {
        "Open": null,
        "High": null,
        "Low": null,
        "Close": null,
        "Adj Close": null,
        "Volume": null
    },
    "AXP": {
        "Open": 24.508399963378906,
        "High": 24.63604736328125,
        "Low": 24.344280242919922,
        "Close": 24.344280242919922,
        "Adj Close": 16.817790985107422,
        "Volume": 1604364.0
    },
    "BA": {
        "Open": 51.125,
        "High": 51.125,
        "Low": 49.0,
        "Close": 49.875,
        "Adj Close": 31.274930953979492,
        "Volume": 31887200.0
    },
    "BAC": {
        "Open": 32.15625,
        "High": 32.15625,
        "Low": 31.15625,
        "Close": 31.21875,
        "Adj Close": 15.082369804382324,
        "Volume": 2553800.0
    },
    "BK": {
        "Open": 27.029891967773438,
        "High": 27.096141815185547,
        "Low": 26.533018112182617,
        "Close": 26.63239288330078,
        "Adj Close": 14.095431327819824,
        "Volume": 1568686.0
    },
    "BKNG": {
        "Open": null,
        "High": null,
        "Low": null,
        "Close": null,
        "Adj Close": null,
        "Volume": null
    },
    "BLK": {
        "Open": null,
        "High": null,
        "Low": null,
        "Close": null,
        "Adj Close": null,
        "Volume": null
    },
    "BMY": {
        "Open": 41.40230178833008,
        "High": 43.12739562988281,
        "Low": 41.31306838989258,
        "Close": 42.919193267822266,
        "Adj Close": 15.763287544250488,
        "Volume": 9343575.0
    },
    "BRK-B": {
        "Open": 30.020000457763672,
        "High": 30.020000457763672,
        "Low": 29.799999237060547,
        "Close": 29.920000076293945,
        "Adj Close": 29.920000076293945,
        "Volume": 40000.0
    },
    "C": {
        "Open": 251.875,
        "High": 254.7916717529297,
        "Low": 250.625,
        "Close": 254.5833282470703,
        "Adj Close": 129.1938934326172,
        "Volume": 877230.0
    },
    "CAT": {
        "Open": 29.5,
        "High": 30.21875,
        "Low": 29.5,
        "Close": 30.0625,
        "Adj Close": 14.833032608032227,
        "Volume": 2842200.0
    },
    "CL": {
        "Open": 18.6875,
        "High": 18.71875,
        "Low": 18.4375,
        "Close": 18.5625,
        "Adj Close": 10.237686157226562,
        "Volume": 1824800.0
    },
    "CMCSA": {
        "Open": 4.529833793640137,
        "High": 4.646985054016113,
        "Low": 4.529833793640137,
        "Close": 4.598172187805176,
        "Adj Close": 3.109449625015259,
        "Volume": 4044784.0
    },
    "COF": {
        "Open": 16.145832061767578,
        "High": 16.145832061767578,
        "Low": 15.958333015441895,
        "Close": 16.020832061767578,
        "Adj Close": 11.50890827178955,
        "Volume": 1098600.0
    },
    "COP": {
        "Open": 18.962623596191406,
        "High": 19.05791473388672,
        "Low": 18.676755905151367,
        "Close": 18.700578689575195,
        "Adj Close": 7.660260200500488,
        "Volume": 1418308.0
    },
    "COST": {
        "Open": 19.125,
        "High": 19.3125,
        "Low": 18.75,
        "Close": 19.0,
        "Adj Close": 12.676176071166992,
        "Volume": 2178800.0
    },
    "CRM": {
        "Open": null,
        "High": null,
        "Low": null,
        "Close": null,
        "Adj Close": null,
        "Volume": null
    },
    "CSCO": {
        "Open": 9.319443702697754,
        "High": 9.472222328186035,
        "Low": 9.222222328186035,
        "Close": 9.32638931274414,
        "Adj Close": 6.034653663635254,
        "Volume": 63243000.0
    },
    "CVS": {
        "Open": 14.375,
        "High": 15.0,
        "Low": 14.25,
        "Close": 14.859375,
        "Adj Close": 9.294387817382812,
        "Volume": 2638400.0
    },
    "CVX": {
        "Open": 43.875,
        "High": 43.875,
        "Low": 43.09375,
        "Close": 43.21875,
        "Adj Close": 15.381677627563477,
        "Volume": 1247800.0
    },
    "DE": {
        "Open": 28.5,
        "High": 29.03125,
        "Low": 28.3125,
        "Close": 28.96875,
        "Adj Close": 16.681608200073242,
        "Volume": 957000.0
    },
    "DHR": {
        "Open": 4.857109069824219,
        "High": 4.872861862182617,
        "Low": 4.857109069824219,
        "Close": 4.867610931396484,
        "Adj Close": 2.872568130493164,
        "Volume": 320181.0
    },
    "DIS": {
        "Open": 27.51923942565918,
        "High": 27.74531364440918,
        "Low": 27.293167114257812,
        "Close": 27.313718795776367,
        "Adj Close": 20.577516555786133,
        "Volume": 3161784.0
    },
    "DUK": {
        "Open": 43.20115280151367,
        "High": 43.25563049316406,
        "Low": 42.43845748901367,
        "Close": 42.98324203491211,
        "Adj Close": 12.00118350982666,
        "Volume": 1038375.0
    },
    "EMR": {
        "Open": 28.28125,
        "High": 28.28125,
        "Low": 27.96875,
        "Close": 28.0625,
        "Adj Close": 13.15937614440918,
        "Volume": 1102400.0
    },
    "FDX": {
        "Open": 38.0,
        "High": 38.0,
        "Low": 37.34375,
        "Close": 37.71875,
        "Adj Close": 30.201126098632812,
        "Volume": 1191600.0
    },
    "GD": {
        "Open": 21.0,
        "High": 21.015625,
        "Low": 20.59375,
        "Close": 20.75,
        "Adj Close": 11.673245429992676,
        "Volume": 1006400.0
    },
    "GE": {
        "Open": 112.62227630615234,
        "High": 112.72212219238281,
        "Low": 110.82511138916016,
        "Close": 110.92495727539062,
        "Adj Close": 58.18979263305664,
        "Volume": 1825126.0
    },
    "GILD": {
        "Open": 1.277343988418579,
        "High": 1.277343988418579,
        "Low": 1.2421879768371582,
        "Close": 1.265625,
        "Adj Close": 0.8792948722839355,
        "Volume": 9433600.0
    },
    "GM": {
        "Open": null,
        "High": null,
        "Low": null,
        "Close": null,
        "Adj Close": null,
        "Volume": null
    },