{
    "AAPL": {
        "Open": 0.16071400046348572,
        "High": 0.16238799691200256,
        "Low": 0.15848200023174286,
        "Close": 0.15848200023174286,
        "Adj Close": 0.13296076655387878,
        "Volume": 186782400.0
    },
    "ABBV": {
        "Open": null,
        "High": null,
        "Low": null,
        "Close": null,
        "Adj Close": null,
        "Volume": null
    },
    "ABT": {
        "Open": 13.831757545471191,
        "High": 14.014123916625977,
        "Low": 13.761617660522461,
        "Close": 13.859814643859863,
        "Adj Close": 6.931704521179199,
        "Volume": 7052336.0
    },
    "ACN": {
        "Open": null,
        "High": null,
        "Low": null,
        "Close": null,
        "Adj Close": null,
        "Volume": null
    },
    "ADBE": {
        "Open": 6.0,
        "High": 6.15625,
        "Low": 5.96875,
        "Close": 6.125,
        "Adj Close": 6.043778419494629,
        "Volume": 12029600.0
    },
    "AIG": {
        "Open": 775.111083984375,
        "High": 781.3333129882812,
        "Low": 754.2222290039062,
        "Close": 758.6666870117188,
        "Adj Close": 444.6324157714844,
        "Volume": 230991.0
    },
    "AMD": {
        "Open": 14.0,
        "High": 14.4375,
        "Low": 13.5,
        "Close": 13.75,
        "Adj Close": 13.75,
        "Volume": 5065800.0
    },
    "AMGN": {
        "Open": 11.25,
        "High": 12.15625,
        "Low": 11.21875,
        "Close": 12.0,
        "Adj Close": 8.116662979125977,
        "Volume": 56771600.0
    },
    "AMT": {
        "Open": null,
        "High": null,
        "Low": null,
        "Close": null,
        "Adj Close": null,
        "Volume": null
    },
    "AMZN": {
        "Open": 0.2114579975605011,
        "High": 0.22812500596046448,
        "Low": 0.20937499403953552,
        "Close": 0.22499999403953552,
        "Adj Close": 0.22499999403953552,
        "Volume": 113136000.0
    },
    "AVGO": {
        "Open": null,
        "High": null,
        "Low": null,
        "Close": null,
        "Adj Close": null,
        "Volume": null
    },
    "AXP": {
        "Open": 24.052515029907227,
        "High": 24.143692016601562,
        "Low": 23.651334762573242,
        "Close": 23.96133804321289,
        "Adj Close": 16.553239822387695,
        "Volume": 3222438.0
    },
    "BA": {
        "Open": 49.625,
        "High": 49.625,
        "Low": 47.75,
        "Close": 49.0625,
        "Adj Close": 30.76544761657715,
        "Volume": 15908200.0
    },
    "BAC": {
        "Open": 31.09375,
        "High": 31.21875,
        "Low": 30.5,
        "Close": 30.9375,
        "Adj Close": 14.946499824523926,
        "Volume": 3076200.0
    },
    "BK": {
        "Open": 26.301145553588867,
        "High": 26.499893188476562,
        "Low": 25.771146774291992,
        "Close": 26.10239601135254,
        "Adj Close": 13.814927101135254,
        "Volume": 996796.0
    },
    "BKNG": {
        "Open": null,
        "High": null,
        "Low": null,
        "Close": null,
        "Adj Close": null,
        "Volume": null
    },
    "BLK": {
        "Open": null,
        "High": null,
        "Low": null,
        "Close": null,
        "Adj Close": null,
        "Volume": null
    },
    "BMY": {
        "Open": 42.29458999633789,
        "High": 42.7407341003418,
        "Low": 41.87818908691406,
        "Close": 42.44330596923828,
        "Adj Close": 15.588500022888184,
        "Volume": 5576726.0
    },
    "BRK-B": {
        "Open": 29.459999084472656,
        "High": 29.84000015258789,
        "Low": 29.399999618530273,
        "Close": 29.600000381469727,
        "Adj Close": 29.600000381469727,
        "Volume": 125000.0
    },
    "C": {
        "Open": 252.9166717529297,
        "High": 253.125,
        "Low": 247.0833282470703,
        "Close": 249.375,
        "Adj Close": 126.55086517333984,
        "Volume": 860010.0
    },
    "CAT": {
        "Open": 29.90625,
        "High": 29.90625,
        "Low": 29.0625,
        "Close": 29.5625,
        "Adj Close": 14.58633041381836,
        "Volume": 3119200.0
    },
    "CL": {
        "Open": 17.875,
        "High": 18.234375,
        "Low": 17.8125,
        "Close": 18.0625,
        "Adj Close": 9.998953819274902,
        "Volume": 2940000.0
    },
    "CMCSA": {
        "Open": 4.510309219360352,
        "High": 4.559122085571289,
        "Low": 4.373632907867432,
        "Close": 4.5493597984313965,
        "Adj Close": 3.0764424800872803,
        "Volume": 3566554.0
    },
    "COF": {
        "Open": 15.791666984558105,
        "High": 15.8125,
        "Low": 15.625,
        "Close": 15.6875,
        "Adj Close": 11.269450187683105,
        "Volume": 843300.0
    },
    "COP": {
        "Open": 18.55764389038086,
        "High": 18.605287551879883,
        "Low": 18.295597076416016,
        "Close": 18.46235466003418,
        "Adj Close": 7.562678337097168,
        "Volume": 1248300.0
    },
    "COST": {
        "Open": 18.5,
        "High": 19.25,
        "Low": 18.5,
        "Close": 19.0,
        "Adj Close": 12.676176071166992,
        "Volume": 2077600.0
    },
    "CRM": {
        "Open": null,
        "High": null,
        "Low": null,
        "Close": null,
        "Adj Close": null,
        "Volume": null
    },
    "CSCO": {
        "Open": 9.041666984558105,
        "High": 9.305556297302246,
        "Low": 9.01388931274414,
        "Close": 9.055556297302246,
        "Adj Close": 5.859409809112549,
        "Volume": 79596000.0
    },
    "CVS": {
        "Open": 14.796875,
        "High": 14.96875,
        "Low": 14.71875,
        "Close": 14.875,
        "Adj Close": 9.30416488647461,
        "Volume": 3596800.0
    },
    "CVX": {
        "Open": 42.3125,
        "High": 42.6875,
        "Low": 41.75,
        "Close": 41.75,
        "Adj Close": 14.858930587768555,
        "Volume": 2130800.0
    },
    "DE": {
        "Open": 28.125,
        "High": 28.40625,
        "Low": 27.6875,
        "Close": 28.03125,
        "Adj Close": 16.14175033569336,
        "Volume": 1243600.0
    },
    "DHR": {
        "Open": 4.867610931396484,
        "High": 4.867610931396484,
        "Low": 4.746840000152588,
        "Close": 4.7573418617248535,
        "Adj Close": 2.8074944019317627,
        "Volume": 364221.0
    },
    "DIS": {
        "Open": 27.272615432739258,
        "High": 27.272615432739258,
        "Low": 26.841020584106445,
        "Close": 27.067094802856445,
        "Adj Close": 20.391725540161133,
        "Volume": 4009630.0
    },
    "DUK": {
        "Open": 42.76532745361328,
        "High": 42.81980514526367,
        "Low": 41.94815444946289,
        "Close": 42.11159133911133,
        "Adj Close": 11.757810592651367,
        "Volume": 487696.0
    },
    "EMR": {
        "Open": 28.0625,
        "High": 28.0625,
        "Low": 27.34375,
        "Close": 27.53125,
        "Adj Close": 12.910257339477539,
        "Volume": 1285400.0
    },
    "FDX": {
        "Open": 36.9375,
        "High": 37.0625,
        "Low": 36.5,
        "Close": 36.5625,
        "Adj Close": 29.27531623840332,
        "Volume": 666400.0
    },
    "GD": {
        "Open": 20.625,
        "High": 20.65625,
        "Low": 20.484375,
        "Close": 20.578125,
        "Adj Close": 11.576557159423828,
        "Volume": 555600.0
    },
    "GE": {
        "Open": 108.62857818603516,
        "High": 109.42732238769531,
        "Low": 106.13252258300781,
        "Close": 107.63015747070312,
        "Adj Close": 56.46138000488281,
        "Volume": 4823600.0
    },
    "GILD": {
        "Open": 1.2265629768371582,
        "High": 1.253906011581421,
        "Low": 1.207031011581421,
        "Close": 1.25,
        "Adj Close": 0.8684391379356384,
        "Volume": 5750400.0
    },
    "GM": {
        "Open": null,
        "High": null,
        "Low": null,
        "Close": null,
        "Adj Close": null,
        "Volume": null
    },
    "GOOG": {
        "Open": null,