{
    "AAPL": {
        "Open": 0.1646209955215454,
        "High": 0.16517899930477142,
        "Low": 0.15401799976825714,
        "Close": 0.15625,
        "Adj Close": 0.13108810782432556,
        "Volume": 177587200.0
    },
    "ABBV": {
        "Open": null,
        "High": null,
        "Low": null,
        "Close": null,
        "Adj Close": null,
        "Volume": null
    },
    "ABT": {
        "Open": 13.761617660522461,
        "High": 14.112320899963379,
        "Low": 13.635363578796387,
        "Close": 13.663420677185059,
        "Adj Close": 6.833481311798096,
        "Volume": 6742246.0
    },
    "ACN": {
        "Open": null,
        "High": null,
        "Low": null,
        "Close": null,
        "Adj Close": null,
        "Volume": null
    },
    "ADBE": {
        "Open": 6.125,
        "High": 6.25,
        "Low": 6.054687976837158,
        "Close": 6.117187976837158,
        "Adj Close": 6.036071300506592,
        "Volume": 15544800.0
    },
    "AIG": {
        "Open": 732.4444580078125,
        "High": 751.5555419921875,
        "Low": 728.4444580078125,
        "Close": 739.5555419921875,
        "Adj Close": 433.4319152832031,
        "Volume": 246502.0
    },
    "AMD": {
        "Open": 12.71875,
        "High": 12.71875,
        "Low": 11.9375,
        "Close": 12.0625,
        "Adj Close": 12.0625,
        "Volume": 4987000.0
    },
    "AMGN": {
        "Open": 12.171875,
        "High": 12.34375,
        "Low": 11.71875,
        "Close": 11.84375,
        "Adj Close": 8.010981559753418,
        "Volume": 18276400.0
    },
    "AMT": {
        "Open": null,
        "High": null,
        "Low": null,
        "Close": null,
        "Adj Close": null,
        "Volume": null
    },
    "AMZN": {
        "Open": 0.2572920024394989,
        "High": 0.2750000059604645,
        "Low": 0.25,
        "Close": 0.2695310115814209,
        "Adj Close": 0.2695310115814209,
        "Volume": 142536000.0
    },
    "AVGO": {
        "Open": null,
        "High": null,
        "Low": null,
        "Close": null,
        "Adj Close": null,
        "Volume": null
    },
    "AXP": {
        "Open": 22.684858322143555,
        "High": 23.323097229003906,
        "Low": 22.61191749572754,
        "Close": 23.122507095336914,
        "Adj Close": 15.97374439239502,
        "Volume": 6869530.0
    },
    "BA": {
        "Open": 48.0,
        "High": 48.75,
        "Low": 46.5625,
        "Close": 47.4375,
        "Adj Close": 29.74644660949707,
        "Volume": 8757100.0
    },
    "BAC": {
        "Open": 30.0,
        "High": 30.8125,
        "Low": 29.875,
        "Close": 30.5625,
        "Adj Close": 14.765329360961914,
        "Volume": 6588200.0
    },
    "BK": {
        "Open": 25.439897537231445,
        "High": 25.771146774291992,
        "Low": 24.976150512695312,
        "Close": 25.274274826049805,
        "Adj Close": 13.37663459777832,
        "Volume": 2034159.0
    },
    "BKNG": {
        "Open": null,
        "High": null,
        "Low": null,
        "Close": null,
        "Adj Close": null,
        "Volume": null
    },
    "BLK": {
        "Open": null,
        "High": null,
        "Low": null,
        "Close": null,
        "Adj Close": null,
        "Volume": null
    },
    "BMY": {
        "Open": 41.64024353027344,
        "High": 42.59202194213867,
        "Low": 41.43204116821289,
        "Close": 41.997161865234375,
        "Adj Close": 15.424647331237793,
        "Volume": 7512684.0
    },
    "BRK-B": {
        "Open": 30.200000762939453,
        "High": 30.299999237060547,
        "Low": 29.65999984741211,
        "Close": 29.700000762939453,
        "Adj Close": 29.700000762939453,
        "Volume": 205000.0
    },
    "C": {
        "Open": 234.7916717529297,
        "High": 237.0833282470703,
        "Low": 231.875,
        "Close": 235.0,
        "Adj Close": 119.25588989257812,
        "Volume": 976230.0
    },
    "CAT": {
        "Open": 27.09375,
        "High": 27.09375,
        "Low": 26.28125,
        "Close": 26.5,
        "Adj Close": 13.075276374816895,
        "Volume": 3924600.0
    },
    "CL": {
        "Open": 17.3125,
        "High": 17.796875,
        "Low": 17.25,
        "Close": 17.3125,
        "Adj Close": 9.583768844604492,
        "Volume": 2991600.0
    },
    "CMCSA": {
        "Open": 4.4419708251953125,
        "High": 4.4517340660095215,
        "Low": 4.256482124328613,
        "Close": 4.295533180236816,
        "Adj Close": 2.904794931411743,
        "Volume": 2492939.0
    },
    "COF": {
        "Open": 15.25,
        "High": 15.666666984558105,
        "Low": 15.0,
        "Close": 15.604166984558105,
        "Adj Close": 11.20958423614502,
        "Volume": 981600.0
    },
    "COP": {
        "Open": 18.247953414916992,
        "High": 18.486177444458008,
        "Low": 18.128841400146484,
        "Close": 18.224130630493164,
        "Adj Close": 7.465095043182373,
        "Volume": 1690374.0
    },
    "COST": {
        "Open": 18.5,
        "High": 18.9375,
        "Low": 18.1875,
        "Close": 18.5625,
        "Adj Close": 12.384293556213379,
        "Volume": 5225800.0
    },
    "CRM": {
        "Open": null,
        "High": null,
        "Low": null,
        "Close": null,
        "Adj Close": null,
        "Volume": null
    },
    "CSCO": {
        "Open": 8.854166984558105,
        "High": 9.069443702697754,
        "Low": 8.659722328186035,
        "Close": 8.944443702697754,
        "Adj Close": 5.787516117095947,
        "Volume": 117472500.0
    },
    "CVS": {
        "Open": 14.734375,
        "High": 15.09375,
        "Low": 14.625,
        "Close": 15.015625,
        "Adj Close": 9.392128944396973,
        "Volume": 2568400.0
    },
    "CVX": {
        "Open": 40.875,
        "High": 41.1875,
        "Low": 40.25,
        "Close": 40.46875,
        "Adj Close": 14.402935028076172,
        "Volume": 3412600.0
    },
    "DE": {
        "Open": 26.75,
        "High": 26.8125,
        "Low": 26.21875,
        "Close": 26.5625,
        "Adj Close": 15.295979499816895,
        "Volume": 2323600.0
    },
    "DHR": {
        "Open": 4.536802768707275,
        "High": 4.568307876586914,
        "Low": 4.515799045562744,
        "Close": 4.531551837921143,
        "Adj Close": 2.6742470264434814,
        "Volume": 1907996.0
    },
    "DIS": {
        "Open": 27.067094802856445,
        "High": 27.539791107177734,
        "Low": 26.717708587646484,
        "Close": 27.272615432739258,
        "Adj Close": 20.546554565429688,
        "Volume": 5072174.0
    },
    "DUK": {
        "Open": 41.45785140991211,
        "High": 42.2750244140625,
        "Low": 41.40337371826172,
        "Close": 42.22054672241211,
        "Adj Close": 11.78823184967041,
        "Volume": 1405036.0
    },
    "EMR": {
        "Open": 26.34375,
        "High": 27.28125,
        "Low": 26.3125,
        "Close": 26.53125,
        "Adj Close": 12.441323280334473,
        "Volume": 1642400.0
    },
    "FDX": {
        "Open": 33.125,
        "High": 34.0625,
        "Low": 32.96875,
        "Close": 33.1875,
        "Adj Close": 26.572982788085938,
        "Volume": 1503800.0
    },
    "GD": {
        "Open": 20.375,
        "High": 20.421875,
        "Low": 20.03125,
        "Close": 20.140625,
        "Adj Close": 11.330428123474121,
        "Volume": 777600.0
    },
    "GE": {
        "Open": 106.93125915527344,
        "High": 107.82984161376953,
        "Low": 102.13882446289062,
        "Close": 103.63645935058594,
        "Adj Close": 54.366329193115234,
        "Volume": 4864477.0
    },
    "GILD": {
        "Open": 1.109375,
        "High": 1.160156011581421,
        "Low": 1.082031011581421,
        "Close": 1.089843988418579,
        "Adj Close": 0.7571707963943481,
        "Volume": 26524800.0
    },
    "GM": {
        "Open": null,
        "High": null,
        "Low": null,
        "Close": null,
        "Adj Close": null,
        "Volume": null
    },