{
    "AAPL": {
        "Open": 0.6964290142059326,
        "High": 0.7293530106544495,
        "Low": 0.6902899742126465,
        "Close": 0.716517984867096,
        "Adj Close": 0.6011328101158142,
        "Volume": 399235200.0
    },
    "ABBV": {
        "Open": null,
        "High": null,
        "Low": null,
        "Close": null,
        "Adj Close": null,
        "Volume": null
    },
    "ABT": {
        "Open": 17.53519058227539,
        "High": 17.787696838378906,
        "Low": 16.861839294433594,
        "Close": 17.0582332611084,
        "Adj Close": 8.786747932434082,
        "Volume": 22183516.0
    },
    "ACN": {
        "Open": null,
        "High": null,
        "Low": null,
        "Close": null,
        "Adj Close": null,
        "Volume": null
    },
    "ADBE": {
        "Open": 17.25,
        "High": 17.625,
        "Low": 16.84375,
        "Close": 17.015625,
        "Adj Close": 16.888933181762695,
        "Volume": 5580800.0
    },
    "AIG": {
        "Open": 1338.3333740234375,
        "High": 1362.5,
        "Low": 1321.6666259765625,
        "Close": 1323.3333740234375,
        "Adj Close": 779.2978515625,
        "Volume": 183593.0
    },
    "AMD": {
        "Open": 10.15625,
        "High": 10.40625,
        "Low": 10.15625,
        "Close": 10.28125,
        "Adj Close": 10.28125,
        "Volume": 3796200.0
    },
    "AMGN": {
        "Open": 40.34375,
        "High": 41.15625,
        "Low": 40.1875,
        "Close": 40.53125,
        "Adj Close": 27.414886474609375,
        "Volume": 9076600.0
    },
    "AMT": {
        "Open": 19.0,
        "High": 20.0625,
        "Low": 19.0,
        "Close": 19.375,
        "Adj Close": 14.166576385498047,
        "Volume": 942200.0
    },
    "AMZN": {
        "Open": 3.487499952316284,
        "High": 3.5,
        "Low": 3.253124952316284,
        "Close": 3.3218750953674316,
        "Adj Close": 3.3218750953674316,
        "Volume": 264864000.0
    },
    "AVGO": {
        "Open": null,
        "High": null,
        "Low": null,
        "Close": null,
        "Adj Close": null,
        "Volume": null
    },
    "AXP": {
        "Open": 43.546173095703125,
        "High": 44.2026481628418,
        "Low": 42.907936096191406,
        "Close": 43.03558349609375,
        "Adj Close": 30.252225875854492,
        "Volume": 8391294.0
    },
    "BA": {
        "Open": 43.6875,
        "High": 43.6875,
        "Low": 42.375,
        "Close": 43.375,
        "Adj Close": 27.909048080444336,
        "Volume": 6561200.0
    },
    "BAC": {
        "Open": 32.46875,
        "High": 32.875,
        "Low": 32.09375,
        "Close": 32.125,
        "Adj Close": 16.342178344726562,
        "Volume": 7819600.0
    },
    "BK": {
        "Open": 42.333580017089844,
        "High": 43.194828033447266,
        "Low": 41.93608093261719,
        "Close": 42.134830474853516,
        "Adj Close": 23.055681228637695,
        "Volume": 3452844.0
    },
    "BKNG": {
        "Open": 355.5,
        "High": 361.125,
        "Low": 327.75,
        "Close": 332.625,
        "Adj Close": 327.2699890136719,
        "Volume": 599417.0
    },
    "BLK": {
        "Open": 14.75,
        "High": 14.875,
        "Low": 14.3125,
        "Close": 14.75,
        "Adj Close": 8.827066421508789,
        "Volume": 66600.0
    },
    "BMY": {
        "Open": 74.47654724121094,
        "High": 74.47654724121094,
        "Low": 71.14533233642578,
        "Close": 71.14533233642578,
        "Adj Close": 26.873844146728516,
        "Volume": 3148322.0
    },
    "BRK-B": {
        "Open": 41.97999954223633,
        "High": 43.619998931884766,
        "Low": 41.97999954223633,
        "Close": 42.81999969482422,
        "Adj Close": 42.81999969482422,
        "Volume": 910000.0
    },
    "C": {
        "Open": 401.25,
        "High": 410.625,
        "Low": 400.3125,
        "Close": 402.65625,
        "Adj Close": 209.3719482421875,
        "Volume": 1520013.0
    },
    "CAT": {
        "Open": 27.59375,
        "High": 28.53125,
        "Low": 27.59375,
        "Close": 28.03125,
        "Adj Close": 14.463480949401855,
        "Volume": 3117400.0
    },
    "CL": {
        "Open": 30.4375,
        "High": 30.5625,
        "Low": 29.875,
        "Close": 29.96875,
        "Adj Close": 17.014938354492188,
        "Volume": 3365200.0
    },
    "CMCSA": {
        "Open": 11.636987686157227,
        "High": 11.636987686157227,
        "Low": 11.10004711151123,
        "Close": 11.28553581237793,
        "Adj Close": 7.657971382141113,
        "Volume": 963181.0
    },
    "COF": {
        "Open": 50.0,
        "High": 52.9375,
        "Low": 50.0,
        "Close": 51.0,
        "Adj Close": 36.90029525756836,
        "Volume": 1329000.0
    },
    "COP": {
        "Open": 17.747682571411133,
        "High": 17.914438247680664,
        "Low": 17.55710220336914,
        "Close": 17.747682571411133,
        "Adj Close": 7.773533344268799,
        "Volume": 965216.0
    },
    "COST": {
        "Open": 39.75,
        "High": 40.9375,
        "Low": 39.6875,
        "Close": 40.28125,
        "Adj Close": 26.874326705932617,
        "Volume": 4100400.0
    },
    "CRM": {
        "Open": null,
        "High": null,
        "Low": null,
        "Close": null,
        "Adj Close": null,
        "Volume": null
    },
    "CSCO": {
        "Open": 36.75,
        "High": 37.25,
        "Low": 36.34375,
        "Close": 36.75,
        "Adj Close": 23.779138565063477,
        "Volume": 33270200.0
    },
    "CVS": {
        "Open": 19.875,
        "High": 20.21875,
        "Low": 18.90625,
        "Close": 19.6875,
        "Adj Close": 12.44902515411377,
        "Volume": 10456800.0
    },
    "CVX": {
        "Open": 45.625,
        "High": 45.65625,
        "Low": 44.3125,
        "Close": 44.375,
        "Adj Close": 16.731311798095703,
        "Volume": 3165800.0
    },
    "DE": {
        "Open": 18.0625,
        "High": 18.8125,
        "Low": 18.0625,
        "Close": 18.34375,
        "Adj Close": 11.025087356567383,
        "Volume": 2055000.0
    },
    "DHR": {
        "Open": 8.191449165344238,
        "High": 8.233455657958984,
        "Low": 8.002415657043457,
        "Close": 8.012916564941406,
        "Adj Close": 4.740925312042236,
        "Volume": 1790755.0
    },
    "DIS": {
        "Open": 25.34071922302246,
        "High": 26.08059310913086,
        "Low": 25.155750274658203,
        "Close": 26.08059310913086,
        "Adj Close": 19.812294006347656,
        "Volume": 6238925.0
    },
    "DUK": {
        "Open": 49.357181549072266,
        "High": 49.684051513671875,
        "Low": 49.302703857421875,
        "Close": 49.46613693237305,
        "Adj Close": 14.940237998962402,
        "Volume": 943154.0
    },
    "EMR": {
        "Open": 29.03125,
        "High": 29.3125,
        "Low": 28.53125,
        "Close": 28.65625,
        "Adj Close": 13.991704940795898,
        "Volume": 2148000.0
    },
    "FDX": {
        "Open": 41.5,
        "High": 42.5,
        "Low": 40.75,
        "Close": 41.9375,
        "Adj Close": 33.57902145385742,
        "Volume": 1433000.0
    },
    "GD": {
        "Open": 27.5,
        "High": 28.21875,
        "Low": 27.125,
        "Close": 27.125,
        "Adj Close": 15.779831886291504,
        "Volume": 782200.0
    },
    "GE": {
        "Open": 207.17308044433594,
        "High": 212.66441345214844,
        "Low": 204.77685546875,
        "Close": 206.07481384277344,
        "Adj Close": 111.18914794921875,
        "Volume": 3969129.0
    },
    "GILD": {
        "Open": 1.2578129768371582,
        "High": 1.597656011581421,
        "Low": 1.25,
        "Close": 1.53125,
        "Adj Close": 1.063838005065918,
        "Volume": 455376000.0
    },
    "GM": {
        "Open": null,
        "High": null,
        "Low": null,
        "Close": null,
        "Adj Close": null,
        "Volume": null
    },
    "GOOG": {
        "Open": null,
        "High": null,