{
    "AAPL": {
        "Open": 0.7287949919700623,
        "High": 0.7433040142059326,
        "Low": 0.7232139706611633,
        "Close": 0.7276790142059326,
        "Adj Close": 0.6104967594146729,
        "Volume": 328462400.0
    },
    "ABBV": {
        "Open": null,
        "High": null,
        "Low": null,
        "Close": null,
        "Adj Close": null,
        "Volume": null
    },
    "ABT": {
        "Open": 16.946008682250977,
        "High": 17.170459747314453,
        "Low": 16.525163650512695,
        "Close": 16.525163650512695,
        "Adj Close": 8.512164115905762,
        "Volume": 19538834.0
    },
    "ACN": {
        "Open": null,
        "High": null,
        "Low": null,
        "Close": null,
        "Adj Close": null,
        "Volume": null
    },
    "ADBE": {
        "Open": 17.265625,
        "High": 17.4375,
        "Low": 16.890625,
        "Close": 17.203125,
        "Adj Close": 17.075037002563477,
        "Volume": 7248000.0
    },
    "AIG": {
        "Open": 1325.8333740234375,
        "High": 1359.1666259765625,
        "Low": 1315.0,
        "Close": 1354.1666259765625,
        "Adj Close": 797.4555053710938,
        "Volume": 179205.0
    },
    "AMD": {
        "Open": 10.34375,
        "High": 10.75,
        "Low": 10.28125,
        "Close": 10.65625,
        "Adj Close": 10.65625,
        "Volume": 4472000.0
    },
    "AMGN": {
        "Open": 41.34375,
        "High": 41.875,
        "Low": 39.21875,
        "Close": 39.28125,
        "Adj Close": 26.569395065307617,
        "Volume": 11660800.0
    },
    "AMT": {
        "Open": 19.5,
        "High": 20.0,
        "Low": 19.4375,
        "Close": 19.75,
        "Adj Close": 14.440770149230957,
        "Volume": 1599200.0
    },
    "AMZN": {
        "Open": 3.409374952316284,
        "High": 3.424999952316284,
        "Low": 3.25,
        "Close": 3.2906250953674316,
        "Adj Close": 3.2906250953674316,
        "Volume": 215442000.0
    },
    "AVGO": {
        "Open": null,
        "High": null,
        "Low": null,
        "Close": null,
        "Adj Close": null,
        "Volume": null
    },
    "AXP": {
        "Open": 43.03558349609375,
        "High": 43.29087829589844,
        "Low": 42.488521575927734,
        "Close": 42.88970184326172,
        "Adj Close": 30.149696350097656,
        "Volume": 8193534.0
    },
    "BA": {
        "Open": 43.375,
        "High": 44.125,
        "Low": 42.25,
        "Close": 43.25,
        "Adj Close": 27.82862091064453,
        "Volume": 5700800.0
    },
    "BAC": {
        "Open": 32.375,
        "High": 32.375,
        "Low": 31.46875,
        "Close": 31.5,
        "Adj Close": 16.02423667907715,
        "Volume": 9753400.0
    },
    "BK": {
        "Open": 42.201080322265625,
        "High": 42.333580017089844,
        "Low": 41.73733139038086,
        "Close": 42.068580627441406,
        "Adj Close": 23.019439697265625,
        "Volume": 2250481.0
    },
    "BKNG": {
        "Open": 342.0,
        "High": 343.5,
        "Low": 330.0,
        "Close": 332.25,
        "Adj Close": 326.90106201171875,
        "Volume": 446283.0
    },
    "BLK": {
        "Open": 14.6875,
        "High": 14.875,
        "Low": 14.6875,
        "Close": 14.75,
        "Adj Close": 8.827066421508789,
        "Volume": 18500.0
    },
    "BMY": {
        "Open": 71.74018859863281,
        "High": 72.81094360351562,
        "Low": 71.44276428222656,
        "Close": 72.45402526855469,
        "Adj Close": 27.368167877197266,
        "Volume": 4209284.0
    },
    "BRK-B": {
        "Open": 42.91999816894531,
        "High": 43.7400016784668,
        "Low": 42.81999969482422,
        "Close": 43.060001373291016,
        "Adj Close": 43.060001373291016,
        "Volume": 800000.0
    },
    "C": {
        "Open": 411.5625,
        "High": 411.5625,
        "Low": 395.15625,
        "Close": 397.5,
        "Adj Close": 206.69082641601562,
        "Volume": 1630120.0
    },
    "CAT": {
        "Open": 28.09375,
        "High": 28.75,
        "Low": 28.09375,
        "Close": 28.3125,
        "Adj Close": 14.608599662780762,
        "Volume": 3611400.0
    },
    "CL": {
        "Open": 29.75,
        "High": 29.75,
        "Low": 28.5,
        "Close": 28.875,
        "Adj Close": 16.39395523071289,
        "Volume": 3665200.0
    },
    "CMCSA": {
        "Open": 11.28553581237793,
        "High": 11.324585914611816,
        "Low": 10.973133087158203,
        "Close": 10.992658615112305,
        "Adj Close": 7.459235668182373,
        "Volume": 1404279.0
    },
    "COF": {
        "Open": 51.1875,
        "High": 51.9375,
        "Low": 50.5,
        "Close": 50.75,
        "Adj Close": 36.71940231323242,
        "Volume": 728100.0
    },
    "COP": {
        "Open": 17.747682571411133,
        "High": 17.795326232910156,
        "Low": 17.48563575744629,
        "Close": 17.628570556640625,
        "Adj Close": 7.7213664054870605,
        "Volume": 676359.0
    },
    "COST": {
        "Open": 40.46875,
        "High": 41.8125,
        "Low": 40.375,
        "Close": 40.65625,
        "Adj Close": 27.124507904052734,
        "Volume": 4689600.0
    },
    "CRM": {
        "Open": null,
        "High": null,
        "Low": null,
        "Close": null,
        "Adj Close": null,
        "Volume": null
    },
    "CSCO": {
        "Open": 37.0,
        "High": 37.15625,
        "Low": 35.53125,
        "Close": 35.75,
        "Adj Close": 23.132089614868164,
        "Volume": 47719800.0
    },
    "CVS": {
        "Open": 19.6875,
        "High": 19.90625,
        "Low": 19.375,
        "Close": 19.375,
        "Adj Close": 12.251418113708496,
        "Volume": 4037200.0
    },
    "CVX": {
        "Open": 44.96875,
        "High": 44.96875,
        "Low": 44.1875,
        "Close": 44.53125,
        "Adj Close": 16.79022789001465,
        "Volume": 2449200.0
    },
    "DE": {
        "Open": 19.0625,
        "High": 19.5,
        "Low": 18.84375,
        "Close": 19.28125,
        "Adj Close": 11.588554382324219,
        "Volume": 2413800.0
    },
    "DHR": {
        "Open": 7.9604082107543945,
        "High": 8.033921241760254,
        "Low": 7.844888210296631,
        "Close": 7.918400764465332,
        "Adj Close": 4.685003757476807,
        "Volume": 1461051.0
    },
    "DIS": {
        "Open": 26.327219009399414,
        "High": 27.00543785095215,
        "Low": 26.327219009399414,
        "Close": 26.512187957763672,
        "Adj Close": 20.14015769958496,
        "Volume": 8194323.0
    },
    "DUK": {
        "Open": 49.52061462402344,
        "High": 49.52061462402344,
        "Low": 48.866878509521484,
        "Close": 49.193748474121094,
        "Adj Close": 14.85797119140625,
        "Volume": 908966.0
    },
    "EMR": {
        "Open": 28.53125,
        "High": 28.90625,
        "Low": 27.78125,
        "Close": 27.875,
        "Adj Close": 13.610249519348145,
        "Volume": 1836600.0
    },
    "FDX": {
        "Open": 42.0,
        "High": 42.25,
        "Low": 41.0,
        "Close": 41.4375,
        "Adj Close": 33.17869567871094,
        "Volume": 1178000.0
    },
    "GD": {
        "Open": 27.4375,
        "High": 28.0625,
        "Low": 26.9375,
        "Close": 27.78125,
        "Adj Close": 16.16160011291504,
        "Volume": 1040400.0
    },
    "GE": {
        "Open": 212.26504516601562,
        "High": 212.36488342285156,
        "Low": 207.6722869873047,
        "Close": 209.8688201904297,
        "Adj Close": 113.2362289428711,
        "Volume": 2872651.0
    },
    "GILD": {
        "Open": 1.5625,
        "High": 1.6328129768371582,
        "Low": 1.546875,
        "Close": 1.558593988418579,
        "Adj Close": 1.08283531665802,
        "Volume": 51324800.0
    },
    "GM": {
        "Open": null,
        "High": null,
        "Low": null,
        "Close": null,
        "Adj Close": null,
        "Volume": null
    },
    "GOOG": {
        "Open": null,
        "High": null,