{
    "AAPL": {
        "Open": 0.7327010035514832,
        "High": 0.7622770071029663,
        "Low": 0.7198659777641296,
        "Close": 0.7466520071029663,
        "Adj Close": 0.6264141798019409,
        "Volume": 379086400.0
    },
    "ABBV": {
        "Open": null,
        "High": null,
        "Low": null,
        "Close": null,
        "Adj Close": null,
        "Volume": null
    },
    "ABT": {
        "Open": 16.805727005004883,
        "High": 17.170459747314453,
        "Low": 16.609333038330078,
        "Close": 17.002120971679688,
        "Adj Close": 8.757848739624023,
        "Volume": 15124720.0
    },
    "ACN": {
        "Open": null,
        "High": null,
        "Low": null,
        "Close": null,
        "Adj Close": null,
        "Volume": null
    },
    "ADBE": {
        "Open": 17.5625,
        "High": 17.75,
        "Low": 16.78125,
        "Close": 17.21875,
        "Adj Close": 17.090543746948242,
        "Volume": 9234000.0
    },
    "AIG": {
        "Open": 1373.3333740234375,
        "High": 1425.0,
        "Low": 1358.3333740234375,
        "Close": 1361.6666259765625,
        "Adj Close": 801.8723754882812,
        "Volume": 212070.0
    },
    "AMD": {
        "Open": 10.5625,
        "High": 10.65625,
        "Low": 9.96875,
        "Close": 10.3125,
        "Adj Close": 10.3125,
        "Volume": 4830000.0
    },
    "AMGN": {
        "Open": 39.625,
        "High": 41.9375,
        "Low": 39.59375,
        "Close": 41.90625,
        "Adj Close": 28.34491539001465,
        "Volume": 16414800.0
    },
    "AMT": {
        "Open": 20.25,
        "High": 20.375,
        "Low": 19.75,
        "Close": 19.9375,
        "Adj Close": 14.577863693237305,
        "Volume": 758700.0
    },
    "AMZN": {
        "Open": 3.359375,
        "High": 3.393749952316284,
        "Low": 3.049999952316284,
        "Close": 3.153125047683716,
        "Adj Close": 3.153125047683716,
        "Volume": 335184000.0
    },
    "AVGO": {
        "Open": null,
        "High": null,
        "Low": null,
        "Close": null,
        "Adj Close": null,
        "Volume": null
    },
    "AXP": {
        "Open": 43.18146514892578,
        "High": 43.92911911010742,
        "Low": 42.57969665527344,
        "Close": 42.689109802246094,
        "Adj Close": 30.008676528930664,
        "Volume": 7455615.0
    },
    "BA": {
        "Open": 43.25,
        "High": 43.9375,
        "Low": 43.0625,
        "Close": 43.375,
        "Adj Close": 27.909048080444336,
        "Volume": 2729000.0
    },
    "BAC": {
        "Open": 31.9375,
        "High": 32.25,
        "Low": 31.75,
        "Close": 31.75,
        "Adj Close": 16.15140724182129,
        "Volume": 10273600.0
    },
    "BK": {
        "Open": 42.39982986450195,
        "High": 43.261077880859375,
        "Low": 42.39982986450195,
        "Close": 43.194828033447266,
        "Adj Close": 23.635704040527344,
        "Volume": 1493308.0
    },
    "BKNG": {
        "Open": 337.875,
        "High": 342.0,
        "Low": 313.5,
        "Close": 318.0,
        "Adj Close": 312.8804626464844,
        "Volume": 596300.0
    },
    "BLK": {
        "Open": 14.875,
        "High": 15.125,
        "Low": 14.5,
        "Close": 14.9375,
        "Adj Close": 8.939275741577148,
        "Volume": 72100.0
    },
    "BMY": {
        "Open": 73.16785430908203,
        "High": 73.3463134765625,
        "Low": 71.3832778930664,
        "Close": 72.572998046875,
        "Adj Close": 27.413116455078125,
        "Volume": 4286298.0
    },
    "BRK-B": {
        "Open": 43.2599983215332,
        "High": 43.880001068115234,
        "Low": 42.97999954223633,
        "Close": 43.2599983215332,
        "Adj Close": 43.2599983215332,
        "Volume": 490000.0
    },
    "C": {
        "Open": 406.40625,
        "High": 412.96875,
        "Low": 397.96875,
        "Close": 410.625,
        "Adj Close": 213.51556396484375,
        "Volume": 7179853.0
    },
    "CAT": {
        "Open": 28.3125,
        "High": 28.40625,
        "Low": 27.21875,
        "Close": 27.28125,
        "Adj Close": 14.076499938964844,
        "Volume": 2102200.0
    },
    "CL": {
        "Open": 28.9375,
        "High": 29.0625,
        "Low": 28.3125,
        "Close": 28.53125,
        "Adj Close": 16.19879913330078,
        "Volume": 3341200.0
    },
    "CMCSA": {
        "Open": 11.031708717346191,
        "High": 11.55888843536377,
        "Low": 11.012184143066406,
        "Close": 11.539362907409668,
        "Adj Close": 7.8302154541015625,
        "Volume": 584823.0
    },
    "COF": {
        "Open": 50.75,
        "High": 52.1875,
        "Low": 50.6875,
        "Close": 51.6875,
        "Adj Close": 37.397705078125,
        "Volume": 1028300.0
    },
    "COP": {
        "Open": 17.628570556640625,
        "High": 17.67621421813965,
        "Low": 17.36652374267578,
        "Close": 17.39034652709961,
        "Adj Close": 7.617018699645996,
        "Volume": 826691.0
    },
    "COST": {
        "Open": 41.28125,
        "High": 41.96875,
        "Low": 40.5625,
        "Close": 40.6875,
        "Adj Close": 27.1453800201416,
        "Volume": 6434800.0
    },
    "CRM": {
        "Open": null,
        "High": null,
        "Low": null,
        "Close": null,
        "Adj Close": null,
        "Volume": null
    },
    "CSCO": {
        "Open": 36.4375,
        "High": 36.8125,
        "Low": 34.9375,
        "Close": 35.0,
        "Adj Close": 22.64679718017578,
        "Volume": 63778000.0
    },
    "CVS": {
        "Open": 19.78125,
        "High": 19.875,
        "Low": 19.03125,
        "Close": 19.15625,
        "Adj Close": 12.1131010055542,
        "Volume": 4241200.0
    },
    "CVX": {
        "Open": 44.53125,
        "High": 44.5625,
        "Low": 43.96875,
        "Close": 44.125,
        "Adj Close": 16.63704490661621,
        "Volume": 2513400.0
    },
    "DE": {
        "Open": 19.25,
        "High": 19.375,
        "Low": 19.15625,
        "Close": 19.28125,
        "Adj Close": 11.588554382324219,
        "Volume": 1823000.0
    },
    "DHR": {
        "Open": 7.876392841339111,
        "High": 8.054924964904785,
        "Low": 7.865890979766846,
        "Close": 7.928903102874756,
        "Adj Close": 4.69121789932251,
        "Volume": 1833009.0
    },
    "DIS": {
        "Open": 26.512187957763672,
        "High": 28.60849952697754,
        "Low": 25.64900016784668,
        "Close": 26.142250061035156,
        "Adj Close": 19.859128952026367,
        "Volume": 13488292.0
    },
    "DUK": {
        "Open": 49.08478927612305,
        "High": 49.1392707824707,
        "Low": 47.6138801574707,
        "Close": 48.32209777832031,
        "Adj Close": 14.594700813293457,
        "Volume": 892675.0
    },
    "EMR": {
        "Open": 28.125,
        "High": 29.1875,
        "Low": 28.0,
        "Close": 28.8125,
        "Adj Close": 14.067995071411133,
        "Volume": 2219400.0
    },
    "FDX": {
        "Open": 41.4375,
        "High": 41.4375,
        "Low": 40.1875,
        "Close": 40.75,
        "Adj Close": 32.628204345703125,
        "Volume": 1501200.0
    },
    "GD": {
        "Open": 27.78125,
        "High": 27.78125,
        "Low": 26.9375,
        "Close": 27.0,
        "Adj Close": 15.70711612701416,
        "Volume": 953400.0
    },
    "GE": {
        "Open": 211.66598510742188,
        "High": 213.36331176757812,
        "Low": 208.4710235595703,
        "Close": 210.6675567626953,
        "Adj Close": 113.66718292236328,
        "Volume": 2725294.0
    },
    "GILD": {
        "Open": 1.5566409826278687,
        "High": 1.5859379768371582,
        "Low": 1.4453129768371582,
        "Close": 1.464843988418579,
        "Adj Close": 1.0177022218704224,
        "Volume": 34598400.0
    },
    "GM": {
        "Open": null,
        "High": null,
        "Low": null,
        "Close": null,
        "Adj Close": null,
        "Volume": null
    },
    "GOOG": {
        "Open": null,