{
    "AAPL": {
        "Open": 0.8130580186843872,
        "High": 0.8136159777641296,
        "Low": 0.7896209955215454,
        "Close": 0.8002229928970337,
        "Adj Close": 0.6713582277297974,
        "Volume": 364784000.0
    },
    "ABBV": {
        "Open": null,
        "High": null,
        "Low": null,
        "Close": null,
        "Adj Close": null,
        "Volume": null
    },
    "ABT": {
        "Open": 17.282684326171875,
        "High": 17.310739517211914,
        "Low": 16.749614715576172,
        "Close": 17.0582332611084,
        "Adj Close": 8.786747932434082,
        "Volume": 14108237.0
    },
    "ACN": {
        "Open": null,
        "High": null,
        "Low": null,
        "Close": null,
        "Adj Close": null,
        "Volume": null
    },
    "ADBE": {
        "Open": 19.109375,
        "High": 19.3125,
        "Low": 18.4375,
        "Close": 19.03125,
        "Adj Close": 18.88955307006836,
        "Volume": 9082400.0
    },
    "AIG": {
        "Open": 1467.5,
        "High": 1491.6666259765625,
        "Low": 1461.6666259765625,
        "Close": 1487.5,
        "Adj Close": 875.974365234375,
        "Volume": 187478.0
    },
    "AMD": {
        "Open": 13.375,
        "High": 13.46875,
        "Low": 12.84375,
        "Close": 13.0,
        "Adj Close": 13.0,
        "Volume": 5302600.0
    },
    "AMGN": {
        "Open": 45.84375,
        "High": 45.84375,
        "Low": 44.75,
        "Close": 45.59375,
        "Adj Close": 30.839094161987305,
        "Volume": 10676200.0
    },
    "AMT": {
        "Open": 25.9375,
        "High": 27.25,
        "Low": 25.8125,
        "Close": 27.0625,
        "Adj Close": 19.787508010864258,
        "Volume": 2400200.0
    },
    "AMZN": {
        "Open": 3.8375000953674316,
        "High": 3.909374952316284,
        "Low": 3.762500047683716,
        "Close": 3.8968749046325684,
        "Adj Close": 3.8968749046325684,
        "Volume": 116208000.0
    },
    "AVGO": {
        "Open": null,
        "High": null,
        "Low": null,
        "Close": null,
        "Adj Close": null,
        "Volume": null
    },
    "AXP": {
        "Open": 45.66148376464844,
        "High": 45.880306243896484,
        "Low": 45.1508903503418,
        "Close": 45.18736267089844,
        "Adj Close": 31.76483726501465,
        "Volume": 6590883.0
    },
    "BA": {
        "Open": 42.75,
        "High": 43.5625,
        "Low": 42.75,
        "Close": 43.0,
        "Adj Close": 27.755693435668945,
        "Volume": 3236000.0
    },
    "BAC": {
        "Open": 33.25,
        "High": 33.46875,
        "Low": 32.625,
        "Close": 32.6875,
        "Adj Close": 16.628320693969727,
        "Volume": 9271600.0
    },
    "BK": {
        "Open": 46.10981750488281,
        "High": 46.10981750488281,
        "Low": 44.784820556640625,
        "Close": 45.18231964111328,
        "Adj Close": 24.72323226928711,
        "Volume": 1638308.0
    },
    "BKNG": {
        "Open": 450.0,
        "High": 450.375,
        "Low": 417.0,
        "Close": 431.25,
        "Adj Close": 424.30718994140625,
        "Volume": 1110067.0
    },
    "BLK": {
        "Open": 17.5,
        "High": 17.5,
        "Low": 17.25,
        "Close": 17.25,
        "Adj Close": 10.323176383972168,
        "Volume": 67500.0
    },
    "BMY": {
        "Open": 72.33505249023438,
        "High": 72.81094360351562,
        "Low": 70.96687316894531,
        "Close": 71.50225067138672,
        "Adj Close": 27.008644104003906,
        "Volume": 2962354.0
    },
    "BRK-B": {
        "Open": 37.81999969482422,
        "High": 38.400001525878906,
        "Low": 37.79999923706055,
        "Close": 38.34000015258789,
        "Adj Close": 38.34000015258789,
        "Volume": 915000.0
    },
    "C": {
        "Open": 423.75,
        "High": 427.96875,
        "Low": 412.96875,
        "Close": 421.875,
        "Adj Close": 219.36524963378906,
        "Volume": 1317893.0
    },
    "CAT": {
        "Open": 27.6875,
        "High": 28.3125,
        "Low": 27.65625,
        "Close": 27.96875,
        "Adj Close": 14.431241989135742,
        "Volume": 1994800.0
    },
    "CL": {
        "Open": 28.625,
        "High": 28.65625,
        "Low": 28.09375,
        "Close": 28.375,
        "Adj Close": 16.110074996948242,
        "Volume": 1712400.0
    },
    "CMCSA": {
        "Open": 13.452827453613281,
        "High": 13.784754753112793,
        "Low": 13.452827453613281,
        "Close": 13.706653594970703,
        "Adj Close": 9.300864219665527,
        "Volume": 1053129.0
    },
    "COF": {
        "Open": 50.0,
        "High": 50.25,
        "Low": 48.6875,
        "Close": 49.875,
        "Adj Close": 36.10572814941406,
        "Volume": 855700.0
    },
    "COP": {
        "Open": 19.629650115966797,
        "High": 19.629650115966797,
        "Low": 19.05791473388672,
        "Close": 19.081735610961914,
        "Adj Close": 8.357850074768066,
        "Volume": 1150441.0
    },
    "COST": {
        "Open": 43.03125,
        "High": 43.03125,
        "Low": 42.5,
        "Close": 43.0,
        "Adj Close": 28.688182830810547,
        "Volume": 2355200.0
    },
    "CRM": {
        "Open": null,
        "High": null,
        "Low": null,
        "Close": null,
        "Adj Close": null,
        "Volume": null
    },
    "CSCO": {
        "Open": 43.0,
        "High": 44.0,
        "Low": 42.5,
        "Close": 43.96875,
        "Adj Close": 28.450048446655273,
        "Volume": 30482600.0
    },
    "CVS": {
        "Open": 20.1875,
        "High": 20.28125,
        "Low": 19.59375,
        "Close": 19.71875,
        "Adj Close": 12.468788146972656,
        "Volume": 5080200.0
    },
    "CVX": {
        "Open": 47.5,
        "High": 48.1875,
        "Low": 47.34375,
        "Close": 47.625,
        "Adj Close": 18.082151412963867,
        "Volume": 4010200.0
    },
    "DE": {
        "Open": 19.90625,
        "High": 20.21875,
        "Low": 19.90625,
        "Close": 20.0,
        "Adj Close": 12.020537376403809,
        "Volume": 1553400.0
    },
    "DHR": {
        "Open": 8.73754596710205,
        "High": 8.874070167541504,
        "Low": 8.685035705566406,
        "Close": 8.769050598144531,
        "Adj Close": 5.18829870223999,
        "Volume": 1909781.0
    },
    "DIS": {
        "Open": 25.64900016784668,
        "High": 26.82046890258789,
        "Low": 25.64900016784668,
        "Close": 26.758813858032227,
        "Adj Close": 20.504615783691406,
        "Volume": 11385707.0
    },
    "DUK": {
        "Open": 46.46984100341797,
        "High": 46.57879638671875,
        "Low": 45.76162338256836,
        "Close": 45.870582580566406,
        "Adj Close": 13.993260383605957,
        "Volume": 813744.0
    },
    "EMR": {
        "Open": 28.5,
        "High": 29.0625,
        "Low": 28.375,
        "Close": 29.0625,
        "Adj Close": 14.277997970581055,
        "Volume": 2255200.0
    },
    "FDX": {
        "Open": 43.25,
        "High": 43.5,
        "Low": 42.6875,
        "Close": 43.375,
        "Adj Close": 34.730045318603516,
        "Volume": 1200600.0
    },
    "GD": {
        "Open": 27.1875,
        "High": 27.1875,
        "Low": 26.84375,
        "Close": 27.0,
        "Adj Close": 15.70711612701416,
        "Volume": 541800.0
    },
    "GE": {
        "Open": 223.64707946777344,
        "High": 225.14471435546875,
        "Low": 219.95291137695312,
        "Close": 222.64865112304688,
        "Adj Close": 120.13166046142578,
        "Volume": 3386523.0
    },
    "GILD": {
        "Open": 1.625,
        "High": 1.6269530057907104,
        "Low": 1.453125,
        "Close": 1.4707030057907104,
        "Adj Close": 1.0217729806900024,
        "Volume": 45670400.0
    },
    "GM": {
        "Open": null,
        "High": null,
        "Low": null,
        "Close": null,
        "Adj Close": null,
        "Volume": null
    },
    "GOOG": {
        "Open": null,
        "High": null,
        "Low": null,