{
    "AAPL": {
        "Open": 0.8761159777641296,
        "High": 0.9263389706611633,
        "Low": 0.8694199919700623,
        "Close": 0.8738840222358704,
        "Adj Close": 0.7331575751304626,
        "Volume": 843180800.0
    },
    "ABBV": {
        "Open": null,
        "High": null,
        "Low": null,
        "Close": null,
        "Adj Close": null,
        "Volume": null
    },
    "ABT": {
        "Open": 17.0582332611084,
        "High": 17.451021194458008,
        "Low": 16.889896392822266,
        "Close": 17.0582332611084,
        "Adj Close": 8.786747932434082,
        "Volume": 9266856.0
    },
    "ACN": {
        "Open": null,
        "High": null,
        "Low": null,
        "Close": null,
        "Adj Close": null,
        "Volume": null
    },
    "ADBE": {
        "Open": 17.765625,
        "High": 17.765625,
        "Low": 17.03125,
        "Close": 17.171875,
        "Adj Close": 17.044021606445312,
        "Volume": 11107600.0
    },
    "AIG": {
        "Open": 1367.5,
        "High": 1403.3333740234375,
        "Low": 1367.5,
        "Close": 1383.3333740234375,
        "Adj Close": 815.028564453125,
        "Volume": 229208.0
    },
    "AMD": {
        "Open": 14.875,
        "High": 14.875,
        "Low": 13.9375,
        "Close": 14.125,
        "Adj Close": 14.125,
        "Volume": 7103200.0
    },
    "AMGN": {
        "Open": 47.5,
        "High": 47.5625,
        "Low": 45.0,
        "Close": 45.5625,
        "Adj Close": 30.817962646484375,
        "Volume": 9557900.0
    },
    "AMT": {
        "Open": 26.5625,
        "High": 26.6875,
        "Low": 26.0,
        "Close": 26.125,
        "Adj Close": 19.102025985717773,
        "Volume": 1074500.0
    },
    "AMZN": {
        "Open": 4.413280963897705,
        "High": 4.443749904632568,
        "Low": 4.190625190734863,
        "Close": 4.253125190734863,
        "Adj Close": 4.253125190734863,
        "Volume": 269310000.0
    },
    "AVGO": {
        "Open": null,
        "High": null,
        "Low": null,
        "Close": null,
        "Adj Close": null,
        "Volume": null
    },
    "AXP": {
        "Open": 43.18146514892578,
        "High": 44.822654724121094,
        "Low": 43.18146514892578,
        "Close": 44.08412170410156,
        "Adj Close": 30.98929786682129,
        "Volume": 6421570.0
    },
    "BA": {
        "Open": 40.875,
        "High": 41.1875,
        "Low": 40.375,
        "Close": 40.625,
        "Adj Close": 26.22268295288086,
        "Volume": 3112900.0
    },
    "BAC": {
        "Open": 28.75,
        "High": 29.75,
        "Low": 28.71875,
        "Close": 29.3046875,
        "Adj Close": 14.90746021270752,
        "Volume": 14985400.0
    },
    "BK": {
        "Open": 42.201080322265625,
        "High": 43.327327728271484,
        "Low": 42.134830474853516,
        "Close": 42.333580017089844,
        "Adj Close": 23.16443634033203,
        "Volume": 1762932.0
    },
    "BKNG": {
        "Open": 388.5,
        "High": 388.875,
        "Low": 370.5,
        "Close": 372.0,
        "Adj Close": 366.0110778808594,
        "Volume": 270017.0
    },
    "BLK": {
        "Open": 18.1875,
        "High": 18.5,
        "Low": 18.1875,
        "Close": 18.375,
        "Adj Close": 10.996431350708008,
        "Volume": 38100.0
    },
    "BMY": {
        "Open": 70.4314956665039,
        "High": 70.60995483398438,
        "Low": 69.18228912353516,
        "Close": 69.47972106933594,
        "Adj Close": 26.244674682617188,
        "Volume": 2988725.0
    },
    "BRK-B": {
        "Open": 37.5,
        "High": 38.119998931884766,
        "Low": 37.119998931884766,
        "Close": 37.29999923706055,
        "Adj Close": 37.29999923706055,
        "Volume": 610000.0
    },
    "C": {
        "Open": 401.25,
        "High": 413.90625,
        "Low": 400.78125,
        "Close": 404.0625,
        "Adj Close": 210.10313415527344,
        "Volume": 1524200.0
    },
    "CAT": {
        "Open": 23.09375,
        "High": 24.09375,
        "Low": 22.8125,
        "Close": 23.1875,
        "Adj Close": 11.96422290802002,
        "Volume": 4851400.0
    },
    "CL": {
        "Open": 27.34375,
        "High": 28.375,
        "Low": 27.25,
        "Close": 27.875,
        "Adj Close": 15.826199531555176,
        "Volume": 3782600.0
    },
    "CMCSA": {
        "Open": 13.04279899597168,
        "High": 13.550453186035156,
        "Low": 12.911004066467285,
        "Close": 13.159950256347656,
        "Adj Close": 8.929885864257812,
        "Volume": 841863.0
    },
    "COF": {
        "Open": 45.625,
        "High": 47.5,
        "Low": 45.3125,
        "Close": 46.5625,
        "Adj Close": 33.70772933959961,
        "Volume": 1566700.0
    },
    "COP": {
        "Open": 18.295597076416016,
        "High": 18.295597076416016,
        "Low": 18.176485061645508,
        "Close": 18.224130630493164,
        "Adj Close": 7.982215881347656,
        "Volume": 4409717.0
    },
    "COST": {
        "Open": 46.0625,
        "High": 46.375,
        "Low": 45.6875,
        "Close": 45.84375,
        "Adj Close": 30.5854434967041,
        "Volume": 3812600.0
    },
    "CRM": {
        "Open": null,
        "High": null,
        "Low": null,
        "Close": null,
        "Adj Close": null,
        "Volume": null
    },
    "CSCO": {
        "Open": 46.3125,
        "High": 46.3125,
        "Low": 44.1875,
        "Close": 44.59375,
        "Adj Close": 28.854448318481445,
        "Volume": 43533600.0
    },
    "CVS": {
        "Open": 19.96875,
        "High": 20.15625,
        "Low": 19.84375,
        "Close": 19.84375,
        "Adj Close": 12.547821998596191,
        "Volume": 2792000.0
    },
    "CVX": {
        "Open": 43.625,
        "High": 45.25,
        "Low": 43.59375,
        "Close": 44.28125,
        "Adj Close": 16.812612533569336,
        "Volume": 2524200.0
    },
    "DE": {
        "Open": 20.59375,
        "High": 21.84375,
        "Low": 20.5,
        "Close": 21.46875,
        "Adj Close": 12.903305053710938,
        "Volume": 2454000.0
    },
    "DHR": {
        "Open": 8.380481719970703,
        "High": 8.485501289367676,
        "Low": 8.201951026916504,
        "Close": 8.254460334777832,
        "Adj Close": 4.88383674621582,
        "Volume": 1530086.0
    },
    "DIS": {
        "Open": 28.0535945892334,
        "High": 28.546844482421875,
        "Low": 27.313718795776367,
        "Close": 27.498687744140625,
        "Adj Close": 21.07156753540039,
        "Volume": 8681906.0
    },
    "DUK": {
        "Open": 43.0377197265625,
        "High": 44.726539611816406,
        "Low": 42.98324203491211,
        "Close": 44.181758880615234,
        "Adj Close": 13.478058815002441,
        "Volume": 1384615.0
    },
    "EMR": {
        "Open": 27.9375,
        "High": 28.875,
        "Low": 27.9375,
        "Close": 28.5,
        "Adj Close": 14.001655578613281,
        "Volume": 2592400.0
    },
    "FDX": {
        "Open": 43.125,
        "High": 43.5,
        "Low": 42.0625,
        "Close": 42.1875,
        "Adj Close": 33.77921676635742,
        "Volume": 1506400.0
    },
    "GD": {
        "Open": 26.0,
        "High": 26.28125,
        "Low": 25.75,
        "Close": 25.78125,
        "Adj Close": 14.998112678527832,
        "Volume": 2077600.0
    },
    "GE": {
        "Open": 210.46788024902344,
        "High": 212.4647216796875,
        "Low": 207.47259521484375,
        "Close": 207.87196350097656,
        "Adj Close": 112.15885162353516,
        "Volume": 3211936.0
    },
    "GILD": {
        "Open": 1.5390629768371582,
        "High": 1.550781011581421,
        "Low": 1.4765629768371582,
        "Close": 1.5,
        "Adj Close": 1.042127251625061,
        "Volume": 15708800.0
    },
    "GM": {
        "Open": null,
        "High": null,
        "Low": null,
        "Close": null,
        "Adj Close": null,
        "Volume": null
    },
    "GOOG": {
        "Open": null,
        "High": null,