{
    "AAPL": {
        "Open": 0.34151801466941833,
        "High": 0.342633992433548,
        "Low": 0.3169640004634857,
        "Close": 0.3242189884185791,
        "Adj Close": 0.27200809121131897,
        "Volume": 777201600.0
    },
    "ABBV": {
        "Open": null,
        "High": null,
        "Low": null,
        "Close": null,
        "Adj Close": null,
        "Volume": null
    },
    "ABT": {
        "Open": 20.817777633666992,
        "High": 20.873891830444336,
        "Low": 20.424989700317383,
        "Close": 20.565271377563477,
        "Adj Close": 10.471854209899902,
        "Volume": 4718414.0
    },
    "ACN": {
        "Open": null,
        "High": null,
        "Low": null,
        "Close": null,
        "Adj Close": null,
        "Volume": null
    },
    "ADBE": {
        "Open": 5.78125,
        "High": 5.8125,
        "Low": 5.578125,
        "Close": 5.757812976837158,
        "Adj Close": 5.703951358795166,
        "Volume": 7411200.0
    },
    "AIG": {
        "Open": 1105.3333740234375,
        "High": 1114.0,
        "Low": 1081.3333740234375,
        "Close": 1088.6666259765625,
        "Adj Close": 640.124755859375,
        "Volume": 165028.0
    },
    "AMD": {
        "Open": 8.5,
        "High": 8.625,
        "Low": 8.25,
        "Close": 8.40625,
        "Adj Close": 8.40625,
        "Volume": 20294400.0
    },
    "AMGN": {
        "Open": 31.46875,
        "High": 31.46875,
        "Low": 29.65625,
        "Close": 29.90625,
        "Adj Close": 20.22824478149414,
        "Volume": 12037600.0
    },
    "AMT": {
        "Open": 26.5,
        "High": 27.0,
        "Low": 26.0,
        "Close": 26.25,
        "Adj Close": 19.19342803955078,
        "Volume": 1157600.0
    },
    "AMZN": {
        "Open": 2.924999952316284,
        "High": 3.0718750953674316,
        "Low": 2.8078129291534424,
        "Close": 2.8968749046325684,
        "Adj Close": 2.8968749046325684,
        "Volume": 171320000.0
    },
    "AVGO": {
        "Open": null,
        "High": null,
        "Low": null,
        "Close": null,
        "Adj Close": null,
        "Volume": null
    },
    "AXP": {
        "Open": 29.10372543334961,
        "High": 29.213138580322266,
        "Low": 28.37430763244629,
        "Close": 28.62960433959961,
        "Adj Close": 20.0210018157959,
        "Volume": 5918428.0
    },
    "BA": {
        "Open": 36.875,
        "High": 37.5,
        "Low": 36.875,
        "Close": 37.25,
        "Adj Close": 23.728626251220703,
        "Volume": 2931200.0
    },
    "BAC": {
        "Open": 30.8125,
        "High": 31.09375,
        "Low": 30.15625,
        "Close": 30.375,
        "Adj Close": 15.126953125,
        "Volume": 6986800.0
    },
    "BK": {
        "Open": 34.9798583984375,
        "High": 35.377357482910156,
        "Low": 34.44986343383789,
        "Close": 34.9798583984375,
        "Adj Close": 18.913005828857422,
        "Volume": 1626893.0
    },
    "BKNG": {
        "Open": null,
        "High": null,
        "Low": null,
        "Close": null,
        "Adj Close": null,
        "Volume": null
    },
    "BLK": {
        "Open": null,
        "High": null,
        "Low": null,
        "Close": null,
        "Adj Close": null,
        "Volume": null
    },
    "BMY": {
        "Open": 62.103450775146484,
        "High": 62.103450775146484,
        "Low": 59.72400665283203,
        "Close": 60.25938034057617,
        "Adj Close": 22.540538787841797,
        "Volume": 4592252.0
    },
    "BRK-B": {
        "Open": 47.0,
        "High": 48.599998474121094,
        "Low": 46.79999923706055,
        "Close": 47.52000045776367,
        "Adj Close": 47.52000045776367,
        "Volume": 990000.0
    },
    "C": {
        "Open": 265.0,
        "High": 266.5625,
        "Low": 260.9375,
        "Close": 264.375,
        "Adj Close": 136.30532836914062,
        "Volume": 1789880.0
    },
    "CAT": {
        "Open": 22.25,
        "High": 23.375,
        "Low": 22.25,
        "Close": 23.125,
        "Adj Close": 11.738018989562988,
        "Volume": 4897200.0
    },
    "CL": {
        "Open": 21.15625,
        "High": 21.234375,
        "Low": 20.8125,
        "Close": 21.0,
        "Adj Close": 11.820539474487305,
        "Volume": 5143200.0
    },
    "CMCSA": {
        "Open": 9.72352409362793,
        "High": 9.733285903930664,
        "Low": 9.313495635986328,
        "Close": 9.41112232208252,
        "Adj Close": 6.383971214294434,
        "Volume": 3297030.0
    },
    "COF": {
        "Open": 39.08333206176758,
        "High": 39.64583206176758,
        "Low": 38.41666793823242,
        "Close": 38.47916793823242,
        "Adj Close": 27.78913688659668,
        "Volume": 1258200.0
    },
    "COP": {
        "Open": 15.198685646057129,
        "High": 15.4845552444458,
        "Low": 15.127219200134277,
        "Close": 15.293975830078125,
        "Adj Close": 6.504469394683838,
        "Volume": 2332364.0
    },
    "COST": {
        "Open": 38.59375,
        "High": 39.0,
        "Low": 38.25,
        "Close": 38.46875,
        "Adj Close": 25.665090560913086,
        "Volume": 3194200.0
    },
    "CRM": {
        "Open": null,
        "High": null,
        "Low": null,
        "Close": null,
        "Adj Close": null,
        "Volume": null
    },
    "CSCO": {
        "Open": 26.15625,
        "High": 26.28125,
        "Low": 24.921875,
        "Close": 25.3125,
        "Adj Close": 16.378490447998047,
        "Volume": 108850000.0
    },
    "CVS": {
        "Open": 26.34375,
        "High": 26.40625,
        "Low": 26.09375,
        "Close": 26.375,
        "Adj Close": 16.61203956604004,
        "Volume": 1297200.0
    },
    "CVX": {
        "Open": 38.6875,
        "High": 40.0625,
        "Low": 38.625,
        "Close": 39.4375,
        "Adj Close": 14.56790828704834,
        "Volume": 5538800.0
    },
    "DE": {
        "Open": 16.375,
        "High": 17.5,
        "Low": 16.375,
        "Close": 17.5,
        "Adj Close": 10.34022331237793,
        "Volume": 3935400.0
    },
    "DHR": {
        "Open": 8.622024536132812,
        "High": 8.706040382385254,
        "Low": 8.527507781982422,
        "Close": 8.706040382385254,
        "Adj Close": 5.1466827392578125,
        "Volume": 903412.0
    },
    "DIS": {
        "Open": 33.109405517578125,
        "High": 34.21921920776367,
        "Low": 33.109405517578125,
        "Close": 33.78762435913086,
        "Adj Close": 25.61389923095703,
        "Volume": 7460720.0
    },
    "DUK": {
        "Open": 50.119876861572266,
        "High": 51.972129821777344,
        "Low": 50.119876861572266,
        "Close": 51.48182678222656,
        "Adj Close": 15.098875999450684,
        "Volume": 1578156.0
    },
    "EMR": {
        "Open": 27.5,
        "High": 27.65625,
        "Low": 27.125,
        "Close": 27.59375,
        "Adj Close": 13.265141487121582,
        "Volume": 3332600.0
    },
    "FDX": {
        "Open": 41.0625,
        "High": 41.65625,
        "Low": 41.0625,
        "Close": 41.28125,
        "Adj Close": 33.05359649658203,
        "Volume": 1837000.0
    },
    "GD": {
        "Open": 29.78125,
        "High": 30.09375,
        "Low": 29.40625,
        "Close": 29.6875,
        "Adj Close": 17.080623626708984,
        "Volume": 515400.0
    },
    "GE": {
        "Open": 159.2487030029297,
        "High": 159.94760131835938,
        "Low": 154.15673828125,
        "Close": 156.55294799804688,
        "Adj Close": 83.66370391845703,
        "Volume": 4238553.0
    },
    "GILD": {
        "Open": 1.3535159826278687,
        "High": 1.359375,
        "Low": 1.308593988418579,
        "Close": 1.308593988418579,
        "Adj Close": 0.9091473817825317,
        "Volume": 8288000.0
    },
    "GM": {
        "Open": null,
        "High": null,
        "Low": null,
        "Close": null,
        "Adj Close": null,
        "Volume": null
    },
    "GOOG": {
        "Open": null,
        "High": null,