{
    "AAPL": {
        "Open": 0.34598198533058167,
        "High": 0.3549109995365143,
        "Low": 0.3443079888820648,
        "Close": 0.35379499197006226,
        "Adj Close": 0.29682132601737976,
        "Volume": 565196800.0
    },
    "ABBV": {
        "Open": null,
        "High": null,
        "Low": null,
        "Close": null,
        "Adj Close": null,
        "Volume": null
    },
    "ABT": {
        "Open": 20.116371154785156,
        "High": 20.59332847595215,
        "Low": 20.116371154785156,
        "Close": 20.59332847595215,
        "Adj Close": 10.486144065856934,
        "Volume": 3699258.0
    },
    "ACN": {
        "Open": null,
        "High": null,
        "Low": null,
        "Close": null,
        "Adj Close": null,
        "Volume": null
    },
    "ADBE": {
        "Open": 5.59375,
        "High": 5.65625,
        "Low": 5.5625,
        "Close": 5.632812976837158,
        "Adj Close": 5.580119609832764,
        "Volume": 7386400.0
    },
    "AIG": {
        "Open": 1052.6666259765625,
        "High": 1141.3333740234375,
        "Low": 1052.6666259765625,
        "Close": 1136.0,
        "Adj Close": 667.9566040039062,
        "Volume": 445125.0
    },
    "AMD": {
        "Open": 8.34375,
        "High": 8.625,
        "Low": 8.34375,
        "Close": 8.59375,
        "Adj Close": 8.59375,
        "Volume": 5278400.0
    },
    "AMGN": {
        "Open": 29.5,
        "High": 31.203125,
        "Low": 29.5,
        "Close": 31.1875,
        "Adj Close": 21.094879150390625,
        "Volume": 9732000.0
    },
    "AMT": {
        "Open": 25.125,
        "High": 26.25,
        "Low": 24.875,
        "Close": 25.5625,
        "Adj Close": 18.69074249267578,
        "Volume": 788500.0
    },
    "AMZN": {
        "Open": 2.512500047683716,
        "High": 2.754688024520874,
        "Low": 2.487499952316284,
        "Close": 2.746875047683716,
        "Adj Close": 2.746875047683716,
        "Volume": 275860000.0
    },
    "AVGO": {
        "Open": null,
        "High": null,
        "Low": null,
        "Close": null,
        "Adj Close": null,
        "Volume": null
    },
    "AXP": {
        "Open": 28.228424072265625,
        "High": 29.72372817993164,
        "Low": 28.228424072265625,
        "Close": 29.468433380126953,
        "Adj Close": 20.60761260986328,
        "Volume": 5204501.0
    },
    "BA": {
        "Open": 35.625,
        "High": 36.5,
        "Low": 35.25,
        "Close": 35.875,
        "Adj Close": 22.938940048217773,
        "Volume": 1681100.0
    },
    "BAC": {
        "Open": 30.9375,
        "High": 32.46875,
        "Low": 30.875,
        "Close": 32.46875,
        "Adj Close": 16.169660568237305,
        "Volume": 8263200.0
    },
    "BK": {
        "Open": 36.569854736328125,
        "High": 37.89484786987305,
        "Low": 36.23860549926758,
        "Close": 37.62984848022461,
        "Adj Close": 20.345809936523438,
        "Volume": 1668497.0
    },
    "BKNG": {
        "Open": null,
        "High": null,
        "Low": null,
        "Close": null,
        "Adj Close": null,
        "Volume": null
    },
    "BLK": {
        "Open": null,
        "High": null,
        "Low": null,
        "Close": null,
        "Adj Close": null,
        "Volume": null
    },
    "BMY": {
        "Open": 58.1773681640625,
        "High": 59.93220901489258,
        "Low": 58.1773681640625,
        "Close": 59.24811935424805,
        "Adj Close": 22.16226577758789,
        "Volume": 3894190.0
    },
    "BRK-B": {
        "Open": 48.459999084472656,
        "High": 48.459999084472656,
        "Low": 48.0,
        "Close": 48.29999923706055,
        "Adj Close": 48.29999923706055,
        "Volume": 620000.0
    },
    "C": {
        "Open": 260.9375,
        "High": 272.5,
        "Low": 259.0625,
        "Close": 268.125,
        "Adj Close": 138.23873901367188,
        "Volume": 2034240.0
    },
    "CAT": {
        "Open": 22.9375,
        "High": 22.9375,
        "Low": 22.5,
        "Close": 22.78125,
        "Adj Close": 11.563528060913086,
        "Volume": 2385200.0
    },
    "CL": {
        "Open": 21.21875,
        "High": 21.8125,
        "Low": 21.203125,
        "Close": 21.8125,
        "Adj Close": 12.277880668640137,
        "Volume": 3657200.0
    },
    "CMCSA": {
        "Open": 9.372071266174316,
        "High": 10.182365417480469,
        "Low": 9.088956832885742,
        "Close": 10.11402702331543,
        "Adj Close": 6.860782146453857,
        "Volume": 4228521.0
    },
    "COF": {
        "Open": 37.83333206176758,
        "High": 40.1875,
        "Low": 37.75,
        "Close": 39.8125,
        "Adj Close": 28.77198600769043,
        "Volume": 2402100.0
    },
    "COP": {
        "Open": 15.246331214904785,
        "High": 15.246331214904785,
        "Low": 14.888995170593262,
        "Close": 14.984285354614258,
        "Adj Close": 6.4281792640686035,
        "Volume": 2366209.0
    },
    "COST": {
        "Open": 38.625,
        "High": 40.5625,
        "Low": 38.0,
        "Close": 40.5625,
        "Adj Close": 27.061969757080078,
        "Volume": 3819400.0
    },
    "CRM": {
        "Open": null,
        "High": null,
        "Low": null,
        "Close": null,
        "Adj Close": null,
        "Volume": null
    },
    "CSCO": {
        "Open": 24.984375,
        "High": 26.265625,
        "Low": 24.8125,
        "Close": 26.21875,
        "Adj Close": 16.964876174926758,
        "Volume": 70136400.0
    },
    "CVS": {
        "Open": 26.03125,
        "High": 26.875,
        "Low": 25.96875,
        "Close": 26.5625,
        "Adj Close": 16.730131149291992,
        "Volume": 1694600.0
    },
    "CVX": {
        "Open": 39.125,
        "High": 39.6875,
        "Low": 38.8125,
        "Close": 39.65625,
        "Adj Close": 14.648713111877441,
        "Volume": 3562200.0
    },
    "DE": {
        "Open": 17.25,
        "High": 17.3125,
        "Low": 16.46875,
        "Close": 16.71875,
        "Adj Close": 9.878605842590332,
        "Volume": 2535800.0
    },
    "DHR": {
        "Open": 8.422490119934082,
        "High": 8.559014320373535,
        "Low": 8.422490119934082,
        "Close": 8.47499942779541,
        "Adj Close": 5.01010274887085,
        "Volume": 1954416.0
    },
    "DIS": {
        "Open": 33.602657318115234,
        "High": 35.020748138427734,
        "Low": 33.35602951049805,
        "Close": 34.712467193603516,
        "Adj Close": 26.315013885498047,
        "Volume": 6629498.0
    },
    "DUK": {
        "Open": 52.353477478027344,
        "High": 52.353477478027344,
        "Low": 51.590782165527344,
        "Close": 51.86317443847656,
        "Adj Close": 15.351592063903809,
        "Volume": 1573453.0
    },
    "EMR": {
        "Open": 27.9375,
        "High": 28.3125,
        "Low": 27.75,
        "Close": 28.21875,
        "Adj Close": 13.565604209899902,
        "Volume": 1390600.0
    },
    "FDX": {
        "Open": 40.4375,
        "High": 43.5,
        "Low": 40.375,
        "Close": 43.1875,
        "Adj Close": 34.57990264892578,
        "Volume": 2813200.0
    },
    "GD": {
        "Open": 29.15625,
        "High": 29.5,
        "Low": 28.75,
        "Close": 28.875,
        "Adj Close": 16.61315155029297,
        "Volume": 345600.0
    },
    "GE": {
        "Open": 156.45310974121094,
        "High": 159.94760131835938,
        "Low": 155.45468139648438,
        "Close": 159.74790954589844,
        "Adj Close": 85.3711166381836,
        "Volume": 2441534.0
    },
    "GILD": {
        "Open": 1.28125,
        "High": 1.3125,
        "Low": 1.2558590173721313,
        "Close": 1.308593988418579,
        "Adj Close": 0.9091473817825317,
        "Volume": 3625600.0
    },
    "GM": {
        "Open": null,
        "High": null,
        "Low": null,
        "Close": null,
        "Adj Close": null,
        "Volume": null
    },
    "GOOG": {
        "Open": null,
        "High": null,
        "Low": null,