{
    "AAPL": {
        "Open": 0.15178599953651428,
        "High": 0.15625,
        "Low": 0.15178599953651428,
        "Close": 0.1523440033197403,
        "Adj Close": 0.12781110405921936,
        "Volume": 188372800.0
    },
    "ABBV": {
        "Open": null,
        "High": null,
        "Low": null,
        "Close": null,
        "Adj Close": null,
        "Volume": null
    },
    "ABT": {
        "Open": 14.084264755249023,
        "High": 14.112320899963379,
        "Low": 13.859814643859863,
        "Close": 14.084264755249023,
        "Adj Close": 6.98597526550293,
        "Volume": 3718861.0
    },
    "ACN": {
        "Open": null,
        "High": null,
        "Low": null,
        "Close": null,
        "Adj Close": null,
        "Volume": null
    },
    "ADBE": {
        "Open": 5.53125,
        "High": 5.59375,
        "Low": 5.25,
        "Close": 5.40625,
        "Adj Close": 5.314497470855713,
        "Volume": 22896000.0
    },
    "AIG": {
        "Open": 614.5184936523438,
        "High": 615.7036743164062,
        "Low": 604.4444580078125,
        "Close": 611.5555419921875,
        "Adj Close": 357.8497009277344,
        "Volume": 391247.0
    },
    "AMD": {
        "Open": 22.5,
        "High": 22.875,
        "Low": 22.125,
        "Close": 22.5,
        "Adj Close": 22.5,
        "Volume": 5757200.0
    },
    "AMGN": {
        "Open": 15.28125,
        "High": 15.46875,
        "Low": 14.96875,
        "Close": 15.09375,
        "Adj Close": 10.209242820739746,
        "Volume": 6696800.0
    },
    "AMT": {
        "Open": null,
        "High": null,
        "Low": null,
        "Close": null,
        "Adj Close": null,
        "Volume": null
    },
    "AMZN": {
        "Open": null,
        "High": null,
        "Low": null,
        "Close": null,
        "Adj Close": null,
        "Volume": null
    },
    "AVGO": {
        "Open": null,
        "High": null,
        "Low": null,
        "Close": null,
        "Adj Close": null,
        "Volume": null
    },
    "AXP": {
        "Open": 19.840133666992188,
        "High": 20.277782440185547,
        "Low": 19.621307373046875,
        "Close": 19.98601722717285,
        "Adj Close": 13.727431297302246,
        "Volume": 3873643.0
    },
    "BA": {
        "Open": 48.6875,
        "High": 49.3125,
        "Low": 48.5625,
        "Close": 48.9375,
        "Adj Close": 30.52589225769043,
        "Volume": 4454600.0
    },
    "BAC": {
        "Open": 30.0,
        "High": 30.5,
        "Low": 29.8125,
        "Close": 30.125,
        "Adj Close": 14.392457008361816,
        "Volume": 3666600.0
    },
    "BK": {
        "Open": 21.531164169311523,
        "High": 21.86241340637207,
        "Low": 21.199914932250977,
        "Close": 21.79616355895996,
        "Adj Close": 11.41683578491211,
        "Volume": 1498497.0
    },
    "BKNG": {
        "Open": null,
        "High": null,
        "Low": null,
        "Close": null,
        "Adj Close": null,
        "Volume": null
    },
    "BLK": {
        "Open": null,
        "High": null,
        "Low": null,
        "Close": null,
        "Adj Close": null,
        "Volume": null
    },
    "BMY": {
        "Open": 32.18196105957031,
        "High": 32.18196105957031,
        "Low": 31.46812629699707,
        "Close": 31.76555633544922,
        "Adj Close": 11.55873966217041,
        "Volume": 3039578.0
    },
    "BRK-B": {
        "Open": 26.399999618530273,
        "High": 26.440000534057617,
        "Low": 26.15999984741211,
        "Close": 26.31999969482422,
        "Adj Close": 26.31999969482422,
        "Volume": 125000.0
    },
    "C": {
        "Open": 189.1666717529297,
        "High": 190.0,
        "Low": 180.4166717529297,
        "Close": 183.3333282470703,
        "Adj Close": 92.84199523925781,
        "Volume": 681270.0
    },
    "CAT": {
        "Open": 23.6875,
        "High": 24.21875,
        "Low": 23.6875,
        "Close": 24.15625,
        "Adj Close": 11.816845893859863,
        "Volume": 2463600.0
    },
    "CL": {
        "Open": 14.03125,
        "High": 14.109375,
        "Low": 13.875,
        "Close": 13.984375,
        "Adj Close": 7.683901309967041,
        "Volume": 3467200.0
    },
    "CMCSA": {
        "Open": 2.577320098876953,
        "High": 2.5968449115753174,
        "Low": 2.53826904296875,
        "Close": 2.5577940940856934,
        "Adj Close": 1.72591233253479,
        "Volume": 1064012.0
    },
    "COF": {
        "Open": 12.333333015441895,
        "High": 12.666666984558105,
        "Low": 12.333333015441895,
        "Close": 12.666666984558105,
        "Adj Close": 9.079593658447266,
        "Volume": 322200.0
    },
    "COP": {
        "Open": 15.67513370513916,
        "High": 15.818069458007812,
        "Low": 15.4845552444458,
        "Close": 15.67513370513916,
        "Adj Close": 6.373754978179932,
        "Volume": 1345373.0
    },
    "COST": {
        "Open": 15.9375,
        "High": 16.25,
        "Low": 15.75,
        "Close": 16.0,
        "Adj Close": 10.67467212677002,
        "Volume": 5106000.0
    },
    "CRM": {
        "Open": null,
        "High": null,
        "Low": null,
        "Close": null,
        "Adj Close": null,
        "Volume": null
    },
    "CSCO": {
        "Open": 6.888888835906982,
        "High": 6.9166669845581055,
        "Low": 6.638888835906982,
        "Close": 6.847221851348877,
        "Adj Close": 4.4305033683776855,
        "Volume": 121214700.0
    },
    "CVS": {
        "Open": 11.9375,
        "High": 12.0,
        "Low": 11.65625,
        "Close": 11.8125,
        "Adj Close": 7.370218753814697,
        "Volume": 2560000.0
    },
    "CVX": {
        "Open": 35.4375,
        "High": 35.6875,
        "Low": 35.0,
        "Close": 35.6875,
        "Adj Close": 12.502679824829102,
        "Volume": 1842600.0
    },
    "DE": {
        "Open": 23.875,
        "High": 24.4375,
        "Low": 23.625,
        "Close": 24.25,
        "Adj Close": 13.861729621887207,
        "Volume": 1133600.0
    },
    "DHR": {
        "Open": 3.896188974380493,
        "High": 3.938196897506714,
        "Low": 3.896188974380493,
        "Close": 3.9171929359436035,
        "Adj Close": 2.309573173522949,
        "Volume": 347558.0
    },
    "DIS": {
        "Open": 26.717708587646484,
        "High": 27.046541213989258,
        "Low": 26.635499954223633,
        "Close": 27.046541213989258,
        "Adj Close": 20.310718536376953,
        "Volume": 3524278.0
    },
    "DUK": {
        "Open": 39.66007614135742,
        "High": 39.877986907958984,
        "Low": 39.22425079345703,
        "Close": 39.7690315246582,
        "Adj Close": 10.85354232788086,
        "Volume": 824872.0
    },
    "EMR": {
        "Open": 26.0625,
        "High": 26.4375,
        "Low": 25.8125,
        "Close": 26.3125,
        "Adj Close": 12.219488143920898,
        "Volume": 1088200.0
    },
    "FDX": {
        "Open": 27.375,
        "High": 27.5,
        "Low": 26.9375,
        "Close": 27.125,
        "Adj Close": 21.718788146972656,
        "Volume": 273600.0
    },
    "GD": {
        "Open": 18.0,
        "High": 18.21875,
        "Low": 17.90625,
        "Close": 18.0,
        "Adj Close": 10.025944709777832,
        "Volume": 596400.0
    },
    "GE": {
        "Open": 93.05316162109375,
        "High": 93.15299987792969,
        "Low": 91.85504913330078,
        "Close": 93.05316162109375,
        "Adj Close": 48.43458557128906,
        "Volume": 4242559.0
    },
    "GILD": {
        "Open": 0.7851560115814209,
        "High": 0.796875,
        "Low": 0.7460939884185791,
        "Close": 0.7460939884185791,
        "Adj Close": 0.5183497667312622,
        "Volume": 4835200.0
    },
    "GM": {
        "Open": null,
        "High": null,
        "Low": null,
        "Close": null,
        "Adj Close": null,
        "Volume": null
    },
    "GOOG": {
        "Open": null,
        "High": null,
        "Low": null,
        "Close": null,