{
    "AAPL": {
        "Open": 0.15848200023174286,
        "High": 0.16071400046348572,
        "Low": 0.15625,
        "Close": 0.15848200023174286,
        "Adj Close": 0.13296076655387878,
        "Volume": 99008000.0
    },
    "ABBV": {
        "Open": null,
        "High": null,
        "Low": null,
        "Close": null,
        "Adj Close": null,
        "Volume": null
    },
    "ABT": {
        "Open": 14.561222076416016,
        "High": 15.066235542297363,
        "Low": 14.505109786987305,
        "Close": 15.066235542297363,
        "Adj Close": 7.47304105758667,
        "Volume": 8827338.0
    },
    "ACN": {
        "Open": null,
        "High": null,
        "Low": null,
        "Close": null,
        "Adj Close": null,
        "Volume": null
    },
    "ADBE": {
        "Open": 5.375,
        "High": 5.546875,
        "Low": 5.34375,
        "Close": 5.539062976837158,
        "Adj Close": 5.445054531097412,
        "Volume": 8871200.0
    },
    "AIG": {
        "Open": 632.2963256835938,
        "High": 634.0740966796875,
        "Low": 627.5555419921875,
        "Close": 628.1481323242188,
        "Adj Close": 367.5585632324219,
        "Volume": 105806.0
    },
    "AMD": {
        "Open": 21.6875,
        "High": 22.125,
        "Low": 21.5625,
        "Close": 22.0,
        "Adj Close": 22.0,
        "Volume": 2867400.0
    },
    "AMGN": {
        "Open": 15.90625,
        "High": 16.28125,
        "Low": 15.90625,
        "Close": 16.1875,
        "Adj Close": 10.949044227600098,
        "Volume": 10807200.0
    },
    "AMT": {
        "Open": null,
        "High": null,
        "Low": null,
        "Close": null,
        "Adj Close": null,
        "Volume": null
    },
    "AMZN": {
        "Open": 0.12187500298023224,
        "High": 0.125,
        "Low": 0.09635400027036667,
        "Close": 0.09791699796915054,
        "Adj Close": 0.09791699796915054,
        "Volume": 1443120000.0
    },
    "AVGO": {
        "Open": null,
        "High": null,
        "Low": null,
        "Close": null,
        "Adj Close": null,
        "Volume": null
    },
    "AXP": {
        "Open": 19.876604080200195,
        "High": 20.058958053588867,
        "Low": 19.840133666992188,
        "Close": 20.02248764038086,
        "Adj Close": 13.752483367919922,
        "Volume": 2368331.0
    },
    "BA": {
        "Open": 49.8125,
        "High": 50.1875,
        "Low": 49.6875,
        "Close": 49.9375,
        "Adj Close": 31.236783981323242,
        "Volume": 3084400.0
    },
    "BAC": {
        "Open": 30.6875,
        "High": 30.875,
        "Low": 30.4375,
        "Close": 30.75,
        "Adj Close": 14.691046714782715,
        "Volume": 2676400.0
    },
    "BK": {
        "Open": 22.392410278320312,
        "High": 22.458660125732422,
        "Low": 22.193660736083984,
        "Close": 22.458660125732422,
        "Adj Close": 11.763853073120117,
        "Volume": 1178873.0
    },
    "BKNG": {
        "Open": null,
        "High": null,
        "Low": null,
        "Close": null,
        "Adj Close": null,
        "Volume": null
    },
    "BLK": {
        "Open": null,
        "High": null,
        "Low": null,
        "Close": null,
        "Adj Close": null,
        "Volume": null
    },
    "BMY": {
        "Open": 33.9665412902832,
        "High": 34.263973236083984,
        "Low": 33.90705490112305,
        "Close": 34.263973236083984,
        "Adj Close": 12.46785831451416,
        "Volume": 2683822.0
    },
    "BRK-B": {
        "Open": 26.739999771118164,
        "High": 26.739999771118164,
        "Low": 26.479999542236328,
        "Close": 26.6200008392334,
        "Adj Close": 26.6200008392334,
        "Volume": 130000.0
    },
    "C": {
        "Open": 188.75,
        "High": 189.5833282470703,
        "Low": 186.25,
        "Close": 186.6666717529297,
        "Adj Close": 94.53007507324219,
        "Volume": 287490.0
    },
    "CAT": {
        "Open": 23.96875,
        "High": 24.625,
        "Low": 23.90625,
        "Close": 24.59375,
        "Adj Close": 12.030869483947754,
        "Volume": 2544000.0
    },
    "CL": {
        "Open": 14.390625,
        "High": 14.609375,
        "Low": 14.375,
        "Close": 14.46875,
        "Adj Close": 7.95004940032959,
        "Volume": 5972800.0
    },
    "CMCSA": {
        "Open": 2.577320098876953,
        "High": 2.5968449115753174,
        "Low": 2.4992189407348633,
        "Close": 2.5577940940856934,
        "Adj Close": 1.72591233253479,
        "Volume": 2450686.0
    },
    "COF": {
        "Open": 11.75,
        "High": 12.458333015441895,
        "Low": 11.625,
        "Close": 12.125,
        "Adj Close": 8.691324234008789,
        "Volume": 8831700.0
    },
    "COP": {
        "Open": 16.008647918701172,
        "High": 16.19922637939453,
        "Low": 16.008647918701172,
        "Close": 16.056293487548828,
        "Adj Close": 6.528740882873535,
        "Volume": 1089574.0
    },
    "COST": {
        "Open": 15.375,
        "High": 15.9375,
        "Low": 15.1875,
        "Close": 15.875,
        "Adj Close": 10.591276168823242,
        "Volume": 1981000.0
    },
    "CRM": {
        "Open": null,
        "High": null,
        "Low": null,
        "Close": null,
        "Adj Close": null,
        "Volume": null
    },
    "CSCO": {
        "Open": 6.847221851348877,
        "High": 6.986111164093018,
        "Low": 6.777778148651123,
        "Close": 6.972221851348877,
        "Adj Close": 4.511386394500732,
        "Volume": 84802500.0
    },
    "CVS": {
        "Open": 11.75,
        "High": 11.75,
        "Low": 11.59375,
        "Close": 11.625,
        "Adj Close": 7.25322961807251,
        "Volume": 2505200.0
    },
    "CVX": {
        "Open": 35.9375,
        "High": 35.9375,
        "Low": 35.1875,
        "Close": 35.4375,
        "Adj Close": 12.415093421936035,
        "Volume": 2540600.0
    },
    "DE": {
        "Open": 25.1875,
        "High": 26.625,
        "Low": 25.1875,
        "Close": 26.375,
        "Adj Close": 15.076409339904785,
        "Volume": 3207400.0
    },
    "DHR": {
        "Open": 4.0012078285217285,
        "High": 4.043214797973633,
        "Low": 4.0012078285217285,
        "Close": 4.043214797973633,
        "Adj Close": 2.383876323699951,
        "Volume": 399929.0
    },
    "DIS": {
        "Open": 27.416479110717773,
        "High": 27.416479110717773,
        "Low": 27.16985321044922,
        "Close": 27.252063751220703,
        "Adj Close": 20.465051651000977,
        "Volume": 2606488.0
    },
    "DUK": {
        "Open": 39.22425079345703,
        "High": 39.33320617675781,
        "Low": 39.0063362121582,
        "Close": 39.33320617675781,
        "Adj Close": 10.86112117767334,
        "Volume": 1306832.0
    },
    "EMR": {
        "Open": 26.5,
        "High": 26.6875,
        "Low": 25.875,
        "Close": 26.3125,
        "Adj Close": 12.281614303588867,
        "Volume": 1455200.0
    },
    "FDX": {
        "Open": 27.0625,
        "High": 27.1875,
        "Low": 26.5,
        "Close": 26.75,
        "Adj Close": 21.41851806640625,
        "Volume": 393800.0
    },
    "GD": {
        "Open": 18.25,
        "High": 18.34375,
        "Low": 18.125,
        "Close": 18.3125,
        "Adj Close": 10.200004577636719,
        "Volume": 158000.0
    },
    "GE": {
        "Open": 97.24654388427734,
        "High": 99.04370880126953,
        "Low": 97.04685974121094,
        "Close": 99.04370880126953,
        "Adj Close": 51.55268478393555,
        "Volume": 2870961.0
    },
    "GILD": {
        "Open": 0.765625,
        "High": 0.7734379768371582,
        "Low": 0.7421879768371582,
        "Close": 0.7539060115814209,
        "Adj Close": 0.523777186870575,
        "Volume": 6912000.0
    },
    "GM": {
        "Open": null,
        "High": null,
        "Low": null,
        "Close": null,
        "Adj Close": null,
        "Volume": null
    },
    "GOOG": {
        "Open": null,