{
    "AAPL": {
        "Open": 0.14955399930477142,
        "High": 0.15067000687122345,
        "Low": 0.14732100069522858,
        "Close": 0.1484380066394806,
        "Adj Close": 0.12453411519527435,
        "Volume": 76764800.0
    },
    "ABBV": {
        "Open": null,
        "High": null,
        "Low": null,
        "Close": null,
        "Adj Close": null,
        "Volume": null
    },
    "ABT": {
        "Open": 14.252602577209473,
        "High": 14.3087158203125,
        "Low": 14.14037799835205,
        "Close": 14.224547386169434,
        "Adj Close": 7.055552005767822,
        "Volume": 4630866.0
    },
    "ACN": {
        "Open": null,
        "High": null,
        "Low": null,
        "Close": null,
        "Adj Close": null,
        "Volume": null
    },
    "ADBE": {
        "Open": 5.765625,
        "High": 5.8125,
        "Low": 5.65625,
        "Close": 5.78125,
        "Adj Close": 5.683131217956543,
        "Volume": 7712000.0
    },
    "AIG": {
        "Open": 622.8148193359375,
        "High": 623.4074096679688,
        "Low": 616.2963256835938,
        "Close": 618.0740966796875,
        "Adj Close": 361.6638488769531,
        "Volume": 196657.0
    },
    "AMD": {
        "Open": 20.5,
        "High": 20.8125,
        "Low": 20.3125,
        "Close": 20.5,
        "Adj Close": 20.5,
        "Volume": 2121000.0
    },
    "AMGN": {
        "Open": 16.75,
        "High": 16.75,
        "Low": 16.5,
        "Close": 16.65625,
        "Adj Close": 11.266098976135254,
        "Volume": 13280400.0
    },
    "AMT": {
        "Open": null,
        "High": null,
        "Low": null,
        "Close": null,
        "Adj Close": null,
        "Volume": null
    },
    "AMZN": {
        "Open": 0.07187499850988388,
        "High": 0.07239600270986557,
        "Low": 0.06562499701976776,
        "Close": 0.0697920024394989,
        "Adj Close": 0.0697920024394989,
        "Volume": 235536000.0
    },
    "AVGO": {
        "Open": null,
        "High": null,
        "Low": null,
        "Close": null,
        "Adj Close": null,
        "Volume": null
    },
    "AXP": {
        "Open": 20.387195587158203,
        "High": 20.387195587158203,
        "Low": 20.02248764038086,
        "Close": 20.095428466796875,
        "Adj Close": 13.802587509155273,
        "Volume": 4594425.0
    },
    "BA": {
        "Open": 51.25,
        "High": 51.5,
        "Low": 49.8125,
        "Close": 50.1875,
        "Adj Close": 31.393177032470703,
        "Volume": 5146200.0
    },
    "BAC": {
        "Open": 29.375,
        "High": 29.625,
        "Low": 29.0,
        "Close": 29.25,
        "Adj Close": 13.97441577911377,
        "Volume": 2721800.0
    },
    "BK": {
        "Open": 21.86241340637207,
        "High": 22.127410888671875,
        "Low": 21.597414016723633,
        "Close": 21.928661346435547,
        "Adj Close": 11.486237525939941,
        "Volume": 1729818.0
    },
    "BKNG": {
        "Open": null,
        "High": null,
        "Low": null,
        "Close": null,
        "Adj Close": null,
        "Volume": null
    },
    "BLK": {
        "Open": null,
        "High": null,
        "Low": null,
        "Close": null,
        "Adj Close": null,
        "Volume": null
    },
    "BMY": {
        "Open": 34.20448684692383,
        "High": 34.32345962524414,
        "Low": 33.9665412902832,
        "Close": 34.085514068603516,
        "Adj Close": 12.402917861938477,
        "Volume": 3793536.0
    },
    "BRK-B": {
        "Open": 28.1200008392334,
        "High": 28.280000686645508,
        "Low": 28.100000381469727,
        "Close": 28.260000228881836,
        "Adj Close": 28.260000228881836,
        "Volume": 335000.0
    },
    "C": {
        "Open": 185.4166717529297,
        "High": 186.25,
        "Low": 184.1666717529297,
        "Close": 185.0,
        "Adj Close": 93.6860580444336,
        "Volume": 415170.0
    },
    "CAT": {
        "Open": 24.3125,
        "High": 24.625,
        "Low": 24.3125,
        "Close": 24.375,
        "Adj Close": 11.92385482788086,
        "Volume": 2825600.0
    },
    "CL": {
        "Open": 14.625,
        "High": 14.75,
        "Low": 14.5625,
        "Close": 14.625,
        "Adj Close": 8.035898208618164,
        "Volume": 4235600.0
    },
    "CMCSA": {
        "Open": 2.5187439918518066,
        "High": 2.53826904296875,
        "Low": 2.4992189407348633,
        "Close": 2.4992189407348633,
        "Adj Close": 1.6863867044448853,
        "Volume": 566577.0
    },
    "COF": {
        "Open": 10.958333015441895,
        "High": 10.958333015441895,
        "Low": 10.416666984558105,
        "Close": 10.458333015441895,
        "Adj Close": 7.496643543243408,
        "Volume": 4376700.0
    },
    "COP": {
        "Open": 15.961003303527832,
        "High": 16.008647918701172,
        "Low": 15.865713119506836,
        "Close": 15.913357734680176,
        "Adj Close": 6.4706196784973145,
        "Volume": 1333042.0
    },
    "COST": {
        "Open": 16.5,
        "High": 16.5,
        "Low": 16.0625,
        "Close": 16.15625,
        "Adj Close": 10.77891731262207,
        "Volume": 3855600.0
    },
    "CRM": {
        "Open": null,
        "High": null,
        "Low": null,
        "Close": null,
        "Adj Close": null,
        "Volume": null
    },
    "CSCO": {
        "Open": 7.305555820465088,
        "High": 7.402778148651123,
        "Low": 7.1666669845581055,
        "Close": 7.277778148651123,
        "Adj Close": 4.7090959548950195,
        "Volume": 67027500.0
    },
    "CVS": {
        "Open": 11.28125,
        "High": 11.4375,
        "Low": 11.25,
        "Close": 11.40625,
        "Adj Close": 7.116744518280029,
        "Volume": 2584800.0
    },
    "CVX": {
        "Open": 35.1875,
        "High": 35.3125,
        "Low": 34.625,
        "Close": 34.75,
        "Adj Close": 12.274686813354492,
        "Volume": 1665600.0
    },
    "DE": {
        "Open": 25.8125,
        "High": 26.0625,
        "Low": 25.3125,
        "Close": 26.0,
        "Adj Close": 14.862056732177734,
        "Volume": 954000.0
    },
    "DHR": {
        "Open": 3.9802041053771973,
        "High": 4.064218997955322,
        "Low": 3.9697020053863525,
        "Close": 4.032712936401367,
        "Adj Close": 2.3776841163635254,
        "Volume": 484438.0
    },
    "DIS": {
        "Open": 27.00543785095215,
        "High": 27.21095848083496,
        "Low": 26.882125854492188,
        "Close": 27.00543785095215,
        "Adj Close": 20.279848098754883,
        "Volume": 2778611.0
    },
    "DUK": {
        "Open": 39.22425079345703,
        "High": 39.22425079345703,
        "Low": 38.78842544555664,
        "Close": 39.0063362121582,
        "Adj Close": 10.770854949951172,
        "Volume": 1106637.0
    },
    "EMR": {
        "Open": 26.4375,
        "High": 26.5625,
        "Low": 26.0,
        "Close": 26.0625,
        "Adj Close": 12.164928436279297,
        "Volume": 651400.0
    },
    "FDX": {
        "Open": 25.875,
        "High": 26.1875,
        "Low": 25.875,
        "Close": 26.125,
        "Adj Close": 20.9180850982666,
        "Volume": 578400.0
    },
    "GD": {
        "Open": 18.40625,
        "High": 18.5,
        "Low": 18.0625,
        "Close": 18.125,
        "Adj Close": 10.095571517944336,
        "Volume": 583600.0
    },
    "GE": {
        "Open": 98.84402465820312,
        "High": 99.44307708740234,
        "Low": 96.84717559814453,
        "Close": 97.44622802734375,
        "Adj Close": 50.72121047973633,
        "Volume": 3271342.0
    },
    "GILD": {
        "Open": 0.796875,
        "High": 0.8125,
        "Low": 0.7929689884185791,
        "Close": 0.8007810115814209,
        "Adj Close": 0.556343674659729,
        "Volume": 6457600.0
    },
    "GM": {
        "Open": null,
        "High": null,
        "Low": null,
        "Close": null,
        "Adj Close": null,
        "Volume": null
    },
    "GOOG": {
        "Open": null,