{
    "AAPL": {
        "Open": 0.18861599266529083,
        "High": 0.18973200023174286,
        "Low": 0.18526799976825714,
        "Close": 0.1875,
        "Adj Close": 0.1573057919740677,
        "Volume": 143113600.0
    },
    "ABBV": {
        "Open": null,
        "High": null,
        "Low": null,
        "Close": null,
        "Adj Close": null,
        "Volume": null
    },
    "ABT": {
        "Open": 11.475028991699219,
        "High": 11.475028991699219,
        "Low": 11.16640853881836,
        "Close": 11.30669116973877,
        "Adj Close": 5.53026008605957,
        "Volume": 7341042.0
    },
    "ACN": {
        "Open": null,
        "High": null,
        "Low": null,
        "Close": null,
        "Adj Close": null,
        "Volume": null
    },
    "ADBE": {
        "Open": 4.703125,
        "High": 4.828125,
        "Low": 4.65625,
        "Close": 4.828125,
        "Adj Close": 4.734611988067627,
        "Volume": 7555200.0
    },
    "AIG": {
        "Open": 514.370361328125,
        "High": 516.1481323242188,
        "Low": 504.8888854980469,
        "Close": 509.629638671875,
        "Adj Close": 297.9627380371094,
        "Volume": 162570.0
    },
    "AMD": {
        "Open": 12.9375,
        "High": 13.5625,
        "Low": 12.4375,
        "Close": 13.5625,
        "Adj Close": 13.5625,
        "Volume": 3406400.0
    },
    "AMGN": {
        "Open": 13.65625,
        "High": 13.65625,
        "Low": 13.375,
        "Close": 13.65625,
        "Adj Close": 9.236932754516602,
        "Volume": 6791200.0
    },
    "AMT": {
        "Open": null,
        "High": null,
        "Low": null,
        "Close": null,
        "Adj Close": null,
        "Volume": null
    },
    "AMZN": {
        "Open": null,
        "High": null,
        "Low": null,
        "Close": null,
        "Adj Close": null,
        "Volume": null
    },
    "AVGO": {
        "Open": null,
        "High": null,
        "Low": null,
        "Close": null,
        "Adj Close": null,
        "Volume": null
    },
    "AXP": {
        "Open": 16.33893394470215,
        "High": 16.375404357910156,
        "Low": 15.645988464355469,
        "Close": 15.937753677368164,
        "Adj Close": 10.906331062316895,
        "Volume": 5153433.0
    },
    "BA": {
        "Open": 52.9375,
        "High": 52.9375,
        "Low": 51.625,
        "Close": 51.9375,
        "Adj Close": 32.31252670288086,
        "Volume": 2786800.0
    },
    "BAC": {
        "Open": 24.5,
        "High": 24.625,
        "Low": 24.0,
        "Close": 24.34375,
        "Adj Close": 11.568760871887207,
        "Volume": 4902800.0
    },
    "BK": {
        "Open": 18.218677520751953,
        "High": 18.218677520751953,
        "Low": 17.357431411743164,
        "Close": 17.6224308013916,
        "Adj Close": 9.107739448547363,
        "Volume": 1523968.0
    },
    "BKNG": {
        "Open": null,
        "High": null,
        "Low": null,
        "Close": null,
        "Adj Close": null,
        "Volume": null
    },
    "BLK": {
        "Open": null,
        "High": null,
        "Low": null,
        "Close": null,
        "Adj Close": null,
        "Volume": null
    },
    "BMY": {
        "Open": 25.876436233520508,
        "High": 25.935922622680664,
        "Low": 25.341062545776367,
        "Close": 25.489778518676758,
        "Adj Close": 9.218167304992676,
        "Volume": 4890221.0
    },
    "BRK-B": {
        "Open": 22.200000762939453,
        "High": 22.200000762939453,
        "Low": 21.899999618530273,
        "Close": 21.940000534057617,
        "Adj Close": 21.940000534057617,
        "Volume": 385000.0
    },
    "C": {
        "Open": 150.4166717529297,
        "High": 152.5,
        "Low": 145.8333282470703,
        "Close": 148.3333282470703,
        "Adj Close": 74.69429016113281,
        "Volume": 473670.0
    },
    "CAT": {
        "Open": 18.53125,
        "High": 18.53125,
        "Low": 18.125,
        "Close": 18.25,
        "Adj Close": 8.839548110961914,
        "Volume": 4976800.0
    },
    "CL": {
        "Open": 11.53125,
        "High": 11.53125,
        "Low": 11.25,
        "Close": 11.375,
        "Adj Close": 6.188275337219238,
        "Volume": 2240800.0
    },
    "CMCSA": {
        "Open": 2.772571086883545,
        "High": 2.772571086883545,
        "Low": 2.6554200649261475,
        "Close": 2.694469928741455,
        "Adj Close": 1.8158984184265137,
        "Volume": 1960292.0
    },
    "COF": {
        "Open": 12.0,
        "High": 12.0,
        "Low": 11.333333015441895,
        "Close": 11.416666984558105,
        "Adj Close": 8.149280548095703,
        "Volume": 591000.0
    },
    "COP": {
        "Open": 16.913898468017578,
        "High": 16.913898468017578,
        "Low": 16.580385208129883,
        "Close": 16.723318099975586,
        "Adj Close": 6.692448616027832,
        "Volume": 1042349.0
    },
    "COST": {
        "Open": 12.625,
        "High": 12.625,
        "Low": 12.0625,
        "Close": 12.1875,
        "Adj Close": 8.131101608276367,
        "Volume": 2793200.0
    },
    "CRM": {
        "Open": null,
        "High": null,
        "Low": null,
        "Close": null,
        "Adj Close": null,
        "Volume": null
    },
    "CSCO": {
        "Open": 7.069444179534912,
        "High": 7.097221851348877,
        "Low": 6.9166669845581055,
        "Close": 6.986111164093018,
        "Adj Close": 4.520371913909912,
        "Volume": 54883800.0
    },
    "CVS": {
        "Open": 10.3125,
        "High": 10.3125,
        "Low": 9.75,
        "Close": 9.84375,
        "Adj Close": 6.134317398071289,
        "Volume": 1659600.0
    },
    "CVX": {
        "Open": 32.625,
        "High": 33.0625,
        "Low": 31.9375,
        "Close": 32.9375,
        "Adj Close": 11.448114395141602,
        "Volume": 4101200.0
    },
    "DE": {
        "Open": 20.5,
        "High": 20.625,
        "Low": 19.9375,
        "Close": 20.1875,
        "Adj Close": 11.486628532409668,
        "Volume": 2025400.0
    },
    "DHR": {
        "Open": 3.875185966491699,
        "High": 3.875185966491699,
        "Low": 3.8331780433654785,
        "Close": 3.843679904937744,
        "Adj Close": 2.26493501663208,
        "Volume": 898651.0
    },
    "DIS": {
        "Open": 22.936124801635742,
        "High": 22.97722816467285,
        "Low": 21.94962501525879,
        "Close": 22.1551456451416,
        "Adj Close": 16.581249237060547,
        "Volume": 8112924.0
    },
    "DUK": {
        "Open": 40.422767639160156,
        "High": 40.422767639160156,
        "Low": 39.66007614135742,
        "Close": 39.7690315246582,
        "Adj Close": 10.727806091308594,
        "Volume": 428727.0
    },
    "EMR": {
        "Open": 24.1875,
        "High": 24.1875,
        "Low": 23.59375,
        "Close": 23.78125,
        "Adj Close": 10.987316131591797,
        "Volume": 1055600.0
    },
    "FDX": {
        "Open": 22.1875,
        "High": 22.25,
        "Low": 21.6875,
        "Close": 21.8125,
        "Adj Close": 17.465105056762695,
        "Volume": 801600.0
    },
    "GD": {
        "Open": 17.71875,
        "High": 17.75,
        "Low": 17.1875,
        "Close": 17.34375,
        "Adj Close": 9.543912887573242,
        "Volume": 700800.0
    },
    "GE": {
        "Open": 78.87553405761719,
        "High": 79.0752182006836,
        "Low": 76.57915496826172,
        "Close": 77.9769515991211,
        "Adj Close": 40.38319778442383,
        "Volume": 5699855.0
    },
    "GILD": {
        "Open": 0.7734379768371582,
        "High": 0.78125,
        "Low": 0.7578129768371582,
        "Close": 0.765625,
        "Adj Close": 0.531919002532959,
        "Volume": 2828800.0
    },
    "GM": {
        "Open": null,
        "High": null,
        "Low": null,
        "Close": null,
        "Adj Close": null,
        "Volume": null
    },
    "GOOG": {
        "Open": null,
        "High": null,
        "Low": null,
        "Close": null,