{
    "AAPL": {
        "Open": 0.18861599266529083,
        "High": 0.19866099953651428,
        "Low": 0.1875,
        "Close": 0.19419600069522858,
        "Adj Close": 0.16292354464530945,
        "Volume": 119716800.0
    },
    "ABBV": {
        "Open": null,
        "High": null,
        "Low": null,
        "Close": null,
        "Adj Close": null,
        "Volume": null
    },
    "ABT": {
        "Open": 11.390859603881836,
        "High": 11.58725357055664,
        "Low": 11.334747314453125,
        "Close": 11.559198379516602,
        "Adj Close": 5.653767108917236,
        "Volume": 6129638.0
    },
    "ACN": {
        "Open": null,
        "High": null,
        "Low": null,
        "Close": null,
        "Adj Close": null,
        "Volume": null
    },
    "ADBE": {
        "Open": 4.859375,
        "High": 4.96875,
        "Low": 4.78125,
        "Close": 4.890625,
        "Adj Close": 4.795902252197266,
        "Volume": 8307200.0
    },
    "AIG": {
        "Open": 513.1851806640625,
        "High": 516.74072265625,
        "Low": 512.0,
        "Close": 514.370361328125,
        "Adj Close": 300.7344970703125,
        "Volume": 158245.0
    },
    "AMD": {
        "Open": 13.625,
        "High": 14.125,
        "Low": 13.5625,
        "Close": 14.0,
        "Adj Close": 14.0,
        "Volume": 4087200.0
    },
    "AMGN": {
        "Open": 13.75,
        "High": 14.28125,
        "Low": 13.75,
        "Close": 14.28125,
        "Adj Close": 9.65967845916748,
        "Volume": 8313600.0
    },
    "AMT": {
        "Open": null,
        "High": null,
        "Low": null,
        "Close": null,
        "Adj Close": null,
        "Volume": null
    },
    "AMZN": {
        "Open": null,
        "High": null,
        "Low": null,
        "Close": null,
        "Adj Close": null,
        "Volume": null
    },
    "AVGO": {
        "Open": null,
        "High": null,
        "Low": null,
        "Close": null,
        "Adj Close": null,
        "Volume": null
    },
    "AXP": {
        "Open": 16.010696411132812,
        "High": 16.083637237548828,
        "Low": 15.82834243774414,
        "Close": 15.901283264160156,
        "Adj Close": 10.881378173828125,
        "Volume": 5291214.0
    },
    "BA": {
        "Open": 51.9375,
        "High": 53.4375,
        "Low": 51.9375,
        "Close": 53.1875,
        "Adj Close": 33.09020233154297,
        "Volume": 3941800.0
    },
    "BAC": {
        "Open": 24.5,
        "High": 24.71875,
        "Low": 24.4375,
        "Close": 24.65625,
        "Adj Close": 11.717267036437988,
        "Volume": 2872000.0
    },
    "BK": {
        "Open": 17.821178436279297,
        "High": 18.086177825927734,
        "Low": 17.754928588867188,
        "Close": 18.086177825927734,
        "Adj Close": 9.347410202026367,
        "Volume": 2662275.0
    },
    "BKNG": {
        "Open": null,
        "High": null,
        "Low": null,
        "Close": null,
        "Adj Close": null,
        "Volume": null
    },
    "BLK": {
        "Open": null,
        "High": null,
        "Low": null,
        "Close": null,
        "Adj Close": null,
        "Volume": null
    },
    "BMY": {
        "Open": 25.638492584228516,
        "High": 26.114381790161133,
        "Low": 25.638492584228516,
        "Close": 26.0251522064209,
        "Adj Close": 9.411782264709473,
        "Volume": 3581511.0
    },
    "BRK-B": {
        "Open": 22.0,
        "High": 22.18000030517578,
        "Low": 22.0,
        "Close": 22.1200008392334,
        "Adj Close": 22.1200008392334,
        "Volume": 90000.0
    },
    "C": {
        "Open": 150.0,
        "High": 152.5,
        "Low": 147.5,
        "Close": 150.4166717529297,
        "Adj Close": 75.74335479736328,
        "Volume": 439110.0
    },
    "CAT": {
        "Open": 18.375,
        "High": 18.8125,
        "Low": 18.375,
        "Close": 18.6875,
        "Adj Close": 9.051453590393066,
        "Volume": 3602800.0
    },
    "CL": {
        "Open": 11.46875,
        "High": 11.46875,
        "Low": 11.3125,
        "Close": 11.359375,
        "Adj Close": 6.179774284362793,
        "Volume": 4512800.0
    },
    "CMCSA": {
        "Open": 2.694469928741455,
        "High": 2.733520984649658,
        "Low": 2.674945116043091,
        "Close": 2.733520984649658,
        "Adj Close": 1.8422164916992188,
        "Volume": 1607542.0
    },
    "COF": {
        "Open": 11.458333015441895,
        "High": 11.541666984558105,
        "Low": 11.416666984558105,
        "Close": 11.5,
        "Adj Close": 8.208761215209961,
        "Volume": 651000.0
    },
    "COP": {
        "Open": 16.866254806518555,
        "High": 17.152122497558594,
        "Low": 16.8186092376709,
        "Close": 17.10447883605957,
        "Adj Close": 6.844979286193848,
        "Volume": 848466.0
    },
    "COST": {
        "Open": 12.125,
        "High": 12.125,
        "Low": 11.875,
        "Close": 12.0625,
        "Adj Close": 8.047701835632324,
        "Volume": 6383600.0
    },
    "CRM": {
        "Open": null,
        "High": null,
        "Low": null,
        "Close": null,
        "Adj Close": null,
        "Volume": null
    },
    "CSCO": {
        "Open": 7.055555820465088,
        "High": 7.305555820465088,
        "Low": 7.0416669845581055,
        "Close": 7.2916669845581055,
        "Adj Close": 4.718082427978516,
        "Volume": 45387000.0
    },
    "CVS": {
        "Open": 10.0,
        "High": 10.125,
        "Low": 10.0,
        "Close": 10.09375,
        "Adj Close": 6.290107250213623,
        "Volume": 1691200.0
    },
    "CVX": {
        "Open": 33.0,
        "High": 33.375,
        "Low": 32.8125,
        "Close": 33.0625,
        "Adj Close": 11.491567611694336,
        "Volume": 2482600.0
    },
    "DE": {
        "Open": 20.3125,
        "High": 20.625,
        "Low": 20.0625,
        "Close": 20.375,
        "Adj Close": 11.593316078186035,
        "Volume": 2220000.0
    },
    "DHR": {
        "Open": 3.8331780433654785,
        "High": 3.854182004928589,
        "Low": 3.80167293548584,
        "Close": 3.812174081802368,
        "Adj Close": 2.246370553970337,
        "Volume": 410642.0
    },
    "DIS": {
        "Open": 22.401771545410156,
        "High": 22.81281280517578,
        "Low": 22.401771545410156,
        "Close": 22.77170753479004,
        "Adj Close": 17.042695999145508,
        "Volume": 4648555.0
    },
    "DUK": {
        "Open": 39.877986907958984,
        "High": 39.877986907958984,
        "Low": 39.55112075805664,
        "Close": 39.7690315246582,
        "Adj Close": 10.727806091308594,
        "Volume": 689956.0
    },
    "EMR": {
        "Open": 23.90625,
        "High": 24.46875,
        "Low": 23.75,
        "Close": 24.46875,
        "Adj Close": 11.304957389831543,
        "Volume": 2978000.0
    },
    "FDX": {
        "Open": 21.9375,
        "High": 22.25,
        "Low": 21.8125,
        "Close": 22.25,
        "Adj Close": 17.815406799316406,
        "Volume": 521800.0
    },
    "GD": {
        "Open": 17.375,
        "High": 17.5625,
        "Low": 17.34375,
        "Close": 17.40625,
        "Adj Close": 9.578307151794434,
        "Volume": 326000.0
    },
    "GE": {
        "Open": 78.1766357421875,
        "High": 79.87395477294922,
        "Low": 78.1766357421875,
        "Close": 79.17505645751953,
        "Adj Close": 41.00368118286133,
        "Volume": 3750409.0
    },
    "GILD": {
        "Open": 0.7851560115814209,
        "High": 0.7890629768371582,
        "Low": 0.7695310115814209,
        "Close": 0.7851560115814209,
        "Adj Close": 0.5454882979393005,
        "Volume": 5516800.0
    },
    "GM": {
        "Open": null,
        "High": null,
        "Low": null,
        "Close": null,
        "Adj Close": null,
        "Volume": null
    },
    "GOOG": {
        "Open": null,
        "High": null,
        "Low": null,
        "Close": null,
        "Adj Close": null,
        "Volume": null
    },