{
    "AAPL": {
        "Open": 0.16182999312877655,
        "High": 0.16294600069522858,
        "Low": 0.15625,
        "Close": 0.15625,
        "Adj Close": 0.13108810782432556,
        "Volume": 976931200.0
    },
    "ABBV": {
        "Open": null,
        "High": null,
        "Low": null,
        "Close": null,
        "Adj Close": null,
        "Volume": null
    },
    "ABT": {
        "Open": 11.334747314453125,
        "High": 11.671422958374023,
        "Low": 11.250577926635742,
        "Close": 11.671422958374023,
        "Adj Close": 5.708653450012207,
        "Volume": 5429261.0
    },
    "ACN": {
        "Open": null,
        "High": null,
        "Low": null,
        "Close": null,
        "Adj Close": null,
        "Volume": null
    },
    "ADBE": {
        "Open": 5.0,
        "High": 5.3125,
        "Low": 4.96875,
        "Close": 5.265625,
        "Adj Close": 5.163638114929199,
        "Volume": 15312000.0
    },
    "AIG": {
        "Open": 513.7777709960938,
        "High": 517.9259033203125,
        "Low": 510.22222900390625,
        "Close": 517.9259033203125,
        "Adj Close": 302.81329345703125,
        "Volume": 125318.0
    },
    "AMD": {
        "Open": 14.1875,
        "High": 15.0,
        "Low": 14.0625,
        "Close": 14.9375,
        "Adj Close": 14.9375,
        "Volume": 5278600.0
    },
    "AMGN": {
        "Open": 14.21875,
        "High": 14.34375,
        "Low": 14.125,
        "Close": 14.3125,
        "Adj Close": 9.68081283569336,
        "Volume": 8364400.0
    },
    "AMT": {
        "Open": null,
        "High": null,
        "Low": null,
        "Close": null,
        "Adj Close": null,
        "Volume": null
    },
    "AMZN": {
        "Open": null,
        "High": null,
        "Low": null,
        "Close": null,
        "Adj Close": null,
        "Volume": null
    },
    "AVGO": {
        "Open": null,
        "High": null,
        "Low": null,
        "Close": null,
        "Adj Close": null,
        "Volume": null
    },
    "AXP": {
        "Open": 16.120107650756836,
        "High": 16.813053131103516,
        "Low": 16.010696411132812,
        "Close": 16.813053131103516,
        "Adj Close": 11.505311012268066,
        "Volume": 13570776.0
    },
    "BA": {
        "Open": 53.125,
        "High": 53.125,
        "Low": 52.6875,
        "Close": 53.0625,
        "Adj Close": 33.01243209838867,
        "Volume": 2066800.0
    },
    "BAC": {
        "Open": 24.625,
        "High": 24.71875,
        "Low": 24.40625,
        "Close": 24.71875,
        "Adj Close": 11.74697208404541,
        "Volume": 4605200.0
    },
    "BK": {
        "Open": 17.688678741455078,
        "High": 17.887428283691406,
        "Low": 17.48992919921875,
        "Close": 17.887428283691406,
        "Adj Close": 9.244691848754883,
        "Volume": 766229.0
    },
    "BKNG": {
        "Open": null,
        "High": null,
        "Low": null,
        "Close": null,
        "Adj Close": null,
        "Volume": null
    },
    "BLK": {
        "Open": null,
        "High": null,
        "Low": null,
        "Close": null,
        "Adj Close": null,
        "Volume": null
    },
    "BMY": {
        "Open": 25.935922622680664,
        "High": 26.084638595581055,
        "Low": 25.72772216796875,
        "Close": 25.906179428100586,
        "Adj Close": 9.368758201599121,
        "Volume": 2976327.0
    },
    "BRK-B": {
        "Open": 22.139999389648438,
        "High": 22.18000030517578,
        "Low": 22.0,
        "Close": 22.079999923706055,
        "Adj Close": 22.079999923706055,
        "Volume": 100000.0
    },
    "C": {
        "Open": 150.4166717529297,
        "High": 150.4166717529297,
        "Low": 147.5,
        "Close": 150.0,
        "Adj Close": 75.5335464477539,
        "Volume": 501750.0
    },
    "CAT": {
        "Open": 18.78125,
        "High": 18.84375,
        "Low": 18.5,
        "Close": 18.84375,
        "Adj Close": 9.127130508422852,
        "Volume": 1981600.0
    },
    "CL": {
        "Open": 11.5,
        "High": 11.5,
        "Low": 11.296875,
        "Close": 11.40625,
        "Adj Close": 6.205271244049072,
        "Volume": 3064800.0
    },
    "CMCSA": {
        "Open": 2.674945116043091,
        "High": 2.733520984649658,
        "Low": 2.674945116043091,
        "Close": 2.733520984649658,
        "Adj Close": 1.8422164916992188,
        "Volume": 2584487.0
    },
    "COF": {
        "Open": 11.416666984558105,
        "High": 11.583333015441895,
        "Low": 11.291666984558105,
        "Close": 11.333333015441895,
        "Adj Close": 8.089799880981445,
        "Volume": 476400.0
    },
    "COP": {
        "Open": 16.675674438476562,
        "High": 16.913898468017578,
        "Low": 16.580385208129883,
        "Close": 16.913898468017578,
        "Adj Close": 6.768712997436523,
        "Volume": 2256805.0
    },
    "COST": {
        "Open": 12.375,
        "High": 12.625,
        "Low": 12.25,
        "Close": 12.625,
        "Adj Close": 8.422985076904297,
        "Volume": 5733200.0
    },
    "CRM": {
        "Open": null,
        "High": null,
        "Low": null,
        "Close": null,
        "Adj Close": null,
        "Volume": null
    },
    "CSCO": {
        "Open": 7.486111164093018,
        "High": 7.5833330154418945,
        "Low": 7.402778148651123,
        "Close": 7.5833330154418945,
        "Adj Close": 4.906806945800781,
        "Volume": 49252500.0
    },
    "CVS": {
        "Open": 10.0,
        "High": 10.40625,
        "Low": 9.8125,
        "Close": 10.40625,
        "Adj Close": 6.484846591949463,
        "Volume": 2533200.0
    },
    "CVX": {
        "Open": 33.4375,
        "High": 33.9375,
        "Low": 33.1875,
        "Close": 33.875,
        "Adj Close": 11.773961067199707,
        "Volume": 2685200.0
    },
    "DE": {
        "Open": 20.5,
        "High": 21.25,
        "Low": 20.5,
        "Close": 21.125,
        "Adj Close": 12.020055770874023,
        "Volume": 1833800.0
    },
    "DHR": {
        "Open": 3.7806689739227295,
        "High": 3.843679904937744,
        "Low": 3.7806689739227295,
        "Close": 3.843679904937744,
        "Adj Close": 2.26493501663208,
        "Volume": 859372.0
    },
    "DIS": {
        "Open": 22.68950080871582,
        "High": 22.68950080871582,
        "Low": 22.442874908447266,
        "Close": 22.648395538330078,
        "Adj Close": 16.950401306152344,
        "Volume": 3605170.0
    },
    "DUK": {
        "Open": 39.22425079345703,
        "High": 39.7690315246582,
        "Low": 39.11529541015625,
        "Close": 39.7690315246582,
        "Adj Close": 10.727806091308594,
        "Volume": 463604.0
    },
    "EMR": {
        "Open": 24.5625,
        "High": 25.15625,
        "Low": 24.4375,
        "Close": 25.15625,
        "Adj Close": 11.62258529663086,
        "Volume": 1351600.0
    },
    "FDX": {
        "Open": 21.6875,
        "High": 22.1875,
        "Low": 21.625,
        "Close": 21.75,
        "Adj Close": 17.415063858032227,
        "Volume": 368400.0
    },
    "GD": {
        "Open": 17.46875,
        "High": 17.5,
        "Low": 17.375,
        "Close": 17.5,
        "Adj Close": 9.629901885986328,
        "Volume": 658800.0
    },
    "GE": {
        "Open": 78.67584991455078,
        "High": 80.77253723144531,
        "Low": 78.3763198852539,
        "Close": 80.67269897460938,
        "Adj Close": 41.779293060302734,
        "Volume": 3078100.0
    },
    "GILD": {
        "Open": 0.828125,
        "High": 0.890625,
        "Low": 0.8203129768371582,
        "Close": 0.84375,
        "Adj Close": 0.5861964225769043,
        "Volume": 48118400.0
    },
    "GM": {
        "Open": null,
        "High": null,
        "Low": null,
        "Close": null,
        "Adj Close": null,
        "Volume": null
    },
    "GOOG": {
        "Open": null,
        "High": null,
        "Low": null,
        "Close": null,
        "Adj Close": null,