{
    "AAPL": {
        "Open": 0.15178599953651428,
        "High": 0.15401799976825714,
        "Low": 0.15067000687122345,
        "Close": 0.15401799976825714,
        "Adj Close": 0.1292155385017395,
        "Volume": 284827200.0
    },
    "ABBV": {
        "Open": null,
        "High": null,
        "Low": null,
        "Close": null,
        "Adj Close": null,
        "Volume": null
    },
    "ABT": {
        "Open": 12.148380279541016,
        "High": 12.428942680358887,
        "Low": 12.148380279541016,
        "Close": 12.372831344604492,
        "Adj Close": 6.0793867111206055,
        "Volume": 6800165.0
    },
    "ACN": {
        "Open": null,
        "High": null,
        "Low": null,
        "Close": null,
        "Adj Close": null,
        "Volume": null
    },
    "ADBE": {
        "Open": 4.75,
        "High": 4.796875,
        "Low": 4.625,
        "Close": 4.640625,
        "Adj Close": 4.556529998779297,
        "Volume": 8404000.0
    },
    "AIG": {
        "Open": 542.8148193359375,
        "High": 554.0740966796875,
        "Low": 541.0370483398438,
        "Close": 546.9629516601562,
        "Adj Close": 319.7903137207031,
        "Volume": 162211.0
    },
    "AMD": {
        "Open": 16.875,
        "High": 17.4375,
        "Low": 16.8125,
        "Close": 17.125,
        "Adj Close": 17.125,
        "Volume": 2895600.0
    },
    "AMGN": {
        "Open": 13.5,
        "High": 13.5625,
        "Low": 13.375,
        "Close": 13.5625,
        "Adj Close": 9.173521995544434,
        "Volume": 11151600.0
    },
    "AMT": {
        "Open": null,
        "High": null,
        "Low": null,
        "Close": null,
        "Adj Close": null,
        "Volume": null
    },
    "AMZN": {
        "Open": null,
        "High": null,
        "Low": null,
        "Close": null,
        "Adj Close": null,
        "Volume": null
    },
    "AVGO": {
        "Open": null,
        "High": null,
        "Low": null,
        "Close": null,
        "Adj Close": null,
        "Volume": null
    },
    "AXP": {
        "Open": 17.323646545410156,
        "High": 17.542470932006836,
        "Low": 17.141292572021484,
        "Close": 17.43305778503418,
        "Adj Close": 11.929581642150879,
        "Volume": 5566434.0
    },
    "BA": {
        "Open": 54.25,
        "High": 57.25,
        "Low": 54.25,
        "Close": 56.9375,
        "Adj Close": 35.423221588134766,
        "Volume": 6969400.0
    },
    "BAC": {
        "Open": 26.5,
        "High": 26.8125,
        "Low": 26.40625,
        "Close": 26.6875,
        "Adj Close": 12.682572364807129,
        "Volume": 4275200.0
    },
    "BK": {
        "Open": 18.881174087524414,
        "High": 19.34492301940918,
        "Low": 18.682424545288086,
        "Close": 19.27867317199707,
        "Adj Close": 9.963727951049805,
        "Volume": 2888313.0
    },
    "BKNG": {
        "Open": null,
        "High": null,
        "Low": null,
        "Close": null,
        "Adj Close": null,
        "Volume": null
    },
    "BLK": {
        "Open": null,
        "High": null,
        "Low": null,
        "Close": null,
        "Adj Close": null,
        "Volume": null
    },
    "BMY": {
        "Open": 28.850740432739258,
        "High": 29.177913665771484,
        "Low": 28.850740432739258,
        "Close": 28.93996810913086,
        "Adj Close": 10.465901374816895,
        "Volume": 5007475.0
    },
    "BRK-B": {
        "Open": 23.139999389648438,
        "High": 23.260000228881836,
        "Low": 23.079999923706055,
        "Close": 23.18000030517578,
        "Adj Close": 23.18000030517578,
        "Volume": 160000.0
    },
    "C": {
        "Open": 170.8333282470703,
        "High": 172.9166717529297,
        "Low": 169.5833282470703,
        "Close": 170.8333282470703,
        "Adj Close": 86.02430725097656,
        "Volume": 680340.0
    },
    "CAT": {
        "Open": 19.375,
        "High": 19.375,
        "Low": 19.0,
        "Close": 19.09375,
        "Adj Close": 9.296201705932617,
        "Volume": 8047600.0
    },
    "CL": {
        "Open": 12.09375,
        "High": 12.109375,
        "Low": 11.984375,
        "Close": 11.984375,
        "Adj Close": 6.519789695739746,
        "Volume": 3092800.0
    },
    "CMCSA": {
        "Open": 2.635895013809204,
        "High": 2.674945116043091,
        "Low": 2.5968449115753174,
        "Close": 2.674945116043091,
        "Adj Close": 1.8027408123016357,
        "Volume": 745193.0
    },
    "COF": {
        "Open": 12.75,
        "High": 13.541666984558105,
        "Low": 12.75,
        "Close": 13.0,
        "Adj Close": 9.279472351074219,
        "Volume": 3656400.0
    },
    "COP": {
        "Open": 17.48563575744629,
        "High": 17.86679458618164,
        "Low": 17.199766159057617,
        "Close": 17.819150924682617,
        "Adj Close": 7.130985736846924,
        "Volume": 766873.0
    },
    "COST": {
        "Open": 13.4375,
        "High": 14.0,
        "Low": 13.4375,
        "Close": 13.8125,
        "Adj Close": 9.21524429321289,
        "Volume": 4781200.0
    },
    "CRM": {
        "Open": null,
        "High": null,
        "Low": null,
        "Close": null,
        "Adj Close": null,
        "Volume": null
    },
    "CSCO": {
        "Open": 8.291666984558105,
        "High": 8.416666984558105,
        "Low": 8.222222328186035,
        "Close": 8.319443702697754,
        "Adj Close": 5.383106708526611,
        "Volume": 43734600.0
    },
    "CVS": {
        "Open": 10.6875,
        "High": 10.6875,
        "Low": 10.40625,
        "Close": 10.5,
        "Adj Close": 6.547569274902344,
        "Volume": 3941600.0
    },
    "CVX": {
        "Open": 33.25,
        "High": 34.0,
        "Low": 33.1875,
        "Close": 33.8125,
        "Adj Close": 11.752242088317871,
        "Volume": 2246000.0
    },
    "DE": {
        "Open": 20.9375,
        "High": 21.0625,
        "Low": 20.625,
        "Close": 20.8125,
        "Adj Close": 11.842249870300293,
        "Volume": 2856400.0
    },
    "DHR": {
        "Open": 3.812174081802368,
        "High": 3.8331780433654785,
        "Low": 3.812174081802368,
        "Close": 3.822675943374634,
        "Adj Close": 2.2525577545166016,
        "Volume": 119027.0
    },
    "DIS": {
        "Open": 22.97722816467285,
        "High": 22.97722816467285,
        "Low": 22.77170753479004,
        "Close": 22.936124801635742,
        "Adj Close": 17.19320297241211,
        "Volume": 4986721.0
    },
    "DUK": {
        "Open": 40.749637603759766,
        "High": 41.076507568359375,
        "Low": 40.640682220458984,
        "Close": 40.85859298706055,
        "Adj Close": 11.021722793579102,
        "Volume": 993403.0
    },
    "EMR": {
        "Open": 25.0,
        "High": 25.46875,
        "Low": 24.9375,
        "Close": 25.25,
        "Adj Close": 11.665904998779297,
        "Volume": 1819600.0
    },
    "FDX": {
        "Open": 23.6875,
        "High": 24.25,
        "Low": 23.3125,
        "Close": 24.0625,
        "Adj Close": 19.266664505004883,
        "Volume": 688800.0
    },
    "GD": {
        "Open": 17.75,
        "High": 18.0,
        "Low": 17.71875,
        "Close": 17.9375,
        "Adj Close": 9.870641708374023,
        "Volume": 397200.0
    },
    "GE": {
        "Open": 82.86923217773438,
        "High": 85.06576538085938,
        "Low": 82.7693862915039,
        "Close": 84.26702117919922,
        "Adj Close": 43.640724182128906,
        "Volume": 4694271.0
    },
    "GILD": {
        "Open": 0.9726560115814209,
        "High": 0.9921879768371582,
        "Low": 0.953125,
        "Close": 0.9765629768371582,
        "Adj Close": 0.6784684658050537,
        "Volume": 12134400.0
    },
    "GM": {
        "Open": null,
        "High": null,
        "Low": null,
        "Close": null,
        "Adj Close": null,
        "Volume": null
    },
    "GOOG": {
        "Open": null,
        "High": null,
        "Low": null,
        "Close": null,