{
    "AAPL": {
        "Open": 0.30747801065444946,
        "High": 0.30747801065444946,
        "Low": 0.2924109995365143,
        "Close": 0.29464301466941833,
        "Adj Close": 0.2471950352191925,
        "Volume": 415553600.0
    },
    "ABBV": {
        "Open": null,
        "High": null,
        "Low": null,
        "Close": null,
        "Adj Close": null,
        "Volume": null
    },
    "ABT": {
        "Open": 21.79974937438965,
        "High": 21.940031051635742,
        "Low": 20.621383666992188,
        "Close": 20.76166534423828,
        "Adj Close": 10.571860313415527,
        "Volume": 5679650.0
    },
    "ACN": {
        "Open": null,
        "High": null,
        "Low": null,
        "Close": null,
        "Adj Close": null,
        "Volume": null
    },
    "ADBE": {
        "Open": 6.539062976837158,
        "High": 6.539062976837158,
        "Low": 6.257812976837158,
        "Close": 6.335937976837158,
        "Adj Close": 6.276668071746826,
        "Volume": 6619200.0
    },
    "AIG": {
        "Open": 1301.3333740234375,
        "High": 1301.3333740234375,
        "Low": 1231.3333740234375,
        "Close": 1248.0,
        "Adj Close": 734.172607421875,
        "Volume": 378234.0
    },
    "AMD": {
        "Open": 8.0,
        "High": 8.03125,
        "Low": 7.78125,
        "Close": 7.84375,
        "Adj Close": 7.84375,
        "Volume": 2894800.0
    },
    "AMGN": {
        "Open": 39.21875,
        "High": 39.375,
        "Low": 37.4375,
        "Close": 37.90625,
        "Adj Close": 25.639368057250977,
        "Volume": 8017600.0
    },
    "AMT": {
        "Open": 21.9375,
        "High": 21.9375,
        "Low": 21.0,
        "Close": 21.4375,
        "Adj Close": 15.67463207244873,
        "Volume": 185000.0
    },
    "AMZN": {
        "Open": 3.215625047683716,
        "High": 3.246875047683716,
        "Low": 2.950000047683716,
        "Close": 2.984375,
        "Adj Close": 2.984375,
        "Volume": 224336000.0
    },
    "AVGO": {
        "Open": null,
        "High": null,
        "Low": null,
        "Close": null,
        "Adj Close": null,
        "Volume": null
    },
    "AXP": {
        "Open": 35.59553146362305,
        "High": 35.723182678222656,
        "Low": 34.72023391723633,
        "Close": 35.39494323730469,
        "Adj Close": 24.75208854675293,
        "Volume": 5881755.0
    },
    "BA": {
        "Open": 34.75,
        "High": 34.75,
        "Low": 34.0625,
        "Close": 34.125,
        "Adj Close": 21.819984436035156,
        "Volume": 3522300.0
    },
    "BAC": {
        "Open": 36.0625,
        "High": 36.0625,
        "Low": 34.28125,
        "Close": 34.5,
        "Adj Close": 17.296119689941406,
        "Volume": 6254400.0
    },
    "BK": {
        "Open": 40.34608840942383,
        "High": 40.47858810424805,
        "Low": 38.82234573364258,
        "Close": 39.15359115600586,
        "Adj Close": 21.169675827026367,
        "Volume": 2047461.0
    },
    "BKNG": {
        "Open": null,
        "High": null,
        "Low": null,
        "Close": null,
        "Adj Close": null,
        "Volume": null
    },
    "BLK": {
        "Open": null,
        "High": null,
        "Low": null,
        "Close": null,
        "Adj Close": null,
        "Volume": null
    },
    "BMY": {
        "Open": 59.01017379760742,
        "High": 59.129146575927734,
        "Low": 56.154842376708984,
        "Close": 56.74970245361328,
        "Adj Close": 21.227718353271484,
        "Volume": 5259846.0
    },
    "BRK-B": {
        "Open": 50.060001373291016,
        "High": 50.2400016784668,
        "Low": 48.0,
        "Close": 49.0,
        "Adj Close": 49.0,
        "Volume": 860000.0
    },
    "C": {
        "Open": 317.1875,
        "High": 317.1875,
        "Low": 301.5625,
        "Close": 305.625,
        "Adj Close": 157.57275390625,
        "Volume": 1358140.0
    },
    "CAT": {
        "Open": 23.46875,
        "High": 23.46875,
        "Low": 22.5,
        "Close": 22.5625,
        "Adj Close": 11.452492713928223,
        "Volume": 2888800.0
    },
    "CL": {
        "Open": 22.625,
        "High": 22.6875,
        "Low": 22.25,
        "Close": 22.34375,
        "Adj Close": 12.576915740966797,
        "Volume": 4438400.0
    },
    "CMCSA": {
        "Open": 10.250702857971191,
        "High": 10.328803062438965,
        "Low": 10.006638526916504,
        "Close": 10.11402702331543,
        "Adj Close": 6.863032341003418,
        "Volume": 5079347.0
    },
    "COF": {
        "Open": 44.83333206176758,
        "High": 44.83333206176758,
        "Low": 42.4375,
        "Close": 42.85416793823242,
        "Adj Close": 30.970165252685547,
        "Volume": 1361700.0
    },
    "COP": {
        "Open": 16.913898468017578,
        "High": 17.009187698364258,
        "Low": 16.8186092376709,
        "Close": 16.985366821289062,
        "Adj Close": 7.2866315841674805,
        "Volume": 3091629.0
    },
    "COST": {
        "Open": 44.46875,
        "High": 45.1875,
        "Low": 43.4375,
        "Close": 44.21875,
        "Adj Close": 29.501291275024414,
        "Volume": 3290200.0
    },
    "CRM": {
        "Open": null,
        "High": null,
        "Low": null,
        "Close": null,
        "Adj Close": null,
        "Volume": null
    },
    "CSCO": {
        "Open": 25.5,
        "High": 25.890625,
        "Low": 24.84375,
        "Close": 25.078125,
        "Adj Close": 16.226837158203125,
        "Volume": 53808400.0
    },
    "CVS": {
        "Open": 24.28125,
        "High": 24.28125,
        "Low": 23.1875,
        "Close": 23.375,
        "Adj Close": 14.722521781921387,
        "Volume": 4550200.0
    },
    "CVX": {
        "Open": 43.71875,
        "High": 43.78125,
        "Low": 43.4375,
        "Close": 43.6875,
        "Adj Close": 16.26260757446289,
        "Volume": 3028000.0
    },
    "DE": {
        "Open": 18.96875,
        "High": 19.1875,
        "Low": 18.59375,
        "Close": 18.65625,
        "Adj Close": 11.023415565490723,
        "Volume": 2275600.0
    },
    "DHR": {
        "Open": 8.853066444396973,
        "High": 8.853066444396973,
        "Low": 8.338475227355957,
        "Close": 8.369980812072754,
        "Adj Close": 4.94801664352417,
        "Volume": 1258706.0
    },
    "DIS": {
        "Open": 33.72596740722656,
        "High": 33.72596740722656,
        "Low": 32.369529724121094,
        "Close": 32.73946762084961,
        "Adj Close": 24.819307327270508,
        "Volume": 9925697.0
    },
    "DUK": {
        "Open": 49.84748458862305,
        "High": 50.501220703125,
        "Low": 49.46613693237305,
        "Close": 49.629573822021484,
        "Adj Close": 14.690441131591797,
        "Volume": 965755.0
    },
    "EMR": {
        "Open": 27.875,
        "High": 27.90625,
        "Low": 27.125,
        "Close": 27.1875,
        "Adj Close": 13.145042419433594,
        "Volume": 2948200.0
    },
    "FDX": {
        "Open": 48.03125,
        "High": 48.0625,
        "Low": 46.0,
        "Close": 46.78125,
        "Adj Close": 37.45740509033203,
        "Volume": 2340000.0
    },
    "GD": {
        "Open": 32.125,
        "High": 32.125,
        "Low": 30.65625,
        "Close": 30.875,
        "Adj Close": 17.763856887817383,
        "Volume": 652800.0
    },
    "GE": {
        "Open": 176.6212921142578,
        "High": 176.6212921142578,
        "Low": 169.43263244628906,
        "Close": 170.2313690185547,
        "Adj Close": 91.2972183227539,
        "Volume": 3321045.0
    },
    "GILD": {
        "Open": 1.484375,
        "High": 1.484375,
        "Low": 1.402343988418579,
        "Close": 1.4375,
        "Adj Close": 0.998705267906189,
        "Volume": 50912000.0
    },
    "GM": {
        "Open": null,
        "High": null,
        "Low": null,
        "Close": null,
        "Adj Close": null,
        "Volume": null
    },
    "GOOG": {
        "Open": null,
        "High": null,
        "Low": null,