{
    "AAPL": {
        "Open": 0.3247770071029663,
        "High": 0.3314729928970337,
        "Low": 0.3203130066394806,
        "Close": 0.3208709955215454,
        "Adj Close": 0.2691991627216339,
        "Volume": 422352000.0
    },
    "ABBV": {
        "Open": null,
        "High": null,
        "Low": null,
        "Close": null,
        "Adj Close": null,
        "Volume": null
    },
    "ABT": {
        "Open": 21.603355407714844,
        "High": 21.631410598754883,
        "Low": 21.014171600341797,
        "Close": 21.014171600341797,
        "Adj Close": 10.700437545776367,
        "Volume": 4205828.0
    },
    "ACN": {
        "Open": null,
        "High": null,
        "Low": null,
        "Close": null,
        "Adj Close": null,
        "Volume": null
    },
    "ADBE": {
        "Open": 7.078125,
        "High": 7.359375,
        "Low": 7.03125,
        "Close": 7.09375,
        "Adj Close": 7.033566951751709,
        "Volume": 4623200.0
    },
    "AIG": {
        "Open": 1273.3333740234375,
        "High": 1294.6666259765625,
        "Low": 1269.3333740234375,
        "Close": 1286.6666259765625,
        "Adj Close": 756.91943359375,
        "Volume": 235369.0
    },
    "AMD": {
        "Open": 7.96875,
        "High": 8.0,
        "Low": 7.75,
        "Close": 7.75,
        "Adj Close": 7.75,
        "Volume": 2054000.0
    },
    "AMGN": {
        "Open": 39.84375,
        "High": 39.84375,
        "Low": 37.375,
        "Close": 37.4375,
        "Adj Close": 25.322307586669922,
        "Volume": 7638400.0
    },
    "AMT": {
        "Open": 24.0625,
        "High": 24.5,
        "Low": 23.5,
        "Close": 24.5,
        "Adj Close": 17.913867950439453,
        "Volume": 593800.0
    },
    "AMZN": {
        "Open": 4.28125,
        "High": 4.449999809265137,
        "Low": 4.128125190734863,
        "Close": 4.304687976837158,
        "Adj Close": 4.304687976837158,
        "Volume": 441884000.0
    },
    "AVGO": {
        "Open": null,
        "High": null,
        "Low": null,
        "Close": null,
        "Adj Close": null,
        "Volume": null
    },
    "AXP": {
        "Open": 35.66847610473633,
        "High": 35.81435775756836,
        "Low": 34.2825813293457,
        "Close": 34.355525970458984,
        "Adj Close": 24.06911849975586,
        "Volume": 5128070.0
    },
    "BA": {
        "Open": 34.0,
        "High": 34.6875,
        "Low": 33.9375,
        "Close": 34.0,
        "Adj Close": 21.74004364013672,
        "Volume": 3245300.0
    },
    "BAC": {
        "Open": 35.8125,
        "High": 36.0625,
        "Low": 34.96875,
        "Close": 35.3125,
        "Adj Close": 17.703445434570312,
        "Volume": 6479400.0
    },
    "BK": {
        "Open": 38.159847259521484,
        "High": 38.62359619140625,
        "Low": 37.36485290527344,
        "Close": 38.093597412109375,
        "Adj Close": 20.59654998779297,
        "Volume": 2195386.0
    },
    "BKNG": {
        "Open": 451.5,
        "High": 517.5,
        "Low": 438.0,
        "Close": 497.25,
        "Adj Close": 489.24468994140625,
        "Volume": 1322933.0
    },
    "BLK": {
        "Open": null,
        "High": null,
        "Low": null,
        "Close": null,
        "Adj Close": null,
        "Volume": null
    },
    "BMY": {
        "Open": 62.638824462890625,
        "High": 63.05522537231445,
        "Low": 60.675785064697266,
        "Close": 61.03269958496094,
        "Adj Close": 22.909015655517578,
        "Volume": 4635540.0
    },
    "BRK-B": {
        "Open": 48.400001525878906,
        "High": 48.540000915527344,
        "Low": 47.02000045776367,
        "Close": 47.02000045776367,
        "Adj Close": 47.02000045776367,
        "Volume": 675000.0
    },
    "C": {
        "Open": 324.375,
        "High": 327.1875,
        "Low": 315.0,
        "Close": 319.375,
        "Adj Close": 164.6619415283203,
        "Volume": 1672660.0
    },
    "CAT": {
        "Open": 23.46875,
        "High": 23.71875,
        "Low": 22.90625,
        "Close": 22.96875,
        "Adj Close": 11.658700942993164,
        "Volume": 2312600.0
    },
    "CL": {
        "Open": 23.3125,
        "High": 23.40625,
        "Low": 22.90625,
        "Close": 23.0,
        "Adj Close": 12.946301460266113,
        "Volume": 4815200.0
    },
    "CMCSA": {
        "Open": 9.703998565673828,
        "High": 9.860199928283691,
        "Low": 9.489221572875977,
        "Close": 9.606372833251953,
        "Adj Close": 6.518553733825684,
        "Volume": 2323926.0
    },
    "COF": {
        "Open": 50.0,
        "High": 51.47916793823242,
        "Low": 49.83333206176758,
        "Close": 50.33333206176758,
        "Adj Close": 36.3752555847168,
        "Volume": 1913100.0
    },
    "COP": {
        "Open": 18.057373046875,
        "High": 18.081195831298828,
        "Low": 17.723859786987305,
        "Close": 18.009729385375977,
        "Adj Close": 7.72607421875,
        "Volume": 1455301.0
    },
    "COST": {
        "Open": 45.3125,
        "High": 46.625,
        "Low": 45.28125,
        "Close": 45.78125,
        "Adj Close": 30.54373550415039,
        "Volume": 3299000.0
    },
    "CRM": {
        "Open": null,
        "High": null,
        "Low": null,
        "Close": null,
        "Adj Close": null,
        "Volume": null
    },
    "CSCO": {
        "Open": 27.828125,
        "High": 28.125,
        "Low": 27.34375,
        "Close": 27.390625,
        "Adj Close": 17.7231388092041,
        "Volume": 46367600.0
    },
    "CVS": {
        "Open": 25.125,
        "High": 25.125,
        "Low": 23.5,
        "Close": 23.75,
        "Adj Close": 14.958695411682129,
        "Volume": 2660800.0
    },
    "CVX": {
        "Open": 44.90625,
        "High": 44.90625,
        "Low": 44.0625,
        "Close": 44.375,
        "Adj Close": 16.518531799316406,
        "Volume": 2710600.0
    },
    "DE": {
        "Open": 19.65625,
        "High": 19.90625,
        "Low": 19.0,
        "Close": 19.3125,
        "Adj Close": 11.478174209594727,
        "Volume": 3832600.0
    },
    "DHR": {
        "Open": 8.496003150939941,
        "High": 8.88457202911377,
        "Low": 8.485501289367676,
        "Close": 8.779553413391113,
        "Adj Close": 5.191707134246826,
        "Volume": 2247221.0
    },
    "DIS": {
        "Open": 32.369529724121094,
        "High": 32.61615753173828,
        "Low": 30.643156051635742,
        "Close": 30.70481300354004,
        "Adj Close": 23.276865005493164,
        "Volume": 10713837.0
    },
    "DUK": {
        "Open": 48.485530853271484,
        "High": 48.975833892822266,
        "Low": 47.17805480957031,
        "Close": 47.77731704711914,
        "Adj Close": 14.142170906066895,
        "Volume": 1125796.0
    },
    "EMR": {
        "Open": 26.3125,
        "High": 26.5625,
        "Low": 26.03125,
        "Close": 26.46875,
        "Adj Close": 12.797526359558105,
        "Volume": 3460600.0
    },
    "FDX": {
        "Open": 48.3125,
        "High": 48.34375,
        "Low": 46.3125,
        "Close": 46.5,
        "Adj Close": 37.23220443725586,
        "Volume": 1865000.0
    },
    "GD": {
        "Open": 31.1875,
        "High": 32.25,
        "Low": 31.1875,
        "Close": 32.125,
        "Adj Close": 18.4830265045166,
        "Volume": 539600.0
    },
    "GE": {
        "Open": 182.1126251220703,
        "High": 182.4121551513672,
        "Low": 176.32176208496094,
        "Close": 176.72113037109375,
        "Adj Close": 94.77779388427734,
        "Volume": 3397165.0
    },
    "GILD": {
        "Open": 1.417968988418579,
        "High": 1.4375,
        "Low": 1.402343988418579,
        "Close": 1.421875,
        "Adj Close": 0.9878493547439575,
        "Volume": 12483200.0
    },
    "GM": {
        "Open": null,
        "High": null,
        "Low": null,
        "Close": null,
        "Adj Close": null,
        "Volume": null
    },
    "GOOG": {
        "Open": null,
        "High": null,