{
    "AAPL": {
        "Open": 0.13169600069522858,
        "High": 0.1328130066394806,
        "Low": 0.125,
        "Close": 0.12611599266529083,
        "Adj Close": 0.10580682009458542,
        "Volume": 160563200.0
    },
    "ABBV": {
        "Open": null,
        "High": null,
        "Low": null,
        "Close": null,
        "Adj Close": null,
        "Volume": null
    },
    "ABT": {
        "Open": 14.982067108154297,
        "High": 15.206517219543457,
        "Low": 14.91192626953125,
        "Close": 14.954010963439941,
        "Adj Close": 7.478947639465332,
        "Volume": 3505005.0
    },
    "ACN": {
        "Open": null,
        "High": null,
        "Low": null,
        "Close": null,
        "Adj Close": null,
        "Volume": null
    },
    "ADBE": {
        "Open": 4.625,
        "High": 4.6875,
        "Low": 4.1875,
        "Close": 4.40625,
        "Adj Close": 4.347820281982422,
        "Volume": 27641600.0
    },
    "AIG": {
        "Open": 727.5555419921875,
        "High": 737.3333129882812,
        "Low": 720.4444580078125,
        "Close": 724.0,
        "Adj Close": 424.61602783203125,
        "Volume": 154463.0
    },
    "AMD": {
        "Open": 9.53125,
        "High": 9.59375,
        "Low": 8.9375,
        "Close": 9.09375,
        "Adj Close": 9.09375,
        "Volume": 3267600.0
    },
    "AMGN": {
        "Open": 13.171875,
        "High": 13.25,
        "Low": 13.125,
        "Close": 13.1875,
        "Adj Close": 8.919877052307129,
        "Volume": 6515200.0
    },
    "AMT": {
        "Open": null,
        "High": null,
        "Low": null,
        "Close": null,
        "Adj Close": null,
        "Volume": null
    },
    "AMZN": {
        "Open": 0.23229199647903442,
        "High": 0.24010400474071503,
        "Low": 0.22031299769878387,
        "Close": 0.2270829975605011,
        "Adj Close": 0.2270829975605011,
        "Volume": 53448000.0
    },
    "AVGO": {
        "Open": null,
        "High": null,
        "Low": null,
        "Close": null,
        "Adj Close": null,
        "Volume": null
    },
    "AXP": {
        "Open": 25.274288177490234,
        "High": 25.34722900390625,
        "Low": 25.055463790893555,
        "Close": 25.274288177490234,
        "Adj Close": 17.460264205932617,
        "Volume": 3743060.0
    },
    "BA": {
        "Open": 48.625,
        "High": 49.625,
        "Low": 48.25,
        "Close": 49.0,
        "Adj Close": 30.819541931152344,
        "Volume": 2215000.0
    },
    "BAC": {
        "Open": 31.5,
        "High": 31.625,
        "Low": 31.0,
        "Close": 31.03125,
        "Adj Close": 15.084714889526367,
        "Volume": 4148400.0
    },
    "BK": {
        "Open": 29.21613311767578,
        "High": 29.547382354736328,
        "Low": 28.586761474609375,
        "Close": 29.41488265991211,
        "Adj Close": 15.568092346191406,
        "Volume": 1708309.0
    },
    "BKNG": {
        "Open": null,
        "High": null,
        "Low": null,
        "Close": null,
        "Adj Close": null,
        "Volume": null
    },
    "BLK": {
        "Open": null,
        "High": null,
        "Low": null,
        "Close": null,
        "Adj Close": null,
        "Volume": null
    },
    "BMY": {
        "Open": 46.10169982910156,
        "High": 46.369384765625,
        "Low": 45.506839752197266,
        "Close": 46.131439208984375,
        "Adj Close": 16.943077087402344,
        "Volume": 4227461.0
    },
    "BRK-B": {
        "Open": 30.200000762939453,
        "High": 30.239999771118164,
        "Low": 30.100000381469727,
        "Close": 30.200000762939453,
        "Adj Close": 30.200000762939453,
        "Volume": 50000.0
    },
    "C": {
        "Open": 266.25,
        "High": 267.5,
        "Low": 261.875,
        "Close": 263.4375,
        "Adj Close": 133.97222900390625,
        "Volume": 634020.0
    },
    "CAT": {
        "Open": 25.25,
        "High": 25.875,
        "Low": 25.25,
        "Close": 25.375,
        "Adj Close": 12.520190238952637,
        "Volume": 3627000.0
    },
    "CL": {
        "Open": 17.375,
        "High": 17.375,
        "Low": 16.8125,
        "Close": 17.109375,
        "Adj Close": 9.471328735351562,
        "Volume": 3602000.0
    },
    "CMCSA": {
        "Open": 4.510309219360352,
        "High": 4.861762046813965,
        "Low": 4.510309219360352,
        "Close": 4.861762046813965,
        "Adj Close": 3.2902512550354004,
        "Volume": 3065278.0
    },
    "COF": {
        "Open": 15.625,
        "High": 15.875,
        "Low": 15.520833015441895,
        "Close": 15.770833015441895,
        "Adj Close": 11.349493026733398,
        "Volume": 474900.0
    },
    "COP": {
        "Open": 18.581466674804688,
        "High": 18.581466674804688,
        "Low": 18.200307846069336,
        "Close": 18.319419860839844,
        "Adj Close": 7.557869911193848,
        "Volume": 813310.0
    },
    "COST": {
        "Open": 21.125,
        "High": 21.125,
        "Low": 19.9375,
        "Close": 20.28125,
        "Adj Close": 13.530984878540039,
        "Volume": 4296400.0
    },
    "CRM": {
        "Open": null,
        "High": null,
        "Low": null,
        "Close": null,
        "Adj Close": null,
        "Volume": null
    },
    "CSCO": {
        "Open": 9.222222328186035,
        "High": 9.23611068725586,
        "Low": 8.444443702697754,
        "Close": 8.506943702697754,
        "Adj Close": 5.504428386688232,
        "Volume": 240625800.0
    },
    "CVS": {
        "Open": 16.6875,
        "High": 16.6875,
        "Low": 16.421875,
        "Close": 16.453125,
        "Adj Close": 10.291267395019531,
        "Volume": 3274400.0
    },
    "CVX": {
        "Open": 38.78125,
        "High": 38.78125,
        "Low": 37.65625,
        "Close": 37.75,
        "Adj Close": 13.529096603393555,
        "Volume": 2358000.0
    },
    "DE": {
        "Open": 28.5625,
        "High": 28.8125,
        "Low": 27.5,
        "Close": 27.5,
        "Adj Close": 15.83582878112793,
        "Volume": 1539000.0
    },
    "DHR": {
        "Open": 5.130157947540283,
        "High": 5.166913986206055,
        "Low": 5.130157947540283,
        "Close": 5.166913986206055,
        "Adj Close": 3.0492005348205566,
        "Volume": 1454505.0
    },
    "DIS": {
        "Open": 30.540395736694336,
        "High": 31.09530258178711,
        "Low": 30.540395736694336,
        "Close": 30.78702163696289,
        "Adj Close": 23.194225311279297,
        "Volume": 3889204.0
    },
    "DUK": {
        "Open": 44.998931884765625,
        "High": 45.76162338256836,
        "Low": 44.889976501464844,
        "Close": 45.76162338256836,
        "Adj Close": 12.921600341796875,
        "Volume": 624677.0
    },
    "EMR": {
        "Open": 28.0,
        "High": 28.40625,
        "Low": 27.96875,
        "Close": 28.0625,
        "Adj Close": 13.23509693145752,
        "Volume": 951200.0
    },
    "FDX": {
        "Open": 31.6875,
        "High": 32.4375,
        "Low": 31.65625,
        "Close": 32.25,
        "Adj Close": 25.822328567504883,
        "Volume": 2669400.0
    },
    "GD": {
        "Open": 21.375,
        "High": 21.84375,
        "Low": 21.25,
        "Close": 21.734375,
        "Adj Close": 12.227018356323242,
        "Volume": 530400.0
    },
    "GE": {
        "Open": 116.61597442626953,
        "High": 117.21503448486328,
        "Low": 114.61912536621094,
        "Close": 115.4178695678711,
        "Adj Close": 60.54671859741211,
        "Volume": 2257870.0
    },
    "GILD": {
        "Open": 1.074218988418579,
        "High": 1.089843988418579,
        "Low": 1.046875,
        "Close": 1.0527340173721313,
        "Adj Close": 0.7313883304595947,
        "Volume": 3123200.0
    },
    "GM": {
        "Open": null,
        "High": null,
        "Low": null,
        "Close": null,
        "Adj Close": null,
        "Volume": null
    },
    "GOOG": {
        "Open": null,
        "High": null,