{
    "AAPL": {
        "Open": 0.12611599266529083,
        "High": 0.12723200023174286,
        "Low": 0.12276799976825714,
        "Close": 0.12444200366735458,
        "Adj Close": 0.10440240055322647,
        "Volume": 165894400.0
    },
    "ABBV": {
        "Open": null,
        "High": null,
        "Low": null,
        "Close": null,
        "Adj Close": null,
        "Volume": null
    },
    "ABT": {
        "Open": 14.954010963439941,
        "High": 15.262630462646484,
        "Low": 14.869841575622559,
        "Close": 15.178461074829102,
        "Adj Close": 7.591197490692139,
        "Volume": 5251939.0
    },
    "ACN": {
        "Open": null,
        "High": null,
        "Low": null,
        "Close": null,
        "Adj Close": null,
        "Volume": null
    },
    "ADBE": {
        "Open": 4.4375,
        "High": 4.546875,
        "Low": 4.1875,
        "Close": 4.53125,
        "Adj Close": 4.471162796020508,
        "Volume": 16588000.0
    },
    "AIG": {
        "Open": 725.3333129882812,
        "High": 736.4444580078125,
        "Low": 723.111083984375,
        "Close": 734.2222290039062,
        "Adj Close": 430.6112060546875,
        "Volume": 144028.0
    },
    "AMD": {
        "Open": 9.125,
        "High": 9.25,
        "Low": 8.75,
        "Close": 9.21875,
        "Adj Close": 9.21875,
        "Volume": 3863600.0
    },
    "AMGN": {
        "Open": 13.171875,
        "High": 13.59375,
        "Low": 13.171875,
        "Close": 13.484375,
        "Adj Close": 9.12067699432373,
        "Volume": 13488400.0
    },
    "AMT": {
        "Open": null,
        "High": null,
        "Low": null,
        "Close": null,
        "Adj Close": null,
        "Volume": null
    },
    "AMZN": {
        "Open": 0.22916699945926666,
        "High": 0.23333300650119781,
        "Low": 0.22031299769878387,
        "Close": 0.22916699945926666,
        "Adj Close": 0.22916699945926666,
        "Volume": 33888000.0
    },
    "AVGO": {
        "Open": null,
        "High": null,
        "Low": null,
        "Close": null,
        "Adj Close": null,
        "Volume": null
    },
    "AXP": {
        "Open": 25.310758590698242,
        "High": 26.27723503112793,
        "Low": 25.292522430419922,
        "Close": 25.839584350585938,
        "Adj Close": 17.850788116455078,
        "Volume": 7301382.0
    },
    "BA": {
        "Open": 49.0,
        "High": 49.3125,
        "Low": 48.75,
        "Close": 48.9375,
        "Adj Close": 30.780216217041016,
        "Volume": 2781400.0
    },
    "BAC": {
        "Open": 31.0625,
        "High": 32.0625,
        "Low": 31.0625,
        "Close": 32.0078125,
        "Adj Close": 15.559432983398438,
        "Volume": 4960600.0
    },
    "BK": {
        "Open": 29.547382354736328,
        "High": 30.309253692626953,
        "Low": 29.48113250732422,
        "Close": 29.911754608154297,
        "Adj Close": 15.831070899963379,
        "Volume": 1540950.0
    },
    "BKNG": {
        "Open": null,
        "High": null,
        "Low": null,
        "Close": null,
        "Adj Close": null,
        "Volume": null
    },
    "BLK": {
        "Open": null,
        "High": null,
        "Low": null,
        "Close": null,
        "Adj Close": null,
        "Volume": null
    },
    "BMY": {
        "Open": 46.16118621826172,
        "High": 46.72630310058594,
        "Low": 45.86375427246094,
        "Close": 46.54784393310547,
        "Adj Close": 17.096006393432617,
        "Volume": 3978243.0
    },
    "BRK-B": {
        "Open": 30.200000762939453,
        "High": 30.719999313354492,
        "Low": 30.200000762939453,
        "Close": 30.700000762939453,
        "Adj Close": 30.700000762939453,
        "Volume": 185000.0
    },
    "C": {
        "Open": 264.6875,
        "High": 272.8125,
        "Low": 264.6875,
        "Close": 269.375,
        "Adj Close": 136.99171447753906,
        "Volume": 688880.0
    },
    "CAT": {
        "Open": 25.375,
        "High": 25.59375,
        "Low": 25.3125,
        "Close": 25.34375,
        "Adj Close": 12.50477123260498,
        "Volume": 3348800.0
    },
    "CL": {
        "Open": 16.953125,
        "High": 16.953125,
        "Low": 16.4375,
        "Close": 16.6875,
        "Adj Close": 9.237792015075684,
        "Volume": 5630800.0
    },
    "CMCSA": {
        "Open": 4.910574913024902,
        "High": 5.174163818359375,
        "Low": 4.822711944580078,
        "Close": 5.086300849914551,
        "Adj Close": 3.4422085285186768,
        "Volume": 6433370.0
    },
    "COF": {
        "Open": 15.8125,
        "High": 16.104167938232422,
        "Low": 15.8125,
        "Close": 16.104167938232422,
        "Adj Close": 11.589377403259277,
        "Volume": 623100.0
    },
    "COP": {
        "Open": 18.414709091186523,
        "High": 18.581466674804688,
        "Low": 18.3670654296875,
        "Close": 18.581466674804688,
        "Adj Close": 7.665981769561768,
        "Volume": 1010079.0
    },
    "COST": {
        "Open": 20.3125,
        "High": 21.125,
        "Low": 20.1875,
        "Close": 21.125,
        "Adj Close": 14.093907356262207,
        "Volume": 4634200.0
    },
    "CRM": {
        "Open": null,
        "High": null,
        "Low": null,
        "Close": null,
        "Adj Close": null,
        "Volume": null
    },
    "CSCO": {
        "Open": 8.597222328186035,
        "High": 8.70138931274414,
        "Low": 7.944444179534912,
        "Close": 8.61111068725586,
        "Adj Close": 5.571832180023193,
        "Volume": 250780500.0
    },
    "CVS": {
        "Open": 16.5,
        "High": 16.5,
        "Low": 16.328125,
        "Close": 16.390625,
        "Adj Close": 10.252172470092773,
        "Volume": 2136800.0
    },
    "CVX": {
        "Open": 37.875,
        "High": 38.5,
        "Low": 37.875,
        "Close": 38.09375,
        "Adj Close": 13.652287483215332,
        "Volume": 2536600.0
    },
    "DE": {
        "Open": 27.75,
        "High": 28.40625,
        "Low": 27.75,
        "Close": 28.0,
        "Adj Close": 16.123754501342773,
        "Volume": 2295000.0
    },
    "DHR": {
        "Open": 5.166913986206055,
        "High": 5.166913986206055,
        "Low": 5.103902816772461,
        "Close": 5.151161193847656,
        "Adj Close": 3.0399036407470703,
        "Volume": 392788.0
    },
    "DIS": {
        "Open": 30.97199058532715,
        "High": 31.99959373474121,
        "Low": 30.97199058532715,
        "Close": 31.937938690185547,
        "Adj Close": 24.06130027770996,
        "Volume": 5752154.0
    },
    "DUK": {
        "Open": 45.97953796386719,
        "High": 47.2325325012207,
        "Low": 45.76162338256836,
        "Close": 47.06909942626953,
        "Adj Close": 13.290781021118164,
        "Volume": 730110.0
    },
    "EMR": {
        "Open": 28.21875,
        "High": 28.4375,
        "Low": 28.03125,
        "Close": 28.125,
        "Adj Close": 13.26457691192627,
        "Volume": 904600.0
    },
    "FDX": {
        "Open": 32.28125,
        "High": 32.28125,
        "Low": 31.375,
        "Close": 31.4375,
        "Adj Close": 25.171770095825195,
        "Volume": 1282600.0
    },
    "GD": {
        "Open": 21.734375,
        "High": 21.921875,
        "Low": 21.40625,
        "Close": 21.546875,
        "Adj Close": 12.121533393859863,
        "Volume": 520400.0
    },
    "GE": {
        "Open": 116.5161361694336,
        "High": 119.21188354492188,
        "Low": 116.41629028320312,
        "Close": 119.21188354492188,
        "Adj Close": 62.537010192871094,
        "Volume": 2573993.0
    },
    "GILD": {
        "Open": 1.0546879768371582,
        "High": 1.074218988418579,
        "Low": 1.042968988418579,
        "Close": 1.0566409826278687,
        "Adj Close": 0.7341026663780212,
        "Volume": 5881600.0
    },
    "GM": {
        "Open": null,
        "High": null,
        "Low": null,
        "Close": null,
        "Adj Close": null,
        "Volume": null
    },