{
    "AAPL": {
        "Open": 0.125,
        "High": 0.1283479928970337,
        "Low": 0.125,
        "Close": 0.12779000401496887,
        "Adj Close": 0.10721122473478317,
        "Volume": 185628800.0
    },
    "ABBV": {
        "Open": null,
        "High": null,
        "Low": null,
        "Close": null,
        "Adj Close": null,
        "Volume": null
    },
    "ABT": {
        "Open": 15.220544815063477,
        "High": 15.444995880126953,
        "Low": 15.206517219543457,
        "Close": 15.402911186218262,
        "Adj Close": 7.703453063964844,
        "Volume": 3787473.0
    },
    "ACN": {
        "Open": null,
        "High": null,
        "Low": null,
        "Close": null,
        "Adj Close": null,
        "Volume": null
    },
    "ADBE": {
        "Open": 4.53125,
        "High": 4.703125,
        "Low": 4.28125,
        "Close": 4.335937976837158,
        "Adj Close": 4.278439998626709,
        "Volume": 13145600.0
    },
    "AIG": {
        "Open": 736.0,
        "High": 747.5555419921875,
        "Low": 734.6666870117188,
        "Close": 743.5555419921875,
        "Adj Close": 436.0851135253906,
        "Volume": 126759.0
    },
    "AMD": {
        "Open": 9.21875,
        "High": 9.3125,
        "Low": 9.125,
        "Close": 9.15625,
        "Adj Close": 9.15625,
        "Volume": 2854400.0
    },
    "AMGN": {
        "Open": 13.46875,
        "High": 13.703125,
        "Low": 13.46875,
        "Close": 13.5,
        "Adj Close": 9.131247520446777,
        "Volume": 11121200.0
    },
    "AMT": {
        "Open": null,
        "High": null,
        "Low": null,
        "Close": null,
        "Adj Close": null,
        "Volume": null
    },
    "AMZN": {
        "Open": 0.23229199647903442,
        "High": 0.23229199647903442,
        "Low": 0.22291700541973114,
        "Close": 0.22291700541973114,
        "Adj Close": 0.22291700541973114,
        "Volume": 33744000.0
    },
    "AVGO": {
        "Open": null,
        "High": null,
        "Low": null,
        "Close": null,
        "Adj Close": null,
        "Volume": null
    },
    "AXP": {
        "Open": 26.113117218017578,
        "High": 26.6966495513916,
        "Low": 25.967233657836914,
        "Close": 26.131351470947266,
        "Adj Close": 18.05235481262207,
        "Volume": 7083400.0
    },
    "BA": {
        "Open": 49.5625,
        "High": 50.75,
        "Low": 49.5625,
        "Close": 50.625,
        "Adj Close": 31.84162139892578,
        "Volume": 4083100.0
    },
    "BAC": {
        "Open": 32.375,
        "High": 32.375,
        "Low": 31.34375,
        "Close": 31.375,
        "Adj Close": 15.251811027526855,
        "Volume": 4194400.0
    },
    "BK": {
        "Open": 30.01112937927246,
        "High": 30.07737922668457,
        "Low": 29.28238296508789,
        "Close": 29.48113250732422,
        "Adj Close": 15.603145599365234,
        "Volume": 2807747.0
    },
    "BKNG": {
        "Open": null,
        "High": null,
        "Low": null,
        "Close": null,
        "Adj Close": null,
        "Volume": null
    },
    "BLK": {
        "Open": null,
        "High": null,
        "Low": null,
        "Close": null,
        "Adj Close": null,
        "Volume": null
    },
    "BMY": {
        "Open": 46.25041580200195,
        "High": 46.39912796020508,
        "Low": 45.68529510498047,
        "Close": 46.01247024536133,
        "Adj Close": 16.899383544921875,
        "Volume": 4065868.0
    },
    "BRK-B": {
        "Open": 30.600000381469727,
        "High": 30.920000076293945,
        "Low": 30.540000915527344,
        "Close": 30.799999237060547,
        "Adj Close": 30.799999237060547,
        "Volume": 110000.0
    },
    "C": {
        "Open": 274.375,
        "High": 279.6875,
        "Low": 273.4375,
        "Close": 274.375,
        "Adj Close": 139.5345001220703,
        "Volume": 595180.0
    },
    "CAT": {
        "Open": 25.34375,
        "High": 25.46875,
        "Low": 24.1875,
        "Close": 24.40625,
        "Adj Close": 12.042210578918457,
        "Volume": 6462600.0
    },
    "CL": {
        "Open": 16.5625,
        "High": 16.875,
        "Low": 16.5,
        "Close": 16.796875,
        "Adj Close": 9.298334121704102,
        "Volume": 8169600.0
    },
    "CMCSA": {
        "Open": 5.086300849914551,
        "High": 5.086300849914551,
        "Low": 4.939863204956055,
        "Close": 5.086300849914551,
        "Adj Close": 3.4422085285186768,
        "Volume": 2460929.0
    },
    "COF": {
        "Open": 16.166667938232422,
        "High": 16.604167938232422,
        "Low": 16.145832061767578,
        "Close": 16.583332061767578,
        "Adj Close": 11.934206008911133,
        "Volume": 1395000.0
    },
    "COP": {
        "Open": 18.486177444458008,
        "High": 18.605287551879883,
        "Low": 18.057373046875,
        "Close": 18.176485061645508,
        "Adj Close": 7.498901844024658,
        "Volume": 1677256.0
    },
    "COST": {
        "Open": 21.25,
        "High": 21.625,
        "Low": 21.1875,
        "Close": 21.4375,
        "Adj Close": 14.30239200592041,
        "Volume": 3521200.0
    },
    "CRM": {
        "Open": null,
        "High": null,
        "Low": null,
        "Close": null,
        "Adj Close": null,
        "Volume": null
    },
    "CSCO": {
        "Open": 8.708333015441895,
        "High": 9.027777671813965,
        "Low": 8.666666984558105,
        "Close": 8.902777671813965,
        "Adj Close": 5.76055383682251,
        "Volume": 132025500.0
    },
    "CVS": {
        "Open": 16.25,
        "High": 16.359375,
        "Low": 15.828125,
        "Close": 15.875,
        "Adj Close": 9.929658889770508,
        "Volume": 1875600.0
    },
    "CVX": {
        "Open": 38.40625,
        "High": 38.5625,
        "Low": 37.78125,
        "Close": 37.875,
        "Adj Close": 13.57388973236084,
        "Volume": 1984400.0
    },
    "DE": {
        "Open": 28.5,
        "High": 28.71875,
        "Low": 28.0,
        "Close": 28.625,
        "Adj Close": 16.483657836914062,
        "Volume": 2202200.0
    },
    "DHR": {
        "Open": 5.156412124633789,
        "High": 5.240427017211914,
        "Low": 5.156412124633789,
        "Close": 5.240427017211914,
        "Adj Close": 3.092582941055298,
        "Volume": 496341.0
    },
    "DIS": {
        "Open": 31.937938690185547,
        "High": 31.937938690185547,
        "Low": 31.465240478515625,
        "Close": 31.56800079345703,
        "Adj Close": 23.782596588134766,
        "Volume": 4317993.0
    },
    "DUK": {
        "Open": 47.06909942626953,
        "High": 47.17805480957031,
        "Low": 46.19744873046875,
        "Close": 46.46984100341797,
        "Adj Close": 13.121576309204102,
        "Volume": 784030.0
    },
    "EMR": {
        "Open": 28.125,
        "High": 28.65625,
        "Low": 28.125,
        "Close": 28.28125,
        "Adj Close": 13.33826732635498,
        "Volume": 770000.0
    },
    "FDX": {
        "Open": 31.34375,
        "High": 31.375,
        "Low": 30.25,
        "Close": 30.5,
        "Adj Close": 24.421127319335938,
        "Volume": 1129600.0
    },
    "GD": {
        "Open": 21.46875,
        "High": 21.921875,
        "Low": 21.46875,
        "Close": 21.828125,
        "Adj Close": 12.279756546020508,
        "Volume": 359600.0
    },
    "GE": {
        "Open": 121.40841674804688,
        "High": 122.30699920654297,
        "Low": 119.91077423095703,
        "Close": 120.40998840332031,
        "Adj Close": 63.165496826171875,
        "Volume": 3229463.0
    },
    "GILD": {
        "Open": 1.09375,
        "High": 1.1640629768371582,
        "Low": 1.0703129768371582,
        "Close": 1.15625,
        "Adj Close": 0.8033064007759094,
        "Volume": 20396800.0
    },
    "GM": {
        "Open": null,
        "High": null,
        "Low": null,
        "Close": null,
        "Adj Close": null,
        "Volume": null
    },
    "GOOG": {
        "Open": null,