{
    "AAPL": {
        "Open": 0.125,
        "High": 0.125,
        "Low": 0.12276799976825714,
        "Close": 0.12332600355148315,
        "Adj Close": 0.10346613079309464,
        "Volume": 202048000.0
    },
    "ABBV": {
        "Open": null,
        "High": null,
        "Low": null,
        "Close": null,
        "Adj Close": null,
        "Volume": null
    },
    "ABT": {
        "Open": 14.982067108154297,
        "High": 14.996094703674316,
        "Low": 14.463025093078613,
        "Close": 14.645391464233398,
        "Adj Close": 7.324594497680664,
        "Volume": 6702593.0
    },
    "ACN": {
        "Open": null,
        "High": null,
        "Low": null,
        "Close": null,
        "Adj Close": null,
        "Volume": null
    },
    "ADBE": {
        "Open": 4.375,
        "High": 4.421875,
        "Low": 4.273437976837158,
        "Close": 4.328125,
        "Adj Close": 4.2707319259643555,
        "Volume": 8961600.0
    },
    "AIG": {
        "Open": 752.0,
        "High": 753.3333129882812,
        "Low": 740.0,
        "Close": 752.4444580078125,
        "Adj Close": 441.2983093261719,
        "Volume": 166781.0
    },
    "AMD": {
        "Open": 9.46875,
        "High": 9.46875,
        "Low": 9.09375,
        "Close": 9.125,
        "Adj Close": 9.125,
        "Volume": 2802400.0
    },
    "AMGN": {
        "Open": 13.421875,
        "High": 13.4375,
        "Low": 13.25,
        "Close": 13.296875,
        "Adj Close": 8.993857383728027,
        "Volume": 5817600.0
    },
    "AMT": {
        "Open": null,
        "High": null,
        "Low": null,
        "Close": null,
        "Adj Close": null,
        "Volume": null
    },
    "AMZN": {
        "Open": 0.21770800650119781,
        "High": 0.22135399281978607,
        "Low": 0.2114579975605011,
        "Close": 0.21458299458026886,
        "Adj Close": 0.21458299458026886,
        "Volume": 64080000.0
    },
    "AVGO": {
        "Open": null,
        "High": null,
        "Low": null,
        "Close": null,
        "Adj Close": null,
        "Volume": null
    },
    "AXP": {
        "Open": 26.003704071044922,
        "High": 26.05841064453125,
        "Low": 25.711938858032227,
        "Close": 25.8942928314209,
        "Adj Close": 17.88858413696289,
        "Volume": 3060665.0
    },
    "BA": {
        "Open": 50.1875,
        "High": 50.1875,
        "Low": 49.3125,
        "Close": 49.8125,
        "Adj Close": 31.330568313598633,
        "Volume": 2764400.0
    },
    "BAC": {
        "Open": 31.4375,
        "High": 31.4375,
        "Low": 30.4375,
        "Close": 30.875,
        "Adj Close": 15.008750915527344,
        "Volume": 3076200.0
    },
    "BK": {
        "Open": 30.57425308227539,
        "High": 31.038000106811523,
        "Low": 30.243003845214844,
        "Close": 31.00487518310547,
        "Adj Close": 16.40959930419922,
        "Volume": 2517369.0
    },
    "BKNG": {
        "Open": null,
        "High": null,
        "Low": null,
        "Close": null,
        "Adj Close": null,
        "Volume": null
    },
    "BLK": {
        "Open": null,
        "High": null,
        "Low": null,
        "Close": null,
        "Adj Close": null,
        "Volume": null
    },
    "BMY": {
        "Open": 45.060691833496094,
        "High": 45.060691833496094,
        "Low": 43.484310150146484,
        "Close": 44.04943084716797,
        "Adj Close": 16.178396224975586,
        "Volume": 7390387.0
    },
    "BRK-B": {
        "Open": 30.920000076293945,
        "High": 30.920000076293945,
        "Low": 30.600000381469727,
        "Close": 30.739999771118164,
        "Adj Close": 30.739999771118164,
        "Volume": 45000.0
    },
    "C": {
        "Open": 279.6875,
        "High": 280.0,
        "Low": 268.75,
        "Close": 275.625,
        "Adj Close": 140.170166015625,
        "Volume": 769460.0
    },
    "CAT": {
        "Open": 25.0625,
        "High": 25.0625,
        "Low": 24.125,
        "Close": 24.34375,
        "Adj Close": 12.01136589050293,
        "Volume": 3581000.0
    },
    "CL": {
        "Open": 17.125,
        "High": 17.25,
        "Low": 16.875,
        "Close": 17.109375,
        "Adj Close": 9.471328735351562,
        "Volume": 6650400.0
    },
    "CMCSA": {
        "Open": 5.057013034820557,
        "High": 5.057013034820557,
        "Low": 4.861762046813965,
        "Close": 4.930099964141846,
        "Adj Close": 3.3364973068237305,
        "Volume": 3475646.0
    },
    "COF": {
        "Open": 16.1875,
        "High": 16.375,
        "Low": 16.125,
        "Close": 16.3125,
        "Adj Close": 11.739301681518555,
        "Volume": 1101600.0
    },
    "COP": {
        "Open": 18.200307846069336,
        "High": 18.200307846069336,
        "Low": 17.98590660095215,
        "Close": 18.128841400146484,
        "Adj Close": 7.479247093200684,
        "Volume": 2230045.0
    },
    "COST": {
        "Open": 21.375,
        "High": 21.75,
        "Low": 20.3125,
        "Close": 20.5625,
        "Adj Close": 13.718619346618652,
        "Volume": 4673200.0
    },
    "CRM": {
        "Open": null,
        "High": null,
        "Low": null,
        "Close": null,
        "Adj Close": null,
        "Volume": null
    },
    "CSCO": {
        "Open": 8.979166984558105,
        "High": 9.0,
        "Low": 8.572916984558105,
        "Close": 8.927083015441895,
        "Adj Close": 5.776281356811523,
        "Volume": 67429200.0
    },
    "CVS": {
        "Open": 15.5,
        "High": 15.59375,
        "Low": 15.3125,
        "Close": 15.328125,
        "Adj Close": 9.587587356567383,
        "Volume": 1550800.0
    },
    "CVX": {
        "Open": 37.5625,
        "High": 37.75,
        "Low": 36.875,
        "Close": 37.03125,
        "Adj Close": 13.271504402160645,
        "Volume": 2187800.0
    },
    "DE": {
        "Open": 28.375,
        "High": 28.375,
        "Low": 27.6875,
        "Close": 28.0,
        "Adj Close": 16.123754501342773,
        "Volume": 1457600.0
    },
    "DHR": {
        "Open": 5.224674224853516,
        "High": 5.224674224853516,
        "Low": 5.156412124633789,
        "Close": 5.156412124633789,
        "Adj Close": 3.0430009365081787,
        "Volume": 715350.0
    },
    "DIS": {
        "Open": 31.835176467895508,
        "High": 32.16400909423828,
        "Low": 31.65020751953125,
        "Close": 31.99959373474121,
        "Adj Close": 24.10775375366211,
        "Volume": 4190877.0
    },
    "DUK": {
        "Open": 46.57879638671875,
        "High": 47.01462173461914,
        "Low": 46.46984100341797,
        "Close": 46.90566635131836,
        "Adj Close": 13.244633674621582,
        "Volume": 625366.0
    },
    "EMR": {
        "Open": 28.25,
        "High": 28.46875,
        "Low": 28.0625,
        "Close": 28.15625,
        "Adj Close": 13.279315948486328,
        "Volume": 1384800.0
    },
    "FDX": {
        "Open": 30.1875,
        "High": 30.1875,
        "Low": 28.125,
        "Close": 28.40625,
        "Adj Close": 22.744667053222656,
        "Volume": 3450200.0
    },
    "GD": {
        "Open": 21.609375,
        "High": 21.625,
        "Low": 21.125,
        "Close": 21.328125,
        "Adj Close": 11.998473167419434,
        "Volume": 442400.0
    },
    "GE": {
        "Open": 119.8109359741211,
        "High": 119.91077423095703,
        "Low": 117.91392517089844,
        "Close": 118.21345520019531,
        "Adj Close": 62.01325607299805,
        "Volume": 2227885.0
    },
    "GILD": {
        "Open": 1.167968988418579,
        "High": 1.175781011581421,
        "Low": 1.1015629768371582,
        "Close": 1.109375,
        "Adj Close": 0.7707398533821106,
        "Volume": 10249600.0
    },
    "GM": {
        "Open": null,
        "High": null,
        "Low": null,
        "Close": null,
        "Adj Close": null,
        "Volume": null
    },
    "GOOG": {
        "Open": null,
        "High": null,
        "Low": null,
        "Close": null,