{
    "AAPL": {
        "Open": 0.264508992433548,
        "High": 0.2734380066394806,
        "Low": 0.2578130066394806,
        "Close": 0.2689729928970337,
        "Adj Close": 0.22565865516662598,
        "Volume": 435624000.0
    },
    "ABBV": {
        "Open": null,
        "High": null,
        "Low": null,
        "Close": null,
        "Adj Close": null,
        "Volume": null
    },
    "ABT": {
        "Open": 22.922000885009766,
        "High": 22.922000885009766,
        "Low": 22.024198532104492,
        "Close": 22.30476188659668,
        "Adj Close": 11.700467109680176,
        "Volume": 9333018.0
    },
    "ACN": {
        "Open": null,
        "High": null,
        "Low": null,
        "Close": null,
        "Adj Close": null,
        "Volume": null
    },
    "ADBE": {
        "Open": 33.34375,
        "High": 35.96875,
        "Low": 33.03125,
        "Close": 34.1875,
        "Adj Close": 33.96653366088867,
        "Volume": 9743800.0
    },
    "AIG": {
        "Open": 2035.0,
        "High": 2075.0,
        "Low": 2035.0,
        "Close": 2073.75,
        "Adj Close": 1224.0435791015625,
        "Volume": 218665.0
    },
    "AMD": {
        "Open": 15.25,
        "High": 16.25,
        "Low": 15.0,
        "Close": 16.0625,
        "Adj Close": 16.0625,
        "Volume": 8058400.0
    },
    "AMGN": {
        "Open": 65.75,
        "High": 68.875,
        "Low": 64.6875,
        "Close": 68.375,
        "Adj Close": 46.24809646606445,
        "Volume": 6268500.0
    },
    "AMT": {
        "Open": 34.25,
        "High": 38.4375,
        "Low": 34.25,
        "Close": 38.0625,
        "Adj Close": 27.83045768737793,
        "Volume": 1422600.0
    },
    "AMZN": {
        "Open": 1.165624976158142,
        "High": 1.234375,
        "Low": 1.0625,
        "Close": 1.171875,
        "Adj Close": 1.171875,
        "Volume": 259396000.0
    },
    "AVGO": {
        "Open": null,
        "High": null,
        "Low": null,
        "Close": null,
        "Adj Close": null,
        "Volume": null
    },
    "AXP": {
        "Open": 47.26620101928711,
        "High": 48.907386779785156,
        "Low": 47.26620101928711,
        "Close": 47.97738265991211,
        "Adj Close": 33.93042755126953,
        "Volume": 3791729.0
    },
    "BA": {
        "Open": 67.4375,
        "High": 70.9375,
        "Low": 67.4375,
        "Close": 69.9375,
        "Adj Close": 45.69374465942383,
        "Volume": 5179900.0
    },
    "BAC": {
        "Open": 19.8125,
        "High": 20.65625,
        "Low": 19.78125,
        "Close": 20.4375,
        "Adj Close": 10.9564208984375,
        "Volume": 15146600.0
    },
    "BK": {
        "Open": 57.173519134521484,
        "High": 57.76976776123047,
        "Low": 56.8422737121582,
        "Close": 57.04102325439453,
        "Adj Close": 31.663406372070312,
        "Volume": 2118782.0
    },
    "BKNG": {
        "Open": 12.0,
        "High": 15.5625,
        "Low": 12.0,
        "Close": 14.625,
        "Adj Close": 14.389549255371094,
        "Volume": 593383.0
    },
    "BLK": {
        "Open": 45.5,
        "High": 48.0,
        "Low": 45.4375,
        "Close": 47.5,
        "Adj Close": 28.4261531829834,
        "Volume": 31800.0
    },
    "BMY": {
        "Open": 63.888031005859375,
        "High": 66.02952575683594,
        "Low": 62.75779724121094,
        "Close": 64.8992919921875,
        "Adj Close": 24.920225143432617,
        "Volume": 4343454.0
    },
    "BRK-B": {
        "Open": 43.279998779296875,
        "High": 45.79999923706055,
        "Low": 43.20000076293945,
        "Close": 45.79999923706055,
        "Adj Close": 45.79999923706055,
        "Volume": 1030000.0
    },
    "C": {
        "Open": 504.375,
        "High": 524.375,
        "Low": 504.375,
        "Close": 515.0,
        "Adj Close": 270.6615295410156,
        "Volume": 1343700.0
    },
    "CAT": {
        "Open": 20.78125,
        "High": 21.0625,
        "Low": 20.5,
        "Close": 20.8125,
        "Adj Close": 11.123058319091797,
        "Volume": 2792200.0
    },
    "CL": {
        "Open": 29.5,
        "High": 29.825000762939453,
        "Low": 28.875,
        "Close": 29.174999237060547,
        "Adj Close": 16.753311157226562,
        "Volume": 3128400.0
    },
    "CMCSA": {
        "Open": 10.89503288269043,
        "High": 10.987776756286621,
        "Low": 10.582630157470703,
        "Close": 10.738832473754883,
        "Adj Close": 7.287001132965088,
        "Volume": 608830.0
    },
    "COF": {
        "Open": 59.8125,
        "High": 60.1875,
        "Low": 58.8125,
        "Close": 59.375,
        "Adj Close": 43.080970764160156,
        "Volume": 1330100.0
    },
    "COP": {
        "Open": 20.344322204589844,
        "High": 20.77312660217285,
        "Low": 19.844053268432617,
        "Close": 20.58254623413086,
        "Adj Close": 9.274957656860352,
        "Volume": 2892237.0
    },
    "COST": {
        "Open": 33.9375,
        "High": 34.0,
        "Low": 32.375,
        "Close": 33.25,
        "Adj Close": 22.183305740356445,
        "Volume": 5813100.0
    },
    "CRM": {
        "Open": null,
        "High": null,
        "Low": null,
        "Close": null,
        "Adj Close": null,
        "Volume": null
    },
    "CSCO": {
        "Open": 51.9375,
        "High": 53.25,
        "Low": 51.0,
        "Close": 52.375,
        "Adj Close": 33.88930892944336,
        "Volume": 55400200.0
    },
    "CVS": {
        "Open": 27.34375,
        "High": 27.46875,
        "Low": 26.78125,
        "Close": 26.78125,
        "Adj Close": 17.02942657470703,
        "Volume": 2635000.0
    },
    "CVX": {
        "Open": 40.15625,
        "High": 40.78125,
        "Low": 39.6875,
        "Close": 40.65625,
        "Adj Close": 15.92231559753418,
        "Volume": 3028000.0
    },
    "DE": {
        "Open": 20.90625,
        "High": 21.125,
        "Low": 20.6875,
        "Close": 20.78125,
        "Adj Close": 12.791131973266602,
        "Volume": 1262200.0
    },
    "DHR": {
        "Open": 11.415518760681152,
        "High": 11.573046684265137,
        "Low": 11.342005729675293,
        "Close": 11.415518760681152,
        "Adj Close": 6.763484954833984,
        "Volume": 1839555.0
    },
    "DIS": {
        "Open": 30.211563110351562,
        "High": 30.889781951904297,
        "Low": 30.026594161987305,
        "Close": 30.51984405517578,
        "Adj Close": 23.54774284362793,
        "Volume": 2896300.0
    },
    "DUK": {
        "Open": 75.50668334960938,
        "High": 75.50668334960938,
        "Low": 74.09024810791016,
        "Close": 74.74398803710938,
        "Adj Close": 23.59237289428711,
        "Volume": 1786497.0
    },
    "EMR": {
        "Open": 38.3125,
        "High": 39.875,
        "Low": 37.9375,
        "Close": 39.40625,
        "Adj Close": 19.840986251831055,
        "Volume": 3007800.0
    },
    "FDX": {
        "Open": 47.900001525878906,
        "High": 47.900001525878906,
        "Low": 46.81999969482422,
        "Close": 46.9900016784668,
        "Adj Close": 37.62453842163086,
        "Volume": 1286500.0
    },
    "GD": {
        "Open": 35.03125,
        "High": 36.1875,
        "Low": 34.625,
        "Close": 35.96875,
        "Adj Close": 21.314298629760742,
        "Volume": 1864200.0
    },
    "GE": {
        "Open": 261.1878356933594,
        "High": 266.2798156738281,
        "Low": 260.28924560546875,
        "Close": 264.4826354980469,
        "Adj Close": 144.21128845214844,
        "Volume": 3517730.0
    },
    "GILD": {
        "Open": 2.746093988418579,
        "High": 3.042968988418579,
        "Low": 2.744141101837158,
        "Close": 3.035156011581421,
        "Adj Close": 2.1086788177490234,
        "Volume": 30003200.0
    },
    "GM": {
        "Open": null,
        "High": null,
        "Low": null,
        "Close": null,
        "Adj Close": null,
        "Volume": null
    },
    "GOOG": {
        "Open": null,