{
    "AAPL": {
        "Open": 0.2779020071029663,
        "High": 0.2779020071029663,
        "Low": 0.265625,
        "Close": 0.26785698533058167,
        "Adj Close": 0.22472238540649414,
        "Volume": 344887200.0
    },
    "ABBV": {
        "Open": null,
        "High": null,
        "Low": null,
        "Close": null,
        "Adj Close": null,
        "Volume": null
    },
    "ABT": {
        "Open": 22.753662109375,
        "High": 23.707578659057617,
        "Low": 22.697551727294922,
        "Close": 23.258676528930664,
        "Adj Close": 12.200867652893066,
        "Volume": 7000655.0
    },
    "ACN": {
        "Open": null,
        "High": null,
        "Low": null,
        "Close": null,
        "Adj Close": null,
        "Volume": null
    },
    "ADBE": {
        "Open": 36.03125,
        "High": 36.03125,
        "Low": 32.75,
        "Close": 33.09375,
        "Adj Close": 32.87984848022461,
        "Volume": 5060400.0
    },
    "AIG": {
        "Open": 1983.75,
        "High": 1986.25,
        "Low": 1952.5,
        "Close": 1955.0,
        "Adj Close": 1153.95068359375,
        "Volume": 211305.0
    },
    "AMD": {
        "Open": 17.875,
        "High": 17.875,
        "Low": 16.5625,
        "Close": 16.75,
        "Adj Close": 16.75,
        "Volume": 7575900.0
    },
    "AMGN": {
        "Open": 69.625,
        "High": 70.25,
        "Low": 66.75,
        "Close": 67.125,
        "Adj Close": 45.4025993347168,
        "Volume": 7231900.0
    },
    "AMT": {
        "Open": 39.375,
        "High": 39.5,
        "Low": 37.1875,
        "Close": 37.5625,
        "Adj Close": 27.46488380432129,
        "Volume": 572900.0
    },
    "AMZN": {
        "Open": 1.328125,
        "High": 1.3312499523162842,
        "Low": 1.1749999523162842,
        "Close": 1.1875,
        "Adj Close": 1.1875,
        "Volume": 125636000.0
    },
    "AVGO": {
        "Open": null,
        "High": null,
        "Low": null,
        "Close": null,
        "Adj Close": null,
        "Volume": null
    },
    "AXP": {
        "Open": 49.399742126464844,
        "High": 50.822105407714844,
        "Low": 49.235626220703125,
        "Close": 49.45444869995117,
        "Adj Close": 34.975032806396484,
        "Volume": 3977493.0
    },
    "BA": {
        "Open": 69.125,
        "High": 69.8125,
        "Low": 67.75,
        "Close": 67.875,
        "Adj Close": 44.34621047973633,
        "Volume": 2366600.0
    },
    "BAC": {
        "Open": 21.71875,
        "High": 21.9375,
        "Low": 21.3125,
        "Close": 21.46875,
        "Adj Close": 11.509272575378418,
        "Volume": 14410800.0
    },
    "BK": {
        "Open": 57.76976776123047,
        "High": 58.299766540527344,
        "Low": 56.24602508544922,
        "Close": 56.511024475097656,
        "Adj Close": 31.369218826293945,
        "Volume": 2298217.0
    },
    "BKNG": {
        "Open": 13.5,
        "High": 13.875,
        "Low": 13.125,
        "Close": 13.125,
        "Adj Close": 12.913697242736816,
        "Volume": 453067.0
    },
    "BLK": {
        "Open": 45.0625,
        "High": 45.375,
        "Low": 44.75,
        "Close": 44.75,
        "Adj Close": 26.780433654785156,
        "Volume": 102100.0
    },
    "BMY": {
        "Open": 65.07775115966797,
        "High": 67.51667785644531,
        "Low": 65.07775115966797,
        "Close": 67.27873992919922,
        "Adj Close": 25.833887100219727,
        "Volume": 6046059.0
    },
    "BRK-B": {
        "Open": 45.560001373291016,
        "High": 46.0,
        "Low": 45.29999923706055,
        "Close": 45.599998474121094,
        "Adj Close": 45.599998474121094,
        "Volume": 650000.0
    },
    "C": {
        "Open": 530.0,
        "High": 536.875,
        "Low": 516.875,
        "Close": 530.0,
        "Adj Close": 278.54486083984375,
        "Volume": 1227410.0
    },
    "CAT": {
        "Open": 21.1875,
        "High": 21.59375,
        "Low": 20.71875,
        "Close": 20.84375,
        "Adj Close": 11.139759063720703,
        "Volume": 2747000.0
    },
    "CL": {
        "Open": 29.399999618530273,
        "High": 29.405000686645508,
        "Low": 28.899999618530273,
        "Close": 29.075000762939453,
        "Adj Close": 16.695892333984375,
        "Volume": 2997800.0
    },
    "CMCSA": {
        "Open": 11.48078727722168,
        "High": 12.144641876220703,
        "Low": 11.48078727722168,
        "Close": 12.027490615844727,
        "Adj Close": 8.1614408493042,
        "Volume": 787126.0
    },
    "COF": {
        "Open": 60.25,
        "High": 60.625,
        "Low": 58.0625,
        "Close": 58.0625,
        "Adj Close": 42.1286506652832,
        "Volume": 1085200.0
    },
    "COP": {
        "Open": 20.344322204589844,
        "High": 20.96370506286621,
        "Low": 20.29667854309082,
        "Close": 20.77312660217285,
        "Adj Close": 9.360838890075684,
        "Volume": 2369095.0
    },
    "COST": {
        "Open": 33.5,
        "High": 33.625,
        "Low": 32.5,
        "Close": 32.75,
        "Adj Close": 21.84972381591797,
        "Volume": 6521500.0
    },
    "CRM": {
        "Open": null,
        "High": null,
        "Low": null,
        "Close": null,
        "Adj Close": null,
        "Volume": null
    },
    "CSCO": {
        "Open": 55.1875,
        "High": 55.25,
        "Low": 50.8125,
        "Close": 51.125,
        "Adj Close": 33.080501556396484,
        "Volume": 54330600.0
    },
    "CVS": {
        "Open": 27.375,
        "High": 28.03125,
        "Low": 27.0,
        "Close": 27.9375,
        "Adj Close": 17.7646484375,
        "Volume": 5589200.0
    },
    "CVX": {
        "Open": 40.78125,
        "High": 41.40625,
        "Low": 40.78125,
        "Close": 41.125,
        "Adj Close": 16.105884552001953,
        "Volume": 3157200.0
    },
    "DE": {
        "Open": 21.28125,
        "High": 21.5625,
        "Low": 20.5,
        "Close": 20.5625,
        "Adj Close": 12.656484603881836,
        "Volume": 2332600.0
    },
    "DHR": {
        "Open": 11.342005729675293,
        "High": 11.394515991210938,
        "Low": 10.921932220458984,
        "Close": 10.93243408203125,
        "Adj Close": 6.477262496948242,
        "Volume": 3025655.0
    },
    "DIS": {
        "Open": 29.90328025817871,
        "High": 30.273218154907227,
        "Low": 29.22506332397461,
        "Close": 29.34837532043457,
        "Adj Close": 22.64388656616211,
        "Volume": 5113837.0
    },
    "DUK": {
        "Open": 73.1096420288086,
        "High": 74.90742492675781,
        "Low": 72.02008056640625,
        "Close": 74.36264038085938,
        "Adj Close": 23.472002029418945,
        "Volume": 1851202.0
    },
    "EMR": {
        "Open": 39.0,
        "High": 39.0625,
        "Low": 37.25,
        "Close": 37.5,
        "Adj Close": 18.881195068359375,
        "Volume": 3382800.0
    },
    "FDX": {
        "Open": 46.880001068115234,
        "High": 47.45000076293945,
        "Low": 46.150001525878906,
        "Close": 46.279998779296875,
        "Adj Close": 37.05604553222656,
        "Volume": 1330200.0
    },
    "GD": {
        "Open": 36.875,
        "High": 37.90625,
        "Low": 36.8125,
        "Close": 37.25,
        "Adj Close": 22.073532104492188,
        "Volume": 2576200.0
    },
    "GE": {
        "Open": 253.10060119628906,
        "High": 256.99444580078125,
        "Low": 252.8010711669922,
        "Close": 253.99917602539062,
        "Adj Close": 138.49508666992188,
        "Volume": 3664816.0
    },
    "GILD": {
        "Open": 2.693358898162842,
        "High": 2.695312976837158,
        "Low": 2.488281011581421,
        "Close": 2.496093988418579,
        "Adj Close": 1.734165072441101,
        "Volume": 64384000.0
    },
    "GM": {
        "Open": null,
        "High": null,
        "Low": null,
        "Close": null,
        "Adj Close": null,
        "Volume": null
    },
    "GOOG": {
        "Open": null,
        "High": null,