{
    "AAPL": {
        "Open": 0.2460940033197403,
        "High": 0.2611609995365143,
        "Low": 0.24330399930477142,
        "Close": 0.2566959857940674,
        "Adj Close": 0.21535874903202057,
        "Volume": 565331200.0
    },
    "ABBV": {
        "Open": null,
        "High": null,
        "Low": null,
        "Close": null,
        "Adj Close": null,
        "Volume": null
    },
    "ABT": {
        "Open": 22.445043563842773,
        "High": 22.585325241088867,
        "Low": 21.575298309326172,
        "Close": 21.91197395324707,
        "Adj Close": 11.494425773620605,
        "Volume": 9590313.0
    },
    "ACN": {
        "Open": null,
        "High": null,
        "Low": null,
        "Close": null,
        "Adj Close": null,
        "Volume": null
    },
    "ADBE": {
        "Open": 30.4921875,
        "High": 31.8125,
        "Low": 28.3125,
        "Close": 28.625,
        "Adj Close": 28.439979553222656,
        "Volume": 10588000.0
    },
    "AIG": {
        "Open": 1882.5,
        "High": 1906.25,
        "Low": 1850.0,
        "Close": 1866.25,
        "Adj Close": 1101.5655517578125,
        "Volume": 244730.0
    },
    "AMD": {
        "Open": 15.125,
        "High": 15.375,
        "Low": 14.25,
        "Close": 14.5625,
        "Adj Close": 14.5625,
        "Volume": 5458700.0
    },
    "AMGN": {
        "Open": 63.8125,
        "High": 66.875,
        "Low": 63.625,
        "Close": 63.625,
        "Adj Close": 43.03522872924805,
        "Volume": 7004100.0
    },
    "AMT": {
        "Open": 32.375,
        "High": 35.0,
        "Low": 30.5,
        "Close": 35.0,
        "Adj Close": 25.591232299804688,
        "Volume": 1656600.0
    },
    "AMZN": {
        "Open": 0.809374988079071,
        "High": 0.893750011920929,
        "Low": 0.78125,
        "Close": 0.8343750238418579,
        "Adj Close": 0.8343750238418579,
        "Volume": 441014000.0
    },
    "AVGO": {
        "Open": null,
        "High": null,
        "Low": null,
        "Close": null,
        "Adj Close": null,
        "Volume": null
    },
    "AXP": {
        "Open": 48.086795806884766,
        "High": 48.14149856567383,
        "Low": 44.585594177246094,
        "Close": 45.02324295043945,
        "Adj Close": 31.841211318969727,
        "Volume": 7309951.0
    },
    "BA": {
        "Open": 66.375,
        "High": 66.4375,
        "Low": 64.0625,
        "Close": 65.0,
        "Adj Close": 42.467830657958984,
        "Volume": 4112700.0
    },
    "BAC": {
        "Open": 22.0,
        "High": 22.15625,
        "Low": 21.15625,
        "Close": 21.375,
        "Adj Close": 11.459012985229492,
        "Volume": 17412600.0
    },
    "BK": {
        "Open": 55.583526611328125,
        "High": 57.43851852416992,
        "Low": 54.65603256225586,
        "Close": 56.113525390625,
        "Adj Close": 31.148571014404297,
        "Volume": 2351519.0
    },
    "BKNG": {
        "Open": 7.96875,
        "High": 8.625,
        "Low": 7.3125,
        "Close": 7.5,
        "Adj Close": 7.379256725311279,
        "Volume": 475483.0
    },
    "BLK": {
        "Open": 43.25,
        "High": 43.625,
        "Low": 41.0,
        "Close": 41.75,
        "Adj Close": 24.985078811645508,
        "Volume": 95100.0
    },
    "BMY": {
        "Open": 66.68387603759766,
        "High": 69.42023468017578,
        "Low": 66.6243896484375,
        "Close": 68.11154174804688,
        "Adj Close": 26.153675079345703,
        "Volume": 6599235.0
    },
    "BRK-B": {
        "Open": 44.34000015258789,
        "High": 44.540000915527344,
        "Low": 43.400001525878906,
        "Close": 43.52000045776367,
        "Adj Close": 43.52000045776367,
        "Volume": 380000.0
    },
    "C": {
        "Open": 496.25,
        "High": 500.0,
        "Low": 476.875,
        "Close": 480.0,
        "Adj Close": 252.2671356201172,
        "Volume": 1608050.0
    },
    "CAT": {
        "Open": 21.4375,
        "High": 21.65625,
        "Low": 20.625,
        "Close": 21.53125,
        "Adj Close": 11.507180213928223,
        "Volume": 5809600.0
    },
    "CL": {
        "Open": 29.375,
        "High": 30.0,
        "Low": 29.375,
        "Close": 29.655000686645508,
        "Adj Close": 17.028942108154297,
        "Volume": 2295600.0
    },
    "CMCSA": {
        "Open": 11.67603874206543,
        "High": 11.67603874206543,
        "Low": 11.246484756469727,
        "Close": 11.305061340332031,
        "Adj Close": 7.671219825744629,
        "Volume": 326822.0
    },
    "COF": {
        "Open": 58.0,
        "High": 59.1875,
        "Low": 56.875,
        "Close": 58.8125,
        "Adj Close": 42.67283248901367,
        "Volume": 1289800.0
    },
    "COP": {
        "Open": 20.106098175048828,
        "High": 20.368146896362305,
        "Low": 20.058454513549805,
        "Close": 20.177566528320312,
        "Adj Close": 9.092472076416016,
        "Volume": 1869827.0
    },
    "COST": {
        "Open": 33.75,
        "High": 35.3125,
        "Low": 33.6875,
        "Close": 34.4375,
        "Adj Close": 22.975561141967773,
        "Volume": 5202600.0
    },
    "CRM": {
        "Open": null,
        "High": null,
        "Low": null,
        "Close": null,
        "Adj Close": null,
        "Volume": null
    },
    "CSCO": {
        "Open": 36.5,
        "High": 38.4375,
        "Low": 35.703125,
        "Close": 36.5,
        "Adj Close": 23.617374420166016,
        "Volume": 167411300.0
    },
    "CVS": {
        "Open": 28.96875,
        "High": 29.71875,
        "Low": 28.53125,
        "Close": 29.71875,
        "Adj Close": 18.897300720214844,
        "Volume": 4871000.0
    },
    "CVX": {
        "Open": 40.03125,
        "High": 40.0625,
        "Low": 39.09375,
        "Close": 39.21875,
        "Adj Close": 15.359339714050293,
        "Volume": 4622200.0
    },
    "DE": {
        "Open": 21.25,
        "High": 21.5,
        "Low": 21.125,
        "Close": 21.40625,
        "Adj Close": 13.175827026367188,
        "Volume": 1789400.0
    },
    "DHR": {
        "Open": 10.774906158447266,
        "High": 10.774906158447266,
        "Low": 10.365333557128906,
        "Close": 10.491355895996094,
        "Adj Close": 6.215929985046387,
        "Volume": 6216757.0
    },
    "DIS": {
        "Open": 27.375375747680664,
        "High": 27.375375747680664,
        "Low": 26.450531005859375,
        "Close": 26.69715690612793,
        "Adj Close": 20.59832763671875,
        "Volume": 9131779.0
    },
    "DUK": {
        "Open": 74.09024810791016,
        "High": 76.10594177246094,
        "Low": 73.00068664550781,
        "Close": 74.6350326538086,
        "Adj Close": 23.5579833984375,
        "Volume": 2096369.0
    },
    "EMR": {
        "Open": 35.6875,
        "High": 36.0625,
        "Low": 35.6875,
        "Close": 35.96875,
        "Adj Close": 18.110210418701172,
        "Volume": 4124800.0
    },
    "FDX": {
        "Open": 37.900001525878906,
        "High": 38.029998779296875,
        "Low": 36.599998474121094,
        "Close": 37.25,
        "Adj Close": 29.8257999420166,
        "Volume": 2073400.0
    },
    "GD": {
        "Open": 37.6875,
        "High": 37.71875,
        "Low": 35.8125,
        "Close": 36.53125,
        "Adj Close": 21.647624969482422,
        "Volume": 1819800.0
    },
    "GE": {
        "Open": 232.7327423095703,
        "High": 236.92611694335938,
        "Low": 227.34124755859375,
        "Close": 227.34124755859375,
        "Adj Close": 123.95967102050781,
        "Volume": 4228412.0
    },
    "GILD": {
        "Open": 2.5,
        "High": 2.53125,
        "Low": 2.205077886581421,
        "Close": 2.423827886581421,
        "Adj Close": 1.6839579343795776,
        "Volume": 43113600.0
    },
    "GM": {
        "Open": null,
        "High": null,
        "Low": null,
        "Close": null,
        "Adj Close": null,
        "Volume": null
    },
    "GOOG": {
        "Open": null,
        "High": null,