{
    "AAPL": {
        "Open": 0.2622770071029663,
        "High": 0.26785698533058167,
        "Low": 0.2589290142059326,
        "Close": 0.265625,
        "Adj Close": 0.22284990549087524,
        "Volume": 630336000.0
    },
    "ABBV": {
        "Open": null,
        "High": null,
        "Low": null,
        "Close": null,
        "Adj Close": null,
        "Volume": null
    },
    "ABT": {
        "Open": 21.743635177612305,
        "High": 21.96808624267578,
        "Low": 21.491130828857422,
        "Close": 21.743635177612305,
        "Adj Close": 11.406113624572754,
        "Volume": 4274440.0
    },
    "ACN": {
        "Open": null,
        "High": null,
        "Low": null,
        "Close": null,
        "Adj Close": null,
        "Volume": null
    },
    "ADBE": {
        "Open": 30.84375,
        "High": 31.0,
        "Low": 28.3125,
        "Close": 29.09375,
        "Adj Close": 28.905698776245117,
        "Volume": 7619600.0
    },
    "AIG": {
        "Open": 1992.5,
        "High": 2003.75,
        "Low": 1970.0,
        "Close": 1971.25,
        "Adj Close": 1163.5423583984375,
        "Volume": 131090.0
    },
    "AMD": {
        "Open": 14.3125,
        "High": 14.5,
        "Low": 13.8125,
        "Close": 13.8125,
        "Adj Close": 13.8125,
        "Volume": 6342700.0
    },
    "AMGN": {
        "Open": 66.875,
        "High": 67.375,
        "Low": 63.9375,
        "Close": 63.9375,
        "Adj Close": 43.24660110473633,
        "Volume": 5827400.0
    },
    "AMT": {
        "Open": 37.5,
        "High": 38.0,
        "Low": 37.5,
        "Close": 37.875,
        "Adj Close": 27.6933650970459,
        "Volume": 1007600.0
    },
    "AMZN": {
        "Open": 0.8374999761581421,
        "High": 0.856249988079071,
        "Low": 0.75,
        "Close": 0.778124988079071,
        "Adj Close": 0.778124988079071,
        "Volume": 196994000.0
    },
    "AVGO": {
        "Open": null,
        "High": null,
        "Low": null,
        "Close": null,
        "Adj Close": null,
        "Volume": null
    },
    "AXP": {
        "Open": 47.70384979248047,
        "High": 48.524444580078125,
        "Low": 47.59443664550781,
        "Close": 48.086795806884766,
        "Adj Close": 34.00779342651367,
        "Volume": 4380441.0
    },
    "BA": {
        "Open": 65.625,
        "High": 66.75,
        "Low": 65.625,
        "Close": 66.0,
        "Adj Close": 43.121192932128906,
        "Volume": 2554100.0
    },
    "BAC": {
        "Open": 23.4375,
        "High": 23.4375,
        "Low": 22.75,
        "Close": 22.9375,
        "Adj Close": 12.296656608581543,
        "Volume": 7570800.0
    },
    "BK": {
        "Open": 59.691009521484375,
        "High": 60.751007080078125,
        "Low": 58.49851608276367,
        "Close": 58.49851608276367,
        "Adj Close": 32.472469329833984,
        "Volume": 1406798.0
    },
    "BKNG": {
        "Open": 7.6875,
        "High": 8.625,
        "Low": 7.3125,
        "Close": 7.875,
        "Adj Close": 7.748218536376953,
        "Volume": 983717.0
    },
    "BLK": {
        "Open": 43.4375,
        "High": 44.0,
        "Low": 42.0,
        "Close": 42.0,
        "Adj Close": 25.13469123840332,
        "Volume": 71700.0
    },
    "BMY": {
        "Open": 70.4314956665039,
        "High": 71.2643051147461,
        "Low": 70.19355773925781,
        "Close": 70.37200927734375,
        "Adj Close": 27.021652221679688,
        "Volume": 3976667.0
    },
    "BRK-B": {
        "Open": 46.439998626708984,
        "High": 47.5,
        "Low": 45.84000015258789,
        "Close": 47.08000183105469,
        "Adj Close": 47.08000183105469,
        "Volume": 910000.0
    },
    "C": {
        "Open": 517.5,
        "High": 521.875,
        "Low": 510.0,
        "Close": 510.625,
        "Adj Close": 268.3622131347656,
        "Volume": 931420.0
    },
    "CAT": {
        "Open": 23.8125,
        "High": 23.96875,
        "Low": 23.40625,
        "Close": 23.65625,
        "Adj Close": 12.642873764038086,
        "Volume": 3051800.0
    },
    "CL": {
        "Open": 32.625,
        "High": 32.845001220703125,
        "Low": 32.224998474121094,
        "Close": 32.275001525878906,
        "Adj Close": 18.533449172973633,
        "Volume": 2540000.0
    },
    "CMCSA": {
        "Open": 12.769447326660156,
        "High": 13.12090015411377,
        "Low": 12.769447326660156,
        "Close": 12.906123161315918,
        "Adj Close": 8.757647514343262,
        "Volume": 311777.0
    },
    "COF": {
        "Open": 67.25,
        "High": 68.0,
        "Low": 65.6875,
        "Close": 65.8125,
        "Adj Close": 47.7518310546875,
        "Volume": 776000.0
    },
    "COP": {
        "Open": 22.202470779418945,
        "High": 22.297758102416992,
        "Low": 21.55926513671875,
        "Close": 21.678377151489258,
        "Adj Close": 9.768769264221191,
        "Volume": 1979230.0
    },
    "COST": {
        "Open": 39.0,
        "High": 41.5,
        "Low": 38.875,
        "Close": 39.9375,
        "Adj Close": 26.644994735717773,
        "Volume": 7229800.0
    },
    "CRM": {
        "Open": null,
        "High": null,
        "Low": null,
        "Close": null,
        "Adj Close": null,
        "Volume": null
    },
    "CSCO": {
        "Open": 38.875,
        "High": 39.5,
        "Low": 37.0,
        "Close": 38.25,
        "Adj Close": 24.749713897705078,
        "Volume": 72819200.0
    },
    "CVS": {
        "Open": 30.15625,
        "High": 30.21875,
        "Low": 29.875,
        "Close": 29.96875,
        "Adj Close": 19.056272506713867,
        "Volume": 2292400.0
    },
    "CVX": {
        "Open": 42.9375,
        "High": 43.46875,
        "Low": 42.21875,
        "Close": 42.21875,
        "Adj Close": 16.534238815307617,
        "Volume": 3377200.0
    },
    "DE": {
        "Open": 23.1875,
        "High": 23.5625,
        "Low": 22.84375,
        "Close": 22.90625,
        "Adj Close": 14.166666984558105,
        "Volume": 1033400.0
    },
    "DHR": {
        "Open": 11.552043914794922,
        "High": 11.70957088470459,
        "Low": 11.478530883789062,
        "Close": 11.489031791687012,
        "Adj Close": 6.809109210968018,
        "Volume": 1712197.0
    },
    "DIS": {
        "Open": 28.361875534057617,
        "High": 28.731813430786133,
        "Low": 28.0535945892334,
        "Close": 28.546844482421875,
        "Adj Close": 22.025466918945312,
        "Volume": 4627876.0
    },
    "DUK": {
        "Open": 75.28877258300781,
        "High": 75.34324645996094,
        "Low": 74.09024810791016,
        "Close": 74.30816650390625,
        "Adj Close": 23.454803466796875,
        "Volume": 1101704.0
    },
    "EMR": {
        "Open": 39.46875,
        "High": 39.8125,
        "Low": 39.21875,
        "Close": 39.40625,
        "Adj Close": 19.840986251831055,
        "Volume": 2521600.0
    },
    "FDX": {
        "Open": 38.810001373291016,
        "High": 40.25,
        "Low": 38.810001373291016,
        "Close": 39.959999084472656,
        "Adj Close": 31.99567413330078,
        "Volume": 1048500.0
    },
    "GD": {
        "Open": 38.40625,
        "High": 39.5,
        "Low": 38.3125,
        "Close": 39.0,
        "Adj Close": 23.110553741455078,
        "Volume": 1991000.0
    },
    "GE": {
        "Open": 232.43321228027344,
        "High": 233.93084716796875,
        "Low": 228.2398223876953,
        "Close": 229.7374725341797,
        "Adj Close": 125.67394256591797,
        "Volume": 2291798.0
    },
    "GILD": {
        "Open": 2.519531011581421,
        "High": 2.699218988418579,
        "Low": 2.519531011581421,
        "Close": 2.591797113418579,
        "Adj Close": 1.8006550073623657,
        "Volume": 15110400.0
    },
    "GM": {
        "Open": null,
        "High": null,
        "Low": null,
        "Close": null,
        "Adj Close": null,
        "Volume": null
    },
    "GOOG": {
        "Open": null,
        "High": null,