{
    "AAPL": {
        "Open": 0.23660700023174286,
        "High": 0.23883900046348572,
        "Low": 0.234375,
        "Close": 0.2377229928970337,
        "Adj Close": 0.1994410753250122,
        "Volume": 118440000.0
    },
    "ABBV": {
        "Open": null,
        "High": null,
        "Low": null,
        "Close": null,
        "Adj Close": null,
        "Volume": null
    },
    "ABT": {
        "Open": 9.763593673706055,
        "High": 9.79164981842041,
        "Low": 9.56719970703125,
        "Close": 9.70748233795166,
        "Adj Close": 4.6709699630737305,
        "Volume": 7930481.0
    },
    "ACN": {
        "Open": null,
        "High": null,
        "Low": null,
        "Close": null,
        "Adj Close": null,
        "Volume": null
    },
    "ADBE": {
        "Open": 4.03125,
        "High": 4.171875,
        "Low": 4.015625,
        "Close": 4.09375,
        "Adj Close": 3.997514247894287,
        "Volume": 10992000.0
    },
    "AIG": {
        "Open": 469.3333435058594,
        "High": 469.3333435058594,
        "Low": 465.1851806640625,
        "Close": 468.1481628417969,
        "Adj Close": 272.7026672363281,
        "Volume": 125613.0
    },
    "AMD": {
        "Open": 9.375,
        "High": 9.4375,
        "Low": 9.25,
        "Close": 9.375,
        "Adj Close": 9.375,
        "Volume": 906000.0
    },
    "AMGN": {
        "Open": 15.6875,
        "High": 16.125,
        "Low": 15.6875,
        "Close": 16.03125,
        "Adj Close": 10.843355178833008,
        "Volume": 13074800.0
    },
    "AMT": {
        "Open": null,
        "High": null,
        "Low": null,
        "Close": null,
        "Adj Close": null,
        "Volume": null
    },
    "AMZN": {
        "Open": null,
        "High": null,
        "Low": null,
        "Close": null,
        "Adj Close": null,
        "Volume": null
    },
    "AVGO": {
        "Open": null,
        "High": null,
        "Low": null,
        "Close": null,
        "Adj Close": null,
        "Volume": null
    },
    "AXP": {
        "Open": 13.676563262939453,
        "High": 13.785975456237793,
        "Low": 13.530678749084473,
        "Close": 13.713032722473145,
        "Adj Close": 9.215045928955078,
        "Volume": 5082829.0
    },
    "BA": {
        "Open": 40.75,
        "High": 40.9375,
        "Low": 40.4375,
        "Close": 40.625,
        "Adj Close": 25.033201217651367,
        "Volume": 1495000.0
    },
    "BAC": {
        "Open": 19.03125,
        "High": 19.71875,
        "Low": 19.0,
        "Close": 19.625,
        "Adj Close": 9.137239456176758,
        "Volume": 3048400.0
    },
    "BK": {
        "Open": 13.846195220947266,
        "High": 13.945569038391113,
        "Low": 13.846195220947266,
        "Close": 13.912444114685059,
        "Adj Close": 7.013718128204346,
        "Volume": 4025676.0
    },
    "BKNG": {
        "Open": null,
        "High": null,
        "Low": null,
        "Close": null,
        "Adj Close": null,
        "Volume": null
    },
    "BLK": {
        "Open": null,
        "High": null,
        "Low": null,
        "Close": null,
        "Adj Close": null,
        "Volume": null
    },
    "BMY": {
        "Open": 20.67140769958496,
        "High": 20.879608154296875,
        "Low": 20.641664505004883,
        "Close": 20.879608154296875,
        "Adj Close": 7.316342353820801,
        "Volume": 3051555.0
    },
    "BRK-B": {
        "Open": null,
        "High": null,
        "Low": null,
        "Close": null,
        "Adj Close": null,
        "Volume": null
    },
    "C": {
        "Open": 113.75,
        "High": 113.95833587646484,
        "Low": 111.66666412353516,
        "Close": 112.70833587646484,
        "Adj Close": 56.188880920410156,
        "Volume": 900840.0
    },
    "CAT": {
        "Open": 16.9375,
        "High": 16.9375,
        "Low": 16.71875,
        "Close": 16.9375,
        "Adj Close": 8.06838321685791,
        "Volume": 3389200.0
    },
    "CL": {
        "Open": 10.078125,
        "High": 10.1875,
        "Low": 10.0625,
        "Close": 10.171875,
        "Adj Close": 5.440221786499023,
        "Volume": 3740800.0
    },
    "CMCSA": {
        "Open": 3.1435489654541016,
        "High": 3.1435489654541016,
        "Low": 3.104499101638794,
        "Close": 3.1337859630584717,
        "Adj Close": 2.103632926940918,
        "Volume": 553133.0
    },
    "COF": {
        "Open": 8.875,
        "High": 9.041666984558105,
        "Low": 8.833333015441895,
        "Close": 8.916666984558105,
        "Adj Close": 6.312892913818359,
        "Volume": 937200.0
    },
    "COP": {
        "Open": 13.769343376159668,
        "High": 13.912277221679688,
        "Low": 13.674053192138672,
        "Close": 13.912277221679688,
        "Adj Close": 5.439952850341797,
        "Volume": 1354818.0
    },
    "COST": {
        "Open": 9.0,
        "High": 9.125,
        "Low": 8.9375,
        "Close": 9.0,
        "Adj Close": 6.004504680633545,
        "Volume": 3376800.0
    },
    "CRM": {
        "Open": null,
        "High": null,
        "Low": null,
        "Close": null,
        "Adj Close": null,
        "Volume": null
    },
    "CSCO": {
        "Open": 4.875,
        "High": 5.222221851348877,
        "Low": 4.861111164093018,
        "Close": 5.222221851348877,
        "Adj Close": 3.379045248031616,
        "Volume": 78426900.0
    },
    "CVS": {
        "Open": 8.21875,
        "High": 8.3125,
        "Low": 8.1875,
        "Close": 8.21875,
        "Adj Close": 4.406848430633545,
        "Volume": 2135600.0
    },
    "CVX": {
        "Open": 27.75,
        "High": 27.8125,
        "Low": 27.25,
        "Close": 27.6875,
        "Adj Close": 9.376683235168457,
        "Volume": 2691200.0
    },
    "DE": {
        "Open": 20.4375,
        "High": 20.5625,
        "Low": 19.9375,
        "Close": 20.5625,
        "Adj Close": 11.47678279876709,
        "Volume": 2041800.0
    },
    "DHR": {
        "Open": 2.9300179481506348,
        "High": 2.9300179481506348,
        "Low": 2.909014940261841,
        "Close": 2.909014940261841,
        "Adj Close": 1.7100133895874023,
        "Volume": 407071.0
    },
    "DIS": {
        "Open": 21.94962501525879,
        "High": 22.011280059814453,
        "Low": 21.826313018798828,
        "Close": 21.94962501525879,
        "Adj Close": 16.339366912841797,
        "Volume": 3107653.0
    },
    "DUK": {
        "Open": 43.0377197265625,
        "High": 43.36458969116211,
        "Low": 42.92876434326172,
        "Close": 43.25563049316406,
        "Adj Close": 11.298667907714844,
        "Volume": 198818.0
    },
    "EMR": {
        "Open": 20.4375,
        "High": 20.625,
        "Low": 20.28125,
        "Close": 20.5625,
        "Adj Close": 9.3402681350708,
        "Volume": 2021600.0
    },
    "FDX": {
        "Open": 18.65625,
        "High": 18.875,
        "Low": 18.59375,
        "Close": 18.84375,
        "Adj Close": 15.088048934936523,
        "Volume": 966000.0
    },
    "GD": {
        "Open": 15.125,
        "High": 15.375,
        "Low": 15.03125,
        "Close": 15.375,
        "Adj Close": 8.297073364257812,
        "Volume": 397200.0
    },
    "GE": {
        "Open": 62.002159118652344,
        "High": 62.60121154785156,
        "Low": 61.90231704711914,
        "Close": 62.50136947631836,
        "Adj Close": 31.873737335205078,
        "Volume": 1855924.0
    },
    "GILD": {
        "Open": 1.15625,
        "High": 1.171875,
        "Low": 1.136718988418579,
        "Close": 1.152343988418579,
        "Adj Close": 0.8005925416946411,
        "Volume": 8243200.0
    },
    "GM": {
        "Open": null,
        "High": null,
        "Low": null,
        "Close": null,
        "Adj Close": null,
        "Volume": null
    },
    "GOOG": {
        "Open": null,
        "High": null,
        "Low": null,
        "Close": null,
        "Adj Close": null,
        "Volume": null
    },
    "GOOGL": {
        "Open": null,