{
    "AAPL": {
        "Open": 0.2310270071029663,
        "High": 0.2310270071029663,
        "Low": 0.22767899930477142,
        "Close": 0.22879500687122345,
        "Adj Close": 0.19195087254047394,
        "Volume": 93363200.0
    },
    "ABBV": {
        "Open": null,
        "High": null,
        "Low": null,
        "Close": null,
        "Adj Close": null,
        "Volume": null
    },
    "ABT": {
        "Open": 9.370805740356445,
        "High": 9.539143562316895,
        "Low": 9.370805740356445,
        "Close": 9.454975128173828,
        "Adj Close": 4.549469947814941,
        "Volume": 4567155.0
    },
    "ACN": {
        "Open": null,
        "High": null,
        "Low": null,
        "Close": null,
        "Adj Close": null,
        "Volume": null
    },
    "ADBE": {
        "Open": 4.375,
        "High": 4.40625,
        "Low": 4.25,
        "Close": 4.25,
        "Adj Close": 4.150088787078857,
        "Volume": 8879200.0
    },
    "AIG": {
        "Open": 437.3333435058594,
        "High": 442.0740661621094,
        "Low": 435.5555419921875,
        "Close": 435.5555419921875,
        "Adj Close": 253.935546875,
        "Volume": 219923.0
    },
    "AMD": {
        "Open": 8.6875,
        "High": 8.8125,
        "Low": 8.625,
        "Close": 8.625,
        "Adj Close": 8.625,
        "Volume": 938800.0
    },
    "AMGN": {
        "Open": 15.53125,
        "High": 15.8125,
        "Low": 15.3125,
        "Close": 15.5625,
        "Adj Close": 10.526300430297852,
        "Volume": 7890000.0
    },
    "AMT": {
        "Open": null,
        "High": null,
        "Low": null,
        "Close": null,
        "Adj Close": null,
        "Volume": null
    },
    "AMZN": {
        "Open": null,
        "High": null,
        "Low": null,
        "Close": null,
        "Adj Close": null,
        "Volume": null
    },
    "AVGO": {
        "Open": null,
        "High": null,
        "Low": null,
        "Close": null,
        "Adj Close": null,
        "Volume": null
    },
    "AXP": {
        "Open": 13.421266555786133,
        "High": 13.858917236328125,
        "Low": 13.421266555786133,
        "Close": 13.785975456237793,
        "Adj Close": 9.264060974121094,
        "Volume": 10152291.0
    },
    "BA": {
        "Open": 40.5,
        "High": 41.4375,
        "Low": 40.5,
        "Close": 41.125,
        "Adj Close": 25.341299057006836,
        "Volume": 1896800.0
    },
    "BAC": {
        "Open": 18.40625,
        "High": 18.5625,
        "Low": 18.34375,
        "Close": 18.40625,
        "Adj Close": 8.569798469543457,
        "Volume": 2471600.0
    },
    "BK": {
        "Open": 13.117447853088379,
        "High": 13.44869613647461,
        "Low": 13.117447853088379,
        "Close": 13.415571212768555,
        "Adj Close": 6.763230323791504,
        "Volume": 2393594.0
    },
    "BKNG": {
        "Open": null,
        "High": null,
        "Low": null,
        "Close": null,
        "Adj Close": null,
        "Volume": null
    },
    "BLK": {
        "Open": null,
        "High": null,
        "Low": null,
        "Close": null,
        "Adj Close": null,
        "Volume": null
    },
    "BMY": {
        "Open": 20.2550048828125,
        "High": 20.314489364624023,
        "Low": 19.868345260620117,
        "Close": 20.046802520751953,
        "Adj Close": 7.024521350860596,
        "Volume": 7125198.0
    },
    "BRK-B": {
        "Open": null,
        "High": null,
        "Low": null,
        "Close": null,
        "Adj Close": null,
        "Volume": null
    },
    "C": {
        "Open": 105.0,
        "High": 107.29166412353516,
        "Low": 104.375,
        "Close": 104.375,
        "Adj Close": 52.03443908691406,
        "Volume": 656340.0
    },
    "CAT": {
        "Open": 17.65625,
        "High": 17.84375,
        "Low": 17.65625,
        "Close": 17.71875,
        "Adj Close": 8.440546035766602,
        "Volume": 3598000.0
    },
    "CL": {
        "Open": 10.015625,
        "High": 10.015625,
        "Low": 9.828125,
        "Close": 9.84375,
        "Adj Close": 5.264730930328369,
        "Volume": 5496000.0
    },
    "CMCSA": {
        "Open": 3.026397943496704,
        "High": 3.0459229946136475,
        "Low": 2.967823028564453,
        "Close": 2.967823028564453,
        "Adj Close": 1.9922276735305786,
        "Volume": 955178.0
    },
    "COF": {
        "Open": 8.208333015441895,
        "High": 8.458333015441895,
        "Low": 8.208333015441895,
        "Close": 8.375,
        "Adj Close": 5.9293975830078125,
        "Volume": 1775400.0
    },
    "COP": {
        "Open": 14.769883155822754,
        "High": 15.103397369384766,
        "Low": 14.722238540649414,
        "Close": 15.00810718536377,
        "Adj Close": 5.86843729019165,
        "Volume": 4957258.0
    },
    "COST": {
        "Open": 9.125,
        "High": 9.75,
        "Low": 9.125,
        "Close": 9.4375,
        "Adj Close": 6.296389579772949,
        "Volume": 4573000.0
    },
    "CRM": {
        "Open": null,
        "High": null,
        "Low": null,
        "Close": null,
        "Adj Close": null,
        "Volume": null
    },
    "CSCO": {
        "Open": 5.152778148651123,
        "High": 5.277778148651123,
        "Low": 5.069444179534912,
        "Close": 5.1041669845581055,
        "Adj Close": 3.3026580810546875,
        "Volume": 61593300.0
    },
    "CVS": {
        "Open": 8.46875,
        "High": 8.59375,
        "Low": 8.375,
        "Close": 8.5625,
        "Adj Close": 4.591163635253906,
        "Volume": 1630800.0
    },
    "CVX": {
        "Open": 27.4375,
        "High": 28.125,
        "Low": 27.4375,
        "Close": 28.0,
        "Adj Close": 9.482522964477539,
        "Volume": 2596400.0
    },
    "DE": {
        "Open": 21.625,
        "High": 22.0625,
        "Low": 21.0,
        "Close": 21.0,
        "Adj Close": 11.720970153808594,
        "Volume": 2743800.0
    },
    "DHR": {
        "Open": 2.9405200481414795,
        "High": 2.9720261096954346,
        "Low": 2.9405200481414795,
        "Close": 2.96152400970459,
        "Adj Close": 1.7408801317214966,
        "Volume": 790336.0
    },
    "DIS": {
        "Open": 22.68950080871582,
        "High": 22.97722816467285,
        "Low": 22.68950080871582,
        "Close": 22.936124801635742,
        "Adj Close": 17.073713302612305,
        "Volume": 22356918.0
    },
    "DUK": {
        "Open": 42.38397979736328,
        "High": 42.60189437866211,
        "Low": 42.05711364746094,
        "Close": 42.49293899536133,
        "Adj Close": 11.09945011138916,
        "Volume": 402226.0
    },
    "EMR": {
        "Open": 19.78125,
        "High": 20.15625,
        "Low": 19.75,
        "Close": 19.90625,
        "Adj Close": 9.042170524597168,
        "Volume": 1413200.0
    },
    "FDX": {
        "Open": 18.34375,
        "High": 18.4375,
        "Low": 17.875,
        "Close": 18.0,
        "Adj Close": 14.412467956542969,
        "Volume": 824400.0
    },
    "GD": {
        "Open": 15.0625,
        "High": 15.09375,
        "Low": 14.84375,
        "Close": 14.84375,
        "Adj Close": 8.01038932800293,
        "Volume": 421200.0
    },
    "GE": {
        "Open": 59.90546798706055,
        "High": 60.70420837402344,
        "Low": 59.805625915527344,
        "Close": 60.00531005859375,
        "Adj Close": 30.60083770751953,
        "Volume": 3027520.0
    },
    "GILD": {
        "Open": 1.09375,
        "High": 1.1484379768371582,
        "Low": 1.078125,
        "Close": 1.0859379768371582,
        "Adj Close": 0.7544568777084351,
        "Volume": 20204800.0
    },
    "GM": {
        "Open": null,
        "High": null,
        "Low": null,
        "Close": null,
        "Adj Close": null,
        "Volume": null
    },
    "GOOG": {
        "Open": null,
        "High": null,
        "Low": null,
        "Close": null,
        "Adj Close": null,
        "Volume": null
    },
    "GOOGL": {
        "Open": null,