{
    "AAPL": {
        "Open": 0.22767899930477142,
        "High": 0.22767899930477142,
        "Low": 0.22321400046348572,
        "Close": 0.22432999312877655,
        "Adj Close": 0.1882048100233078,
        "Volume": 109984000.0
    },
    "ABBV": {
        "Open": null,
        "High": null,
        "Low": null,
        "Close": null,
        "Adj Close": null,
        "Volume": null
    },
    "ABT": {
        "Open": 9.146354675292969,
        "High": 9.314693450927734,
        "Low": 9.146354675292969,
        "Close": 9.258581161499023,
        "Adj Close": 4.454969882965088,
        "Volume": 8206711.0
    },
    "ACN": {
        "Open": null,
        "High": null,
        "Low": null,
        "Close": null,
        "Adj Close": null,
        "Volume": null
    },
    "ADBE": {
        "Open": 4.296875,
        "High": 4.296875,
        "Low": 4.171875,
        "Close": 4.28125,
        "Adj Close": 4.180604457855225,
        "Volume": 7402400.0
    },
    "AIG": {
        "Open": 455.1111145019531,
        "High": 458.0740661621094,
        "Low": 453.9259338378906,
        "Close": 455.1111145019531,
        "Adj Close": 265.3368225097656,
        "Volume": 144218.0
    },
    "AMD": {
        "Open": 8.6875,
        "High": 9.125,
        "Low": 8.5,
        "Close": 8.625,
        "Adj Close": 8.625,
        "Volume": 1301800.0
    },
    "AMGN": {
        "Open": 15.3125,
        "High": 15.46875,
        "Low": 15.0,
        "Close": 15.4375,
        "Adj Close": 10.441751480102539,
        "Volume": 13918400.0
    },
    "AMT": {
        "Open": null,
        "High": null,
        "Low": null,
        "Close": null,
        "Adj Close": null,
        "Volume": null
    },
    "AMZN": {
        "Open": null,
        "High": null,
        "Low": null,
        "Close": null,
        "Adj Close": null,
        "Volume": null
    },
    "AVGO": {
        "Open": null,
        "High": null,
        "Low": null,
        "Close": null,
        "Adj Close": null,
        "Volume": null
    },
    "AXP": {
        "Open": 14.260095596313477,
        "High": 14.260095596313477,
        "Low": 14.004799842834473,
        "Close": 14.150683403015137,
        "Adj Close": 9.509140014648438,
        "Volume": 2281275.0
    },
    "BA": {
        "Open": 43.625,
        "High": 44.0625,
        "Low": 43.375,
        "Close": 43.8125,
        "Adj Close": 26.99734115600586,
        "Volume": 1847000.0
    },
    "BAC": {
        "Open": 18.75,
        "High": 18.8125,
        "Low": 18.46875,
        "Close": 18.5,
        "Adj Close": 8.613447189331055,
        "Volume": 2416800.0
    },
    "BK": {
        "Open": 13.978693962097168,
        "High": 13.995257377624512,
        "Low": 13.71369457244873,
        "Close": 13.746820449829102,
        "Adj Close": 6.930224418640137,
        "Volume": 1401892.0
    },
    "BKNG": {
        "Open": null,
        "High": null,
        "Low": null,
        "Close": null,
        "Adj Close": null,
        "Volume": null
    },
    "BLK": {
        "Open": null,
        "High": null,
        "Low": null,
        "Close": null,
        "Adj Close": null,
        "Volume": null
    },
    "BMY": {
        "Open": 20.3442325592041,
        "High": 20.760635375976562,
        "Low": 20.3442325592041,
        "Close": 20.55243492126465,
        "Adj Close": 7.201700687408447,
        "Volume": 4433812.0
    },
    "BRK-B": {
        "Open": null,
        "High": null,
        "Low": null,
        "Close": null,
        "Adj Close": null,
        "Volume": null
    },
    "C": {
        "Open": 107.5,
        "High": 109.58333587646484,
        "Low": 106.66666412353516,
        "Close": 107.29166412353516,
        "Adj Close": 53.48851776123047,
        "Volume": 477360.0
    },
    "CAT": {
        "Open": 17.6875,
        "High": 17.6875,
        "Low": 17.46875,
        "Close": 17.5,
        "Adj Close": 8.336341857910156,
        "Volume": 1518800.0
    },
    "CL": {
        "Open": 10.015625,
        "High": 10.046875,
        "Low": 9.9375,
        "Close": 10.0,
        "Adj Close": 5.348298072814941,
        "Volume": 1582400.0
    },
    "CMCSA": {
        "Open": 2.8506720066070557,
        "High": 2.8506720066070557,
        "Low": 2.792095899581909,
        "Close": 2.8116209506988525,
        "Adj Close": 1.8873714208602905,
        "Volume": 1095382.0
    },
    "COF": {
        "Open": 9.25,
        "High": 9.25,
        "Low": 8.916666984558105,
        "Close": 9.0,
        "Adj Close": 6.37188720703125,
        "Volume": 983100.0
    },
    "COP": {
        "Open": 14.91281795501709,
        "High": 15.103397369384766,
        "Low": 14.817527770996094,
        "Close": 15.00810718536377,
        "Adj Close": 5.86843729019165,
        "Volume": 4305036.0
    },
    "COST": {
        "Open": 9.5,
        "High": 9.625,
        "Low": 9.4375,
        "Close": 9.4375,
        "Adj Close": 6.296389579772949,
        "Volume": 3550000.0
    },
    "CRM": {
        "Open": null,
        "High": null,
        "Low": null,
        "Close": null,
        "Adj Close": null,
        "Volume": null
    },
    "CSCO": {
        "Open": 5.090278148651123,
        "High": 5.111111164093018,
        "Low": 4.9166669845581055,
        "Close": 4.972221851348877,
        "Adj Close": 3.217282772064209,
        "Volume": 98397000.0
    },
    "CVS": {
        "Open": 8.34375,
        "High": 8.46875,
        "Low": 8.28125,
        "Close": 8.375,
        "Adj Close": 4.490630626678467,
        "Volume": 1167600.0
    },
    "CVX": {
        "Open": 27.8125,
        "High": 27.9375,
        "Low": 27.5,
        "Close": 27.8125,
        "Adj Close": 9.419023513793945,
        "Volume": 1565400.0
    },
    "DE": {
        "Open": 20.875,
        "High": 20.9375,
        "Low": 20.5,
        "Close": 20.6875,
        "Adj Close": 11.546551704406738,
        "Volume": 1656000.0
    },
    "DHR": {
        "Open": 3.0560410022735596,
        "High": 3.140054941177368,
        "Low": 3.0560410022735596,
        "Close": 3.129554033279419,
        "Adj Close": 1.8406647443771362,
        "Volume": 509434.0
    },
    "DIS": {
        "Open": 21.456375122070312,
        "High": 21.497478485107422,
        "Low": 20.880916595458984,
        "Close": 21.209749221801758,
        "Adj Close": 15.788591384887695,
        "Volume": 7806994.0
    },
    "DUK": {
        "Open": 43.69145584106445,
        "High": 43.69145584106445,
        "Low": 43.47354507446289,
        "Close": 43.69145584106445,
        "Adj Close": 11.412505149841309,
        "Volume": 234842.0
    },
    "EMR": {
        "Open": 20.46875,
        "High": 20.71875,
        "Low": 20.125,
        "Close": 20.125,
        "Adj Close": 9.141538619995117,
        "Volume": 936000.0
    },
    "FDX": {
        "Open": 17.9375,
        "High": 17.9375,
        "Low": 17.59375,
        "Close": 17.6875,
        "Adj Close": 14.162248611450195,
        "Volume": 594400.0
    },
    "GD": {
        "Open": 15.0,
        "High": 15.15625,
        "Low": 15.0,
        "Close": 15.09375,
        "Adj Close": 8.145297050476074,
        "Volume": 240400.0
    },
    "GE": {
        "Open": 61.90231704711914,
        "High": 62.10200119018555,
        "Low": 61.40310287475586,
        "Close": 61.80247497558594,
        "Adj Close": 31.51734161376953,
        "Volume": 1640209.0
    },
    "GILD": {
        "Open": 0.8984379768371582,
        "High": 0.9375,
        "Low": 0.875,
        "Close": 0.9335939884185791,
        "Adj Close": 0.648615837097168,
        "Volume": 20076800.0
    },
    "GM": {
        "Open": null,
        "High": null,
        "Low": null,
        "Close": null,
        "Adj Close": null,
        "Volume": null
    },
    "GOOG": {
        "Open": null,
        "High": null,
        "Low": null,
        "Close": null,
        "Adj Close": null,
        "Volume": null
    },
    "GOOGL": {
        "Open": null,
        "High": null,