{
    "AAPL": {
        "Open": 0.22879500687122345,
        "High": 0.22879500687122345,
        "Low": 0.2220979928970337,
        "Close": 0.22321400046348572,
        "Adj Close": 0.18726855516433716,
        "Volume": 101438400.0
    },
    "ABBV": {
        "Open": null,
        "High": null,
        "Low": null,
        "Close": null,
        "Adj Close": null,
        "Volume": null
    },
    "ABT": {
        "Open": 9.3988618850708,
        "High": 9.426918029785156,
        "Low": 9.34274959564209,
        "Close": 9.370805740356445,
        "Adj Close": 4.508969306945801,
        "Volume": 4260183.0
    },
    "ACN": {
        "Open": null,
        "High": null,
        "Low": null,
        "Close": null,
        "Adj Close": null,
        "Volume": null
    },
    "ADBE": {
        "Open": 4.15625,
        "High": 4.203125,
        "Low": 4.09375,
        "Close": 4.140625,
        "Adj Close": 4.049445629119873,
        "Volume": 6419200.0
    },
    "AIG": {
        "Open": 446.22222900390625,
        "High": 449.77777099609375,
        "Low": 444.4444580078125,
        "Close": 446.22222900390625,
        "Adj Close": 260.1544189453125,
        "Volume": 115615.0
    },
    "AMD": {
        "Open": 8.5625,
        "High": 8.8125,
        "Low": 8.5,
        "Close": 8.75,
        "Adj Close": 8.75,
        "Volume": 2538000.0
    },
    "AMGN": {
        "Open": 14.4375,
        "High": 14.90625,
        "Low": 14.40625,
        "Close": 14.71875,
        "Adj Close": 9.95560073852539,
        "Volume": 15315600.0
    },
    "AMT": {
        "Open": null,
        "High": null,
        "Low": null,
        "Close": null,
        "Adj Close": null,
        "Volume": null
    },
    "AMZN": {
        "Open": null,
        "High": null,
        "Low": null,
        "Close": null,
        "Adj Close": null,
        "Volume": null
    },
    "AVGO": {
        "Open": null,
        "High": null,
        "Low": null,
        "Close": null,
        "Adj Close": null,
        "Volume": null
    },
    "AXP": {
        "Open": 14.62480354309082,
        "High": 14.661274909973145,
        "Low": 14.515392303466797,
        "Close": 14.661274909973145,
        "Adj Close": 9.89655876159668,
        "Volume": 2541414.0
    },
    "BA": {
        "Open": 42.4375,
        "High": 43.1875,
        "Low": 42.25,
        "Close": 43.125,
        "Adj Close": 26.57370948791504,
        "Volume": 3937800.0
    },
    "BAC": {
        "Open": 20.625,
        "High": 20.65625,
        "Low": 20.40625,
        "Close": 20.5625,
        "Adj Close": 9.573732376098633,
        "Volume": 2405200.0
    },
    "BK": {
        "Open": 13.846195220947266,
        "High": 13.912444114685059,
        "Low": 13.846195220947266,
        "Close": 13.912444114685059,
        "Adj Close": 7.013718128204346,
        "Volume": 1896234.0
    },
    "BKNG": {
        "Open": null,
        "High": null,
        "Low": null,
        "Close": null,
        "Adj Close": null,
        "Volume": null
    },
    "BLK": {
        "Open": null,
        "High": null,
        "Low": null,
        "Close": null,
        "Adj Close": null,
        "Volume": null
    },
    "BMY": {
        "Open": 20.641664505004883,
        "High": 20.67140769958496,
        "Low": 20.492948532104492,
        "Close": 20.55243492126465,
        "Adj Close": 7.263964653015137,
        "Volume": 3107451.0
    },
    "BRK-B": {
        "Open": null,
        "High": null,
        "Low": null,
        "Close": null,
        "Adj Close": null,
        "Volume": null
    },
    "C": {
        "Open": 110.83333587646484,
        "High": 111.25,
        "Low": 109.16666412353516,
        "Close": 110.0,
        "Adj Close": 54.83869171142578,
        "Volume": 325500.0
    },
    "CAT": {
        "Open": 16.875,
        "High": 16.96875,
        "Low": 16.46875,
        "Close": 16.65625,
        "Adj Close": 7.934413909912109,
        "Volume": 2808000.0
    },
    "CL": {
        "Open": 9.765625,
        "High": 9.78125,
        "Low": 9.640625,
        "Close": 9.703125,
        "Adj Close": 5.189518451690674,
        "Volume": 2457600.0
    },
    "CMCSA": {
        "Open": 2.713995933532715,
        "High": 2.713995933532715,
        "Low": 2.635895013809204,
        "Close": 2.635895013809204,
        "Adj Close": 1.7694121599197388,
        "Volume": 2815600.0
    },
    "COF": {
        "Open": 9.583333015441895,
        "High": 9.583333015441895,
        "Low": 9.166666984558105,
        "Close": 9.208333015441895,
        "Adj Close": 6.519387722015381,
        "Volume": 801600.0
    },
    "COP": {
        "Open": 15.103397369384766,
        "High": 15.4845552444458,
        "Low": 15.05575180053711,
        "Close": 15.341621398925781,
        "Adj Close": 5.9988532066345215,
        "Volume": 3205230.0
    },
    "COST": {
        "Open": 9.375,
        "High": 9.375,
        "Low": 9.0625,
        "Close": 9.0625,
        "Adj Close": 6.046202659606934,
        "Volume": 1233200.0
    },
    "CRM": {
        "Open": null,
        "High": null,
        "Low": null,
        "Close": null,
        "Adj Close": null,
        "Volume": null
    },
    "CSCO": {
        "Open": 5.305555820465088,
        "High": 5.347221851348877,
        "Low": 5.277778148651123,
        "Close": 5.319444179534912,
        "Adj Close": 3.441953182220459,
        "Volume": 46604700.0
    },
    "CVS": {
        "Open": 8.96875,
        "High": 8.96875,
        "Low": 8.84375,
        "Close": 8.875,
        "Adj Close": 4.758727550506592,
        "Volume": 3727200.0
    },
    "CVX": {
        "Open": 28.3125,
        "High": 28.625,
        "Low": 28.0,
        "Close": 28.5625,
        "Adj Close": 9.673014640808105,
        "Volume": 1745000.0
    },
    "DE": {
        "Open": 21.625,
        "High": 21.625,
        "Low": 21.25,
        "Close": 21.25,
        "Adj Close": 11.916255950927734,
        "Volume": 1662600.0
    },
    "DHR": {
        "Open": 3.129554033279419,
        "High": 3.129554033279419,
        "Low": 3.066541910171509,
        "Close": 3.066541910171509,
        "Adj Close": 1.8036043643951416,
        "Volume": 451111.0
    },
    "DIS": {
        "Open": 21.37416648864746,
        "High": 21.579687118530273,
        "Low": 21.37416648864746,
        "Close": 21.538583755493164,
        "Adj Close": 16.033382415771484,
        "Volume": 4441764.0
    },
    "DUK": {
        "Open": 44.34519577026367,
        "High": 44.34519577026367,
        "Low": 43.90937042236328,
        "Close": 44.01832580566406,
        "Adj Close": 11.497884750366211,
        "Volume": 265703.0
    },
    "EMR": {
        "Open": 20.75,
        "High": 20.875,
        "Low": 20.71875,
        "Close": 20.875,
        "Adj Close": 9.482217788696289,
        "Volume": 1152400.0
    },
    "FDX": {
        "Open": 17.96875,
        "High": 18.125,
        "Low": 17.84375,
        "Close": 18.0625,
        "Adj Close": 14.462512016296387,
        "Volume": 1027600.0
    },
    "GD": {
        "Open": 14.46875,
        "High": 14.53125,
        "Low": 14.3125,
        "Close": 14.40625,
        "Adj Close": 7.774289608001709,
        "Volume": 774000.0
    },
    "GE": {
        "Open": 63.499794006347656,
        "High": 64.09884643554688,
        "Low": 63.39995193481445,
        "Close": 63.499794006347656,
        "Adj Close": 32.38290786743164,
        "Volume": 3676417.0
    },
    "GILD": {
        "Open": 0.90625,
        "High": 0.90625,
        "Low": 0.8828129768371582,
        "Close": 0.9023439884185791,
        "Adj Close": 0.6269047856330872,
        "Volume": 4646400.0
    },
    "GM": {
        "Open": null,
        "High": null,
        "Low": null,
        "Close": null,
        "Adj Close": null,
        "Volume": null
    },
    "GOOG": {
        "Open": null,
        "High": null,
        "Low": null,
        "Close": null,
        "Adj Close": null,
        "Volume": null
    },