{
    "AAPL": {
        "Open": 0.2220979928970337,
        "High": 0.23660700023174286,
        "Low": 0.21763400733470917,
        "Close": 0.23214299976825714,
        "Adj Close": 0.19475965201854706,
        "Volume": 235076800.0
    },
    "ABBV": {
        "Open": null,
        "High": null,
        "Low": null,
        "Close": null,
        "Adj Close": null,
        "Volume": null
    },
    "ABT": {
        "Open": 9.623312950134277,
        "High": 9.679425239562988,
        "Low": 9.454975128173828,
        "Close": 9.483031272888184,
        "Adj Close": 4.56296968460083,
        "Volume": 8355519.0
    },
    "ACN": {
        "Open": null,
        "High": null,
        "Low": null,
        "Close": null,
        "Adj Close": null,
        "Volume": null
    },
    "ADBE": {
        "Open": 4.265625,
        "High": 4.3125,
        "Low": 4.1875,
        "Close": 4.234375,
        "Adj Close": 4.141130447387695,
        "Volume": 6968000.0
    },
    "AIG": {
        "Open": 434.96295166015625,
        "High": 435.5555419921875,
        "Low": 427.8518371582031,
        "Close": 430.22222900390625,
        "Adj Close": 250.82623291015625,
        "Volume": 178158.0
    },
    "AMD": {
        "Open": 9.0625,
        "High": 9.0625,
        "Low": 8.75,
        "Close": 8.8125,
        "Adj Close": 8.8125,
        "Volume": 1344600.0
    },
    "AMGN": {
        "Open": 14.4375,
        "High": 14.5625,
        "Low": 13.96875,
        "Close": 14.0625,
        "Adj Close": 9.511713981628418,
        "Volume": 9744000.0
    },
    "AMT": {
        "Open": null,
        "High": null,
        "Low": null,
        "Close": null,
        "Adj Close": null,
        "Volume": null
    },
    "AMZN": {
        "Open": null,
        "High": null,
        "Low": null,
        "Close": null,
        "Adj Close": null,
        "Volume": null
    },
    "AVGO": {
        "Open": null,
        "High": null,
        "Low": null,
        "Close": null,
        "Adj Close": null,
        "Volume": null
    },
    "AXP": {
        "Open": 14.369507789611816,
        "High": 14.369507789611816,
        "Low": 13.713032722473145,
        "Close": 13.8224458694458,
        "Adj Close": 9.330345153808594,
        "Volume": 4612933.0
    },
    "BA": {
        "Open": 41.5,
        "High": 41.625,
        "Low": 40.625,
        "Close": 41.0625,
        "Adj Close": 25.30278205871582,
        "Volume": 2829800.0
    },
    "BAC": {
        "Open": 20.1875,
        "High": 20.21875,
        "Low": 19.6875,
        "Close": 19.84375,
        "Adj Close": 9.239086151123047,
        "Volume": 3462800.0
    },
    "BK": {
        "Open": 13.3824462890625,
        "High": 13.415571212768555,
        "Low": 13.283072471618652,
        "Close": 13.316197395324707,
        "Adj Close": 6.713130950927734,
        "Volume": 1401515.0
    },
    "BKNG": {
        "Open": null,
        "High": null,
        "Low": null,
        "Close": null,
        "Adj Close": null,
        "Volume": null
    },
    "BLK": {
        "Open": null,
        "High": null,
        "Low": null,
        "Close": null,
        "Adj Close": null,
        "Volume": null
    },
    "BMY": {
        "Open": 20.37397575378418,
        "High": 20.37397575378418,
        "Low": 19.80885887145996,
        "Close": 19.83860206604004,
        "Adj Close": 7.0116658210754395,
        "Volume": 3806354.0
    },
    "BRK-B": {
        "Open": null,
        "High": null,
        "Low": null,
        "Close": null,
        "Adj Close": null,
        "Volume": null
    },
    "C": {
        "Open": 105.625,
        "High": 105.625,
        "Low": 102.5,
        "Close": 102.91666412353516,
        "Adj Close": 51.3073844909668,
        "Volume": 400500.0
    },
    "CAT": {
        "Open": 16.90625,
        "High": 16.9375,
        "Low": 16.65625,
        "Close": 16.6875,
        "Adj Close": 7.949291706085205,
        "Volume": 1882400.0
    },
    "CL": {
        "Open": 9.71875,
        "High": 9.734375,
        "Low": 9.609375,
        "Close": 9.640625,
        "Adj Close": 5.156094074249268,
        "Volume": 3208800.0
    },
    "CMCSA": {
        "Open": 2.694469928741455,
        "High": 2.694469928741455,
        "Low": 2.635895013809204,
        "Close": 2.635895013809204,
        "Adj Close": 1.7694121599197388,
        "Volume": 3453879.0
    },
    "COF": {
        "Open": 8.958333015441895,
        "High": 8.958333015441895,
        "Low": 8.75,
        "Close": 8.75,
        "Adj Close": 6.1948957443237305,
        "Volume": 621600.0
    },
    "COP": {
        "Open": 14.86517333984375,
        "High": 15.246331214904785,
        "Low": 14.841349601745605,
        "Close": 15.103397369384766,
        "Adj Close": 5.905702590942383,
        "Volume": 2014649.0
    },
    "COST": {
        "Open": 9.0,
        "High": 9.0625,
        "Low": 8.75,
        "Close": 8.8125,
        "Adj Close": 5.879410266876221,
        "Volume": 1519200.0
    },
    "CRM": {
        "Open": null,
        "High": null,
        "Low": null,
        "Close": null,
        "Adj Close": null,
        "Volume": null
    },
    "CSCO": {
        "Open": 5.236111164093018,
        "High": 5.236111164093018,
        "Low": 5.027778148651123,
        "Close": 5.0833330154418945,
        "Adj Close": 3.2891781330108643,
        "Volume": 53234100.0
    },
    "CVS": {
        "Open": 9.375,
        "High": 9.5,
        "Low": 9.34375,
        "Close": 9.46875,
        "Adj Close": 5.077091693878174,
        "Volume": 4428000.0
    },
    "CVX": {
        "Open": 28.3125,
        "High": 28.4375,
        "Low": 28.0,
        "Close": 28.1875,
        "Adj Close": 9.546014785766602,
        "Volume": 2234000.0
    },
    "DE": {
        "Open": 21.5,
        "High": 22.5,
        "Low": 21.5,
        "Close": 22.0,
        "Adj Close": 12.336833000183105,
        "Volume": 2052600.0
    },
    "DHR": {
        "Open": 3.119051933288574,
        "High": 3.150557041168213,
        "Low": 3.1085500717163086,
        "Close": 3.119051933288574,
        "Adj Close": 1.8344886302947998,
        "Volume": 1498544.0
    },
    "DIS": {
        "Open": 21.16864585876465,
        "High": 21.2508544921875,
        "Low": 20.922021865844727,
        "Close": 20.922021865844727,
        "Adj Close": 15.574411392211914,
        "Volume": 3546782.0
    },
    "DUK": {
        "Open": 41.83919906616211,
        "High": 42.16606903076172,
        "Low": 41.62128829956055,
        "Close": 41.94815444946289,
        "Adj Close": 10.957143783569336,
        "Volume": 371365.0
    },
    "EMR": {
        "Open": 20.125,
        "High": 20.375,
        "Low": 20.09375,
        "Close": 20.09375,
        "Adj Close": 9.127340316772461,
        "Volume": 1616000.0
    },
    "FDX": {
        "Open": 17.96875,
        "High": 18.34375,
        "Low": 17.9375,
        "Close": 18.21875,
        "Adj Close": 14.587616920471191,
        "Volume": 431600.0
    },
    "GD": {
        "Open": 14.78125,
        "High": 14.8125,
        "Low": 14.65625,
        "Close": 14.75,
        "Adj Close": 7.959794998168945,
        "Volume": 482000.0
    },
    "GE": {
        "Open": 63.599639892578125,
        "High": 63.599639892578125,
        "Low": 62.30168533325195,
        "Close": 62.60121154785156,
        "Adj Close": 31.924678802490234,
        "Volume": 3003232.0
    },
    "GILD": {
        "Open": 0.8984379768371582,
        "High": 0.9375,
        "Low": 0.890625,
        "Close": 0.9140629768371582,
        "Adj Close": 0.6350466012954712,
        "Volume": 7561600.0
    },
    "GM": {
        "Open": null,
        "High": null,
        "Low": null,
        "Close": null,
        "Adj Close": null,
        "Volume": null
    },
    "GOOG": {
        "Open": null,
        "High": null,
        "Low": null,
        "Close": null,
        "Adj Close": null,
        "Volume": null
    },
    "GOOGL": {
        "Open": null,
        "High": null,