{
    "AAPL": {
        "Open": 0.23325900733470917,
        "High": 0.23660700023174286,
        "Low": 0.2310270071029663,
        "Close": 0.23214299976825714,
        "Adj Close": 0.19475965201854706,
        "Volume": 174764800.0
    },
    "ABBV": {
        "Open": null,
        "High": null,
        "Low": null,
        "Close": null,
        "Adj Close": null,
        "Volume": null
    },
    "ABT": {
        "Open": 9.426918029785156,
        "High": 9.511087417602539,
        "Low": 9.17441177368164,
        "Close": 9.258581161499023,
        "Adj Close": 4.454969882965088,
        "Volume": 7330794.0
    },
    "ACN": {
        "Open": null,
        "High": null,
        "Low": null,
        "Close": null,
        "Adj Close": null,
        "Volume": null
    },
    "ADBE": {
        "Open": 4.25,
        "High": 4.25,
        "Low": 4.109375,
        "Close": 4.109375,
        "Adj Close": 4.018883228302002,
        "Volume": 3517600.0
    },
    "AIG": {
        "Open": 427.2592468261719,
        "High": 430.22222900390625,
        "Low": 424.2962951660156,
        "Close": 424.2962951660156,
        "Adj Close": 247.37123107910156,
        "Volume": 302527.0
    },
    "AMD": {
        "Open": 8.625,
        "High": 9.0625,
        "Low": 8.625,
        "Close": 8.75,
        "Adj Close": 8.75,
        "Volume": 3076800.0
    },
    "AMGN": {
        "Open": 14.03125,
        "High": 14.03125,
        "Low": 13.0,
        "Close": 13.125,
        "Adj Close": 8.877602577209473,
        "Volume": 28936800.0
    },
    "AMT": {
        "Open": null,
        "High": null,
        "Low": null,
        "Close": null,
        "Adj Close": null,
        "Volume": null
    },
    "AMZN": {
        "Open": null,
        "High": null,
        "Low": null,
        "Close": null,
        "Adj Close": null,
        "Volume": null
    },
    "AVGO": {
        "Open": null,
        "High": null,
        "Low": null,
        "Close": null,
        "Adj Close": null,
        "Volume": null
    },
    "AXP": {
        "Open": 13.785975456237793,
        "High": 13.858917236328125,
        "Low": 13.275382995605469,
        "Close": 13.384796142578125,
        "Adj Close": 9.034923553466797,
        "Volume": 5371073.0
    },
    "BA": {
        "Open": 41.0,
        "High": 41.0,
        "Low": 39.875,
        "Close": 40.25,
        "Adj Close": 24.802135467529297,
        "Volume": 5297800.0
    },
    "BAC": {
        "Open": 19.84375,
        "High": 19.84375,
        "Low": 18.96875,
        "Close": 19.0625,
        "Adj Close": 8.87534236907959,
        "Volume": 3372000.0
    },
    "BK": {
        "Open": 13.283072471618652,
        "High": 13.283072471618652,
        "Low": 12.91869831085205,
        "Close": 12.951823234558105,
        "Adj Close": 6.529438018798828,
        "Volume": 1521516.0
    },
    "BKNG": {
        "Open": null,
        "High": null,
        "Low": null,
        "Close": null,
        "Adj Close": null,
        "Volume": null
    },
    "BLK": {
        "Open": null,
        "High": null,
        "Low": null,
        "Close": null,
        "Adj Close": null,
        "Volume": null
    },
    "BMY": {
        "Open": 19.68988609313965,
        "High": 19.68988609313965,
        "Low": 18.97605323791504,
        "Close": 19.035539627075195,
        "Adj Close": 6.727840900421143,
        "Volume": 7999773.0
    },
    "BRK-B": {
        "Open": null,
        "High": null,
        "Low": null,
        "Close": null,
        "Adj Close": null,
        "Volume": null
    },
    "C": {
        "Open": 102.5,
        "High": 102.5,
        "Low": 97.29166412353516,
        "Close": 99.16666412353516,
        "Adj Close": 49.43791198730469,
        "Volume": 764220.0
    },
    "CAT": {
        "Open": 16.6875,
        "High": 16.90625,
        "Low": 16.5625,
        "Close": 16.625,
        "Adj Close": 7.919522762298584,
        "Volume": 1648400.0
    },
    "CL": {
        "Open": 9.640625,
        "High": 9.640625,
        "Low": 9.40625,
        "Close": 9.421875,
        "Adj Close": 5.0391011238098145,
        "Volume": 4672800.0
    },
    "CMCSA": {
        "Open": 2.6554200649261475,
        "High": 2.674945116043091,
        "Low": 2.6163699626922607,
        "Close": 2.635895013809204,
        "Adj Close": 1.7694121599197388,
        "Volume": 1727900.0
    },
    "COF": {
        "Open": 8.75,
        "High": 8.791666984558105,
        "Low": 8.708333015441895,
        "Close": 8.75,
        "Adj Close": 6.1948957443237305,
        "Volume": 579300.0
    },
    "COP": {
        "Open": 15.00810718536377,
        "High": 15.293975830078125,
        "Low": 14.817527770996094,
        "Close": 14.91281795501709,
        "Adj Close": 5.831182479858398,
        "Volume": 3013971.0
    },
    "COST": {
        "Open": 8.8125,
        "High": 9.125,
        "Low": 8.75,
        "Close": 8.75,
        "Adj Close": 5.837709903717041,
        "Volume": 1698400.0
    },
    "CRM": {
        "Open": null,
        "High": null,
        "Low": null,
        "Close": null,
        "Adj Close": null,
        "Volume": null
    },
    "CSCO": {
        "Open": 5.055555820465088,
        "High": 5.2916669845581055,
        "Low": 5.055555820465088,
        "Close": 5.138888835906982,
        "Adj Close": 3.3251254558563232,
        "Volume": 58110300.0
    },
    "CVS": {
        "Open": 9.4375,
        "High": 9.59375,
        "Low": 9.4375,
        "Close": 9.59375,
        "Adj Close": 5.144114971160889,
        "Volume": 5190000.0
    },
    "CVX": {
        "Open": 28.1875,
        "High": 28.1875,
        "Low": 27.8125,
        "Close": 27.875,
        "Adj Close": 9.440186500549316,
        "Volume": 1699800.0
    },
    "DE": {
        "Open": 21.875,
        "High": 22.0625,
        "Low": 21.25,
        "Close": 21.25,
        "Adj Close": 11.916255950927734,
        "Volume": 1287200.0
    },
    "DHR": {
        "Open": 3.119051933288574,
        "High": 3.140054941177368,
        "Low": 3.098047971725464,
        "Close": 3.098047971725464,
        "Adj Close": 1.8221356868743896,
        "Volume": 1823487.0
    },
    "DIS": {
        "Open": 20.880916595458984,
        "High": 20.880916595458984,
        "Low": 19.976625442504883,
        "Close": 20.017728805541992,
        "Adj Close": 14.927057266235352,
        "Volume": 9116168.0
    },
    "DUK": {
        "Open": 41.83919906616211,
        "High": 41.94815444946289,
        "Low": 41.29441833496094,
        "Close": 41.40337371826172,
        "Adj Close": 10.814846992492676,
        "Volume": 310790.0
    },
    "EMR": {
        "Open": 20.125,
        "High": 20.125,
        "Low": 19.90625,
        "Close": 19.9375,
        "Adj Close": 9.056371688842773,
        "Volume": 1245600.0
    },
    "FDX": {
        "Open": 18.21875,
        "High": 18.375,
        "Low": 18.09375,
        "Close": 18.125,
        "Adj Close": 14.512547492980957,
        "Volume": 418000.0
    },
    "GD": {
        "Open": 14.75,
        "High": 14.8125,
        "Low": 14.5,
        "Close": 14.5,
        "Adj Close": 7.879642009735107,
        "Volume": 1299200.0
    },
    "GE": {
        "Open": 62.20184326171875,
        "High": 62.50136947631836,
        "Low": 60.204994201660156,
        "Close": 61.20341873168945,
        "Adj Close": 31.21185302734375,
        "Volume": 3594789.0
    },
    "GILD": {
        "Open": 0.8984379768371582,
        "High": 0.921875,
        "Low": 0.890625,
        "Close": 0.90625,
        "Adj Close": 0.6296184659004211,
        "Volume": 10672000.0
    },
    "GM": {
        "Open": null,
        "High": null,
        "Low": null,
        "Close": null,
        "Adj Close": null,
        "Volume": null
    },
    "GOOG": {
        "Open": null,
        "High": null,
        "Low": null,
        "Close": null,
        "Adj Close": null,
        "Volume": null
    },
    "GOOGL": {
        "Open": null,
        "High": null,