{
    "AAPL": {
        "Open": 0.22544600069522858,
        "High": 0.22767899930477142,
        "Low": 0.2220979928970337,
        "Close": 0.22432999312877655,
        "Adj Close": 0.1882048100233078,
        "Volume": 111115200.0
    },
    "ABBV": {
        "Open": null,
        "High": null,
        "Low": null,
        "Close": null,
        "Adj Close": null,
        "Volume": null
    },
    "ABT": {
        "Open": 9.3988618850708,
        "High": 9.483031272888184,
        "Low": 9.286637306213379,
        "Close": 9.286637306213379,
        "Adj Close": 4.494617462158203,
        "Volume": 4804179.0
    },
    "ACN": {
        "Open": null,
        "High": null,
        "Low": null,
        "Close": null,
        "Adj Close": null,
        "Volume": null
    },
    "ADBE": {
        "Open": 4.5,
        "High": 4.78125,
        "Low": 4.4375,
        "Close": 4.726562976837158,
        "Adj Close": 4.622481346130371,
        "Volume": 15781600.0
    },
    "AIG": {
        "Open": 440.8888854980469,
        "High": 445.629638671875,
        "Low": 440.2962951660156,
        "Close": 443.2592468261719,
        "Adj Close": 258.4268798828125,
        "Volume": 98613.0
    },
    "AMD": {
        "Open": 8.8125,
        "High": 8.8125,
        "Low": 8.5625,
        "Close": 8.6875,
        "Adj Close": 8.6875,
        "Volume": 1127400.0
    },
    "AMGN": {
        "Open": 14.15625,
        "High": 14.3125,
        "Low": 13.96875,
        "Close": 14.09375,
        "Adj Close": 9.532852172851562,
        "Volume": 6244800.0
    },
    "AMT": {
        "Open": null,
        "High": null,
        "Low": null,
        "Close": null,
        "Adj Close": null,
        "Volume": null
    },
    "AMZN": {
        "Open": null,
        "High": null,
        "Low": null,
        "Close": null,
        "Adj Close": null,
        "Volume": null
    },
    "AVGO": {
        "Open": null,
        "High": null,
        "Low": null,
        "Close": null,
        "Adj Close": null,
        "Volume": null
    },
    "AXP": {
        "Open": 13.713032722473145,
        "High": 14.041271209716797,
        "Low": 13.676563262939453,
        "Close": 13.785975456237793,
        "Adj Close": 9.30572509765625,
        "Volume": 3264595.0
    },
    "BA": {
        "Open": 40.75,
        "High": 41.375,
        "Low": 40.75,
        "Close": 41.125,
        "Adj Close": 25.341299057006836,
        "Volume": 1931800.0
    },
    "BAC": {
        "Open": 19.375,
        "High": 19.53125,
        "Low": 19.3125,
        "Close": 19.5,
        "Adj Close": 9.079034805297852,
        "Volume": 2270000.0
    },
    "BK": {
        "Open": 12.620574951171875,
        "High": 12.686823844909668,
        "Low": 12.421825408935547,
        "Close": 12.521200180053711,
        "Adj Close": 6.366533279418945,
        "Volume": 3759260.0
    },
    "BKNG": {
        "Open": null,
        "High": null,
        "Low": null,
        "Close": null,
        "Adj Close": null,
        "Volume": null
    },
    "BLK": {
        "Open": null,
        "High": null,
        "Low": null,
        "Close": null,
        "Adj Close": null,
        "Volume": null
    },
    "BMY": {
        "Open": 19.54117202758789,
        "High": 19.600658416748047,
        "Low": 19.362712860107422,
        "Close": 19.3924560546875,
        "Adj Close": 6.8539838790893555,
        "Volume": 2985573.0
    },
    "BRK-B": {
        "Open": null,
        "High": null,
        "Low": null,
        "Close": null,
        "Adj Close": null,
        "Volume": null
    },
    "C": {
        "Open": 103.54166412353516,
        "High": 103.95833587646484,
        "Low": 102.5,
        "Close": 102.5,
        "Adj Close": 51.099700927734375,
        "Volume": 399360.0
    },
    "CAT": {
        "Open": 16.28125,
        "High": 16.4375,
        "Low": 16.28125,
        "Close": 16.375,
        "Adj Close": 7.84093713760376,
        "Volume": 2652800.0
    },
    "CL": {
        "Open": 9.59375,
        "High": 9.6875,
        "Low": 9.578125,
        "Close": 9.6875,
        "Adj Close": 5.181164741516113,
        "Volume": 2085600.0
    },
    "CMCSA": {
        "Open": 2.694469928741455,
        "High": 2.7530460357666016,
        "Low": 2.694469928741455,
        "Close": 2.7530460357666016,
        "Adj Close": 1.848052978515625,
        "Volume": 2324566.0
    },
    "COF": {
        "Open": 9.166666984558105,
        "High": 9.208333015441895,
        "Low": 9.0,
        "Close": 9.083333015441895,
        "Adj Close": 6.43088960647583,
        "Volume": 551400.0
    },
    "COP": {
        "Open": 15.00810718536377,
        "High": 15.103397369384766,
        "Low": 14.960461616516113,
        "Close": 14.960461616516113,
        "Adj Close": 5.849813461303711,
        "Volume": 1479700.0
    },
    "COST": {
        "Open": 9.5,
        "High": 9.5,
        "Low": 9.375,
        "Close": 9.4375,
        "Adj Close": 6.296389579772949,
        "Volume": 806200.0
    },
    "CRM": {
        "Open": null,
        "High": null,
        "Low": null,
        "Close": null,
        "Adj Close": null,
        "Volume": null
    },
    "CSCO": {
        "Open": 5.277778148651123,
        "High": 5.388888835906982,
        "Low": 5.1666669845581055,
        "Close": 5.2083330154418945,
        "Adj Close": 3.370059013366699,
        "Volume": 132106500.0
    },
    "CVS": {
        "Open": 10.0,
        "High": 10.03125,
        "Low": 9.9375,
        "Close": 10.0,
        "Adj Close": 5.377063751220703,
        "Volume": 4268800.0
    },
    "CVX": {
        "Open": 28.1875,
        "High": 28.3125,
        "Low": 27.5,
        "Close": 27.875,
        "Adj Close": 9.440186500549316,
        "Volume": 1771600.0
    },
    "DE": {
        "Open": 20.4375,
        "High": 20.75,
        "Low": 20.0625,
        "Close": 20.625,
        "Adj Close": 11.565779685974121,
        "Volume": 2319000.0
    },
    "DHR": {
        "Open": 3.3290889263153076,
        "High": 3.350092887878418,
        "Low": 3.318587064743042,
        "Close": 3.3395910263061523,
        "Adj Close": 1.9642002582550049,
        "Volume": 393978.0
    },
    "DIS": {
        "Open": 20.757604598999023,
        "High": 20.922021865844727,
        "Low": 20.428770065307617,
        "Close": 20.59318733215332,
        "Adj Close": 15.356173515319824,
        "Volume": 4908262.0
    },
    "DUK": {
        "Open": 41.73024368286133,
        "High": 41.94815444946289,
        "Low": 41.076507568359375,
        "Close": 41.076507568359375,
        "Adj Close": 10.729467391967773,
        "Volume": 271095.0
    },
    "EMR": {
        "Open": 21.21875,
        "High": 21.4375,
        "Low": 20.90625,
        "Close": 21.25,
        "Adj Close": 9.652557373046875,
        "Volume": 6722000.0
    },
    "FDX": {
        "Open": 19.0,
        "High": 19.3125,
        "Low": 18.875,
        "Close": 19.0625,
        "Adj Close": 15.263192176818848,
        "Volume": 470000.0
    },
    "GD": {
        "Open": 15.25,
        "High": 15.5,
        "Low": 15.15625,
        "Close": 15.5,
        "Adj Close": 8.423063278198242,
        "Volume": 438800.0
    },
    "GE": {
        "Open": 63.499794006347656,
        "High": 63.899166107177734,
        "Low": 63.20026779174805,
        "Close": 63.499794006347656,
        "Adj Close": 32.38290786743164,
        "Volume": 2116710.0
    },
    "GILD": {
        "Open": 1.015625,
        "High": 1.078125,
        "Low": 1.015625,
        "Close": 1.0703129768371582,
        "Adj Close": 0.7436013221740723,
        "Volume": 9763200.0
    },
    "GM": {
        "Open": null,
        "High": null,
        "Low": null,
        "Close": null,
        "Adj Close": null,
        "Volume": null
    },
    "GOOG": {
        "Open": null,
        "High": null,
        "Low": null,
        "Close": null,
        "Adj Close": null,
        "Volume": null
    },
    "GOOGL": {
        "Open": null,