{
    "AAPL": {
        "Open": 0.22432999312877655,
        "High": 0.22544600069522858,
        "Low": 0.21986599266529083,
        "Close": 0.22098200023174286,
        "Adj Close": 0.18539604544639587,
        "Volume": 169948800.0
    },
    "ABBV": {
        "Open": null,
        "High": null,
        "Low": null,
        "Close": null,
        "Adj Close": null,
        "Volume": null
    },
    "ABT": {
        "Open": 9.286637306213379,
        "High": 9.3988618850708,
        "Low": 9.230524063110352,
        "Close": 9.370805740356445,
        "Adj Close": 4.535356521606445,
        "Volume": 3275111.0
    },
    "ACN": {
        "Open": null,
        "High": null,
        "Low": null,
        "Close": null,
        "Adj Close": null,
        "Volume": null
    },
    "ADBE": {
        "Open": 4.71875,
        "High": 4.796875,
        "Low": 4.59375,
        "Close": 4.765625,
        "Adj Close": 4.660681247711182,
        "Volume": 11268000.0
    },
    "AIG": {
        "Open": 442.0740661621094,
        "High": 446.8148193359375,
        "Low": 440.8888854980469,
        "Close": 445.629638671875,
        "Adj Close": 259.80889892578125,
        "Volume": 90513.0
    },
    "AMD": {
        "Open": 8.6875,
        "High": 8.75,
        "Low": 8.5625,
        "Close": 8.6875,
        "Adj Close": 8.6875,
        "Volume": 1722800.0
    },
    "AMGN": {
        "Open": 14.09375,
        "High": 14.25,
        "Low": 14.03125,
        "Close": 14.21875,
        "Adj Close": 9.617399215698242,
        "Volume": 5065200.0
    },
    "AMT": {
        "Open": null,
        "High": null,
        "Low": null,
        "Close": null,
        "Adj Close": null,
        "Volume": null
    },
    "AMZN": {
        "Open": null,
        "High": null,
        "Low": null,
        "Close": null,
        "Adj Close": null,
        "Volume": null
    },
    "AVGO": {
        "Open": null,
        "High": null,
        "Low": null,
        "Close": null,
        "Adj Close": null,
        "Volume": null
    },
    "AXP": {
        "Open": 13.749504089355469,
        "High": 13.785975456237793,
        "Low": 13.530678749084473,
        "Close": 13.713032722473145,
        "Adj Close": 9.256489753723145,
        "Volume": 2028333.0
    },
    "BA": {
        "Open": 41.125,
        "High": 41.3125,
        "Low": 40.5625,
        "Close": 40.6875,
        "Adj Close": 25.071704864501953,
        "Volume": 1496200.0
    },
    "BAC": {
        "Open": 19.40625,
        "High": 19.625,
        "Low": 19.34375,
        "Close": 19.53125,
        "Adj Close": 9.093585968017578,
        "Volume": 2406800.0
    },
    "BK": {
        "Open": 12.521200180053711,
        "High": 12.620574951171875,
        "Low": 12.421825408935547,
        "Close": 12.58745002746582,
        "Adj Close": 6.400218963623047,
        "Volume": 2089065.0
    },
    "BKNG": {
        "Open": null,
        "High": null,
        "Low": null,
        "Close": null,
        "Adj Close": null,
        "Volume": null
    },
    "BLK": {
        "Open": null,
        "High": null,
        "Low": null,
        "Close": null,
        "Adj Close": null,
        "Volume": null
    },
    "BMY": {
        "Open": 19.422199249267578,
        "High": 19.54117202758789,
        "Low": 19.184255599975586,
        "Close": 19.24374008178711,
        "Adj Close": 6.801419258117676,
        "Volume": 4906191.0
    },
    "BRK-B": {
        "Open": null,
        "High": null,
        "Low": null,
        "Close": null,
        "Adj Close": null,
        "Volume": null
    },
    "C": {
        "Open": 103.33333587646484,
        "High": 104.79166412353516,
        "Low": 102.5,
        "Close": 104.375,
        "Adj Close": 52.03443908691406,
        "Volume": 396240.0
    },
    "CAT": {
        "Open": 16.375,
        "High": 16.5625,
        "Low": 16.34375,
        "Close": 16.34375,
        "Adj Close": 7.825974464416504,
        "Volume": 2362000.0
    },
    "CL": {
        "Open": 9.609375,
        "High": 9.65625,
        "Low": 9.5625,
        "Close": 9.578125,
        "Adj Close": 5.153923511505127,
        "Volume": 3380800.0
    },
    "CMCSA": {
        "Open": 2.7530460357666016,
        "High": 2.7530460357666016,
        "Low": 2.6554200649261475,
        "Close": 2.6554200649261475,
        "Adj Close": 1.7825183868408203,
        "Volume": 1450693.0
    },
    "COF": {
        "Open": 9.0,
        "High": 9.583333015441895,
        "Low": 9.0,
        "Close": 9.5,
        "Adj Close": 6.7258806228637695,
        "Volume": 1182000.0
    },
    "COP": {
        "Open": 15.00810718536377,
        "High": 15.436909675598145,
        "Low": 15.00810718536377,
        "Close": 15.389266014099121,
        "Adj Close": 6.017482280731201,
        "Volume": 1623997.0
    },
    "COST": {
        "Open": 9.4375,
        "High": 9.5625,
        "Low": 9.3125,
        "Close": 9.5625,
        "Adj Close": 6.379784107208252,
        "Volume": 1690000.0
    },
    "CRM": {
        "Open": null,
        "High": null,
        "Low": null,
        "Close": null,
        "Adj Close": null,
        "Volume": null
    },
    "CSCO": {
        "Open": 5.236111164093018,
        "High": 5.444444179534912,
        "Low": 5.2083330154418945,
        "Close": 5.402778148651123,
        "Adj Close": 3.495875120162964,
        "Volume": 107806500.0
    },
    "CVS": {
        "Open": 9.96875,
        "High": 10.03125,
        "Low": 9.9375,
        "Close": 10.0,
        "Adj Close": 5.377063751220703,
        "Volume": 2601200.0
    },
    "CVX": {
        "Open": 28.5,
        "High": 28.8125,
        "Low": 28.5,
        "Close": 28.8125,
        "Adj Close": 9.757681846618652,
        "Volume": 4331800.0
    },
    "DE": {
        "Open": 20.625,
        "High": 21.3125,
        "Low": 20.5625,
        "Close": 21.0625,
        "Adj Close": 11.81110668182373,
        "Volume": 2193200.0
    },
    "DHR": {
        "Open": 3.3395910263061523,
        "High": 3.3815979957580566,
        "Low": 3.3395910263061523,
        "Close": 3.3605940341949463,
        "Adj Close": 1.9765523672103882,
        "Volume": 601084.0
    },
    "DIS": {
        "Open": 20.59318733215332,
        "High": 20.59318733215332,
        "Low": 20.141042709350586,
        "Close": 20.305458068847656,
        "Adj Close": 15.141619682312012,
        "Volume": 6965231.0
    },
    "DUK": {
        "Open": 41.076507568359375,
        "High": 41.29441833496094,
        "Low": 40.749637603759766,
        "Close": 40.85859298706055,
        "Adj Close": 10.6725435256958,
        "Volume": 477141.0
    },
    "EMR": {
        "Open": 21.28125,
        "High": 21.28125,
        "Low": 21.0,
        "Close": 21.09375,
        "Adj Close": 9.581582069396973,
        "Volume": 1903600.0
    },
    "FDX": {
        "Open": 19.0625,
        "High": 19.09375,
        "Low": 18.65625,
        "Close": 18.90625,
        "Adj Close": 15.138087272644043,
        "Volume": 368000.0
    },
    "GD": {
        "Open": 15.5,
        "High": 15.5625,
        "Low": 15.40625,
        "Close": 15.46875,
        "Adj Close": 8.406083106994629,
        "Volume": 334400.0
    },
    "GE": {
        "Open": 63.100425720214844,
        "High": 63.499794006347656,
        "Low": 62.90074157714844,
        "Close": 63.39995193481445,
        "Adj Close": 32.332000732421875,
        "Volume": 2257682.0
    },
    "GILD": {
        "Open": 1.0703129768371582,
        "High": 1.09375,
        "Low": 1.015625,
        "Close": 1.0234379768371582,
        "Adj Close": 0.7110351324081421,
        "Volume": 14896000.0
    },
    "GM": {
        "Open": null,
        "High": null,
        "Low": null,
        "Close": null,
        "Adj Close": null,
        "Volume": null
    },
    "GOOG": {
        "Open": null,
        "High": null,
        "Low": null,
        "Close": null,
        "Adj Close": null,
        "Volume": null
    },
    "GOOGL": {
        "Open": null,