{
    "AAPL": {
        "Open": 0.22321400046348572,
        "High": 0.22321400046348572,
        "Low": 0.21875,
        "Close": 0.22098200023174286,
        "Adj Close": 0.18539604544639587,
        "Volume": 121049600.0
    },
    "ABBV": {
        "Open": null,
        "High": null,
        "Low": null,
        "Close": null,
        "Adj Close": null,
        "Volume": null
    },
    "ABT": {
        "Open": 9.118298530578613,
        "High": 9.286637306213379,
        "Low": 9.118298530578613,
        "Close": 9.230524063110352,
        "Adj Close": 4.467465400695801,
        "Volume": 4879474.0
    },
    "ACN": {
        "Open": null,
        "High": null,
        "Low": null,
        "Close": null,
        "Adj Close": null,
        "Volume": null
    },
    "ADBE": {
        "Open": 5.28125,
        "High": 5.328125,
        "Low": 5.1875,
        "Close": 5.21875,
        "Adj Close": 5.103829383850098,
        "Volume": 10756000.0
    },
    "AIG": {
        "Open": 424.8888854980469,
        "High": 431.40740966796875,
        "Low": 424.8888854980469,
        "Close": 431.40740966796875,
        "Adj Close": 251.51715087890625,
        "Volume": 262216.0
    },
    "AMD": {
        "Open": 9.25,
        "High": 9.3125,
        "Low": 9.0,
        "Close": 9.0625,
        "Adj Close": 9.0625,
        "Volume": 1009400.0
    },
    "AMGN": {
        "Open": 14.28125,
        "High": 14.46875,
        "Low": 14.09375,
        "Close": 14.21875,
        "Adj Close": 9.617399215698242,
        "Volume": 5855600.0
    },
    "AMT": {
        "Open": null,
        "High": null,
        "Low": null,
        "Close": null,
        "Adj Close": null,
        "Volume": null
    },
    "AMZN": {
        "Open": null,
        "High": null,
        "Low": null,
        "Close": null,
        "Adj Close": null,
        "Volume": null
    },
    "AVGO": {
        "Open": null,
        "High": null,
        "Low": null,
        "Close": null,
        "Adj Close": null,
        "Volume": null
    },
    "AXP": {
        "Open": 14.004799842834473,
        "High": 14.150683403015137,
        "Low": 14.004799842834473,
        "Close": 14.077741622924805,
        "Adj Close": 9.502674102783203,
        "Volume": 2437564.0
    },
    "BA": {
        "Open": 40.375,
        "High": 40.8125,
        "Low": 39.5,
        "Close": 40.375,
        "Adj Close": 24.879148483276367,
        "Volume": 2724000.0
    },
    "BAC": {
        "Open": 19.875,
        "High": 19.875,
        "Low": 19.6875,
        "Close": 19.75,
        "Adj Close": 9.195439338684082,
        "Volume": 2267200.0
    },
    "BK": {
        "Open": 12.620574951171875,
        "High": 12.753073692321777,
        "Low": 12.554325103759766,
        "Close": 12.653698921203613,
        "Adj Close": 6.433906555175781,
        "Volume": 2113593.0
    },
    "BKNG": {
        "Open": null,
        "High": null,
        "Low": null,
        "Close": null,
        "Adj Close": null,
        "Volume": null
    },
    "BLK": {
        "Open": null,
        "High": null,
        "Low": null,
        "Close": null,
        "Adj Close": null,
        "Volume": null
    },
    "BMY": {
        "Open": 19.451942443847656,
        "High": 19.749372482299805,
        "Low": 19.451942443847656,
        "Close": 19.749372482299805,
        "Adj Close": 6.980130672454834,
        "Volume": 3475184.0
    },
    "BRK-B": {
        "Open": null,
        "High": null,
        "Low": null,
        "Close": null,
        "Adj Close": null,
        "Volume": null
    },
    "C": {
        "Open": 103.125,
        "High": 103.125,
        "Low": 102.08333587646484,
        "Close": 102.70833587646484,
        "Adj Close": 51.20354080200195,
        "Volume": 253320.0
    },
    "CAT": {
        "Open": 16.21875,
        "High": 16.21875,
        "Low": 15.90625,
        "Close": 16.0625,
        "Adj Close": 7.691306114196777,
        "Volume": 1796800.0
    },
    "CL": {
        "Open": 9.5,
        "High": 9.59375,
        "Low": 9.453125,
        "Close": 9.46875,
        "Adj Close": 5.095068454742432,
        "Volume": 1317600.0
    },
    "CMCSA": {
        "Open": 2.694469928741455,
        "High": 2.733520984649658,
        "Low": 2.6554200649261475,
        "Close": 2.713995933532715,
        "Adj Close": 1.82183837890625,
        "Volume": 781044.0
    },
    "COF": {
        "Open": 9.833333015441895,
        "High": 10.041666984558105,
        "Low": 9.833333015441895,
        "Close": 10.041666984558105,
        "Adj Close": 7.129565715789795,
        "Volume": 578400.0
    },
    "COP": {
        "Open": 15.579845428466797,
        "High": 15.961003303527832,
        "Low": 15.579845428466797,
        "Close": 15.865713119506836,
        "Adj Close": 6.203779220581055,
        "Volume": 2044295.0
    },
    "COST": {
        "Open": 9.4375,
        "High": 9.5,
        "Low": 9.25,
        "Close": 9.375,
        "Adj Close": 6.2546916007995605,
        "Volume": 1602800.0
    },
    "CRM": {
        "Open": null,
        "High": null,
        "Low": null,
        "Close": null,
        "Adj Close": null,
        "Volume": null
    },
    "CSCO": {
        "Open": 5.7916669845581055,
        "High": 5.805555820465088,
        "Low": 5.736111164093018,
        "Close": 5.777778148651123,
        "Adj Close": 3.738520860671997,
        "Volume": 42867900.0
    },
    "CVS": {
        "Open": 9.90625,
        "High": 9.90625,
        "Low": 9.84375,
        "Close": 9.875,
        "Adj Close": 5.309849739074707,
        "Volume": 1448000.0
    },
    "CVX": {
        "Open": 29.0625,
        "High": 29.4375,
        "Low": 28.9375,
        "Close": 29.25,
        "Adj Close": 9.905842781066895,
        "Volume": 1851000.0
    },
    "DE": {
        "Open": 20.5,
        "High": 20.5,
        "Low": 19.6875,
        "Close": 19.6875,
        "Adj Close": 11.040056228637695,
        "Volume": 2110000.0
    },
    "DHR": {
        "Open": 3.4341070652008057,
        "High": 3.4341070652008057,
        "Low": 3.3815979957580566,
        "Close": 3.4236059188842773,
        "Adj Close": 2.01361346244812,
        "Volume": 208296.0
    },
    "DIS": {
        "Open": 20.3465633392334,
        "High": 20.428770065307617,
        "Low": 20.264354705810547,
        "Close": 20.3465633392334,
        "Adj Close": 15.172268867492676,
        "Volume": 3228079.0
    },
    "DUK": {
        "Open": 40.5317268371582,
        "High": 40.640682220458984,
        "Low": 40.313812255859375,
        "Close": 40.640682220458984,
        "Adj Close": 10.61562442779541,
        "Volume": 258361.0
    },
    "EMR": {
        "Open": 20.96875,
        "High": 21.0,
        "Low": 20.75,
        "Close": 20.84375,
        "Adj Close": 9.468021392822266,
        "Volume": 1442000.0
    },
    "FDX": {
        "Open": 20.34375,
        "High": 20.34375,
        "Low": 20.125,
        "Close": 20.25,
        "Adj Close": 16.214017868041992,
        "Volume": 950800.0
    },
    "GD": {
        "Open": 15.40625,
        "High": 15.40625,
        "Low": 15.15625,
        "Close": 15.28125,
        "Adj Close": 8.304184913635254,
        "Volume": 517600.0
    },
    "GE": {
        "Open": 62.002159118652344,
        "High": 62.800899505615234,
        "Low": 61.90231704711914,
        "Close": 62.002159118652344,
        "Adj Close": 31.61916732788086,
        "Volume": 1645968.0
    },
    "GILD": {
        "Open": 0.9921879768371582,
        "High": 1.015625,
        "Low": 0.9453129768371582,
        "Close": 0.953125,
        "Adj Close": 0.6621848940849304,
        "Volume": 8048000.0
    },
    "GM": {
        "Open": null,
        "High": null,
        "Low": null,
        "Close": null,
        "Adj Close": null,
        "Volume": null
    },
    "GOOG": {
        "Open": null,
        "High": null,
        "Low": null,
        "Close": null,
        "Adj Close": null,
        "Volume": null
    },