{
    "AAPL": {
        "Open": 0.4135040044784546,
        "High": 0.41573700308799744,
        "Low": 0.40401801466941833,
        "Close": 0.40457600355148315,
        "Adj Close": 0.3394247889518738,
        "Volume": 149217600.0
    },
    "ABBV": {
        "Open": null,
        "High": null,
        "Low": null,
        "Close": null,
        "Adj Close": null,
        "Volume": null
    },
    "ABT": {
        "Open": 20.144426345825195,
        "High": 20.396934509277344,
        "Low": 19.94803237915039,
        "Close": 20.396934509277344,
        "Adj Close": 10.419878959655762,
        "Volume": 7581852.0
    },
    "ACN": {
        "Open": null,
        "High": null,
        "Low": null,
        "Close": null,
        "Adj Close": null,
        "Volume": null
    },
    "ADBE": {
        "Open": 10.34375,
        "High": 10.75,
        "Low": 10.101563453674316,
        "Close": 10.65625,
        "Adj Close": 10.57201862335205,
        "Volume": 7425600.0
    },
    "AIG": {
        "Open": 1265.3333740234375,
        "High": 1282.0,
        "Low": 1260.0,
        "Close": 1274.6666259765625,
        "Adj Close": 750.23388671875,
        "Volume": 311128.0
    },
    "AMD": {
        "Open": 8.84375,
        "High": 8.9375,
        "Low": 8.625,
        "Close": 8.6875,
        "Adj Close": 8.6875,
        "Volume": 2448000.0
    },
    "AMGN": {
        "Open": 30.375,
        "High": 30.6875,
        "Low": 29.875,
        "Close": 30.4375,
        "Adj Close": 20.587583541870117,
        "Volume": 6218600.0
    },
    "AMT": {
        "Open": 24.75,
        "High": 26.0,
        "Low": 24.5,
        "Close": 25.6875,
        "Adj Close": 18.78214454650879,
        "Volume": 400200.0
    },
    "AMZN": {
        "Open": 3.1312499046325684,
        "High": 3.1624999046325684,
        "Low": 2.950000047683716,
        "Close": 3.059375047683716,
        "Adj Close": 3.059375047683716,
        "Volume": 287656000.0
    },
    "AVGO": {
        "Open": null,
        "High": null,
        "Low": null,
        "Close": null,
        "Adj Close": null,
        "Volume": null
    },
    "AXP": {
        "Open": 38.36731719970703,
        "High": 38.877906799316406,
        "Low": 37.747314453125,
        "Close": 38.84143829345703,
        "Adj Close": 27.260255813598633,
        "Volume": 7013481.0
    },
    "BA": {
        "Open": 44.0,
        "High": 44.1875,
        "Low": 43.25,
        "Close": 44.0625,
        "Adj Close": 28.265249252319336,
        "Volume": 2541000.0
    },
    "BAC": {
        "Open": 36.65625,
        "High": 37.4375,
        "Low": 36.3125,
        "Close": 37.25,
        "Adj Close": 18.808347702026367,
        "Volume": 6992400.0
    },
    "BK": {
        "Open": 38.49109649658203,
        "High": 40.01483917236328,
        "Low": 38.42484664916992,
        "Close": 39.61734390258789,
        "Adj Close": 21.500141143798828,
        "Volume": 1568780.0
    },
    "BKNG": {
        "Open": 701.25,
        "High": 710.25,
        "Low": 643.5,
        "Close": 645.0,
        "Adj Close": 634.615966796875,
        "Volume": 329517.0
    },
    "BLK": {
        "Open": null,
        "High": null,
        "Low": null,
        "Close": null,
        "Adj Close": null,
        "Volume": null
    },
    "BMY": {
        "Open": 66.80284881591797,
        "High": 67.0407943725586,
        "Low": 65.97003936767578,
        "Close": 66.0890121459961,
        "Adj Close": 24.884687423706055,
        "Volume": 3872231.0
    },
    "BRK-B": {
        "Open": 44.70000076293945,
        "High": 45.2599983215332,
        "Low": 44.70000076293945,
        "Close": 44.91999816894531,
        "Adj Close": 44.91999816894531,
        "Volume": 710000.0
    },
    "C": {
        "Open": 356.71875,
        "High": 366.5625,
        "Low": 350.625,
        "Close": 363.75,
        "Adj Close": 188.0703582763672,
        "Volume": 1218227.0
    },
    "CAT": {
        "Open": 30.3125,
        "High": 30.84375,
        "Low": 30.3125,
        "Close": 30.59375,
        "Adj Close": 15.604963302612305,
        "Volume": 2433600.0
    },
    "CL": {
        "Open": 24.625,
        "High": 24.625,
        "Low": 23.8125,
        "Close": 24.34375,
        "Adj Close": 13.740316390991211,
        "Volume": 1996000.0
    },
    "CMCSA": {
        "Open": 11.217198371887207,
        "High": 11.59793758392334,
        "Low": 11.09028434753418,
        "Close": 11.55888843536377,
        "Adj Close": 7.843462944030762,
        "Volume": 491674.0
    },
    "COF": {
        "Open": 54.0,
        "High": 55.9375,
        "Low": 53.6875,
        "Close": 55.75,
        "Adj Close": 40.30931854248047,
        "Volume": 1326700.0
    },
    "COP": {
        "Open": 19.05791473388672,
        "High": 19.05791473388672,
        "Low": 18.867334365844727,
        "Close": 19.010269165039062,
        "Adj Close": 8.21177864074707,
        "Volume": 1355342.0
    },
    "COST": {
        "Open": 39.6875,
        "High": 40.84375,
        "Low": 39.3125,
        "Close": 40.8125,
        "Adj Close": 27.22875213623047,
        "Volume": 4624600.0
    },
    "CRM": {
        "Open": null,
        "High": null,
        "Low": null,
        "Close": null,
        "Adj Close": null,
        "Volume": null
    },
    "CSCO": {
        "Open": 32.53125,
        "High": 32.5625,
        "Low": 31.75,
        "Close": 32.1875,
        "Adj Close": 20.826961517333984,
        "Volume": 42941400.0
    },
    "CVS": {
        "Open": 25.25,
        "High": 25.5625,
        "Low": 25.1875,
        "Close": 25.5,
        "Adj Close": 16.083642959594727,
        "Volume": 2121800.0
    },
    "CVX": {
        "Open": 48.25,
        "High": 48.46875,
        "Low": 47.90625,
        "Close": 48.21875,
        "Adj Close": 18.064287185668945,
        "Volume": 2542800.0
    },
    "DE": {
        "Open": 19.8125,
        "High": 19.90625,
        "Low": 19.4375,
        "Close": 19.625,
        "Adj Close": 11.728616714477539,
        "Volume": 2561600.0
    },
    "DHR": {
        "Open": 9.745723724365234,
        "High": 9.9137544631958,
        "Low": 9.51468276977539,
        "Close": 9.850743293762207,
        "Adj Close": 5.8266448974609375,
        "Volume": 3319056.0
    },
    "DIS": {
        "Open": 29.533344268798828,
        "High": 29.533344268798828,
        "Low": 28.546844482421875,
        "Close": 28.60849952697754,
        "Adj Close": 21.68768882751465,
        "Volume": 13131272.0
    },
    "DUK": {
        "Open": 47.39596939086914,
        "High": 47.88627243041992,
        "Low": 47.06909942626953,
        "Close": 47.34149169921875,
        "Adj Close": 14.154068946838379,
        "Volume": 1365686.0
    },
    "EMR": {
        "Open": 31.46875,
        "High": 31.5,
        "Low": 31.25,
        "Close": 31.5,
        "Adj Close": 15.30022144317627,
        "Volume": 1971200.0
    },
    "FDX": {
        "Open": 54.5,
        "High": 55.8125,
        "Low": 53.3125,
        "Close": 54.25,
        "Adj Close": 43.43757629394531,
        "Volume": 2053800.0
    },
    "GD": {
        "Open": 34.375,
        "High": 35.03125,
        "Low": 33.84375,
        "Close": 35.03125,
        "Adj Close": 20.228071212768555,
        "Volume": 1149800.0
    },
    "GE": {
        "Open": 179.0175018310547,
        "High": 179.4168701171875,
        "Low": 177.02066040039062,
        "Close": 178.11892700195312,
        "Adj Close": 95.52738189697266,
        "Volume": 2855812.0
    },
    "GILD": {
        "Open": 1.6328129768371582,
        "High": 1.652343988418579,
        "Low": 1.582031011581421,
        "Close": 1.628906011581421,
        "Adj Close": 1.1316845417022705,
        "Volume": 5619200.0
    },
    "GM": {
        "Open": null,
        "High": null,
        "Low": null,
        "Close": null,
        "Adj Close": null,
        "Volume": null
    },
    "GOOG": {
        "Open": null,
        "High": null,
        "Low": null,