{
    "AAPL": {
        "Open": 0.422991007566452,
        "High": 0.453125,
        "Low": 0.41964301466941833,
        "Close": 0.4453130066394806,
        "Adj Close": 0.3736017644405365,
        "Volume": 1099156800.0
    },
    "ABBV": {
        "Open": null,
        "High": null,
        "Low": null,
        "Close": null,
        "Adj Close": null,
        "Volume": null
    },
    "ABT": {
        "Open": 19.94803237915039,
        "High": 19.94803237915039,
        "Low": 19.49913215637207,
        "Close": 19.55524444580078,
        "Adj Close": 9.989901542663574,
        "Volume": 7534625.0
    },
    "ACN": {
        "Open": null,
        "High": null,
        "Low": null,
        "Close": null,
        "Adj Close": null,
        "Volume": null
    },
    "ADBE": {
        "Open": 10.539063453674316,
        "High": 10.648438453674316,
        "Low": 10.15625,
        "Close": 10.617188453674316,
        "Adj Close": 10.53326416015625,
        "Volume": 2712800.0
    },
    "AIG": {
        "Open": 1292.6666259765625,
        "High": 1307.3333740234375,
        "Low": 1286.0,
        "Close": 1298.6666259765625,
        "Adj Close": 764.3595581054688,
        "Volume": 139191.0
    },
    "AMD": {
        "Open": 8.5625,
        "High": 8.5625,
        "Low": 8.375,
        "Close": 8.4375,
        "Adj Close": 8.4375,
        "Volume": 2125000.0
    },
    "AMGN": {
        "Open": 29.625,
        "High": 31.4375,
        "Low": 29.59375,
        "Close": 31.40625,
        "Adj Close": 21.242834091186523,
        "Volume": 10323600.0
    },
    "AMT": {
        "Open": 23.9375,
        "High": 24.5,
        "Low": 23.375,
        "Close": 23.5625,
        "Adj Close": 17.228384017944336,
        "Volume": 305500.0
    },
    "AMZN": {
        "Open": 3.153125047683716,
        "High": 3.1875,
        "Low": 3.0,
        "Close": 3.046875,
        "Adj Close": 3.046875,
        "Volume": 199760000.0
    },
    "AVGO": {
        "Open": null,
        "High": null,
        "Low": null,
        "Close": null,
        "Adj Close": null,
        "Volume": null
    },
    "AXP": {
        "Open": 39.9720344543457,
        "High": 40.318504333496094,
        "Low": 39.33379364013672,
        "Close": 39.60732650756836,
        "Adj Close": 27.79777717590332,
        "Volume": 4759283.0
    },
    "BA": {
        "Open": 43.375,
        "High": 43.625,
        "Low": 42.25,
        "Close": 43.625,
        "Adj Close": 27.984588623046875,
        "Volume": 2184900.0
    },
    "BAC": {
        "Open": 37.5,
        "High": 37.53125,
        "Low": 37.21875,
        "Close": 37.46875,
        "Adj Close": 18.91879653930664,
        "Volume": 6854400.0
    },
    "BK": {
        "Open": 40.47858810424805,
        "High": 41.869834899902344,
        "Low": 40.41233825683594,
        "Close": 41.47233581542969,
        "Adj Close": 22.50684928894043,
        "Volume": 1715950.0
    },
    "BKNG": {
        "Open": 678.0,
        "High": 678.0,
        "Low": 639.0,
        "Close": 666.0,
        "Adj Close": 655.2778930664062,
        "Volume": 274083.0
    },
    "BLK": {
        "Open": null,
        "High": null,
        "Low": null,
        "Close": null,
        "Adj Close": null,
        "Volume": null
    },
    "BMY": {
        "Open": 69.00382995605469,
        "High": 69.59869384765625,
        "Low": 68.3494873046875,
        "Close": 69.24177551269531,
        "Adj Close": 26.07181739807129,
        "Volume": 4226936.0
    },
    "BRK-B": {
        "Open": 46.400001525878906,
        "High": 46.65999984741211,
        "Low": 45.7400016784668,
        "Close": 46.380001068115234,
        "Adj Close": 46.380001068115234,
        "Volume": 440000.0
    },
    "C": {
        "Open": 365.15625,
        "High": 365.625,
        "Low": 357.65625,
        "Close": 365.625,
        "Adj Close": 189.03965759277344,
        "Volume": 1010680.0
    },
    "CAT": {
        "Open": 30.09375,
        "High": 31.15625,
        "Low": 30.09375,
        "Close": 31.0625,
        "Adj Close": 15.844059944152832,
        "Volume": 4011200.0
    },
    "CL": {
        "Open": 23.4375,
        "High": 23.75,
        "Low": 23.25,
        "Close": 23.65625,
        "Adj Close": 13.352279663085938,
        "Volume": 2920000.0
    },
    "CMCSA": {
        "Open": 11.051234245300293,
        "High": 11.715088844299316,
        "Low": 11.012184143066406,
        "Close": 11.59793758392334,
        "Adj Close": 7.869956970214844,
        "Volume": 537128.0
    },
    "COF": {
        "Open": 57.1875,
        "High": 57.8125,
        "Low": 56.625,
        "Close": 57.4375,
        "Adj Close": 41.52946472167969,
        "Volume": 760300.0
    },
    "COP": {
        "Open": 20.01081085205078,
        "High": 20.01081085205078,
        "Low": 19.53436279296875,
        "Close": 19.629650115966797,
        "Adj Close": 8.479334831237793,
        "Volume": 1000109.0
    },
    "COST": {
        "Open": 40.6875,
        "High": 41.375,
        "Low": 40.125,
        "Close": 41.21875,
        "Adj Close": 27.499801635742188,
        "Volume": 3214800.0
    },
    "CRM": {
        "Open": null,
        "High": null,
        "Low": null,
        "Close": null,
        "Adj Close": null,
        "Volume": null
    },
    "CSCO": {
        "Open": 33.4375,
        "High": 33.8125,
        "Low": 32.6640625,
        "Close": 33.125,
        "Adj Close": 21.433574676513672,
        "Volume": 39944600.0
    },
    "CVS": {
        "Open": 24.0625,
        "High": 24.875,
        "Low": 23.8125,
        "Close": 24.875,
        "Adj Close": 15.689430236816406,
        "Volume": 3305000.0
    },
    "CVX": {
        "Open": 49.09375,
        "High": 49.84375,
        "Low": 48.5,
        "Close": 49.84375,
        "Adj Close": 18.673067092895508,
        "Volume": 2562800.0
    },
    "DE": {
        "Open": 19.375,
        "High": 19.46875,
        "Low": 18.53125,
        "Close": 19.125,
        "Adj Close": 11.429800033569336,
        "Volume": 2662200.0
    },
    "DHR": {
        "Open": 9.745723724365234,
        "High": 9.934757232666016,
        "Low": 9.724720001220703,
        "Close": 9.777230262756348,
        "Adj Close": 5.7831645011901855,
        "Volume": 2044281.0
    },
    "DIS": {
        "Open": 27.560344696044922,
        "High": 28.361875534057617,
        "Low": 27.560344696044922,
        "Close": 27.683656692504883,
        "Adj Close": 20.986574172973633,
        "Volume": 11952255.0
    },
    "DUK": {
        "Open": 48.26762008666992,
        "High": 48.431053161621094,
        "Low": 47.72283935546875,
        "Close": 48.431053161621094,
        "Adj Close": 14.479825019836426,
        "Volume": 795503.0
    },
    "EMR": {
        "Open": 31.375,
        "High": 31.375,
        "Low": 31.09375,
        "Close": 31.34375,
        "Adj Close": 15.224321365356445,
        "Volume": 2010200.0
    },
    "FDX": {
        "Open": 53.3125,
        "High": 53.375,
        "Low": 50.625,
        "Close": 50.875,
        "Adj Close": 40.7352294921875,
        "Volume": 2552400.0
    },
    "GD": {
        "Open": 35.0,
        "High": 35.21875,
        "Low": 34.5625,
        "Close": 35.21875,
        "Adj Close": 20.33633804321289,
        "Volume": 1944200.0
    },
    "GE": {
        "Open": 182.8115234375,
        "High": 189.70065307617188,
        "Low": 182.3123016357422,
        "Close": 188.40269470214844,
        "Adj Close": 101.35753631591797,
        "Volume": 4975401.0
    },
    "GILD": {
        "Open": 1.6855469942092896,
        "High": 1.6894530057907104,
        "Low": 1.6640629768371582,
        "Close": 1.6699219942092896,
        "Adj Close": 1.1601808071136475,
        "Volume": 3926400.0
    },
    "GM": {
        "Open": null,
        "High": null,
        "Low": null,
        "Close": null,
        "Adj Close": null,
        "Volume": null
    },
    "GOOG": {
        "Open": null,
        "High": null,