{
    "AAPL": {
        "Open": 0.4720979928970337,
        "High": 0.4732140004634857,
        "Low": 0.454241007566452,
        "Close": 0.45479899644851685,
        "Adj Close": 0.3815600574016571,
        "Volume": 351187200.0
    },
    "ABBV": {
        "Open": null,
        "High": null,
        "Low": null,
        "Close": null,
        "Adj Close": null,
        "Volume": null
    },
    "ABT": {
        "Open": 19.1343994140625,
        "High": 19.52718734741211,
        "Low": 19.022174835205078,
        "Close": 19.358850479125977,
        "Adj Close": 9.929880142211914,
        "Volume": 7370892.0
    },
    "ACN": {
        "Open": null,
        "High": null,
        "Low": null,
        "Close": null,
        "Adj Close": null,
        "Volume": null
    },
    "ADBE": {
        "Open": 10.625,
        "High": 10.9375,
        "Low": 10.59375,
        "Close": 10.710938453674316,
        "Adj Close": 10.626275062561035,
        "Volume": 7619200.0
    },
    "AIG": {
        "Open": 1260.0,
        "High": 1279.3333740234375,
        "Low": 1259.3333740234375,
        "Close": 1276.6666259765625,
        "Adj Close": 751.4107666015625,
        "Volume": 117506.0
    },
    "AMD": {
        "Open": 8.0625,
        "High": 8.25,
        "Low": 8.03125,
        "Close": 8.1875,
        "Adj Close": 8.1875,
        "Volume": 1347600.0
    },
    "AMGN": {
        "Open": 37.375,
        "High": 38.09375,
        "Low": 36.3125,
        "Close": 36.5,
        "Adj Close": 24.688190460205078,
        "Volume": 8972800.0
    },
    "AMT": {
        "Open": 23.9375,
        "High": 23.9375,
        "Low": 22.5,
        "Close": 23.1875,
        "Adj Close": 16.954193115234375,
        "Volume": 217600.0
    },
    "AMZN": {
        "Open": 2.7609379291534424,
        "High": 2.887500047683716,
        "Low": 2.625,
        "Close": 2.648437976837158,
        "Adj Close": 2.648437976837158,
        "Volume": 612552000.0
    },
    "AVGO": {
        "Open": null,
        "High": null,
        "Low": null,
        "Close": null,
        "Adj Close": null,
        "Volume": null
    },
    "AXP": {
        "Open": 39.169673919677734,
        "High": 40.22732925415039,
        "Low": 38.84143829345703,
        "Close": 39.826148986816406,
        "Adj Close": 27.95135498046875,
        "Volume": 5667543.0
    },
    "BA": {
        "Open": 46.25,
        "High": 46.25,
        "Low": 45.1875,
        "Close": 45.25,
        "Adj Close": 29.026981353759766,
        "Volume": 2273000.0
    },
    "BAC": {
        "Open": 34.25,
        "High": 35.5,
        "Low": 34.21875,
        "Close": 34.90625,
        "Adj Close": 17.624935150146484,
        "Volume": 6679800.0
    },
    "BK": {
        "Open": 39.749839782714844,
        "High": 40.47858810424805,
        "Low": 39.4185905456543,
        "Close": 40.01483917236328,
        "Adj Close": 21.797658920288086,
        "Volume": 1309251.0
    },
    "BKNG": {
        "Open": 478.875,
        "High": 495.75,
        "Low": 465.0,
        "Close": 469.125,
        "Adj Close": 461.57244873046875,
        "Volume": 268383.0
    },
    "BLK": {
        "Open": null,
        "High": null,
        "Low": null,
        "Close": null,
        "Adj Close": null,
        "Volume": null
    },
    "BMY": {
        "Open": 66.38644409179688,
        "High": 67.13002014160156,
        "Low": 66.38644409179688,
        "Close": 66.50541687011719,
        "Adj Close": 25.041473388671875,
        "Volume": 2196733.0
    },
    "BRK-B": {
        "Open": 44.0,
        "High": 44.34000015258789,
        "Low": 43.65999984741211,
        "Close": 43.959999084472656,
        "Adj Close": 43.959999084472656,
        "Volume": 610000.0
    },
    "C": {
        "Open": 354.375,
        "High": 356.25,
        "Low": 348.75,
        "Close": 353.4375,
        "Adj Close": 182.7384490966797,
        "Volume": 992040.0
    },
    "CAT": {
        "Open": 30.5,
        "High": 31.28125,
        "Low": 29.875,
        "Close": 30.0,
        "Adj Close": 15.386148452758789,
        "Volume": 2418600.0
    },
    "CL": {
        "Open": 25.0,
        "High": 25.125,
        "Low": 24.3125,
        "Close": 24.59375,
        "Adj Close": 13.925046920776367,
        "Volume": 3137000.0
    },
    "CMCSA": {
        "Open": 11.051234245300293,
        "High": 11.09028434753418,
        "Low": 10.81693172454834,
        "Close": 10.836457252502441,
        "Adj Close": 7.353244304656982,
        "Volume": 1381232.0
    },
    "COF": {
        "Open": 47.0,
        "High": 48.0625,
        "Low": 46.625,
        "Close": 47.25,
        "Adj Close": 34.16350173950195,
        "Volume": 1545400.0
    },
    "COP": {
        "Open": 20.20138931274414,
        "High": 20.20138931274414,
        "Low": 19.939342498779297,
        "Close": 19.939342498779297,
        "Adj Close": 8.613105773925781,
        "Volume": 929010.0
    },
    "COST": {
        "Open": 38.375,
        "High": 38.96875,
        "Low": 38.09375,
        "Close": 38.5,
        "Adj Close": 25.68593406677246,
        "Volume": 2689600.0
    },
    "CRM": {
        "Open": null,
        "High": null,
        "Low": null,
        "Close": null,
        "Adj Close": null,
        "Volume": null
    },
    "CSCO": {
        "Open": 31.0,
        "High": 31.25,
        "Low": 30.5,
        "Close": 30.53125,
        "Adj Close": 19.755285263061523,
        "Volume": 30652200.0
    },
    "CVS": {
        "Open": 23.4375,
        "High": 24.1875,
        "Low": 23.40625,
        "Close": 24.125,
        "Adj Close": 15.233983993530273,
        "Volume": 2183000.0
    },
    "CVX": {
        "Open": 47.03125,
        "High": 47.6875,
        "Low": 46.09375,
        "Close": 46.1875,
        "Adj Close": 17.30332374572754,
        "Volume": 2161000.0
    },
    "DE": {
        "Open": 18.875,
        "High": 19.71875,
        "Low": 18.6875,
        "Close": 19.4375,
        "Adj Close": 11.616558074951172,
        "Volume": 2881400.0
    },
    "DHR": {
        "Open": 9.577693939208984,
        "High": 9.693215370178223,
        "Low": 9.546189308166504,
        "Close": 9.546189308166504,
        "Adj Close": 5.64650297164917,
        "Volume": 1905615.0
    },
    "DIS": {
        "Open": 26.57384490966797,
        "High": 27.190406799316406,
        "Low": 26.57384490966797,
        "Close": 27.12874984741211,
        "Adj Close": 20.56590461730957,
        "Volume": 11979321.0
    },
    "DUK": {
        "Open": 48.975833892822266,
        "High": 49.46613693237305,
        "Low": 48.812400817871094,
        "Close": 49.411659240722656,
        "Adj Close": 14.772995948791504,
        "Volume": 1351804.0
    },
    "EMR": {
        "Open": 30.5,
        "High": 30.90625,
        "Low": 30.5,
        "Close": 30.6875,
        "Adj Close": 14.905567169189453,
        "Volume": 864200.0
    },
    "FDX": {
        "Open": 44.25,
        "High": 45.3125,
        "Low": 43.875,
        "Close": 44.0,
        "Adj Close": 35.23046875,
        "Volume": 1926000.0
    },
    "GD": {
        "Open": 33.8125,
        "High": 33.8125,
        "Low": 33.0,
        "Close": 33.125,
        "Adj Close": 19.194719314575195,
        "Volume": 814800.0
    },
    "GE": {
        "Open": 183.01119995117188,
        "High": 185.008056640625,
        "Low": 181.81309509277344,
        "Close": 182.1126251220703,
        "Adj Close": 97.97357177734375,
        "Volume": 2100434.0
    },
    "GILD": {
        "Open": 1.734375,
        "High": 1.738281011581421,
        "Low": 1.6640629768371582,
        "Close": 1.675781011581421,
        "Adj Close": 1.1642512083053589,
        "Volume": 23801600.0
    },
    "GM": {
        "Open": null,
        "High": null,
        "Low": null,
        "Close": null,
        "Adj Close": null,
        "Volume": null
    },
    "GOOG": {
        "Open": null,
        "High": null,
        "Low": null,
        "Close": null,