{
    "AAPL": {
        "Open": 0.9207590222358704,
        "High": 0.9877229928970337,
        "Low": 0.908482015132904,
        "Close": 0.9838169813156128,
        "Adj Close": 0.8253870606422424,
        "Volume": 567358400.0
    },
    "ABBV": {
        "Open": null,
        "High": null,
        "Low": null,
        "Close": null,
        "Adj Close": null,
        "Volume": null
    },
    "ABT": {
        "Open": 16.917951583862305,
        "High": 17.002120971679688,
        "Low": 16.7215576171875,
        "Close": 16.868852615356445,
        "Adj Close": 8.689199447631836,
        "Volume": 5763188.0
    },
    "ACN": {
        "Open": null,
        "High": null,
        "Low": null,
        "Close": null,
        "Adj Close": null,
        "Volume": null
    },
    "ADBE": {
        "Open": 16.71875,
        "High": 17.296875,
        "Low": 16.578125,
        "Close": 17.15625,
        "Adj Close": 17.028514862060547,
        "Volume": 11634000.0
    },
    "AIG": {
        "Open": 1373.3333740234375,
        "High": 1385.8333740234375,
        "Low": 1363.3333740234375,
        "Close": 1373.9583740234375,
        "Adj Close": 809.5050659179688,
        "Volume": 160845.0
    },
    "AMD": {
        "Open": 13.96875,
        "High": 15.25,
        "Low": 13.875,
        "Close": 15.25,
        "Adj Close": 15.25,
        "Volume": 6732600.0
    },
    "AMGN": {
        "Open": 44.625,
        "High": 45.5,
        "Low": 44.25,
        "Close": 44.75,
        "Adj Close": 30.268404006958008,
        "Volume": 7278200.0
    },
    "AMT": {
        "Open": 26.375,
        "High": 27.375,
        "Low": 26.375,
        "Close": 26.5,
        "Adj Close": 19.3762264251709,
        "Volume": 1298700.0
    },
    "AMZN": {
        "Open": 4.300000190734863,
        "High": 4.565625190734863,
        "Low": 4.28125,
        "Close": 4.453125,
        "Adj Close": 4.453125,
        "Volume": 190774000.0
    },
    "AVGO": {
        "Open": null,
        "High": null,
        "Low": null,
        "Close": null,
        "Adj Close": null,
        "Volume": null
    },
    "AXP": {
        "Open": 44.93206787109375,
        "High": 45.1508903503418,
        "Low": 44.348533630371094,
        "Close": 44.77250671386719,
        "Adj Close": 31.47320556640625,
        "Volume": 4170456.0
    },
    "BA": {
        "Open": 41.5,
        "High": 41.5625,
        "Low": 39.875,
        "Close": 40.125,
        "Adj Close": 25.89992904663086,
        "Volume": 3239800.0
    },
    "BAC": {
        "Open": 28.6875,
        "High": 29.09375,
        "Low": 27.75,
        "Close": 28.1875,
        "Adj Close": 14.462519645690918,
        "Volume": 12395600.0
    },
    "BK": {
        "Open": 41.73733139038086,
        "High": 42.333580017089844,
        "Low": 41.27358627319336,
        "Close": 42.333580017089844,
        "Adj Close": 23.16443634033203,
        "Volume": 2837276.0
    },
    "BKNG": {
        "Open": 383.25,
        "High": 391.5,
        "Low": 378.0,
        "Close": 390.375,
        "Adj Close": 384.09027099609375,
        "Volume": 950683.0
    },
    "BLK": {
        "Open": 18.5625,
        "High": 19.0,
        "Low": 18.5625,
        "Close": 19.0,
        "Adj Close": 11.370455741882324,
        "Volume": 33200.0
    },
    "BMY": {
        "Open": 68.82537078857422,
        "High": 68.82537078857422,
        "Low": 67.8141098022461,
        "Close": 68.30487060546875,
        "Adj Close": 25.80088996887207,
        "Volume": 2808746.0
    },
    "BRK-B": {
        "Open": 37.099998474121094,
        "High": 37.18000030517578,
        "Low": 36.68000030517578,
        "Close": 37.0,
        "Adj Close": 37.0,
        "Volume": 655000.0
    },
    "C": {
        "Open": 416.25,
        "High": 417.1875,
        "Low": 401.25,
        "Close": 405.0,
        "Adj Close": 210.59071350097656,
        "Volume": 1395307.0
    },
    "CAT": {
        "Open": 23.75,
        "High": 24.3125,
        "Low": 23.75,
        "Close": 23.75,
        "Adj Close": 12.254460334777832,
        "Volume": 3840800.0
    },
    "CL": {
        "Open": 27.875,
        "High": 28.34375,
        "Low": 27.5625,
        "Close": 28.1875,
        "Adj Close": 16.00362205505371,
        "Volume": 3383400.0
    },
    "CMCSA": {
        "Open": 12.749921798706055,
        "High": 12.984224319458008,
        "Low": 12.632770538330078,
        "Close": 12.945173263549805,
        "Adj Close": 8.784148216247559,
        "Volume": 396924.0
    },
    "COF": {
        "Open": 45.75,
        "High": 48.125,
        "Low": 45.75,
        "Close": 47.9375,
        "Adj Close": 34.70314025878906,
        "Volume": 1079400.0
    },
    "COP": {
        "Open": 18.53382110595703,
        "High": 18.65293312072754,
        "Low": 18.128841400146484,
        "Close": 18.247953414916992,
        "Adj Close": 7.992653846740723,
        "Volume": 1035790.0
    },
    "COST": {
        "Open": 47.1875,
        "High": 47.9375,
        "Low": 44.0,
        "Close": 47.8125,
        "Adj Close": 31.898921966552734,
        "Volume": 10037600.0
    },
    "CRM": {
        "Open": null,
        "High": null,
        "Low": null,
        "Close": null,
        "Adj Close": null,
        "Volume": null
    },
    "CSCO": {
        "Open": 46.4375,
        "High": 46.875,
        "Low": 45.71875,
        "Close": 46.75,
        "Adj Close": 30.249643325805664,
        "Volume": 39396200.0
    },
    "CVS": {
        "Open": 19.78125,
        "High": 19.78125,
        "Low": 18.875,
        "Close": 19.0,
        "Adj Close": 12.014289855957031,
        "Volume": 4730000.0
    },
    "CVX": {
        "Open": 45.9375,
        "High": 46.21875,
        "Low": 45.0,
        "Close": 45.46875,
        "Adj Close": 17.263473510742188,
        "Volume": 2729800.0
    },
    "DE": {
        "Open": 21.09375,
        "High": 21.9375,
        "Low": 21.03125,
        "Close": 21.5,
        "Adj Close": 12.922079086303711,
        "Volume": 3375600.0
    },
    "DHR": {
        "Open": 8.222954750061035,
        "High": 8.31747055053711,
        "Low": 8.222954750061035,
        "Close": 8.264962196350098,
        "Adj Close": 4.89005184173584,
        "Volume": 1284297.0
    },
    "DIS": {
        "Open": 27.621999740600586,
        "High": 27.74531364440918,
        "Low": 27.12874984741211,
        "Close": 27.483272552490234,
        "Adj Close": 21.05975341796875,
        "Volume": 8513127.0
    },
    "DUK": {
        "Open": 43.58250045776367,
        "High": 44.07280349731445,
        "Low": 43.20115280151367,
        "Close": 43.25563049316406,
        "Adj Close": 13.195540428161621,
        "Volume": 970573.0
    },
    "EMR": {
        "Open": 29.0,
        "High": 29.0,
        "Low": 28.5,
        "Close": 28.5,
        "Adj Close": 14.001655578613281,
        "Volume": 1967800.0
    },
    "FDX": {
        "Open": 41.75,
        "High": 42.0,
        "Low": 40.75,
        "Close": 40.875,
        "Adj Close": 32.72830581665039,
        "Volume": 1634600.0
    },
    "GD": {
        "Open": 25.375,
        "High": 25.875,
        "Low": 25.375,
        "Close": 25.7265625,
        "Adj Close": 14.966293334960938,
        "Volume": 2034200.0
    },
    "GE": {
        "Open": 217.45684814453125,
        "High": 217.45684814453125,
        "Low": 212.9639434814453,
        "Close": 215.1604766845703,
        "Adj Close": 116.09129333496094,
        "Volume": 2323285.0
    },
    "GILD": {
        "Open": 1.441406011581421,
        "High": 1.441406011581421,
        "Low": 1.378906011581421,
        "Close": 1.4140629768371582,
        "Adj Close": 0.9824221730232239,
        "Volume": 11955200.0
    },
    "GM": {
        "Open": null,
        "High": null,
        "Low": null,
        "Close": null,
        "Adj Close": null,
        "Volume": null
    },
    "GOOG": {
        "Open": null,
        "High": null,
        "Low": null,
        "Close": null,