{
    "AAPL": {
        "Open": 0.9910709857940674,
        "High": 0.9910709857940674,
        "Low": 0.9006699919700623,
        "Close": 0.939732015132904,
        "Adj Close": 0.7884015440940857,
        "Volume": 855198400.0
    },
    "ABBV": {
        "Open": null,
        "High": null,
        "Low": null,
        "Close": null,
        "Adj Close": null,
        "Volume": null
    },
    "ABT": {
        "Open": 15.767642974853516,
        "High": 15.935980796813965,
        "Low": 15.318742752075195,
        "Close": 15.795700073242188,
        "Adj Close": 8.136414527893066,
        "Volume": 14603892.0
    },
    "ACN": {
        "Open": null,
        "High": null,
        "Low": null,
        "Close": null,
        "Adj Close": null,
        "Volume": null
    },
    "ADBE": {
        "Open": 17.34375,
        "High": 17.71875,
        "Low": 15.75,
        "Close": 16.375,
        "Adj Close": 16.253076553344727,
        "Volume": 7206800.0
    },
    "AIG": {
        "Open": 1443.3333740234375,
        "High": 1472.5,
        "Low": 1438.3333740234375,
        "Close": 1469.1666259765625,
        "Adj Close": 865.5994262695312,
        "Volume": 183908.0
    },
    "AMD": {
        "Open": 15.34375,
        "High": 15.5,
        "Low": 14.40625,
        "Close": 14.6875,
        "Adj Close": 14.6875,
        "Volume": 7157000.0
    },
    "AMGN": {
        "Open": 46.75,
        "High": 48.0,
        "Low": 42.625,
        "Close": 44.0,
        "Adj Close": 29.761110305786133,
        "Volume": 10458800.0
    },
    "AMT": {
        "Open": 28.0,
        "High": 28.875,
        "Low": 28.0,
        "Close": 28.75,
        "Adj Close": 21.0213680267334,
        "Volume": 2774700.0
    },
    "AMZN": {
        "Open": 4.775000095367432,
        "High": 5.650000095367432,
        "Low": 4.671875,
        "Close": 5.181250095367432,
        "Adj Close": 5.181250095367432,
        "Volume": 827292000.0
    },
    "AVGO": {
        "Open": null,
        "High": null,
        "Low": null,
        "Close": null,
        "Adj Close": null,
        "Volume": null
    },
    "AXP": {
        "Open": 46.190311431884766,
        "High": 47.485023498535156,
        "Low": 46.190311431884766,
        "Close": 46.627960205078125,
        "Adj Close": 32.77751159667969,
        "Volume": 6647778.0
    },
    "BA": {
        "Open": 37.375,
        "High": 39.5625,
        "Low": 37.375,
        "Close": 37.8125,
        "Adj Close": 24.407272338867188,
        "Volume": 6141500.0
    },
    "BAC": {
        "Open": 25.46875,
        "High": 25.65625,
        "Low": 24.5,
        "Close": 25.46875,
        "Adj Close": 13.067582130432129,
        "Volume": 19260000.0
    },
    "BK": {
        "Open": 38.49109649658203,
        "High": 39.81608963012695,
        "Low": 38.49109649658203,
        "Close": 39.81608963012695,
        "Adj Close": 21.786901473999023,
        "Volume": 1392647.0
    },
    "BKNG": {
        "Open": 370.875,
        "High": 372.75,
        "Low": 336.0,
        "Close": 347.25,
        "Adj Close": 341.6595458984375,
        "Volume": 646200.0
    },
    "BLK": {
        "Open": 18.25,
        "High": 18.375,
        "Low": 18.125,
        "Close": 18.25,
        "Adj Close": 10.92162799835205,
        "Volume": 15500.0
    },
    "BMY": {
        "Open": 64.60186767578125,
        "High": 64.60186767578125,
        "Low": 63.23368453979492,
        "Close": 63.352657318115234,
        "Adj Close": 23.9302978515625,
        "Volume": 3711794.0
    },
    "BRK-B": {
        "Open": 35.900001525878906,
        "High": 35.900001525878906,
        "Low": 35.540000915527344,
        "Close": 35.70000076293945,
        "Adj Close": 35.70000076293945,
        "Volume": 935000.0
    },
    "C": {
        "Open": 420.0,
        "High": 420.9375,
        "Low": 406.875,
        "Close": 413.4375,
        "Adj Close": 214.97799682617188,
        "Volume": 1286280.0
    },
    "CAT": {
        "Open": 22.71875,
        "High": 23.25,
        "Low": 22.71875,
        "Close": 22.90625,
        "Adj Close": 11.819098472595215,
        "Volume": 3743800.0
    },
    "CL": {
        "Open": 29.5,
        "High": 29.9375,
        "Low": 28.78125,
        "Close": 29.5625,
        "Adj Close": 16.784282684326172,
        "Volume": 1977200.0
    },
    "CMCSA": {
        "Open": 13.667604446411133,
        "High": 15.366291999816895,
        "Low": 13.648078918457031,
        "Close": 15.210090637207031,
        "Adj Close": 10.321039199829102,
        "Volume": 1978218.0
    },
    "COF": {
        "Open": 49.375,
        "High": 50.1875,
        "Low": 46.9375,
        "Close": 48.25,
        "Adj Close": 34.92937088012695,
        "Volume": 1351300.0
    },
    "COP": {
        "Open": 18.62911033630371,
        "High": 18.795867919921875,
        "Low": 18.343242645263672,
        "Close": 18.53382110595703,
        "Adj Close": 8.117864608764648,
        "Volume": 850303.0
    },
    "COST": {
        "Open": 47.25,
        "High": 47.3125,
        "Low": 45.1875,
        "Close": 45.96875,
        "Adj Close": 30.668842315673828,
        "Volume": 8479400.0
    },
    "CRM": {
        "Open": null,
        "High": null,
        "Low": null,
        "Close": null,
        "Adj Close": null,
        "Volume": null
    },
    "CSCO": {
        "Open": 50.96875,
        "High": 51.0,
        "Low": 48.0,
        "Close": 49.3125,
        "Adj Close": 31.907726287841797,
        "Volume": 48570000.0
    },
    "CVS": {
        "Open": 18.125,
        "High": 18.75,
        "Low": 17.5625,
        "Close": 17.78125,
        "Adj Close": 11.243644714355469,
        "Volume": 3833600.0
    },
    "CVX": {
        "Open": 45.5,
        "High": 46.25,
        "Low": 45.5,
        "Close": 46.09375,
        "Adj Close": 17.500770568847656,
        "Volume": 2418600.0
    },
    "DE": {
        "Open": 20.9375,
        "High": 21.21875,
        "Low": 20.875,
        "Close": 21.0625,
        "Adj Close": 12.659133911132812,
        "Volume": 1518600.0
    },
    "DHR": {
        "Open": 8.149441719055176,
        "High": 8.170445442199707,
        "Low": 7.729366779327393,
        "Close": 7.781877040863037,
        "Adj Close": 4.604227066040039,
        "Volume": 1477120.0
    },
    "DIS": {
        "Open": 26.94378089904785,
        "High": 27.560344696044922,
        "Low": 26.94378089904785,
        "Close": 27.252063751220703,
        "Adj Close": 20.882587432861328,
        "Volume": 11963102.0
    },
    "DUK": {
        "Open": 42.49293899536133,
        "High": 42.54741668701172,
        "Low": 41.45785140991211,
        "Close": 41.62128829956055,
        "Adj Close": 12.696967124938965,
        "Volume": 1493948.0
    },
    "EMR": {
        "Open": 27.5625,
        "High": 27.71875,
        "Low": 26.90625,
        "Close": 26.9375,
        "Adj Close": 13.234015464782715,
        "Volume": 1954200.0
    },
    "FDX": {
        "Open": 40.4375,
        "High": 40.5,
        "Low": 39.5625,
        "Close": 40.0,
        "Adj Close": 32.027706146240234,
        "Volume": 1265600.0
    },
    "GD": {
        "Open": 25.5,
        "High": 25.53125,
        "Low": 25.0,
        "Close": 25.25,
        "Adj Close": 14.689061164855957,
        "Volume": 1732600.0
    },
    "GE": {
        "Open": 230.43637084960938,
        "High": 231.53463745117188,
        "Low": 225.44424438476562,
        "Close": 229.33810424804688,
        "Adj Close": 123.74100494384766,
        "Volume": 4033417.0
    },
    "GILD": {
        "Open": 1.34375,
        "High": 1.34375,
        "Low": 1.25,
        "Close": 1.2792969942092896,
        "Adj Close": 0.8887932896614075,
        "Volume": 32272000.0
    },
    "GM": {
        "Open": null,
        "High": null,
        "Low": null,
        "Close": null,
        "Adj Close": null,
        "Volume": null
    },
    "GOOG": {
        "Open": null,
        "High": null,
        "Low": null,