{
    "AAPL": {
        "Open": 0.9012280106544495,
        "High": 0.9185270071029663,
        "Low": 0.888392984867096,
        "Close": 0.9179689884185791,
        "Adj Close": 0.7701430320739746,
        "Volume": 163811200.0
    },
    "ABBV": {
        "Open": null,
        "High": null,
        "Low": null,
        "Close": null,
        "Adj Close": null,
        "Volume": null
    },
    "ABT": {
        "Open": 16.356826782226562,
        "High": 16.3848819732666,
        "Low": 16.216543197631836,
        "Close": 16.30071258544922,
        "Adj Close": 8.3965482711792,
        "Volume": 3136550.0
    },
    "ACN": {
        "Open": null,
        "High": null,
        "Low": null,
        "Close": null,
        "Adj Close": null,
        "Volume": null
    },
    "ADBE": {
        "Open": 16.515625,
        "High": 16.875,
        "Low": 16.5,
        "Close": 16.8125,
        "Adj Close": 16.69356346130371,
        "Volume": 2882000.0
    },
    "AIG": {
        "Open": 1443.3333740234375,
        "High": 1445.8333740234375,
        "Low": 1430.8333740234375,
        "Close": 1441.6666259765625,
        "Adj Close": 849.3970947265625,
        "Volume": 34290.0
    },
    "AMD": {
        "Open": 14.21875,
        "High": 14.46875,
        "Low": 14.0,
        "Close": 14.46875,
        "Adj Close": 14.46875,
        "Volume": 1765600.0
    },
    "AMGN": {
        "Open": 65.375,
        "High": 65.5,
        "Low": 59.875,
        "Close": 60.0625,
        "Adj Close": 40.62559127807617,
        "Volume": 2610400.0
    },
    "AMT": {
        "Open": 30.9375,
        "High": 31.0,
        "Low": 30.5,
        "Close": 30.5625,
        "Adj Close": 22.34663200378418,
        "Volume": 206100.0
    },
    "AMZN": {
        "Open": 3.965625047683716,
        "High": 3.96875,
        "Low": 3.799999952316284,
        "Close": 3.8062500953674316,
        "Adj Close": 3.8062500953674316,
        "Volume": 145414000.0
    },
    "AVGO": {
        "Open": null,
        "High": null,
        "Low": null,
        "Close": null,
        "Adj Close": null,
        "Volume": null
    },
    "AXP": {
        "Open": 48.287384033203125,
        "High": 49.01679992675781,
        "Low": 48.287384033203125,
        "Close": 48.50620651245117,
        "Adj Close": 34.09783172607422,
        "Volume": 1164972.0
    },
    "BA": {
        "Open": 41.25,
        "High": 41.625,
        "Low": 41.0625,
        "Close": 41.4375,
        "Adj Close": 26.74713897705078,
        "Volume": 1111200.0
    },
    "BAC": {
        "Open": 25.28125,
        "High": 25.46875,
        "Low": 25.0,
        "Close": 25.09375,
        "Adj Close": 12.875177383422852,
        "Volume": 5287600.0
    },
    "BK": {
        "Open": 43.194828033447266,
        "High": 43.194828033447266,
        "Low": 42.134830474853516,
        "Close": 42.39982986450195,
        "Adj Close": 23.200695037841797,
        "Volume": 370379.0
    },
    "BKNG": {
        "Open": 282.375,
        "High": 296.25,
        "Low": 280.875,
        "Close": 284.25,
        "Adj Close": 279.6737976074219,
        "Volume": 410167.0
    },
    "BLK": {
        "Open": 17.25,
        "High": 17.375,
        "Low": 17.1875,
        "Close": 17.1875,
        "Adj Close": 10.28577709197998,
        "Volume": 13000.0
    },
    "BMY": {
        "Open": 62.28190612792969,
        "High": 62.28190612792969,
        "Low": 61.092185974121094,
        "Close": 61.092185974121094,
        "Adj Close": 23.076448440551758,
        "Volume": 1181054.0
    },
    "BRK-B": {
        "Open": 34.15999984741211,
        "High": 36.619998931884766,
        "Low": 34.08000183105469,
        "Close": 36.599998474121094,
        "Adj Close": 36.599998474121094,
        "Volume": 1075000.0
    },
    "C": {
        "Open": 414.375,
        "High": 419.53125,
        "Low": 411.5625,
        "Close": 417.65625,
        "Adj Close": 217.17153930664062,
        "Volume": 260440.0
    },
    "CAT": {
        "Open": 23.0,
        "High": 23.71875,
        "Low": 22.84375,
        "Close": 23.53125,
        "Adj Close": 12.141587257385254,
        "Volume": 1525600.0
    },
    "CL": {
        "Open": 31.375,
        "High": 32.5,
        "Low": 31.28125,
        "Close": 32.5,
        "Adj Close": 18.452068328857422,
        "Volume": 1123000.0
    },
    "CMCSA": {
        "Open": 15.151515007019043,
        "High": 15.151515007019043,
        "Low": 14.721961975097656,
        "Close": 14.956263542175293,
        "Adj Close": 10.148799896240234,
        "Volume": 838342.0
    },
    "COF": {
        "Open": 47.625,
        "High": 48.4375,
        "Low": 47.5625,
        "Close": 48.1875,
        "Adj Close": 34.88410949707031,
        "Volume": 296200.0
    },
    "COP": {
        "Open": 18.128841400146484,
        "High": 18.128841400146484,
        "Low": 17.819150924682617,
        "Close": 17.914438247680664,
        "Adj Close": 7.846569538116455,
        "Volume": 586108.0
    },
    "COST": {
        "Open": 45.75,
        "High": 45.75,
        "Low": 45.0625,
        "Close": 45.625,
        "Adj Close": 30.439504623413086,
        "Volume": 1163000.0
    },
    "CRM": {
        "Open": null,
        "High": null,
        "Low": null,
        "Close": null,
        "Adj Close": null,
        "Volume": null
    },
    "CSCO": {
        "Open": 53.34375,
        "High": 53.59375,
        "Low": 52.96875,
        "Close": 53.5625,
        "Adj Close": 34.65768051147461,
        "Volume": 10726400.0
    },
    "CVS": {
        "Open": 19.375,
        "High": 20.0,
        "Low": 19.3125,
        "Close": 19.9375,
        "Adj Close": 12.607108116149902,
        "Volume": 3803800.0
    },
    "CVX": {
        "Open": 42.84375,
        "High": 43.34375,
        "Low": 42.375,
        "Close": 43.3125,
        "Adj Close": 16.44479751586914,
        "Volume": 1118400.0
    },
    "DE": {
        "Open": 21.375,
        "High": 21.75,
        "Low": 21.21875,
        "Close": 21.6875,
        "Adj Close": 13.103618621826172,
        "Volume": 494600.0
    },
    "DHR": {
        "Open": 8.06542682647705,
        "High": 8.369980812072754,
        "Low": 8.002415657043457,
        "Close": 8.107434272766113,
        "Adj Close": 4.7984089851379395,
        "Volume": 1337859.0
    },
    "DIS": {
        "Open": 28.731813430786133,
        "High": 28.978437423706055,
        "Low": 28.42353057861328,
        "Close": 28.855125427246094,
        "Adj Close": 22.11096954345703,
        "Volume": 2946072.0
    },
    "DUK": {
        "Open": 43.90937042236328,
        "High": 43.96384811401367,
        "Low": 43.47354507446289,
        "Close": 43.69145584106445,
        "Adj Close": 13.32849407196045,
        "Volume": 382034.0
    },
    "EMR": {
        "Open": 28.5,
        "High": 28.75,
        "Low": 28.5,
        "Close": 28.6875,
        "Adj Close": 14.093761444091797,
        "Volume": 747600.0
    },
    "FDX": {
        "Open": 41.5,
        "High": 41.875,
        "Low": 40.5,
        "Close": 40.9375,
        "Adj Close": 32.77835464477539,
        "Volume": 788900.0
    },
    "GD": {
        "Open": 26.09375,
        "High": 26.625,
        "Low": 26.03125,
        "Close": 26.375,
        "Adj Close": 15.343525886535645,
        "Volume": 640400.0
    },
    "GE": {
        "Open": 247.20989990234375,
        "High": 248.60769653320312,
        "Low": 245.71226501464844,
        "Close": 247.20989990234375,
        "Adj Close": 133.73130798339844,
        "Volume": 1227747.0
    },
    "GILD": {
        "Open": 1.6972659826278687,
        "High": 1.734375,
        "Low": 1.6582030057907104,
        "Close": 1.691406011581421,
        "Adj Close": 1.1751067638397217,
        "Volume": 8720000.0
    },
    "GM": {
        "Open": null,
        "High": null,
        "Low": null,
        "Close": null,
        "Adj Close": null,
        "Volume": null
    },
    "GOOG": {
        "Open": null,
        "High": null,