{
    "AAPL": {
        "Open": 0.12388399988412857,
        "High": 0.125,
        "Low": 0.12221000343561172,
        "Close": 0.12276799976825714,
        "Adj Close": 0.10299795866012573,
        "Volume": 95692800.0
    },
    "ABBV": {
        "Open": null,
        "High": null,
        "Low": null,
        "Close": null,
        "Adj Close": null,
        "Volume": null
    },
    "ABT": {
        "Open": 15.052207946777344,
        "High": 15.206517219543457,
        "Low": 15.052207946777344,
        "Close": 15.192488670349121,
        "Adj Close": 7.53566837310791,
        "Volume": 2656266.0
    },
    "ACN": {
        "Open": null,
        "High": null,
        "Low": null,
        "Close": null,
        "Adj Close": null,
        "Volume": null
    },
    "ADBE": {
        "Open": 4.71875,
        "High": 4.828125,
        "Low": 4.6875,
        "Close": 4.8125,
        "Adj Close": 4.737640857696533,
        "Volume": 6553600.0
    },
    "AIG": {
        "Open": 732.4444580078125,
        "High": 737.1851806640625,
        "Low": 726.8148193359375,
        "Close": 733.0370483398438,
        "Adj Close": 429.2833557128906,
        "Volume": 111038.0
    },
    "AMD": {
        "Open": 19.25,
        "High": 19.71875,
        "Low": 18.28125,
        "Close": 18.875,
        "Adj Close": 18.875,
        "Volume": 7719000.0
    },
    "AMGN": {
        "Open": 14.625,
        "High": 14.625,
        "Low": 14.34375,
        "Close": 14.375,
        "Adj Close": 9.723087310791016,
        "Volume": 15804400.0
    },
    "AMT": {
        "Open": null,
        "High": null,
        "Low": null,
        "Close": null,
        "Adj Close": null,
        "Volume": null
    },
    "AMZN": {
        "Open": 0.1020829975605011,
        "High": 0.1166670024394989,
        "Low": 0.1020829975605011,
        "Close": 0.11510399729013443,
        "Adj Close": 0.11510399729013443,
        "Volume": 310344000.0
    },
    "AVGO": {
        "Open": null,
        "High": null,
        "Low": null,
        "Close": null,
        "Adj Close": null,
        "Volume": null
    },
    "AXP": {
        "Open": 23.01309585571289,
        "High": 23.30486297607422,
        "Low": 22.502504348754883,
        "Close": 22.83074188232422,
        "Adj Close": 15.728830337524414,
        "Volume": 6126471.0
    },
    "BA": {
        "Open": 55.8125,
        "High": 56.25,
        "Low": 55.8125,
        "Close": 56.125,
        "Adj Close": 35.10718536376953,
        "Volume": 2676400.0
    },
    "BAC": {
        "Open": 33.625,
        "High": 33.78125,
        "Low": 33.375,
        "Close": 33.53125,
        "Adj Close": 16.10858917236328,
        "Volume": 1990800.0
    },
    "BK": {
        "Open": 24.446151733398438,
        "High": 24.711151123046875,
        "Low": 24.31365394592285,
        "Close": 24.512401580810547,
        "Adj Close": 12.839603424072266,
        "Volume": 1150005.0
    },
    "BKNG": {
        "Open": null,
        "High": null,
        "Low": null,
        "Close": null,
        "Adj Close": null,
        "Volume": null
    },
    "BLK": {
        "Open": null,
        "High": null,
        "Low": null,
        "Close": null,
        "Adj Close": null,
        "Volume": null
    },
    "BMY": {
        "Open": 40.33155059814453,
        "High": 41.16435623168945,
        "Low": 40.33155059814453,
        "Close": 41.01564025878906,
        "Adj Close": 14.994980812072754,
        "Volume": 3517000.0
    },
    "BRK-B": {
        "Open": 31.799999237060547,
        "High": 31.8799991607666,
        "Low": 31.719999313354492,
        "Close": 31.799999237060547,
        "Adj Close": 31.799999237060547,
        "Volume": 100000.0
    },
    "C": {
        "Open": 225.4166717529297,
        "High": 228.5416717529297,
        "Low": 221.25,
        "Close": 222.9166717529297,
        "Adj Close": 112.88748168945312,
        "Volume": 406320.0
    },
    "CAT": {
        "Open": 27.0625,
        "High": 27.84375,
        "Low": 27.0625,
        "Close": 27.75,
        "Adj Close": 13.574854850769043,
        "Volume": 3866800.0
    },
    "CL": {
        "Open": 16.4375,
        "High": 16.953125,
        "Low": 16.4375,
        "Close": 16.8125,
        "Adj Close": 9.2378511428833,
        "Volume": 2643600.0
    },
    "CMCSA": {
        "Open": 3.192362070083618,
        "High": 3.260699987411499,
        "Low": 3.153311014175415,
        "Close": 3.2021241188049316,
        "Adj Close": 2.163365602493286,
        "Volume": 2482055.0
    },
    "COF": {
        "Open": 12.6875,
        "High": 12.6875,
        "Low": 11.791666984558105,
        "Close": 11.791666984558105,
        "Adj Close": 8.452387809753418,
        "Volume": 1263600.0
    },
    "COP": {
        "Open": 17.247411727905273,
        "High": 17.29505729675293,
        "Low": 17.08065414428711,
        "Close": 17.152122497558594,
        "Adj Close": 6.974320411682129,
        "Volume": 811999.0
    },
    "COST": {
        "Open": 16.0625,
        "High": 16.4375,
        "Low": 16.0,
        "Close": 16.34375,
        "Adj Close": 10.904016494750977,
        "Volume": 4404200.0
    },
    "CRM": {
        "Open": null,
        "High": null,
        "Low": null,
        "Close": null,
        "Adj Close": null,
        "Volume": null
    },
    "CSCO": {
        "Open": 8.166666984558105,
        "High": 8.36111068725586,
        "Low": 8.15451431274414,
        "Close": 8.29861068725586,
        "Adj Close": 5.369628429412842,
        "Volume": 73672200.0
    },
    "CVS": {
        "Open": 13.3125,
        "High": 13.625,
        "Low": 13.25,
        "Close": 13.625,
        "Adj Close": 8.501097679138184,
        "Volume": 1878400.0
    },
    "CVX": {
        "Open": 37.75,
        "High": 37.90625,
        "Low": 37.53125,
        "Close": 37.875,
        "Adj Close": 13.378519058227539,
        "Volume": 1546000.0
    },
    "DE": {
        "Open": 27.875,
        "High": 28.75,
        "Low": 27.8125,
        "Close": 28.65625,
        "Adj Close": 16.44109535217285,
        "Volume": 1618000.0
    },
    "DHR": {
        "Open": 4.221746921539307,
        "High": 4.221746921539307,
        "Low": 4.174488067626953,
        "Close": 4.184989929199219,
        "Adj Close": 2.4686672687530518,
        "Volume": 870084.0
    },
    "DIS": {
        "Open": 25.279062271118164,
        "High": 25.77231216430664,
        "Low": 25.279062271118164,
        "Close": 25.669551849365234,
        "Adj Close": 19.276660919189453,
        "Volume": 8741510.0
    },
    "DUK": {
        "Open": 42.2750244140625,
        "High": 42.54741668701172,
        "Low": 42.16606903076172,
        "Close": 42.43845748901367,
        "Adj Close": 11.718576431274414,
        "Volume": 859405.0
    },
    "EMR": {
        "Open": 28.0,
        "High": 28.03125,
        "Low": 27.53125,
        "Close": 27.75,
        "Adj Close": 12.952583312988281,
        "Volume": 776400.0
    },
    "FDX": {
        "Open": 29.875,
        "High": 30.3125,
        "Low": 29.875,
        "Close": 30.03125,
        "Adj Close": 24.045793533325195,
        "Volume": 452400.0
    },
    "GD": {
        "Open": 18.90625,
        "High": 19.015625,
        "Low": 18.859375,
        "Close": 19.0,
        "Adj Close": 10.582932472229004,
        "Volume": 348000.0
    },
    "GE": {
        "Open": 111.72369384765625,
        "High": 112.62227630615234,
        "Low": 109.82669067382812,
        "Close": 111.02479553222656,
        "Adj Close": 58.015716552734375,
        "Volume": 2974374.0
    },
    "GILD": {
        "Open": 0.8046879768371582,
        "High": 0.828125,
        "Low": 0.78125,
        "Close": 0.7890629768371582,
        "Adj Close": 0.5482027530670166,
        "Volume": 17766400.0
    },
    "GM": {
        "Open": null,
        "High": null,
        "Low": null,
        "Close": null,
        "Adj Close": null,
        "Volume": null
    },
    "GOOG": {
        "Open": null,