{
    "AAPL": {
        "Open": 0.12332600355148315,
        "High": 0.12388399988412857,
        "Low": 0.12165199965238571,
        "Close": 0.12221000343561172,
        "Adj Close": 0.10252979397773743,
        "Volume": 142016000.0
    },
    "ABBV": {
        "Open": null,
        "High": null,
        "Low": null,
        "Close": null,
        "Adj Close": null,
        "Volume": null
    },
    "ABT": {
        "Open": 15.234574317932129,
        "High": 15.290685653686523,
        "Low": 14.785673141479492,
        "Close": 14.91192626953125,
        "Adj Close": 7.396503448486328,
        "Volume": 4508345.0
    },
    "ACN": {
        "Open": null,
        "High": null,
        "Low": null,
        "Close": null,
        "Adj Close": null,
        "Volume": null
    },
    "ADBE": {
        "Open": 4.828125,
        "High": 4.835937976837158,
        "Low": 4.609375,
        "Close": 4.671875,
        "Adj Close": 4.5992021560668945,
        "Volume": 8542400.0
    },
    "AIG": {
        "Open": 733.629638671875,
        "High": 734.8148193359375,
        "Low": 709.9259033203125,
        "Close": 713.4815063476562,
        "Adj Close": 417.8312072753906,
        "Volume": 131288.0
    },
    "AMD": {
        "Open": 18.875,
        "High": 20.0,
        "Low": 18.6875,
        "Close": 19.5,
        "Adj Close": 19.5,
        "Volume": 13074800.0
    },
    "AMGN": {
        "Open": 14.53125,
        "High": 14.5625,
        "Low": 14.0,
        "Close": 14.078125,
        "Adj Close": 9.522287368774414,
        "Volume": 19613600.0
    },
    "AMT": {
        "Open": null,
        "High": null,
        "Low": null,
        "Close": null,
        "Adj Close": null,
        "Volume": null
    },
    "AMZN": {
        "Open": 0.11510399729013443,
        "High": 0.11927100270986557,
        "Low": 0.11354199796915054,
        "Close": 0.11614599823951721,
        "Adj Close": 0.11614599823951721,
        "Volume": 165240000.0
    },
    "AVGO": {
        "Open": null,
        "High": null,
        "Low": null,
        "Close": null,
        "Adj Close": null,
        "Volume": null
    },
    "AXP": {
        "Open": 22.8125057220459,
        "High": 22.867212295532227,
        "Low": 22.32015037536621,
        "Close": 22.648387908935547,
        "Adj Close": 15.603200912475586,
        "Volume": 5755627.0
    },
    "BA": {
        "Open": 56.125,
        "High": 56.875,
        "Low": 55.5,
        "Close": 56.25,
        "Adj Close": 35.18537139892578,
        "Volume": 2837500.0
    },
    "BAC": {
        "Open": 33.625,
        "High": 33.625,
        "Low": 33.03125,
        "Close": 33.28125,
        "Adj Close": 15.988487243652344,
        "Volume": 4022200.0
    },
    "BK": {
        "Open": 24.512401580810547,
        "High": 24.512401580810547,
        "Low": 23.982404708862305,
        "Close": 24.048654556274414,
        "Adj Close": 12.596695899963379,
        "Volume": 1026985.0
    },
    "BKNG": {
        "Open": null,
        "High": null,
        "Low": null,
        "Close": null,
        "Adj Close": null,
        "Volume": null
    },
    "BLK": {
        "Open": null,
        "High": null,
        "Low": null,
        "Close": null,
        "Adj Close": null,
        "Volume": null
    },
    "BMY": {
        "Open": 41.04538345336914,
        "High": 41.04538345336914,
        "Low": 39.85566329956055,
        "Close": 40.06386184692383,
        "Adj Close": 14.647011756896973,
        "Volume": 4307101.0
    },
    "BRK-B": {
        "Open": 31.899999618530273,
        "High": 31.899999618530273,
        "Low": 31.520000457763672,
        "Close": 31.600000381469727,
        "Adj Close": 31.600000381469727,
        "Volume": 150000.0
    },
    "C": {
        "Open": 223.3333282470703,
        "High": 224.5833282470703,
        "Low": 219.5833282470703,
        "Close": 220.0,
        "Adj Close": 111.41046142578125,
        "Volume": 574230.0
    },
    "CAT": {
        "Open": 27.75,
        "High": 28.0625,
        "Low": 27.5625,
        "Close": 27.671875,
        "Adj Close": 13.536630630493164,
        "Volume": 4871600.0
    },
    "CL": {
        "Open": 17.125,
        "High": 17.265625,
        "Low": 16.515625,
        "Close": 16.65625,
        "Adj Close": 9.151996612548828,
        "Volume": 2894400.0
    },
    "CMCSA": {
        "Open": 3.221648931503296,
        "High": 3.221648931503296,
        "Low": 3.065448045730591,
        "Close": 3.094736099243164,
        "Adj Close": 2.090813636779785,
        "Volume": 2492299.0
    },
    "COF": {
        "Open": 11.8125,
        "High": 12.041666984558105,
        "Low": 11.25,
        "Close": 11.25,
        "Adj Close": 8.064114570617676,
        "Volume": 1344000.0
    },
    "COP": {
        "Open": 17.08065414428711,
        "High": 17.223590850830078,
        "Low": 16.485095977783203,
        "Close": 16.556562423706055,
        "Adj Close": 6.732152938842773,
        "Volume": 1865104.0
    },
    "COST": {
        "Open": 16.4375,
        "High": 16.5,
        "Low": 15.875,
        "Close": 15.9375,
        "Adj Close": 10.632977485656738,
        "Volume": 4766200.0
    },
    "CRM": {
        "Open": null,
        "High": null,
        "Low": null,
        "Close": null,
        "Adj Close": null,
        "Volume": null
    },
    "CSCO": {
        "Open": 8.347222328186035,
        "High": 8.583333015441895,
        "Low": 8.333333015441895,
        "Close": 8.479166984558105,
        "Adj Close": 5.486455917358398,
        "Volume": 97002000.0
    },
    "CVS": {
        "Open": 13.75,
        "High": 13.8125,
        "Low": 13.328125,
        "Close": 13.46875,
        "Adj Close": 8.403606414794922,
        "Volume": 1907200.0
    },
    "CVX": {
        "Open": 37.6875,
        "High": 37.71875,
        "Low": 36.75,
        "Close": 37.1875,
        "Adj Close": 13.135682106018066,
        "Volume": 2588800.0
    },
    "DE": {
        "Open": 28.65625,
        "High": 28.65625,
        "Low": 28.21875,
        "Close": 28.34375,
        "Adj Close": 16.26180076599121,
        "Volume": 1373200.0
    },
    "DHR": {
        "Open": 4.190240859985352,
        "High": 4.195491790771484,
        "Low": 4.169238090515137,
        "Close": 4.190240859985352,
        "Adj Close": 2.4717657566070557,
        "Volume": 912934.0
    },
    "DIS": {
        "Open": 25.669551849365234,
        "High": 25.813417434692383,
        "Low": 25.25851058959961,
        "Close": 25.34071922302246,
        "Adj Close": 19.061954498291016,
        "Volume": 6601521.0
    },
    "DUK": {
        "Open": 42.43845748901367,
        "High": 42.60189437866211,
        "Low": 41.73024368286133,
        "Close": 41.94815444946289,
        "Adj Close": 11.583182334899902,
        "Volume": 1039637.0
    },
    "EMR": {
        "Open": 27.6875,
        "High": 28.15625,
        "Low": 27.3125,
        "Close": 27.5,
        "Adj Close": 12.83590030670166,
        "Volume": 1688200.0
    },
    "FDX": {
        "Open": 30.0,
        "High": 30.0,
        "Low": 29.0625,
        "Close": 29.15625,
        "Adj Close": 23.345190048217773,
        "Volume": 1113400.0
    },
    "GD": {
        "Open": 19.0,
        "High": 19.125,
        "Low": 18.71875,
        "Close": 18.78125,
        "Adj Close": 10.461094856262207,
        "Volume": 1280400.0
    },
    "GE": {
        "Open": 111.4241714477539,
        "High": 111.72369384765625,
        "Low": 108.22920989990234,
        "Close": 109.32747650146484,
        "Adj Close": 57.1287841796875,
        "Volume": 3849941.0
    },
    "GILD": {
        "Open": 0.796875,
        "High": 0.8164060115814209,
        "Low": 0.7695310115814209,
        "Close": 0.7734379768371582,
        "Adj Close": 0.537347137928009,
        "Volume": 8041600.0
    },
    "GM": {
        "Open": null,
        "High": null,
        "Low": null,
        "Close": null,
        "Adj Close": null,
        "Volume": null
    },