{
    "AAPL": {
        "Open": 0.141183003783226,
        "High": 0.14732100069522858,
        "Low": 0.13950900733470917,
        "Close": 0.14676299691200256,
        "Adj Close": 0.12312893569469452,
        "Volume": 446252800.0
    },
    "ABBV": {
        "Open": null,
        "High": null,
        "Low": null,
        "Close": null,
        "Adj Close": null,
        "Volume": null
    },
    "ABT": {
        "Open": 14.364828109741211,
        "High": 14.589279174804688,
        "Low": 14.224547386169434,
        "Close": 14.51913833618164,
        "Adj Close": 7.231261253356934,
        "Volume": 6483391.0
    },
    "ACN": {
        "Open": null,
        "High": null,
        "Low": null,
        "Close": null,
        "Adj Close": null,
        "Volume": null
    },
    "ADBE": {
        "Open": 4.734375,
        "High": 4.734375,
        "Low": 4.640625,
        "Close": 4.671875,
        "Adj Close": 4.5992021560668945,
        "Volume": 13170400.0
    },
    "AIG": {
        "Open": 728.2963256835938,
        "High": 728.2963256835938,
        "Low": 717.0370483398438,
        "Close": 722.370361328125,
        "Adj Close": 423.0367736816406,
        "Volume": 207436.0
    },
    "AMD": {
        "Open": 19.6875,
        "High": 20.4375,
        "Low": 19.625,
        "Close": 20.0,
        "Adj Close": 20.0,
        "Volume": 6103200.0
    },
    "AMGN": {
        "Open": 14.75,
        "High": 15.03125,
        "Low": 14.71875,
        "Close": 15.0,
        "Adj Close": 10.145833015441895,
        "Volume": 30240400.0
    },
    "AMT": {
        "Open": null,
        "High": null,
        "Low": null,
        "Close": null,
        "Adj Close": null,
        "Volume": null
    },
    "AMZN": {
        "Open": 0.12239599972963333,
        "High": 0.12473999708890915,
        "Low": 0.11510399729013443,
        "Close": 0.1166670024394989,
        "Adj Close": 0.1166670024394989,
        "Volume": 60480000.0
    },
    "AVGO": {
        "Open": null,
        "High": null,
        "Low": null,
        "Close": null,
        "Adj Close": null,
        "Volume": null
    },
    "AXP": {
        "Open": 23.359569549560547,
        "High": 23.5236873626709,
        "Low": 22.976625442504883,
        "Close": 23.01309585571289,
        "Adj Close": 15.854469299316406,
        "Volume": 5170913.0
    },
    "BA": {
        "Open": 58.125,
        "High": 60.5,
        "Low": 58.125,
        "Close": 59.6875,
        "Adj Close": 37.33559036254883,
        "Volume": 3938100.0
    },
    "BAC": {
        "Open": 33.40625,
        "High": 34.40625,
        "Low": 33.40625,
        "Close": 34.1875,
        "Adj Close": 16.42386245727539,
        "Volume": 2792400.0
    },
    "BK": {
        "Open": 24.18115234375,
        "High": 24.479276657104492,
        "Low": 23.982404708862305,
        "Close": 24.114904403686523,
        "Adj Close": 12.698283195495605,
        "Volume": 2254915.0
    },
    "BKNG": {
        "Open": null,
        "High": null,
        "Low": null,
        "Close": null,
        "Adj Close": null,
        "Volume": null
    },
    "BLK": {
        "Open": null,
        "High": null,
        "Low": null,
        "Close": null,
        "Adj Close": null,
        "Volume": null
    },
    "BMY": {
        "Open": 40.6884651184082,
        "High": 41.818702697753906,
        "Low": 40.62898254394531,
        "Close": 41.49152755737305,
        "Adj Close": 15.168963432312012,
        "Volume": 5538692.0
    },
    "BRK-B": {
        "Open": 31.100000381469727,
        "High": 32.13999938964844,
        "Low": 31.100000381469727,
        "Close": 31.81999969482422,
        "Adj Close": 31.81999969482422,
        "Volume": 175000.0
    },
    "C": {
        "Open": 223.3333282470703,
        "High": 230.0,
        "Low": 221.6666717529297,
        "Close": 228.3333282470703,
        "Adj Close": 115.63048553466797,
        "Volume": 598800.0
    },
    "CAT": {
        "Open": 27.78125,
        "High": 28.4375,
        "Low": 27.78125,
        "Close": 28.34375,
        "Adj Close": 13.865306854248047,
        "Volume": 2754600.0
    },
    "CL": {
        "Open": 18.5,
        "High": 18.59375,
        "Low": 18.140625,
        "Close": 18.140625,
        "Adj Close": 9.967608451843262,
        "Volume": 5520800.0
    },
    "CMCSA": {
        "Open": 3.3387999534606934,
        "High": 3.4071381092071533,
        "Low": 3.260699987411499,
        "Close": 3.3778510093688965,
        "Adj Close": 2.28208589553833,
        "Volume": 2229817.0
    },
    "COF": {
        "Open": 11.3125,
        "High": 11.541666984558105,
        "Low": 11.125,
        "Close": 11.166666984558105,
        "Adj Close": 8.004380226135254,
        "Volume": 2344800.0
    },
    "COP": {
        "Open": 16.62803077697754,
        "High": 16.866254806518555,
        "Low": 16.50891876220703,
        "Close": 16.866254806518555,
        "Adj Close": 6.858078956604004,
        "Volume": 811736.0
    },
    "COST": {
        "Open": 16.625,
        "High": 17.0,
        "Low": 16.53125,
        "Close": 16.9375,
        "Adj Close": 11.30014705657959,
        "Volume": 2838200.0
    },
    "CRM": {
        "Open": null,
        "High": null,
        "Low": null,
        "Close": null,
        "Adj Close": null,
        "Volume": null
    },
    "CSCO": {
        "Open": 8.805556297302246,
        "High": 8.88888931274414,
        "Low": 8.777777671813965,
        "Close": 8.8125,
        "Adj Close": 5.7021403312683105,
        "Volume": 61377300.0
    },
    "CVS": {
        "Open": 13.3125,
        "High": 13.328125,
        "Low": 13.0,
        "Close": 13.125,
        "Adj Close": 8.189129829406738,
        "Volume": 2248800.0
    },
    "CVX": {
        "Open": 38.375,
        "High": 38.8125,
        "Low": 38.21875,
        "Close": 38.78125,
        "Adj Close": 13.698636054992676,
        "Volume": 2072600.0
    },
    "DE": {
        "Open": 29.5625,
        "High": 30.25,
        "Low": 29.5,
        "Close": 29.9375,
        "Adj Close": 17.17620086669922,
        "Volume": 1681400.0
    },
    "DHR": {
        "Open": 4.3162641525268555,
        "High": 4.368772983551025,
        "Low": 4.3162641525268555,
        "Close": 4.35827112197876,
        "Adj Close": 2.5708837509155273,
        "Volume": 571327.0
    },
    "DIS": {
        "Open": 25.669551849365234,
        "High": 26.142250061035156,
        "Low": 25.669551849365234,
        "Close": 25.936729431152344,
        "Adj Close": 19.51028060913086,
        "Volume": 6323568.0
    },
    "DUK": {
        "Open": 43.09219741821289,
        "High": 43.63697814941406,
        "Low": 43.0377197265625,
        "Close": 43.58250045776367,
        "Adj Close": 12.03447437286377,
        "Volume": 1233752.0
    },
    "EMR": {
        "Open": 28.375,
        "High": 28.59375,
        "Low": 28.375,
        "Close": 28.4375,
        "Adj Close": 13.273480415344238,
        "Volume": 1177600.0
    },
    "FDX": {
        "Open": 29.5625,
        "High": 30.4375,
        "Low": 29.5625,
        "Close": 30.375,
        "Adj Close": 24.321041107177734,
        "Volume": 1095600.0
    },
    "GD": {
        "Open": 19.390625,
        "High": 19.59375,
        "Low": 19.265625,
        "Close": 19.515625,
        "Adj Close": 10.927675247192383,
        "Volume": 2059200.0
    },
    "GE": {
        "Open": 115.4178695678711,
        "High": 119.21188354492188,
        "Low": 115.31802368164062,
        "Close": 118.21345520019531,
        "Adj Close": 61.77216339111328,
        "Volume": 3203860.0
    },
    "GILD": {
        "Open": 0.8320310115814209,
        "High": 0.8359379768371582,
        "Low": 0.8046879768371582,
        "Close": 0.8164060115814209,
        "Adj Close": 0.5671992897987366,
        "Volume": 4681600.0
    },
    "GM": {
        "Open": null,
        "High": null,
        "Low": null,
        "Close": null,
        "Adj Close": null,
        "Volume": null
    },