{
    "AAPL": {
        "Open": 0.15178599953651428,
        "High": 0.16182999312877655,
        "Low": 0.14676299691200256,
        "Close": 0.15625,
        "Adj Close": 0.13108810782432556,
        "Volume": 746267200.0
    },
    "ABBV": {
        "Open": null,
        "High": null,
        "Low": null,
        "Close": null,
        "Adj Close": null,
        "Volume": null
    },
    "ABT": {
        "Open": 14.420941352844238,
        "High": 14.645391464233398,
        "Low": 13.972040176391602,
        "Close": 14.084264755249023,
        "Adj Close": 7.014669418334961,
        "Volume": 17510324.0
    },
    "ACN": {
        "Open": null,
        "High": null,
        "Low": null,
        "Close": null,
        "Adj Close": null,
        "Volume": null
    },
    "ADBE": {
        "Open": 4.671875,
        "High": 4.679687976837158,
        "Low": 4.59375,
        "Close": 4.632812976837158,
        "Adj Close": 4.560747146606445,
        "Volume": 7616800.0
    },
    "AIG": {
        "Open": 722.370361328125,
        "High": 727.111083984375,
        "Low": 714.6666870117188,
        "Close": 717.3333129882812,
        "Adj Close": 420.0869140625,
        "Volume": 144429.0
    },
    "AMD": {
        "Open": 20.0,
        "High": 20.0,
        "Low": 19.5625,
        "Close": 19.65625,
        "Adj Close": 19.65625,
        "Volume": 2273000.0
    },
    "AMGN": {
        "Open": 15.15625,
        "High": 15.21875,
        "Low": 14.78125,
        "Close": 15.046875,
        "Adj Close": 10.177536010742188,
        "Volume": 16073200.0
    },
    "AMT": {
        "Open": null,
        "High": null,
        "Low": null,
        "Close": null,
        "Adj Close": null,
        "Volume": null
    },
    "AMZN": {
        "Open": 0.1171879991889,
        "High": 0.1171879991889,
        "Low": 0.10781300067901611,
        "Close": 0.11093799769878387,
        "Adj Close": 0.11093799769878387,
        "Volume": 63384000.0
    },
    "AVGO": {
        "Open": null,
        "High": null,
        "Low": null,
        "Close": null,
        "Adj Close": null,
        "Volume": null
    },
    "AXP": {
        "Open": 23.0495662689209,
        "High": 23.158979415893555,
        "Low": 22.648387908935547,
        "Close": 22.703094482421875,
        "Adj Close": 15.640901565551758,
        "Volume": 4830572.0
    },
    "BA": {
        "Open": 59.5625,
        "High": 59.5625,
        "Low": 56.5,
        "Close": 56.75,
        "Adj Close": 35.49814224243164,
        "Volume": 3477400.0
    },
    "BAC": {
        "Open": 34.1875,
        "High": 34.1875,
        "Low": 33.6875,
        "Close": 33.8125,
        "Adj Close": 16.243711471557617,
        "Volume": 2194400.0
    },
    "BK": {
        "Open": 24.01552963256836,
        "High": 24.08177947998047,
        "Low": 23.849905014038086,
        "Close": 23.916154861450195,
        "Adj Close": 12.59363079071045,
        "Volume": 1541327.0
    },
    "BKNG": {
        "Open": null,
        "High": null,
        "Low": null,
        "Close": null,
        "Adj Close": null,
        "Volume": null
    },
    "BLK": {
        "Open": null,
        "High": null,
        "Low": null,
        "Close": null,
        "Adj Close": null,
        "Volume": null
    },
    "BMY": {
        "Open": 41.40230178833008,
        "High": 42.17561721801758,
        "Low": 40.39103698730469,
        "Close": 40.6884651184082,
        "Adj Close": 14.875358581542969,
        "Volume": 4792509.0
    },
    "BRK-B": {
        "Open": 31.899999618530273,
        "High": 31.959999084472656,
        "Low": 31.399999618530273,
        "Close": 31.540000915527344,
        "Adj Close": 31.540000915527344,
        "Volume": 140000.0
    },
    "C": {
        "Open": 227.5,
        "High": 228.125,
        "Low": 225.2083282470703,
        "Close": 225.8333282470703,
        "Adj Close": 114.36451721191406,
        "Volume": 370860.0
    },
    "CAT": {
        "Open": 28.34375,
        "High": 28.5,
        "Low": 28.0,
        "Close": 28.03125,
        "Adj Close": 13.773178100585938,
        "Volume": 2450800.0
    },
    "CL": {
        "Open": 18.078125,
        "High": 18.09375,
        "Low": 17.75,
        "Close": 17.828125,
        "Adj Close": 9.795899391174316,
        "Volume": 3831600.0
    },
    "CMCSA": {
        "Open": 3.3778510093688965,
        "High": 3.4461889266967773,
        "Low": 3.3680880069732666,
        "Close": 3.426664113998413,
        "Adj Close": 2.315063953399658,
        "Volume": 2575525.0
    },
    "COF": {
        "Open": 11.041666984558105,
        "High": 11.166666984558105,
        "Low": 10.916666984558105,
        "Close": 11.166666984558105,
        "Adj Close": 8.004380226135254,
        "Volume": 1866300.0
    },
    "COP": {
        "Open": 16.770963668823242,
        "High": 17.247411727905273,
        "Low": 16.747142791748047,
        "Close": 17.199766159057617,
        "Adj Close": 6.993691444396973,
        "Volume": 1627408.0
    },
    "COST": {
        "Open": 17.03125,
        "High": 17.125,
        "Low": 16.65625,
        "Close": 16.75,
        "Adj Close": 11.17505168914795,
        "Volume": 2177000.0
    },
    "CRM": {
        "Open": null,
        "High": null,
        "Low": null,
        "Close": null,
        "Adj Close": null,
        "Volume": null
    },
    "CSCO": {
        "Open": 8.777777671813965,
        "High": 8.86111068725586,
        "Low": 8.597222328186035,
        "Close": 8.743056297302246,
        "Adj Close": 5.657207012176514,
        "Volume": 65728800.0
    },
    "CVS": {
        "Open": 13.125,
        "High": 13.375,
        "Low": 12.921875,
        "Close": 13.28125,
        "Adj Close": 8.286619186401367,
        "Volume": 2990000.0
    },
    "CVX": {
        "Open": 38.6875,
        "High": 38.875,
        "Low": 38.5625,
        "Close": 38.6875,
        "Adj Close": 13.665519714355469,
        "Volume": 2312000.0
    },
    "DE": {
        "Open": 29.5,
        "High": 29.65625,
        "Low": 29.21875,
        "Close": 29.25,
        "Adj Close": 16.78175163269043,
        "Volume": 857600.0
    },
    "DHR": {
        "Open": 4.33726692199707,
        "High": 4.353020191192627,
        "Low": 4.2847580909729,
        "Close": 4.305761814117432,
        "Adj Close": 2.5399091243743896,
        "Volume": 477297.0
    },
    "DIS": {
        "Open": 25.936729431152344,
        "High": 25.936729431152344,
        "Low": 25.114646911621094,
        "Close": 25.566791534423828,
        "Adj Close": 19.23200798034668,
        "Volume": 6021591.0
    },
    "DUK": {
        "Open": 43.58250045776367,
        "High": 43.63697814941406,
        "Low": 43.14667510986328,
        "Close": 43.25563049316406,
        "Adj Close": 11.944215774536133,
        "Volume": 1266563.0
    },
    "EMR": {
        "Open": 28.46875,
        "High": 28.5,
        "Low": 27.96875,
        "Close": 28.25,
        "Adj Close": 13.185964584350586,
        "Volume": 2013200.0
    },
    "FDX": {
        "Open": 30.375,
        "High": 30.375,
        "Low": 29.9375,
        "Close": 30.0,
        "Adj Close": 24.02077293395996,
        "Volume": 714800.0
    },
    "GD": {
        "Open": 19.515625,
        "High": 20.140625,
        "Low": 19.5,
        "Close": 19.984375,
        "Adj Close": 11.19014835357666,
        "Volume": 1690400.0
    },
    "GE": {
        "Open": 118.61282348632812,
        "High": 118.61282348632812,
        "Low": 116.01692199707031,
        "Close": 116.9155044555664,
        "Adj Close": 61.09391784667969,
        "Volume": 2828582.0
    },
    "GILD": {
        "Open": 0.8046879768371582,
        "High": 0.8203129768371582,
        "Low": 0.7890629768371582,
        "Close": 0.8125,
        "Adj Close": 0.5644856691360474,
        "Volume": 3670400.0
    },
    "GM": {
        "Open": null,
        "High": null,
        "Low": null,
        "Close": null,
        "Adj Close": null,