{
    "AAPL": {
        "Open": 0.1595979928970337,
        "High": 0.1601559966802597,
        "Low": 0.1523440033197403,
        "Close": 0.15485499799251556,
        "Adj Close": 0.12991780042648315,
        "Volume": 317564800.0
    },
    "ABBV": {
        "Open": null,
        "High": null,
        "Low": null,
        "Close": null,
        "Adj Close": null,
        "Volume": null
    },
    "ABT": {
        "Open": 14.084264755249023,
        "High": 14.182461738586426,
        "Low": 13.859814643859863,
        "Close": 13.929954528808594,
        "Adj Close": 6.937816619873047,
        "Volume": 12838023.0
    },
    "ACN": {
        "Open": null,
        "High": null,
        "Low": null,
        "Close": null,
        "Adj Close": null,
        "Volume": null
    },
    "ADBE": {
        "Open": 4.625,
        "High": 4.671875,
        "Low": 4.609375,
        "Close": 4.632812976837158,
        "Adj Close": 4.560747146606445,
        "Volume": 8857600.0
    },
    "AIG": {
        "Open": 721.4815063476562,
        "High": 722.0740966796875,
        "Low": 704.0,
        "Close": 708.1481323242188,
        "Adj Close": 414.7076416015625,
        "Volume": 177926.0
    },
    "AMD": {
        "Open": 19.5,
        "High": 19.625,
        "Low": 18.5,
        "Close": 18.65625,
        "Adj Close": 18.65625,
        "Volume": 3379200.0
    },
    "AMGN": {
        "Open": 15.0,
        "High": 15.015625,
        "Low": 14.578125,
        "Close": 14.625,
        "Adj Close": 9.89218521118164,
        "Volume": 11676400.0
    },
    "AMT": {
        "Open": null,
        "High": null,
        "Low": null,
        "Close": null,
        "Adj Close": null,
        "Volume": null
    },
    "AMZN": {
        "Open": 0.109375,
        "High": 0.11093799769878387,
        "Low": 0.10781300067901611,
        "Close": 0.10781300067901611,
        "Adj Close": 0.10781300067901611,
        "Volume": 15600000.0
    },
    "AVGO": {
        "Open": null,
        "High": null,
        "Low": null,
        "Close": null,
        "Adj Close": null,
        "Volume": null
    },
    "AXP": {
        "Open": 22.393091201782227,
        "High": 22.59368133544922,
        "Low": 22.192501068115234,
        "Close": 22.192501068115234,
        "Adj Close": 15.289127349853516,
        "Volume": 6239575.0
    },
    "BA": {
        "Open": 56.75,
        "High": 56.75,
        "Low": 55.75,
        "Close": 56.0625,
        "Adj Close": 35.06808090209961,
        "Volume": 3922200.0
    },
    "BAC": {
        "Open": 33.71875,
        "High": 33.71875,
        "Low": 32.75,
        "Close": 32.78125,
        "Adj Close": 15.748287200927734,
        "Volume": 3467600.0
    },
    "BK": {
        "Open": 23.916154861450195,
        "High": 23.982404708862305,
        "Low": 23.45240592956543,
        "Close": 23.51865577697754,
        "Adj Close": 12.384308815002441,
        "Volume": 1627554.0
    },
    "BKNG": {
        "Open": null,
        "High": null,
        "Low": null,
        "Close": null,
        "Adj Close": null,
        "Volume": null
    },
    "BLK": {
        "Open": null,
        "High": null,
        "Low": null,
        "Close": null,
        "Adj Close": null,
        "Volume": null
    },
    "BMY": {
        "Open": 40.837181091308594,
        "High": 41.07512664794922,
        "Low": 39.558231353759766,
        "Close": 39.9151496887207,
        "Adj Close": 14.592641830444336,
        "Volume": 5206051.0
    },
    "BRK-B": {
        "Open": 31.600000381469727,
        "High": 31.600000381469727,
        "Low": 30.799999237060547,
        "Close": 30.940000534057617,
        "Adj Close": 30.940000534057617,
        "Volume": 270000.0
    },
    "C": {
        "Open": 225.4166717529297,
        "High": 226.0416717529297,
        "Low": 219.375,
        "Close": 221.875,
        "Adj Close": 112.35992431640625,
        "Volume": 460560.0
    },
    "CAT": {
        "Open": 27.84375,
        "High": 27.84375,
        "Low": 27.15625,
        "Close": 27.1875,
        "Adj Close": 13.358603477478027,
        "Volume": 3058200.0
    },
    "CL": {
        "Open": 17.78125,
        "High": 18.09375,
        "Low": 17.5,
        "Close": 17.875,
        "Adj Close": 9.821659088134766,
        "Volume": 3535600.0
    },
    "CMCSA": {
        "Open": 3.426664113998413,
        "High": 3.4657139778137207,
        "Low": 3.4071381092071533,
        "Close": 3.4657139778137207,
        "Adj Close": 2.341447353363037,
        "Volume": 2127385.0
    },
    "COF": {
        "Open": 11.125,
        "High": 11.125,
        "Low": 10.875,
        "Close": 10.9375,
        "Adj Close": 7.840108871459961,
        "Volume": 1864800.0
    },
    "COP": {
        "Open": 17.223590850830078,
        "High": 17.247411727905273,
        "Low": 16.747142791748047,
        "Close": 16.79478645324707,
        "Adj Close": 6.829019546508789,
        "Volume": 2427600.0
    },
    "COST": {
        "Open": 16.75,
        "High": 16.75,
        "Low": 16.1875,
        "Close": 16.53125,
        "Adj Close": 11.029108047485352,
        "Volume": 1680200.0
    },
    "CRM": {
        "Open": null,
        "High": null,
        "Low": null,
        "Close": null,
        "Adj Close": null,
        "Volume": null
    },
    "CSCO": {
        "Open": 8.666666984558105,
        "High": 8.722222328186035,
        "Low": 8.402777671813965,
        "Close": 8.489583015441895,
        "Adj Close": 5.493195056915283,
        "Volume": 74917800.0
    },
    "CVS": {
        "Open": 13.1875,
        "High": 13.1875,
        "Low": 12.875,
        "Close": 12.90625,
        "Adj Close": 8.05264663696289,
        "Volume": 1576800.0
    },
    "CVX": {
        "Open": 38.625,
        "High": 38.625,
        "Low": 37.53125,
        "Close": 37.8125,
        "Adj Close": 13.356447219848633,
        "Volume": 2104400.0
    },
    "DE": {
        "Open": 28.8125,
        "High": 29.125,
        "Low": 28.1875,
        "Close": 28.4375,
        "Adj Close": 16.315595626831055,
        "Volume": 1054800.0
    },
    "DHR": {
        "Open": 4.326765060424805,
        "High": 4.326765060424805,
        "Low": 4.205994129180908,
        "Close": 4.2480010986328125,
        "Adj Close": 2.505837917327881,
        "Volume": 1377137.0
    },
    "DIS": {
        "Open": 25.320167541503906,
        "High": 25.320167541503906,
        "Low": 24.744707107543945,
        "Close": 24.95022964477539,
        "Adj Close": 18.76821517944336,
        "Volume": 7222808.0
    },
    "DUK": {
        "Open": 43.20115280151367,
        "High": 43.20115280151367,
        "Low": 42.54741668701172,
        "Close": 42.76532745361328,
        "Adj Close": 11.808831214904785,
        "Volume": 1019675.0
    },
    "EMR": {
        "Open": 28.25,
        "High": 28.375,
        "Low": 27.8125,
        "Close": 27.9375,
        "Adj Close": 13.040105819702148,
        "Volume": 2042800.0
    },
    "FDX": {
        "Open": 29.9375,
        "High": 30.0625,
        "Low": 29.25,
        "Close": 30.0,
        "Adj Close": 24.02077293395996,
        "Volume": 882400.0
    },
    "GD": {
        "Open": 19.984375,
        "High": 20.15625,
        "Low": 19.734375,
        "Close": 20.0,
        "Adj Close": 11.198893547058105,
        "Volume": 974400.0
    },
    "GE": {
        "Open": 116.81565856933594,
        "High": 117.01534271240234,
        "Low": 112.42259216308594,
        "Close": 113.6207046508789,
        "Adj Close": 59.37221145629883,
        "Volume": 3826967.0
    },
    "GILD": {
        "Open": 0.8085939884185791,
        "High": 0.828125,
        "Low": 0.8046879768371582,
        "Close": 0.8046879768371582,
        "Adj Close": 0.559057891368866,
        "Volume": 5238400.0
    },
    "GM": {
        "Open": null,
        "High": null,
        "Low": null,
        "Close": null,
        "Adj Close": null,
        "Volume": null
    },
    "GOOG": {
        "Open": null,