{
    "AAPL": {
        "Open": 0.14955399930477142,
        "High": 0.15067000687122345,
        "Low": 0.14285700023174286,
        "Close": 0.1439729928970337,
        "Adj Close": 0.12078818678855896,
        "Volume": 141288000.0
    },
    "ABBV": {
        "Open": null,
        "High": null,
        "Low": null,
        "Close": null,
        "Adj Close": null,
        "Volume": null
    },
    "ABT": {
        "Open": 14.252602577209473,
        "High": 14.575249671936035,
        "Low": 14.224547386169434,
        "Close": 14.392884254455566,
        "Adj Close": 7.168377876281738,
        "Volume": 7258172.0
    },
    "ACN": {
        "Open": null,
        "High": null,
        "Low": null,
        "Close": null,
        "Adj Close": null,
        "Volume": null
    },
    "ADBE": {
        "Open": 4.734375,
        "High": 4.734375,
        "Low": 4.609375,
        "Close": 4.632812976837158,
        "Adj Close": 4.560747146606445,
        "Volume": 11248000.0
    },
    "AIG": {
        "Open": 721.1851806640625,
        "High": 729.7777709960938,
        "Low": 712.2963256835938,
        "Close": 724.74072265625,
        "Adj Close": 424.42486572265625,
        "Volume": 159933.0
    },
    "AMD": {
        "Open": 18.84375,
        "High": 19.0,
        "Low": 18.09375,
        "Close": 18.15625,
        "Adj Close": 18.15625,
        "Volume": 2772400.0
    },
    "AMGN": {
        "Open": 15.03125,
        "High": 15.53125,
        "Low": 15.0,
        "Close": 15.4375,
        "Adj Close": 10.441751480102539,
        "Volume": 25384400.0
    },
    "AMT": {
        "Open": null,
        "High": null,
        "Low": null,
        "Close": null,
        "Adj Close": null,
        "Volume": null
    },
    "AMZN": {
        "Open": 0.109375,
        "High": 0.1166670024394989,
        "Low": 0.10885400325059891,
        "Close": 0.11458300054073334,
        "Adj Close": 0.11458300054073334,
        "Volume": 65184000.0
    },
    "AVGO": {
        "Open": null,
        "High": null,
        "Low": null,
        "Close": null,
        "Adj Close": null,
        "Volume": null
    },
    "AXP": {
        "Open": 23.031330108642578,
        "High": 23.30486297607422,
        "Low": 22.99485969543457,
        "Close": 23.08603858947754,
        "Adj Close": 15.90472412109375,
        "Volume": 6079858.0
    },
    "BA": {
        "Open": 58.5,
        "High": 60.125,
        "Low": 58.5,
        "Close": 59.0625,
        "Adj Close": 36.94464874267578,
        "Volume": 8875900.0
    },
    "BAC": {
        "Open": 34.15625,
        "High": 34.40625,
        "Low": 33.75,
        "Close": 33.75,
        "Adj Close": 16.213685989379883,
        "Volume": 3174800.0
    },
    "BK": {
        "Open": 24.578651428222656,
        "High": 24.67802619934082,
        "Low": 24.148027420043945,
        "Close": 24.512401580810547,
        "Adj Close": 12.907593727111816,
        "Volume": 1327175.0
    },
    "BKNG": {
        "Open": null,
        "High": null,
        "Low": null,
        "Close": null,
        "Adj Close": null,
        "Volume": null
    },
    "BLK": {
        "Open": null,
        "High": null,
        "Low": null,
        "Close": null,
        "Adj Close": null,
        "Volume": null
    },
    "BMY": {
        "Open": 39.974632263183594,
        "High": 40.89666748046875,
        "Low": 39.231056213378906,
        "Close": 40.21257781982422,
        "Adj Close": 14.701380729675293,
        "Volume": 9106125.0
    },
    "BRK-B": {
        "Open": 32.08000183105469,
        "High": 32.08000183105469,
        "Low": 31.540000915527344,
        "Close": 31.959999084472656,
        "Adj Close": 31.959999084472656,
        "Volume": 130000.0
    },
    "C": {
        "Open": 228.75,
        "High": 229.375,
        "Low": 225.2083282470703,
        "Close": 227.7083282470703,
        "Adj Close": 115.31400299072266,
        "Volume": 337920.0
    },
    "CAT": {
        "Open": 28.09375,
        "High": 28.71875,
        "Low": 27.5625,
        "Close": 27.84375,
        "Adj Close": 13.681044578552246,
        "Volume": 3382800.0
    },
    "CL": {
        "Open": 19.0625,
        "High": 19.25,
        "Low": 18.796875,
        "Close": 18.796875,
        "Adj Close": 10.366952896118164,
        "Volume": 4150000.0
    },
    "CMCSA": {
        "Open": 3.495002031326294,
        "High": 3.5731019973754883,
        "Low": 3.4657139778137207,
        "Close": 3.543813943862915,
        "Adj Close": 2.3942112922668457,
        "Volume": 3023024.0
    },
    "COF": {
        "Open": 12.0,
        "High": 12.1875,
        "Low": 11.770833015441895,
        "Close": 11.833333015441895,
        "Adj Close": 8.482253074645996,
        "Volume": 1404000.0
    },
    "COP": {
        "Open": 17.199766159057617,
        "High": 17.318878173828125,
        "Low": 17.175945281982422,
        "Close": 17.29505729675293,
        "Adj Close": 7.032440662384033,
        "Volume": 1349571.0
    },
    "COST": {
        "Open": 16.1875,
        "High": 16.375,
        "Low": 15.875,
        "Close": 16.0,
        "Adj Close": 10.67467212677002,
        "Volume": 3288600.0
    },
    "CRM": {
        "Open": null,
        "High": null,
        "Low": null,
        "Close": null,
        "Adj Close": null,
        "Volume": null
    },
    "CSCO": {
        "Open": 8.847222328186035,
        "High": 8.993056297302246,
        "Low": 8.76388931274414,
        "Close": 8.930556297302246,
        "Adj Close": 5.778529167175293,
        "Volume": 75820500.0
    },
    "CVS": {
        "Open": 13.09375,
        "High": 13.5625,
        "Low": 13.046875,
        "Close": 13.5,
        "Adj Close": 8.427674293518066,
        "Volume": 2968000.0
    },
    "CVX": {
        "Open": 39.0,
        "High": 39.0,
        "Low": 38.375,
        "Close": 38.40625,
        "Adj Close": 13.566178321838379,
        "Volume": 1789600.0
    },
    "DE": {
        "Open": 29.0625,
        "High": 29.0625,
        "Low": 28.21875,
        "Close": 28.4375,
        "Adj Close": 16.315595626831055,
        "Volume": 1012600.0
    },
    "DHR": {
        "Open": 4.395027160644531,
        "High": 4.431784152984619,
        "Low": 4.342517852783203,
        "Close": 4.353020191192627,
        "Adj Close": 2.567786693572998,
        "Volume": 1162889.0
    },
    "DIS": {
        "Open": 25.566791534423828,
        "High": 26.183353424072266,
        "Low": 25.566791534423828,
        "Close": 25.628448486328125,
        "Adj Close": 19.27838706970215,
        "Volume": 6436391.0
    },
    "DUK": {
        "Open": 43.09219741821289,
        "High": 43.09219741821289,
        "Low": 42.6563720703125,
        "Close": 42.81980514526367,
        "Adj Close": 11.823875427246094,
        "Volume": 774393.0
    },
    "EMR": {
        "Open": 28.875,
        "High": 29.375,
        "Low": 28.625,
        "Close": 29.0,
        "Adj Close": 13.536033630371094,
        "Volume": 2247000.0
    },
    "FDX": {
        "Open": 30.0,
        "High": 30.0625,
        "Low": 29.46875,
        "Close": 29.65625,
        "Adj Close": 23.745540618896484,
        "Volume": 453600.0
    },
    "GD": {
        "Open": 20.5,
        "High": 20.671875,
        "Low": 20.34375,
        "Close": 20.640625,
        "Adj Close": 11.55761432647705,
        "Volume": 828000.0
    },
    "GE": {
        "Open": 116.21660614013672,
        "High": 116.61597442626953,
        "Low": 114.81880950927734,
        "Close": 115.31802368164062,
        "Adj Close": 60.25914764404297,
        "Volume": 2937691.0
    },
    "GILD": {
        "Open": 0.8476560115814209,
        "High": 0.8671879768371582,
        "Low": 0.8398439884185791,
        "Close": 0.8398439884185791,
        "Adj Close": 0.5834827423095703,
        "Volume": 6585600.0
    },
    "GM": {
        "Open": null,
        "High": null,
        "Low": null,
        "Close": null,
        "Adj Close": null,
        "Volume": null
    },