{
    "AAPL": {
        "Open": 0.1439729928970337,
        "High": 0.1439729928970337,
        "Low": 0.13950900733470917,
        "Close": 0.141183003783226,
        "Adj Close": 0.11844749003648758,
        "Volume": 133492800.0
    },
    "ABBV": {
        "Open": null,
        "High": null,
        "Low": null,
        "Close": null,
        "Adj Close": null,
        "Volume": null
    },
    "ABT": {
        "Open": 14.336771965026855,
        "High": 14.364828109741211,
        "Low": 14.000096321105957,
        "Close": 14.266631126403809,
        "Adj Close": 7.105498790740967,
        "Volume": 6102461.0
    },
    "ACN": {
        "Open": null,
        "High": null,
        "Low": null,
        "Close": null,
        "Adj Close": null,
        "Volume": null
    },
    "ADBE": {
        "Open": 4.625,
        "High": 4.65625,
        "Low": 4.625,
        "Close": 4.640625,
        "Adj Close": 4.56843900680542,
        "Volume": 7465600.0
    },
    "AIG": {
        "Open": 724.74072265625,
        "High": 745.1851806640625,
        "Low": 712.888916015625,
        "Close": 741.9259033203125,
        "Adj Close": 434.4888916015625,
        "Volume": 201741.0
    },
    "AMD": {
        "Open": 18.15625,
        "High": 18.21875,
        "Low": 17.71875,
        "Close": 17.875,
        "Adj Close": 17.875,
        "Volume": 3621000.0
    },
    "AMGN": {
        "Open": 15.4375,
        "High": 15.5,
        "Low": 15.15625,
        "Close": 15.28125,
        "Adj Close": 10.336065292358398,
        "Volume": 22316800.0
    },
    "AMT": {
        "Open": null,
        "High": null,
        "Low": null,
        "Close": null,
        "Adj Close": null,
        "Volume": null
    },
    "AMZN": {
        "Open": 0.11510399729013443,
        "High": 0.11562500149011612,
        "Low": 0.11093799769878387,
        "Close": 0.11302100121974945,
        "Adj Close": 0.11302100121974945,
        "Volume": 24336000.0
    },
    "AVGO": {
        "Open": null,
        "High": null,
        "Low": null,
        "Close": null,
        "Adj Close": null,
        "Volume": null
    },
    "AXP": {
        "Open": 23.06780242919922,
        "High": 23.2866268157959,
        "Low": 22.721328735351562,
        "Close": 23.23192024230957,
        "Adj Close": 16.00522232055664,
        "Volume": 3679995.0
    },
    "BA": {
        "Open": 59.0625,
        "High": 60.5,
        "Low": 58.0625,
        "Close": 60.0,
        "Adj Close": 37.53105545043945,
        "Volume": 6228800.0
    },
    "BAC": {
        "Open": 33.625,
        "High": 34.3125,
        "Low": 33.34375,
        "Close": 34.28125,
        "Adj Close": 16.468900680541992,
        "Volume": 2261800.0
    },
    "BK": {
        "Open": 24.777400970458984,
        "High": 24.87677574157715,
        "Low": 24.24740219116211,
        "Close": 24.81052589416504,
        "Adj Close": 13.0645751953125,
        "Volume": 1261892.0
    },
    "BKNG": {
        "Open": null,
        "High": null,
        "Low": null,
        "Close": null,
        "Adj Close": null,
        "Volume": null
    },
    "BLK": {
        "Open": null,
        "High": null,
        "Low": null,
        "Close": null,
        "Adj Close": null,
        "Volume": null
    },
    "BMY": {
        "Open": 39.79617691040039,
        "High": 39.82592010498047,
        "Low": 38.725425720214844,
        "Close": 39.43925857543945,
        "Adj Close": 14.418658256530762,
        "Volume": 8274207.0
    },
    "BRK-B": {
        "Open": 31.979999542236328,
        "High": 31.979999542236328,
        "Low": 31.600000381469727,
        "Close": 31.84000015258789,
        "Adj Close": 31.84000015258789,
        "Volume": 60000.0
    },
    "C": {
        "Open": 229.375,
        "High": 236.4583282470703,
        "Low": 227.2916717529297,
        "Close": 235.8333282470703,
        "Adj Close": 119.42864227294922,
        "Volume": 418290.0
    },
    "CAT": {
        "Open": 27.84375,
        "High": 27.90625,
        "Low": 27.28125,
        "Close": 27.5,
        "Adj Close": 13.512147903442383,
        "Volume": 3041600.0
    },
    "CL": {
        "Open": 19.125,
        "High": 19.484375,
        "Low": 18.625,
        "Close": 19.25,
        "Adj Close": 10.61685562133789,
        "Volume": 5129600.0
    },
    "CMCSA": {
        "Open": 3.553576946258545,
        "High": 3.563339948654175,
        "Low": 3.416901111602783,
        "Close": 3.4364259243011475,
        "Adj Close": 2.321660041809082,
        "Volume": 2287435.0
    },
    "COF": {
        "Open": 11.854166984558105,
        "High": 11.854166984558105,
        "Low": 11.541666984558105,
        "Close": 11.75,
        "Adj Close": 8.422518730163574,
        "Volume": 662100.0
    },
    "COP": {
        "Open": 17.247411727905273,
        "High": 17.414169311523438,
        "Low": 17.199766159057617,
        "Close": 17.29505729675293,
        "Adj Close": 7.032440662384033,
        "Volume": 4271716.0
    },
    "COST": {
        "Open": 15.96875,
        "High": 16.25,
        "Low": 15.9375,
        "Close": 16.0,
        "Adj Close": 10.67467212677002,
        "Volume": 3616200.0
    },
    "CRM": {
        "Open": null,
        "High": null,
        "Low": null,
        "Close": null,
        "Adj Close": null,
        "Volume": null
    },
    "CSCO": {
        "Open": 8.902777671813965,
        "High": 8.930556297302246,
        "Low": 8.76388931274414,
        "Close": 8.875,
        "Adj Close": 5.742581367492676,
        "Volume": 49617900.0
    },
    "CVS": {
        "Open": 13.625,
        "High": 13.75,
        "Low": 13.5625,
        "Close": 13.640625,
        "Adj Close": 8.515466690063477,
        "Volume": 17316800.0
    },
    "CVX": {
        "Open": 38.0,
        "High": 38.46875,
        "Low": 37.75,
        "Close": 38.4375,
        "Adj Close": 13.577208518981934,
        "Volume": 1275200.0
    },
    "DE": {
        "Open": 28.375,
        "High": 28.46875,
        "Low": 27.625,
        "Close": 27.84375,
        "Adj Close": 15.97493839263916,
        "Volume": 1318600.0
    },
    "DHR": {
        "Open": 4.3320159912109375,
        "High": 4.35827112197876,
        "Low": 4.3320159912109375,
        "Close": 4.347768783569336,
        "Adj Close": 2.5646896362304688,
        "Volume": 380885.0
    },
    "DIS": {
        "Open": 25.628448486328125,
        "High": 26.183353424072266,
        "Low": 25.155750274658203,
        "Close": 26.08059310913086,
        "Adj Close": 19.61850929260254,
        "Volume": 5297821.0
    },
    "DUK": {
        "Open": 42.71084976196289,
        "High": 42.76532745361328,
        "Low": 42.05711364746094,
        "Close": 42.38397979736328,
        "Adj Close": 11.703531265258789,
        "Volume": 762347.0
    },
    "EMR": {
        "Open": 29.0625,
        "High": 29.375,
        "Low": 28.625,
        "Close": 29.375,
        "Adj Close": 13.711077690124512,
        "Volume": 1693000.0
    },
    "FDX": {
        "Open": 29.75,
        "High": 30.5,
        "Low": 29.65625,
        "Close": 30.4375,
        "Adj Close": 24.371078491210938,
        "Volume": 815600.0
    },
    "GD": {
        "Open": 20.65625,
        "High": 20.984375,
        "Low": 20.5625,
        "Close": 20.984375,
        "Adj Close": 11.750094413757324,
        "Volume": 1310800.0
    },
    "GE": {
        "Open": 115.01849365234375,
        "High": 115.31802368164062,
        "Low": 112.1230697631836,
        "Close": 114.81880950927734,
        "Adj Close": 59.99829864501953,
        "Volume": 2705826.0
    },
    "GILD": {
        "Open": 0.8398439884185791,
        "High": 0.8671879768371582,
        "Low": 0.8164060115814209,
        "Close": 0.8613280057907104,
        "Adj Close": 0.5984088778495789,
        "Volume": 10028800.0
    },
    "GM": {
        "Open": null,
        "High": null,
        "Low": null,
        "Close": null,
        "Adj Close": null,
        "Volume": null
    },