{
    "AAPL": {
        "Open": 0.15122799575328827,
        "High": 0.15792399644851685,
        "Low": 0.14955399930477142,
        "Close": 0.15513400733470917,
        "Adj Close": 0.1301518678665161,
        "Volume": 374304000.0
    },
    "ABBV": {
        "Open": null,
        "High": null,
        "Low": null,
        "Close": null,
        "Adj Close": null,
        "Volume": null
    },
    "ABT": {
        "Open": 14.448996543884277,
        "High": 14.631362915039062,
        "Low": 14.420941352844238,
        "Close": 14.589279174804688,
        "Adj Close": 7.266195297241211,
        "Volume": 5743807.0
    },
    "ACN": {
        "Open": null,
        "High": null,
        "Low": null,
        "Close": null,
        "Adj Close": null,
        "Volume": null
    },
    "ADBE": {
        "Open": 4.71875,
        "High": 4.71875,
        "Low": 4.609375,
        "Close": 4.640625,
        "Adj Close": 4.574497222900391,
        "Volume": 6549600.0
    },
    "AIG": {
        "Open": 741.7777709960938,
        "High": 755.5555419921875,
        "Low": 739.5555419921875,
        "Close": 753.7777709960938,
        "Adj Close": 441.4297180175781,
        "Volume": 158709.0
    },
    "AMD": {
        "Open": 17.1875,
        "High": 17.625,
        "Low": 16.90625,
        "Close": 16.90625,
        "Adj Close": 16.90625,
        "Volume": 4466400.0
    },
    "AMGN": {
        "Open": 14.8125,
        "High": 14.96875,
        "Low": 14.78125,
        "Close": 14.9375,
        "Adj Close": 10.103556632995605,
        "Volume": 8084000.0
    },
    "AMT": {
        "Open": null,
        "High": null,
        "Low": null,
        "Close": null,
        "Adj Close": null,
        "Volume": null
    },
    "AMZN": {
        "Open": 0.125,
        "High": 0.12525999546051025,
        "Low": 0.12135399878025055,
        "Close": 0.12239599972963333,
        "Adj Close": 0.12239599972963333,
        "Volume": 50352000.0
    },
    "AVGO": {
        "Open": null,
        "High": null,
        "Low": null,
        "Close": null,
        "Adj Close": null,
        "Volume": null
    },
    "AXP": {
        "Open": 24.18016242980957,
        "High": 24.253103256225586,
        "Low": 23.851924896240234,
        "Close": 24.16192626953125,
        "Adj Close": 16.645936965942383,
        "Volume": 5252485.0
    },
    "BA": {
        "Open": 58.5625,
        "High": 59.375,
        "Low": 58.3125,
        "Close": 58.6875,
        "Adj Close": 36.7100830078125,
        "Volume": 2576400.0
    },
    "BAC": {
        "Open": 34.71875,
        "High": 35.5625,
        "Low": 34.6875,
        "Close": 35.09375,
        "Adj Close": 16.859222412109375,
        "Volume": 4395000.0
    },
    "BK": {
        "Open": 25.174898147583008,
        "High": 25.8373966217041,
        "Low": 25.10865020751953,
        "Close": 25.572397232055664,
        "Adj Close": 13.4657621383667,
        "Volume": 1424534.0
    },
    "BKNG": {
        "Open": null,
        "High": null,
        "Low": null,
        "Close": null,
        "Adj Close": null,
        "Volume": null
    },
    "BLK": {
        "Open": null,
        "High": null,
        "Low": null,
        "Close": null,
        "Adj Close": null,
        "Volume": null
    },
    "BMY": {
        "Open": 37.476219177246094,
        "High": 37.92236328125,
        "Low": 37.446475982666016,
        "Close": 37.595191955566406,
        "Adj Close": 13.744484901428223,
        "Volume": 4542451.0
    },
    "BRK-B": {
        "Open": 31.979999542236328,
        "High": 32.08000183105469,
        "Low": 31.8799991607666,
        "Close": 31.959999084472656,
        "Adj Close": 31.959999084472656,
        "Volume": 85000.0
    },
    "C": {
        "Open": 238.3333282470703,
        "High": 245.4166717529297,
        "Low": 235.4166717529297,
        "Close": 239.1666717529297,
        "Adj Close": 121.1166763305664,
        "Volume": 469980.0
    },
    "CAT": {
        "Open": 29.875,
        "High": 29.96875,
        "Low": 29.53125,
        "Close": 29.75,
        "Adj Close": 14.617679595947266,
        "Volume": 1595800.0
    },
    "CL": {
        "Open": 18.71875,
        "High": 19.03125,
        "Low": 18.546875,
        "Close": 18.96875,
        "Adj Close": 10.461735725402832,
        "Volume": 3219200.0
    },
    "CMCSA": {
        "Open": 3.5340518951416016,
        "High": 3.553576946258545,
        "Low": 3.495002031326294,
        "Close": 3.5242888927459717,
        "Adj Close": 2.381019115447998,
        "Volume": 1686927.0
    },
    "COF": {
        "Open": 12.041666984558105,
        "High": 12.416666984558105,
        "Low": 11.958333015441895,
        "Close": 12.333333015441895,
        "Adj Close": 8.840656280517578,
        "Volume": 1338600.0
    },
    "COP": {
        "Open": 17.914438247680664,
        "High": 17.96208381652832,
        "Low": 17.67621421813965,
        "Close": 17.819150924682617,
        "Adj Close": 7.299201011657715,
        "Volume": 1447168.0
    },
    "COST": {
        "Open": 18.125,
        "High": 18.625,
        "Low": 17.9375,
        "Close": 18.5,
        "Adj Close": 12.3425874710083,
        "Volume": 5332000.0
    },
    "CRM": {
        "Open": null,
        "High": null,
        "Low": null,
        "Close": null,
        "Adj Close": null,
        "Volume": null
    },
    "CSCO": {
        "Open": 8.75,
        "High": 8.92361068725586,
        "Low": 8.63888931274414,
        "Close": 8.833333015441895,
        "Adj Close": 5.71561861038208,
        "Volume": 68949900.0
    },
    "CVS": {
        "Open": 14.234375,
        "High": 14.328125,
        "Low": 14.078125,
        "Close": 14.140625,
        "Adj Close": 8.827600479125977,
        "Volume": 1822800.0
    },
    "CVX": {
        "Open": 39.5,
        "High": 39.96875,
        "Low": 39.5,
        "Close": 39.75,
        "Adj Close": 14.040833473205566,
        "Volume": 1909600.0
    },
    "DE": {
        "Open": 28.75,
        "High": 29.0,
        "Low": 28.40625,
        "Close": 28.46875,
        "Adj Close": 16.333526611328125,
        "Volume": 915400.0
    },
    "DHR": {
        "Open": 4.5893120765686035,
        "High": 4.594563007354736,
        "Low": 4.557806015014648,
        "Close": 4.584061145782471,
        "Adj Close": 2.704073905944824,
        "Volume": 515385.0
    },
    "DIS": {
        "Open": 26.450531005859375,
        "High": 26.717708587646484,
        "Low": 26.450531005859375,
        "Close": 26.614948272705078,
        "Adj Close": 20.02046012878418,
        "Volume": 4816726.0
    },
    "DUK": {
        "Open": 43.20115280151367,
        "High": 43.52802276611328,
        "Low": 43.20115280151367,
        "Close": 43.31010818481445,
        "Adj Close": 11.959261894226074,
        "Volume": 1210004.0
    },
    "EMR": {
        "Open": 29.1875,
        "High": 29.3125,
        "Low": 28.96875,
        "Close": 29.125,
        "Adj Close": 13.59437370300293,
        "Volume": 1385600.0
    },
    "FDX": {
        "Open": 30.40625,
        "High": 31.875,
        "Low": 30.40625,
        "Close": 31.71875,
        "Adj Close": 25.39696502685547,
        "Volume": 451200.0
    },
    "GD": {
        "Open": 21.484375,
        "High": 21.5,
        "Low": 21.1875,
        "Close": 21.1875,
        "Adj Close": 11.863838195800781,
        "Volume": 432400.0
    },
    "GE": {
        "Open": 113.4210205078125,
        "High": 113.82038879394531,
        "Low": 112.62227630615234,
        "Close": 113.02164459228516,
        "Adj Close": 59.059146881103516,
        "Volume": 2638031.0
    },
    "GILD": {
        "Open": 0.8964840173721313,
        "High": 0.9042969942092896,
        "Low": 0.875,
        "Close": 0.890625,
        "Adj Close": 0.6187630891799927,
        "Volume": 7168000.0
    },
    "GM": {
        "Open": null,
        "High": null,
        "Low": null,
        "Close": null,
        "Adj Close": null,