{
    "AAPL": {
        "Open": 0.15513400733470917,
        "High": 0.15848200023174286,
        "Low": 0.15401799976825714,
        "Close": 0.15625,
        "Adj Close": 0.13108810782432556,
        "Volume": 263816000.0
    },
    "ABBV": {
        "Open": null,
        "High": null,
        "Low": null,
        "Close": null,
        "Adj Close": null,
        "Volume": null
    },
    "ABT": {
        "Open": 14.575249671936035,
        "High": 14.715532302856445,
        "Low": 14.54719352722168,
        "Close": 14.68747615814209,
        "Adj Close": 7.315101146697998,
        "Volume": 4759625.0
    },
    "ACN": {
        "Open": null,
        "High": null,
        "Low": null,
        "Close": null,
        "Adj Close": null,
        "Volume": null
    },
    "ADBE": {
        "Open": 4.648437976837158,
        "High": 4.703125,
        "Low": 4.609375,
        "Close": 4.671875,
        "Adj Close": 4.605302333831787,
        "Volume": 5476800.0
    },
    "AIG": {
        "Open": 754.6666870117188,
        "High": 760.0,
        "Low": 749.3333129882812,
        "Close": 757.3333129882812,
        "Adj Close": 443.51190185546875,
        "Volume": 125972.0
    },
    "AMD": {
        "Open": 16.96875,
        "High": 17.8125,
        "Low": 16.59375,
        "Close": 17.5625,
        "Adj Close": 17.5625,
        "Volume": 6008400.0
    },
    "AMGN": {
        "Open": 14.90625,
        "High": 14.9375,
        "Low": 14.6875,
        "Close": 14.703125,
        "Adj Close": 9.945029258728027,
        "Volume": 6508800.0
    },
    "AMT": {
        "Open": null,
        "High": null,
        "Low": null,
        "Close": null,
        "Adj Close": null,
        "Volume": null
    },
    "AMZN": {
        "Open": 0.12187500298023224,
        "High": 0.12187500298023224,
        "Low": 0.1166670024394989,
        "Close": 0.11979199945926666,
        "Adj Close": 0.11979199945926666,
        "Volume": 29088000.0
    },
    "AVGO": {
        "Open": null,
        "High": null,
        "Low": null,
        "Close": null,
        "Adj Close": null,
        "Volume": null
    },
    "AXP": {
        "Open": 24.216632843017578,
        "High": 24.563106536865234,
        "Low": 24.16192626953125,
        "Close": 24.435457229614258,
        "Adj Close": 16.834386825561523,
        "Volume": 4610191.0
    },
    "BA": {
        "Open": 58.6875,
        "High": 59.1875,
        "Low": 58.1875,
        "Close": 58.6875,
        "Adj Close": 36.7100830078125,
        "Volume": 2345800.0
    },
    "BAC": {
        "Open": 35.0,
        "High": 35.84375,
        "Low": 34.875,
        "Close": 35.59375,
        "Adj Close": 17.09943199157715,
        "Volume": 4798600.0
    },
    "BK": {
        "Open": 25.936771392822266,
        "High": 26.234895706176758,
        "Low": 25.738021850585938,
        "Close": 25.771146774291992,
        "Adj Close": 13.570413589477539,
        "Volume": 1652459.0
    },
    "BKNG": {
        "Open": null,
        "High": null,
        "Low": null,
        "Close": null,
        "Adj Close": null,
        "Volume": null
    },
    "BLK": {
        "Open": null,
        "High": null,
        "Low": null,
        "Close": null,
        "Adj Close": null,
        "Volume": null
    },
    "BMY": {
        "Open": 37.595191955566406,
        "High": 37.7439079284668,
        "Low": 37.059818267822266,
        "Close": 37.26801681518555,
        "Adj Close": 13.624870300292969,
        "Volume": 4565986.0
    },
    "BRK-B": {
        "Open": 31.959999084472656,
        "High": 31.959999084472656,
        "Low": 31.600000381469727,
        "Close": 31.6200008392334,
        "Adj Close": 31.6200008392334,
        "Volume": 100000.0
    },
    "C": {
        "Open": 240.4166717529297,
        "High": 241.25,
        "Low": 236.0416717529297,
        "Close": 239.7916717529297,
        "Adj Close": 121.68754577636719,
        "Volume": 511950.0
    },
    "CAT": {
        "Open": 29.75,
        "High": 29.75,
        "Low": 28.0,
        "Close": 28.0,
        "Adj Close": 13.757820129394531,
        "Volume": 3323000.0
    },
    "CL": {
        "Open": 19.0,
        "High": 19.0625,
        "Low": 18.875,
        "Close": 18.9375,
        "Adj Close": 10.444498062133789,
        "Volume": 3041600.0
    },
    "CMCSA": {
        "Open": 3.543813943862915,
        "High": 3.553576946258545,
        "Low": 3.5145270824432373,
        "Close": 3.5145270824432373,
        "Adj Close": 2.3744258880615234,
        "Volume": 976945.0
    },
    "COF": {
        "Open": 12.333333015441895,
        "High": 12.395833015441895,
        "Low": 12.166666984558105,
        "Close": 12.270833015441895,
        "Adj Close": 8.795857429504395,
        "Volume": 1593600.0
    },
    "COP": {
        "Open": 17.747682571411133,
        "High": 17.77150535583496,
        "Low": 17.437990188598633,
        "Close": 17.55710220336914,
        "Adj Close": 7.191864490509033,
        "Volume": 1567853.0
    },
    "COST": {
        "Open": 18.5625,
        "High": 19.4375,
        "Low": 18.3125,
        "Close": 18.9375,
        "Adj Close": 12.634477615356445,
        "Volume": 6124800.0
    },
    "CRM": {
        "Open": null,
        "High": null,
        "Low": null,
        "Close": null,
        "Adj Close": null,
        "Volume": null
    },
    "CSCO": {
        "Open": 8.86111068725586,
        "High": 8.902777671813965,
        "Low": 8.75,
        "Close": 8.840277671813965,
        "Adj Close": 5.720112323760986,
        "Volume": 39197700.0
    },
    "CVS": {
        "Open": 14.25,
        "High": 14.359375,
        "Low": 13.953125,
        "Close": 14.1875,
        "Adj Close": 8.85686206817627,
        "Volume": 2286000.0
    },
    "CVX": {
        "Open": 39.875,
        "High": 40.0625,
        "Low": 39.40625,
        "Close": 39.5,
        "Adj Close": 13.952515602111816,
        "Volume": 2478600.0
    },
    "DE": {
        "Open": 29.5,
        "High": 29.5,
        "Low": 28.21875,
        "Close": 28.4375,
        "Adj Close": 16.315595626831055,
        "Volume": 1156200.0
    },
    "DHR": {
        "Open": 4.605064868927002,
        "High": 4.668076038360596,
        "Low": 4.605064868927002,
        "Close": 4.65757417678833,
        "Adj Close": 2.74743914604187,
        "Volume": 485628.0
    },
    "DIS": {
        "Open": 26.614948272705078,
        "High": 26.861572265625,
        "Low": 26.57384490966797,
        "Close": 26.57384490966797,
        "Adj Close": 19.989543914794922,
        "Volume": 3812874.0
    },
    "DUK": {
        "Open": 43.47354507446289,
        "High": 44.290714263916016,
        "Low": 43.4190673828125,
        "Close": 44.181758880615234,
        "Adj Close": 12.199955940246582,
        "Volume": 1062582.0
    },
    "EMR": {
        "Open": 29.1875,
        "High": 29.5625,
        "Low": 29.0,
        "Close": 29.5,
        "Adj Close": 13.769414901733398,
        "Volume": 1403200.0
    },
    "FDX": {
        "Open": 31.71875,
        "High": 32.78125,
        "Low": 31.25,
        "Close": 32.28125,
        "Adj Close": 25.84735107421875,
        "Volume": 1081600.0
    },
    "GD": {
        "Open": 21.25,
        "High": 22.1875,
        "Low": 21.25,
        "Close": 22.125,
        "Adj Close": 12.388775825500488,
        "Volume": 1280800.0
    },
    "GE": {
        "Open": 113.02164459228516,
        "High": 113.72054290771484,
        "Low": 111.82353973388672,
        "Close": 112.02322387695312,
        "Adj Close": 58.5374755859375,
        "Volume": 2749081.0
    },
    "GILD": {
        "Open": 0.8945310115814209,
        "High": 0.8984379768371582,
        "Low": 0.875,
        "Close": 0.8828129768371582,
        "Adj Close": 0.6133354902267456,
        "Volume": 3712000.0
    },
    "GM": {
        "Open": null,
        "High": null,
        "Low": null,
        "Close": null,
        "Adj Close": null,
        "Volume": null
    },