{
    "AAPL": {
        "Open": 0.674107015132904,
        "High": 0.678013026714325,
        "Low": 0.6595979928970337,
        "Close": 0.6746649742126465,
        "Adj Close": 0.5660196542739868,
        "Volume": 534083200.0
    },
    "ABBV": {
        "Open": null,
        "High": null,
        "Low": null,
        "Close": null,
        "Adj Close": null,
        "Volume": null
    },
    "ABT": {
        "Open": 20.20054054260254,
        "High": 20.31276512145996,
        "Low": 19.94803237915039,
        "Close": 20.25665283203125,
        "Adj Close": 10.390395164489746,
        "Volume": 5244142.0
    },
    "ACN": {
        "Open": null,
        "High": null,
        "Low": null,
        "Close": null,
        "Adj Close": null,
        "Volume": null
    },
    "ADBE": {
        "Open": 12.75,
        "High": 12.9375,
        "Low": 12.515625,
        "Close": 12.9375,
        "Adj Close": 12.835235595703125,
        "Volume": 7180000.0
    },
    "AIG": {
        "Open": 1258.3333740234375,
        "High": 1260.8333740234375,
        "Low": 1229.1666259765625,
        "Close": 1234.1666259765625,
        "Adj Close": 726.7889404296875,
        "Volume": 137153.0
    },
    "AMD": {
        "Open": 10.90625,
        "High": 11.34375,
        "Low": 10.8125,
        "Close": 11.125,
        "Adj Close": 11.125,
        "Volume": 5103200.0
    },
    "AMGN": {
        "Open": 42.375,
        "High": 43.0,
        "Low": 42.125,
        "Close": 42.9375,
        "Adj Close": 29.04243278503418,
        "Volume": 7362800.0
    },
    "AMT": {
        "Open": 23.5,
        "High": 23.5,
        "Low": 23.0625,
        "Close": 23.0625,
        "Adj Close": 16.86280059814453,
        "Volume": 118600.0
    },
    "AMZN": {
        "Open": 3.174999952316284,
        "High": 3.221874952316284,
        "Low": 3.1187500953674316,
        "Close": 3.1812500953674316,
        "Adj Close": 3.1812500953674316,
        "Volume": 183664000.0
    },
    "AVGO": {
        "Open": null,
        "High": null,
        "Low": null,
        "Close": null,
        "Adj Close": null,
        "Volume": null
    },
    "AXP": {
        "Open": 40.37321472167969,
        "High": 40.70145034790039,
        "Low": 39.844383239746094,
        "Close": 40.4461555480957,
        "Adj Close": 28.38650131225586,
        "Volume": 5355307.0
    },
    "BA": {
        "Open": 44.5625,
        "High": 45.25,
        "Low": 44.375,
        "Close": 45.125,
        "Adj Close": 29.035070419311523,
        "Volume": 2109000.0
    },
    "BAC": {
        "Open": 29.6875,
        "High": 29.6875,
        "Low": 28.71875,
        "Close": 28.96875,
        "Adj Close": 14.736567497253418,
        "Volume": 11668400.0
    },
    "BK": {
        "Open": 38.027347564697266,
        "High": 38.35859680175781,
        "Low": 37.69609832763672,
        "Close": 38.226097106933594,
        "Adj Close": 20.823251724243164,
        "Volume": 1873121.0
    },
    "BKNG": {
        "Open": 378.375,
        "High": 383.25,
        "Low": 329.25,
        "Close": 348.9375,
        "Adj Close": 343.3198547363281,
        "Volume": 905250.0
    },
    "BLK": {
        "Open": null,
        "High": null,
        "Low": null,
        "Close": null,
        "Adj Close": null,
        "Volume": null
    },
    "BMY": {
        "Open": 68.52794647216797,
        "High": 68.70640563964844,
        "Low": 67.1597671508789,
        "Close": 68.29000091552734,
        "Adj Close": 25.713428497314453,
        "Volume": 2574132.0
    },
    "BRK-B": {
        "Open": 40.099998474121094,
        "High": 40.099998474121094,
        "Low": 39.720001220703125,
        "Close": 40.02000045776367,
        "Adj Close": 40.02000045776367,
        "Volume": 1055000.0
    },
    "C": {
        "Open": 332.34375,
        "High": 332.8125,
        "Low": 322.5,
        "Close": 328.125,
        "Adj Close": 170.15185546875,
        "Volume": 1547453.0
    },
    "CAT": {
        "Open": 29.3125,
        "High": 29.5625,
        "Low": 28.875,
        "Close": 29.375,
        "Adj Close": 15.065603256225586,
        "Volume": 1693000.0
    },
    "CL": {
        "Open": 28.5,
        "High": 28.59375,
        "Low": 27.0625,
        "Close": 27.75,
        "Adj Close": 15.712126731872559,
        "Volume": 3531800.0
    },
    "CMCSA": {
        "Open": 10.250702857971191,
        "High": 10.42642879486084,
        "Low": 10.11402702331543,
        "Close": 10.387378692626953,
        "Adj Close": 7.048513889312744,
        "Volume": 404286.0
    },
    "COF": {
        "Open": 37.8125,
        "High": 38.9375,
        "Low": 37.25,
        "Close": 38.875,
        "Adj Close": 28.1274356842041,
        "Volume": 974300.0
    },
    "COP": {
        "Open": 20.225210189819336,
        "High": 20.749303817749023,
        "Low": 20.20138931274414,
        "Close": 20.272855758666992,
        "Adj Close": 8.815581321716309,
        "Volume": 1989462.0
    },
    "COST": {
        "Open": 36.078125,
        "High": 36.125,
        "Low": 35.5,
        "Close": 35.78125,
        "Adj Close": 23.87206268310547,
        "Volume": 2886400.0
    },
    "CRM": {
        "Open": null,
        "High": null,
        "Low": null,
        "Close": null,
        "Adj Close": null,
        "Volume": null
    },
    "CSCO": {
        "Open": 34.96875,
        "High": 35.09375,
        "Low": 34.3125,
        "Close": 34.96875,
        "Adj Close": 22.626575469970703,
        "Volume": 27047000.0
    },
    "CVS": {
        "Open": 19.1875,
        "High": 19.25,
        "Low": 18.625,
        "Close": 18.875,
        "Adj Close": 11.918827056884766,
        "Volume": 8610800.0
    },
    "CVX": {
        "Open": 47.5,
        "High": 49.0625,
        "Low": 47.46875,
        "Close": 48.78125,
        "Adj Close": 18.39266014099121,
        "Volume": 3580200.0
    },
    "DE": {
        "Open": 20.75,
        "High": 20.75,
        "Low": 19.84375,
        "Close": 20.34375,
        "Adj Close": 12.158167839050293,
        "Volume": 1320200.0
    },
    "DHR": {
        "Open": 9.766728401184082,
        "High": 9.82973861694336,
        "Low": 9.619702339172363,
        "Close": 9.703717231750488,
        "Adj Close": 5.739681720733643,
        "Volume": 1771115.0
    },
    "DIS": {
        "Open": 28.670156478881836,
        "High": 29.04009437561035,
        "Low": 28.115249633789062,
        "Close": 28.361875534057617,
        "Adj Close": 21.50072479248047,
        "Volume": 4403649.0
    },
    "DUK": {
        "Open": 49.46613693237305,
        "High": 50.28330993652344,
        "Low": 49.193748474121094,
        "Close": 50.119876861572266,
        "Adj Close": 15.137683868408203,
        "Volume": 611943.0
    },
    "EMR": {
        "Open": 32.46875,
        "High": 32.46875,
        "Low": 32.21875,
        "Close": 32.34375,
        "Adj Close": 15.792160034179688,
        "Volume": 1225000.0
    },
    "FDX": {
        "Open": 46.6875,
        "High": 47.3125,
        "Low": 45.5625,
        "Close": 46.5625,
        "Adj Close": 37.28224182128906,
        "Volume": 1733200.0
    },
    "GD": {
        "Open": 31.4375,
        "High": 31.625,
        "Low": 31.21875,
        "Close": 31.34375,
        "Adj Close": 18.162553787231445,
        "Volume": 1283600.0
    },
    "GE": {
        "Open": 193.0952911376953,
        "High": 193.19512939453125,
        "Low": 188.50253295898438,
        "Close": 191.29812622070312,
        "Adj Close": 102.91519927978516,
        "Volume": 2563977.0
    },
    "GILD": {
        "Open": 2.810547113418579,
        "High": 2.984375,
        "Low": 2.652343988418579,
        "Close": 2.675781011581421,
        "Adj Close": 1.8590025901794434,
        "Volume": 55398400.0
    },
    "GM": {
        "Open": null,
        "High": null,
        "Low": null,
        "Close": null,
        "Adj Close": null,
        "Volume": null
    },
    "GOOG": {
        "Open": null,