date,ticker,open,high,low,close,volume,_errors
1996-01-02,VHI,-259.03,-264.01,-259.03,-264.01,3042,open below minimum: -259.03; high below minimum: -264.01; low below minimum: -259.03; close below minimum: -264.01
1996-01-03,VHI,-259.03,-273.97,-259.03,-273.97,5658,open below minimum: -259.03; high below minimum: -273.97; low below minimum: -259.03; close below minimum: -273.97
1996-01-04,VHI,-268.99,-283.93,-268.99,-283.93,11560,open below minimum: -268.99; high below minimum: -283.93; low below minimum: -268.99; close below minimum: -283.93
1996-01-05,VHI,-278.95,-283.93,-273.97,-273.97,14298,open below minimum: -278.95; high below minimum: -283.93; low below minimum: -273.97; close below minimum: -273.97
1996-01-08,VHI,-278.95,-283.93,-278.95,-283.93,3955,open below minimum: -278.95; high below minimum: -283.93; low below minimum: -278.95; close below minimum: -283.93
1996-01-09,VHI,-288.91,-288.91,-288.91,-288.91,6145,open below minimum: -288.91; high below minimum: -288.91; low below minimum: -288.91; close below minimum: -288.91
1996-01-10,VHI,-288.91,-288.91,-283.93,-283.93,4563,open below minimum: -288.91; high below minimum: -288.91; low below minimum: -283.93; close below minimum: -283.93
1996-01-11,VHI,-288.91,-288.91,-278.95,-278.95,4989,open below minimum: -288.91; high below minimum: -288.91; low below minimum: -278.95; close below minimum: -278.95
1996-01-12,VHI,-278.95,-278.95,-278.95,-278.95,608,open below minimum: -278.95; high below minimum: -278.95; low below minimum: -278.95; close below minimum: -278.95
1996-01-15,VHI,-278.95,-278.95,-278.95,-278.95,365,open below minimum: -278.95; high below minimum: -278.95; low below minimum: -278.95; close below minimum: -278.95
1996-01-16,VHI,-278.95,-283.93,-278.95,-283.93,1095,open below minimum: -278.95; high below minimum: -283.93; low below minimum: -278.95; close below minimum: -283.93
1996-01-17,VHI,-278.95,-278.95,-278.95,-278.95,487,open below minimum: -278.95; high below minimum: -278.95; low below minimum: -278.95; close below minimum: -278.95
1996-01-18,VHI,-278.95,-278.95,-273.97,-273.97,1095,open below minimum: -278.95; high below minimum: -278.95; low below minimum: -273.97; close below minimum: -273.97
1996-01-19,VHI,-268.99,-268.99,-264.01,-268.99,5354,open below minimum: -268.99; high below minimum: -268.99; low below minimum: -264.01; close below minimum: -268.99
1996-01-22,VHI,-268.99,-268.99,-268.99,-268.99,2920,open below minimum: -268.99; high below minimum: -268.99; low below minimum: -268.99; close below minimum: -268.99
1996-01-23,VHI,-268.99,-278.95,-268.99,-273.97,4016,open below minimum: -268.99; high below minimum: -278.95; low below minimum: -268.99; close below minimum: -273.97
1996-01-24,VHI,-268.99,-273.97,-268.99,-273.97,2677,open below minimum: -268.99; high below minimum: -273.97; low below minimum: -268.99; close below minimum: -273.97
1996-01-25,VHI,-283.93,-288.91,-278.95,-283.93,9065,open below minimum: -283.93; high below minimum: -288.91; low below minimum: -278.95; close below minimum: -283.93
1996-01-26,VHI,-288.91,-288.91,-283.93,-288.91,2555,open below minimum: -288.91; high below minimum: -288.91; low below minimum: -283.93; close below minimum: -288.91
1996-01-29,VHI,-303.86,-308.84,-288.91,-293.89,13142,open below minimum: -303.86; high below minimum: -308.84; low below minimum: -288.91; close below minimum: -293.89
1996-01-30,VHI,-308.84,-308.84,-298.88,-303.86,14359,open below minimum: -308.84; high below minimum: -308.84; low below minimum: -298.88; close below minimum: -303.86
1996-01-31,VHI,-303.86,-303.86,-298.88,-298.88,3590,open below minimum: -303.86; high below minimum: -303.86; low below minimum: -298.88; close below minimum: -298.88
1996-02-01,VHI,-298.88,-298.88,-293.89,-293.89,1643,open below minimum: -298.88; high below minimum: -298.88; low below minimum: -293.89; close below minimum: -293.89
1996-02-02,VHI,-293.89,-293.89,-288.91,-288.91,3529,open below minimum: -293.89; high below minimum: -293.89; low below minimum: -288.91; close below minimum: -288.91
1996-02-05,VHI,-293.89,-293.89,-283.93,-283.93,4198,open below minimum: -293.89; high below minimum: -293.89; low below minimum: -283.93; close below minimum: -283.93
1996-02-06,VHI,-288.91,-288.91,-283.93,-283.93,4807,open below minimum: -288.91; high below minimum: -288.91; low below minimum: -283.93; close below minimum: -283.93
1996-02-07,VHI,-288.91,-288.91,-283.93,-283.93,2129,open below minimum: -288.91; high below minimum: -288.91; low below minimum: -283.93; close below minimum: -283.93
1996-02-08,VHI,-288.91,-293.89,-283.93,-283.93,4746,open below minimum: -288.91; high below minimum: -293.89; low below minimum: -283.93; close below minimum: -283.93
1996-02-09,VHI,-288.91,-288.91,-283.93,-288.91,2008,open below minimum: -288.91; high below minimum: -288.91; low below minimum: -283.93; close below minimum: -288.91
1996-02-12,VHI,-293.89,-298.88,-288.91,-288.91,6267,open below minimum: -293.89; high below minimum: -298.88; low below minimum: -288.91; close below minimum: -288.91
1996-02-13,VHI,-288.91,-293.89,-288.91,-288.91,1460,open below minimum: -288.91; high below minimum: -293.89; low below minimum: -288.91; close below minimum: -288.91
1996-02-14,VHI,-288.91,-288.91,-283.93,-288.91,2920,open below minimum: -288.91; high below minimum: -288.91; low below minimum: -283.93; close below minimum: -288.91
1996-02-15,VHI,-283.93,-288.91,-283.93,-288.91,2920,open below minimum: -283.93; high below minimum: -288.91; low below minimum: -283.93; close below minimum: -288.91
1996-02-16,VHI,-283.93,-288.91,-283.93,-283.93,1156,open below minimum: -283.93; high below minimum: -288.91; low below minimum: -283.93; close below minimum: -283.93
1996-02-20,VHI,-283.93,-283.93,-283.93,-283.93,1825,open below minimum: -283.93; high below minimum: -283.93; low below minimum: -283.93; close below minimum: -283.93
1996-02-21,VHI,-283.93,-283.93,-283.93,-283.93,6145,open below minimum: -283.93; high below minimum: -283.93; low below minimum: -283.93; close below minimum: -283.93
1996-02-22,VHI,-278.95,-278.95,-273.97,-278.95,7484,open below minimum: -278.95; high below minimum: -278.95; low below minimum: -273.97; close below minimum: -278.95
1996-02-23,VHI,-278.95,-278.95,-273.97,-278.95,4076,open below minimum: -278.95; high below minimum: -278.95; low below minimum: -273.97; close below minimum: -278.95
1996-02-26,VHI,-278.95,-278.95,-268.99,-273.97,9187,open below minimum: -278.95; high below minimum: -278.95; low below minimum: -268.99; close below minimum: -273.97
1996-02-27,VHI,-268.99,-268.99,-259.03,-259.03,9431,open below minimum: -268.99; high below minimum: -268.99; low below minimum: -259.03; close below minimum: -259.03
1996-02-28,VHI,-259.03,-264.01,-259.03,-264.01,1825,open below minimum: -259.03; high below minimum: -264.01; low below minimum: -259.03; close below minimum: -264.01
1996-02-29,VHI,-268.99,-268.99,-264.01,-268.99,7423,open below minimum: -268.99; high below minimum: -268.99; low below minimum: -264.01; close below minimum: -268.99
1996-03-01,VHI,-268.99,-268.99,-264.01,-268.99,1825,open below minimum: -268.99; high below minimum: -268.99; low below minimum: -264.01; close below minimum: -268.99
1996-03-04,VHI,-268.99,-283.93,-268.99,-278.95,11317,open below minimum: -268.99; high below minimum: -283.93; low below minimum: -268.99; close below minimum: -278.95
1996-03-05,VHI,-273.97,-283.93,-273.97,-283.93,6814,open below minimum: -273.97; high below minimum: -283.93; low below minimum: -273.97; close below minimum: -283.93
1996-03-06,VHI,-283.93,-288.91,-283.93,-288.91,4928,open below minimum: -283.93; high below minimum: -288.91; low below minimum: -283.93; close below minimum: -288.91
1996-03-07,VHI,-288.91,-298.88,-288.91,-298.88,11012,open below minimum: -288.91; high below minimum: -298.88; low below minimum: -288.91; close below minimum: -298.88
1996-03-08,VHI,-293.89,-293.89,-288.91,-293.89,16610,open below minimum: -293.89; high below minimum: -293.89; low below minimum: -288.91; close below minimum: -293.89
1996-03-11,VHI,-288.91,-293.89,-283.93,-293.89,3346,open below minimum: -288.91; high below minimum: -293.89; low below minimum: -283.93; close below minimum: -293.89
1996-03-12,VHI,-288.91,-303.86,-288.91,-303.86,10769,open below minimum: -288.91; high below minimum: -303.86; low below minimum: -288.91; close below minimum: -303.86
1996-03-13,VHI,-298.88,-298.88,-293.89,-293.89,4381,open below minimum: -298.88; high below minimum: -298.88; low below minimum: -293.89; close below minimum: -293.89
1996-03-14,VHI,-293.89,-308.84,-293.89,-308.84,15758,open below minimum: -293.89; high below minimum: -308.84; low below minimum: -293.89; close below minimum: -308.84
1996-03-15,VHI,-303.86,-308.84,-303.86,-303.86,4624,open below minimum: -303.86; high below minimum: -308.84; low below minimum: -303.86; close below minimum: -303.86
1996-03-18,VHI,-298.88,-308.84,-293.89,-293.89,14237,open below minimum: -298.88; high below minimum: -308.84; low below minimum: -293.89; close below minimum: -293.89
1996-03-19,VHI,-293.89,-298.88,-293.89,-298.88,487,open below minimum: -293.89; high below minimum: -298.88; low below minimum: -293.89; close below minimum: -298.88
1996-03-20,VHI,-295.87,-295.87,-285.84,-290.85,9005,open below minimum: -295.87; high below minimum: -295.87; low below minimum: -285.84; close below minimum: -290.85
1996-03-21,VHI,-285.84,-285.84,-285.84,-285.84,2860,open below minimum: -285.84; high below minimum: -285.84; low below minimum: -285.84; close below minimum: -285.84
1996-03-22,VHI,-285.84,-285.84,-280.82,-285.84,3407,open below minimum: -285.84; high below minimum: -285.84; low below minimum: -280.82; close below minimum: -285.84
1996-03-25,VHI,-280.82,-280.82,-280.82,-280.82,2129,open below minimum: -280.82; high below minimum: -280.82; low below minimum: -280.82; close below minimum: -280.82
1996-03-26,VHI,-280.82,-280.82,-280.82,-280.82,1339,open below minimum: -280.82; high below minimum: -280.82; low below minimum: -280.82; close below minimum: -280.82
1996-03-27,VHI,-280.82,-280.82,-275.81,-280.82,2860,open below minimum: -280.82; high below minimum: -280.82; low below minimum: -275.81; close below minimum: -280.82
1996-03-28,VHI,-275.81,-280.82,-275.81,-280.82,2434,open below minimum: -275.81; high below minimum: -280.82; low below minimum: -275.81; close below minimum: -280.82
1996-03-29,VHI,-280.82,-280.82,-245.72,-245.72,30239,open below minimum: -280.82; high below minimum: -280.82; low below minimum: -245.72; close below minimum: -245.72
1996-04-01,VHI,-250.73,-260.76,-250.73,-255.75,17218,open below minimum: -250.73; high below minimum: -260.76; low below minimum: -250.73; close below minimum: -255.75
1996-04-02,VHI,-255.75,-260.76,-255.75,-260.76,3042,open below minimum: -255.75; high below minimum: -260.76; low below minimum: -255.75; close below minimum: -260.76
1996-04-03,VHI,-260.76,-260.76,-255.75,-260.76,9491,open below minimum: -260.76; high below minimum: -260.76; low below minimum: -255.75; close below minimum: -260.76
1996-04-04,VHI,-260.76,-265.78,-260.76,-265.78,2616,open below minimum: -260.76; high below minimum: -265.78; low below minimum: -260.76; close below minimum: -265.78
1996-04-08,VHI,-265.78,-265.78,-265.78,-265.78,0,open below minimum: -265.78; high below minimum: -265.78; low below minimum: -265.78; close below minimum: -265.78
1996-04-09,VHI,-265.78,-265.78,-265.78,-265.78,913,open below minimum: -265.78; high below minimum: -265.78; low below minimum: -265.78; close below minimum: -265.78
1996-04-10,VHI,-260.76,-265.78,-260.76,-265.78,1339,open below minimum: -260.76; high below minimum: -265.78; low below minimum: -260.76; close below minimum: -265.78
1996-04-11,VHI,-260.76,-265.78,-260.76,-265.78,548,open below minimum: -260.76; high below minimum: -265.78; low below minimum: -260.76; close below minimum: -265.78
1996-04-12,VHI,-260.76,-265.78,-255.75,-255.75,5172,open below minimum: -260.76; high below minimum: -265.78; low below minimum: -255.75; close below minimum: -255.75
1996-04-15,VHI,-255.75,-255.75,-255.75,-255.75,2738,open below minimum: -255.75; high below minimum: -255.75; low below minimum: -255.75; close below minimum: -255.75
1996-04-16,VHI,-255.75,-255.75,-255.75,-255.75,8092,open below minimum: -255.75; high below minimum: -255.75; low below minimum: -255.75; close below minimum: -255.75
1996-04-17,VHI,-255.75,-255.75,-245.72,-250.73,8822,open below minimum: -255.75; high below minimum: -255.75; low below minimum: -245.72; close below minimum: -250.73
1996-04-18,VHI,-250.73,-250.73,-245.72,-245.72,6084,open below minimum: -250.73; high below minimum: -250.73; low below minimum: -245.72; close below minimum: -245.72
1996-04-19,VHI,-250.73,-255.75,-250.73,-250.73,14845,open below minimum: -250.73; high below minimum: -255.75; low below minimum: -250.73; close below minimum: -250.73
1996-04-22,VHI,-255.75,-255.75,-255.75,-255.75,2129,open below minimum: -255.75; high below minimum: -255.75; low below minimum: -255.75; close below minimum: -255.75
1996-04-23,VHI,-255.75,-255.75,-235.69,-240.71,10708,open below minimum: -255.75; high below minimum: -255.75; low below minimum: -235.69; close below minimum: -240.71
1996-04-24,VHI,-240.7,-245.72,-235.69,-245.72,4624,open below minimum: -240.7; high below minimum: -245.72; low below minimum: -235.69; close below minimum: -245.72
1996-04-25,VHI,-240.71,-255.75,-240.71,-255.75,12655,open below minimum: -240.71; high below minimum: -255.75; low below minimum: -240.71; close below minimum: -255.75
1996-04-26,VHI,-255.75,-265.78,-250.73,-265.78,9065,open below minimum: -255.75; high below minimum: -265.78; low below minimum: -250.73; close below minimum: -265.78
1996-04-29,VHI,-260.76,-265.78,-260.76,-260.76,1460,open below minimum: -260.76; high below minimum: -265.78; low below minimum: -260.76; close below minimum: -260.76
1996-04-30,VHI,-260.76,-265.78,-260.76,-260.76,5172,open below minimum: -260.76; high below minimum: -265.78; low below minimum: -260.76; close below minimum: -260.76
1996-05-01,VHI,-265.78,-265.78,-255.75,-255.75,7179,open below minimum: -265.78; high below minimum: -265.78; low below minimum: -255.75; close below minimum: -255.75
1996-05-02,VHI,-260.76,-260.76,-260.76,-260.76,4624,open below minimum: -260.76; high below minimum: -260.76; low below minimum: -260.76; close below minimum: -260.76
1996-05-03,VHI,-245.72,-250.73,-245.72,-250.73,7423,open below minimum: -245.72; high below minimum: -250.73; low below minimum: -245.72; close below minimum: -250.73
1996-05-06,VHI,-255.75,-255.75,-250.73,-255.75,4320,open below minimum: -255.75; high below minimum: -255.75; low below minimum: -250.73; close below minimum: -255.75
1996-05-07,VHI,-250.73,-250.73,-250.73,-250.73,183,open below minimum: -250.73; high below minimum: -250.73; low below minimum: -250.73; close below minimum: -250.73
1996-05-08,VHI,-245.72,-245.72,-245.72,-245.72,4137,open below minimum: -245.72; high below minimum: -245.72; low below minimum: -245.72; close below minimum: -245.72
1996-05-09,VHI,-245.72,-245.72,-245.72,-245.72,365,open below minimum: -245.72; high below minimum: -245.72; low below minimum: -245.72; close below minimum: -245.72
1996-05-10,VHI,-245.72,-255.75,-245.72,-255.75,8761,open below minimum: -245.72; high below minimum: -255.75; low below minimum: -245.72; close below minimum: -255.75
1996-05-13,VHI,-250.73,-250.73,-240.71,-240.71,13446,open below minimum: -250.73; high below minimum: -250.73; low below minimum: -240.71; close below minimum: -240.71
1996-05-14,VHI,-245.72,-245.72,-240.71,-240.71,5719,open below minimum: -245.72; high below minimum: -245.72; low below minimum: -240.71; close below minimum: -240.71
1996-05-15,VHI,-240.71,-240.71,-235.69,-235.69,20017,open below minimum: -240.71; high below minimum: -240.71; low below minimum: -235.69; close below minimum: -235.69
1996-05-16,VHI,-240.71,-250.73,-240.71,-250.73,20747,open below minimum: -240.71; high below minimum: -250.73; low below minimum: -240.71; close below minimum: -250.73
1996-05-17,VHI,-255.75,-270.79,-255.75,-270.79,17523,open below minimum: -255.75; high below minimum: -270.79; low below minimum: -255.75; close below minimum: -270.79
1996-05-20,VHI,-270.79,-280.82,-270.79,-270.79,12594,open below minimum: -270.79; high below minimum: -280.82; low below minimum: -270.79; close below minimum: -270.79
1996-05-21,VHI,-270.79,-280.82,-270.79,-280.82,10343,open below minimum: -270.79; high below minimum: -280.82; low below minimum: -270.79; close below minimum: -280.82
1996-05-22,VHI,-275.81,-275.81,-270.79,-270.79,8700,open below minimum: -275.81; high below minimum: -275.81; low below minimum: -270.79; close below minimum: -270.79
1996-05-23,VHI,-270.79,-275.81,-270.79,-275.81,8153,open below minimum: -270.79; high below minimum: -275.81; low below minimum: -270.79; close below minimum: -275.81
1996-05-24,VHI,-275.81,-275.81,-275.81,-275.81,9370,open below minimum: -275.81; high below minimum: -275.81; low below minimum: -275.81; close below minimum: -275.81
1996-05-28,VHI,-275.81,-275.81,-265.78,-265.78,16367,open below minimum: -275.81; high below minimum: -275.81; low below minimum: -265.78; close below minimum: -265.78
1996-05-29,VHI,-265.78,-270.79,-260.76,-270.79,24763,open below minimum: -265.78; high below minimum: -270.79; low below minimum: -260.76; close below minimum: -270.79
1996-05-30,VHI,-270.79,-280.82,-270.79,-280.82,18983,open below minimum: -270.79; high below minimum: -280.82; low below minimum: -270.79; close below minimum: -280.82
1996-05-31,VHI,-275.81,-280.82,-275.81,-280.82,6023,open below minimum: -275.81; high below minimum: -280.82; low below minimum: -275.81; close below minimum: -280.82
1996-06-03,VHI,-275.81,-275.81,-270.79,-275.81,5780,open below minimum: -275.81; high below minimum: -275.81; low below minimum: -270.79; close below minimum: -275.81
1996-06-04,VHI,-270.79,-270.79,-265.78,-270.79,5841,open below minimum: -270.79; high below minimum: -270.79; low below minimum: -265.78; close below minimum: -270.79
1996-06-05,VHI,-275.81,-305.9,-275.81,-295.87,47700,open below minimum: -275.81; high below minimum: -305.9; low below minimum: -275.81; close below minimum: -295.87
1996-06-06,VHI,-305.9,-305.9,-280.82,-280.82,19652,open below minimum: -305.9; high below minimum: -305.9; low below minimum: -280.82; close below minimum: -280.82
1996-06-07,VHI,-275.81,-285.84,-275.81,-285.84,6206,open below minimum: -275.81; high below minimum: -285.84; low below minimum: -275.81; close below minimum: -285.84
1996-06-10,VHI,-282.81,-282.81,-277.76,-282.81,15819,open below minimum: -282.81; high below minimum: -282.81; low below minimum: -277.76; close below minimum: -282.81
1996-06-11,VHI,-277.76,-277.76,-277.76,-277.76,730,open below minimum: -277.76; high below minimum: -277.76; low below minimum: -277.76; close below minimum: -277.76
1996-06-12,VHI,-277.76,-277.76,-277.76,-277.76,4441,open below minimum: -277.76; high below minimum: -277.76; low below minimum: -277.76; close below minimum: -277.76
1996-06-13,VHI,-272.71,-272.71,-272.71,-272.71,15941,open below minimum: -272.71; high below minimum: -272.71; low below minimum: -272.71; close below minimum: -272.71
1996-06-14,VHI,-267.66,-287.86,-267.66,-287.86,17948,open below minimum: -267.66; high below minimum: -287.86; low below minimum: -267.66; close below minimum: -287.86
1996-06-17,VHI,-287.86,-287.86,-282.81,-282.81,669,open below minimum: -287.86; high below minimum: -287.86; low below minimum: -282.81; close below minimum: -282.81
1996-06-18,VHI,-282.81,-287.86,-277.76,-277.76,8031,open below minimum: -282.81; high below minimum: -287.86; low below minimum: -277.76; close below minimum: -277.76
1996-06-19,VHI,-277.76,-282.81,-277.76,-282.81,1095,open below minimum: -277.76; high below minimum: -282.81; low below minimum: -277.76; close below minimum: -282.81
1996-06-20,VHI,-282.81,-282.81,-277.76,-282.81,4502,open below minimum: -282.81; high below minimum: -282.81; low below minimum: -277.76; close below minimum: -282.81
1996-06-21,VHI,-287.86,-287.86,-282.81,-287.86,5050,open below minimum: -287.86; high below minimum: -287.86; low below minimum: -282.81; close below minimum: -287.86
1996-06-24,VHI,-287.86,-287.86,-282.81,-287.86,1217,open below minimum: -287.86; high below minimum: -287.86; low below minimum: -282.81; close below minimum: -287.86
1996-06-25,VHI,-282.81,-282.81,-267.66,-267.66,13203,open below minimum: -282.81; high below minimum: -282.81; low below minimum: -267.66; close below minimum: -267.66
1996-06-26,VHI,-267.66,-267.66,-267.66,-267.66,9431,open below minimum: -267.66; high below minimum: -267.66; low below minimum: -267.66; close below minimum: -267.66
1996-06-27,VHI,-277.76,-287.86,-277.76,-287.86,19409,open below minimum: -277.76; high below minimum: -287.86; low below minimum: -277.76; close below minimum: -287.86
1996-06-28,VHI,-287.86,-287.86,-282.81,-287.86,15697,open below minimum: -287.86; high below minimum: -287.86; low below minimum: -282.81; close below minimum: -287.86
1996-07-01,VHI,-287.86,-287.86,-282.81,-282.81,730,open below minimum: -287.86; high below minimum: -287.86; low below minimum: -282.81; close below minimum: -282.81
1996-07-02,VHI,-282.81,-287.86,-282.81,-282.81,4016,open below minimum: -282.81; high below minimum: -287.86; low below minimum: -282.81; close below minimum: -282.81
1996-07-03,VHI,-282.81,-282.81,-277.76,-282.81,1886,open below minimum: -282.81; high below minimum: -282.81; low below minimum: -277.76; close below minimum: -282.81
1996-07-05,VHI,-277.76,-277.76,-277.76,-277.76,608,open below minimum: -277.76; high below minimum: -277.76; low below minimum: -277.76; close below minimum: -277.76
1996-07-08,VHI,-277.76,-282.81,-277.76,-282.81,1399,open below minimum: -277.76; high below minimum: -282.81; low below minimum: -277.76; close below minimum: -282.81
1996-07-09,VHI,-282.81,-282.81,-282.81,-282.81,14785,open below minimum: -282.81; high below minimum: -282.81; low below minimum: -282.81; close below minimum: -282.81
1996-07-10,VHI,-282.81,-282.81,-272.71,-277.76,2008,open below minimum: -282.81; high below minimum: -282.81; low below minimum: -272.71; close below minimum: -277.76
1996-07-11,VHI,-272.71,-272.71,-242.41,-252.51,26588,open below minimum: -272.71; high below minimum: -272.71; low below minimum: -242.41; close below minimum: -252.51
1996-07-12,VHI,-257.56,-257.56,-252.51,-252.51,4381,open below minimum: -257.56; high below minimum: -257.56; low below minimum: -252.51; close below minimum: -252.51
1996-07-15,VHI,-252.51,-257.56,-252.51,-257.56,3407,open below minimum: -252.51; high below minimum: -257.56; low below minimum: -252.51; close below minimum: -257.56
1996-07-16,VHI,-257.56,-272.71,-257.56,-267.66,10891,open below minimum: -257.56; high below minimum: -272.71; low below minimum: -257.56; close below minimum: -267.66
1996-07-17,VHI,-267.66,-267.66,-252.51,-252.51,2312,open below minimum: -267.66; high below minimum: -267.66; low below minimum: -252.51; close below minimum: -252.51
1996-07-18,VHI,-252.51,-257.56,-252.51,-257.56,1704,open below minimum: -252.51; high below minimum: -257.56; low below minimum: -252.51; close below minimum: -257.56
1996-07-19,VHI,-257.56,-257.56,-257.56,-257.56,122,open below minimum: -257.56; high below minimum: -257.56; low below minimum: -257.56; close below minimum: -257.56
1996-07-22,VHI,-257.56,-257.56,-252.51,-252.51,913,open below minimum: -257.56; high below minimum: -257.56; low below minimum: -252.51; close below minimum: -252.51
1996-07-23,VHI,-257.56,-257.56,-257.56,-257.56,365,open below minimum: -257.56; high below minimum: -257.56; low below minimum: -257.56; close below minimum: -257.56
1996-07-24,VHI,-252.51,-257.56,-252.51,-252.51,4381,open below minimum: -252.51; high below minimum: -257.56; low below minimum: -252.51; close below minimum: -252.51
1996-07-25,VHI,-252.51,-252.51,-252.51,-252.51,1156,open below minimum: -252.51; high below minimum: -252.51; low below minimum: -252.51; close below minimum: -252.51
1996-07-26,VHI,-247.46,-247.46,-242.41,-247.46,6693,open below minimum: -247.46; high below minimum: -247.46; low below minimum: -242.41; close below minimum: -247.46
1996-07-29,VHI,-247.46,-252.51,-242.41,-252.51,5415,open below minimum: -247.46; high below minimum: -252.51; low below minimum: -242.41; close below minimum: -252.51
1996-07-30,VHI,-242.41,-244.93,-242.41,-242.41,3590,open below minimum: -242.41; high below minimum: -244.93; low below minimum: -242.41; close below minimum: -242.41
1996-07-31,VHI,-242.41,-242.41,-242.41,-242.41,1034,open below minimum: -242.41; high below minimum: -242.41; low below minimum: -242.41; close below minimum: -242.41
1996-08-01,VHI,-247.46,-247.46,-242.41,-247.46,1399,open below minimum: -247.46; high below minimum: -247.46; low below minimum: -242.41; close below minimum: -247.46
1996-08-02,VHI,-242.41,-242.41,-237.36,-242.41,5719,open below minimum: -242.41; high below minimum: -242.41; low below minimum: -237.36; close below minimum: -242.41
1996-08-05,VHI,-242.41,-242.41,-242.41,-242.41,3103,open below minimum: -242.41; high below minimum: -242.41; low below minimum: -242.41; close below minimum: -242.41
1996-08-06,VHI,-242.41,-247.46,-242.41,-247.46,2860,open below minimum: -242.41; high below minimum: -247.46; low below minimum: -242.41; close below minimum: -247.46
1996-08-07,VHI,-252.51,-252.51,-247.46,-247.46,2799,open below minimum: -252.51; high below minimum: -252.51; low below minimum: -247.46; close below minimum: -247.46
1996-08-08,VHI,-247.46,-247.46,-247.46,-247.46,730,open below minimum: -247.46; high below minimum: -247.46; low below minimum: -247.46; close below minimum: -247.46
1996-08-09,VHI,-247.46,-247.46,-242.41,-242.41,487,open below minimum: -247.46; high below minimum: -247.46; low below minimum: -242.41; close below minimum: -242.41
1996-08-12,VHI,-247.46,-247.46,-242.41,-242.41,3407,open below minimum: -247.46; high below minimum: -247.46; low below minimum: -242.41; close below minimum: -242.41
1996-08-13,VHI,-242.41,-252.51,-242.41,-252.51,2312,open below minimum: -242.41; high below minimum: -252.51; low below minimum: -242.41; close below minimum: -252.51
1996-08-14,VHI,-252.51,-252.51,-252.51,-252.51,0,open below minimum: -252.51; high below minimum: -252.51; low below minimum: -252.51; close below minimum: -252.51
1996-08-15,VHI,-252.51,-252.51,-252.51,-252.51,122,open below minimum: -252.51; high below minimum: -252.51; low below minimum: -252.51; close below minimum: -252.51
1996-08-16,VHI,-257.56,-257.56,-252.51,-252.51,3103,open below minimum: -257.56; high below minimum: -257.56; low below minimum: -252.51; close below minimum: -252.51
1996-08-19,VHI,-252.51,-252.51,-252.51,-252.51,487,open below minimum: -252.51; high below minimum: -252.51; low below minimum: -252.51; close below minimum: -252.51
1996-08-20,VHI,-257.56,-257.56,-257.56,-257.56,548,open below minimum: -257.56; high below minimum: -257.56; low below minimum: -257.56; close below minimum: -257.56
1996-08-21,VHI,-257.56,-257.56,-257.56,-257.56,426,open below minimum: -257.56; high below minimum: -257.56; low below minimum: -257.56; close below minimum: -257.56
1996-08-22,VHI,-252.51,-252.51,-252.51,-252.51,1095,open below minimum: -252.51; high below minimum: -252.51; low below minimum: -252.51; close below minimum: -252.51
1996-08-23,VHI,-257.56,-257.56,-252.51,-257.56,2738,open below minimum: -257.56; high below minimum: -257.56; low below minimum: -252.51; close below minimum: -257.56
1996-08-26,VHI,-257.56,-257.56,-257.56,-257.56,1825,open below minimum: -257.56; high below minimum: -257.56; low below minimum: -257.56; close below minimum: -257.56
1996-08-27,VHI,-257.56,-257.56,-257.56,-257.56,122,open below minimum: -257.56; high below minimum: -257.56; low below minimum: -257.56; close below minimum: -257.56
1996-08-28,VHI,-257.56,-257.56,-257.56,-257.56,6997,open below minimum: -257.56; high below minimum: -257.56; low below minimum: -257.56; close below minimum: -257.56
1996-08-29,VHI,-257.56,-257.56,-257.56,-257.56,122,open below minimum: -257.56; high below minimum: -257.56; low below minimum: -257.56; close below minimum: -257.56
1996-08-30,VHI,-257.56,-257.56,-257.56,-257.56,3164,open below minimum: -257.56; high below minimum: -257.56; low below minimum: -257.56; close below minimum: -257.56
1996-09-03,VHI,-252.51,-252.51,-252.51,-252.51,2069,open below minimum: -252.51; high below minimum: -252.51; low below minimum: -252.51; close below minimum: -252.51
1996-09-04,VHI,-252.51,-262.61,-252.51,-257.56,10830,open below minimum: -252.51; high below minimum: -262.61; low below minimum: -252.51; close below minimum: -257.56
1996-09-05,VHI,-257.56,-262.61,-257.56,-257.56,3164,open below minimum: -257.56; high below minimum: -262.61; low below minimum: -257.56; close below minimum: -257.56
1996-09-06,VHI,-262.61,-262.61,-257.56,-257.56,2677,open below minimum: -262.61; high below minimum: -262.61; low below minimum: -257.56; close below minimum: -257.56
1996-09-09,VHI,-257.56,-257.56,-257.56,-257.56,852,open below minimum: -257.56; high below minimum: -257.56; low below minimum: -257.56; close below minimum: -257.56
1996-09-10,VHI,-257.05,-257.05,-254.5,-254.5,487,open below minimum: -257.05; high below minimum: -257.05; low below minimum: -254.5; close below minimum: -254.5
1996-09-11,VHI,-254.5,-254.5,-254.5,-254.5,183,open below minimum: -254.5; high below minimum: -254.5; low below minimum: -254.5; close below minimum: -254.5
1996-09-12,VHI,-254.5,-254.5,-254.5,-254.5,608,open below minimum: -254.5; high below minimum: -254.5; low below minimum: -254.5; close below minimum: -254.5
1996-09-13,VHI,-254.5,-269.77,-254.5,-264.68,17888,open below minimum: -254.5; high below minimum: -269.77; low below minimum: -254.5; close below minimum: -264.68
1996-09-16,VHI,-259.59,-269.77,-259.59,-264.68,6571,open below minimum: -259.59; high below minimum: -269.77; low below minimum: -259.59; close below minimum: -264.68
1996-09-17,VHI,-269.77,-269.77,-264.68,-264.68,2495,open below minimum: -269.77; high below minimum: -269.77; low below minimum: -264.68; close below minimum: -264.68
1996-09-18,VHI,-269.77,-269.77,-269.77,-269.77,2434,open below minimum: -269.77; high below minimum: -269.77; low below minimum: -269.77; close below minimum: -269.77
1996-09-19,VHI,-285.04,-290.13,-269.77,-269.77,36444,open below minimum: -285.04; high below minimum: -290.13; low below minimum: -269.77; close below minimum: -269.77
1996-09-20,VHI,-259.59,-259.59,-249.41,-249.41,15819,open below minimum: -259.59; high below minimum: -259.59; low below minimum: -249.41; close below minimum: -249.41
1996-09-23,VHI,-249.41,-254.5,-249.41,-249.41,9978,open below minimum: -249.41; high below minimum: -254.5; low below minimum: -249.41; close below minimum: -249.41
1996-09-24,VHI,-254.5,-254.5,-249.41,-249.41,4259,open below minimum: -254.5; high below minimum: -254.5; low below minimum: -249.41; close below minimum: -249.41
1996-09-25,VHI,-254.5,-254.5,-249.41,-249.41,6328,open below minimum: -254.5; high below minimum: -254.5; low below minimum: -249.41; close below minimum: -249.41
1996-09-26,VHI,-254.5,-254.5,-249.41,-249.41,1825,open below minimum: -254.5; high below minimum: -254.5; low below minimum: -249.41; close below minimum: -249.41
1996-09-27,VHI,-249.41,-249.41,-244.32,-249.41,6328,open below minimum: -249.41; high below minimum: -249.41; low below minimum: -244.32; close below minimum: -249.41
1996-09-30,VHI,-249.41,-249.41,-244.32,-244.32,6510,open below minimum: -249.41; high below minimum: -249.41; low below minimum: -244.32; close below minimum: -244.32
1996-10-01,VHI,-249.41,-254.5,-249.41,-254.5,9856,open below minimum: -249.41; high below minimum: -254.5; low below minimum: -249.41; close below minimum: -254.5
1996-10-02,VHI,-254.5,-254.5,-254.5,-254.5,730,open below minimum: -254.5; high below minimum: -254.5; low below minimum: -254.5; close below minimum: -254.5
1996-10-03,VHI,-251.96,-254.5,-244.32,-244.32,6510,open below minimum: -251.96; high below minimum: -254.5; low below minimum: -244.32; close below minimum: -244.32
1996-10-04,VHI,-249.41,-249.41,-249.41,-249.41,3103,open below minimum: -249.41; high below minimum: -249.41; low below minimum: -249.41; close below minimum: -249.41
1996-10-07,VHI,-249.41,-254.5,-249.41,-249.41,1582,open below minimum: -249.41; high below minimum: -254.5; low below minimum: -249.41; close below minimum: -249.41
1996-10-08,VHI,-254.5,-269.77,-254.5,-264.68,8092,open below minimum: -254.5; high below minimum: -269.77; low below minimum: -254.5; close below minimum: -264.68
1996-10-09,VHI,-264.68,-264.68,-264.68,-264.68,6632,open below minimum: -264.68; high below minimum: -264.68; low below minimum: -264.68; close below minimum: -264.68
1996-10-10,VHI,-259.59,-259.59,-254.5,-254.5,3285,open below minimum: -259.59; high below minimum: -259.59; low below minimum: -254.5; close below minimum: -254.5
1996-10-11,VHI,-249.41,-249.41,-249.41,-249.41,3225,open below minimum: -249.41; high below minimum: -249.41; low below minimum: -249.41; close below minimum: -249.41
1996-10-14,VHI,-254.5,-254.5,-249.41,-249.41,669,open below minimum: -254.5; high below minimum: -254.5; low below minimum: -249.41; close below minimum: -249.41
1996-10-15,VHI,-249.41,-249.41,-249.41,-249.41,0,open below minimum: -249.41; high below minimum: -249.41; low below minimum: -249.41; close below minimum: -249.41
1996-10-16,VHI,-249.41,-254.5,-249.41,-254.5,3164,open below minimum: -249.41; high below minimum: -254.5; low below minimum: -249.41; close below minimum: -254.5
1996-10-17,VHI,-254.5,-254.5,-254.5,-254.5,365,open below minimum: -254.5; high below minimum: -254.5; low below minimum: -254.5; close below minimum: -254.5
1996-10-18,VHI,-259.59,-259.59,-249.41,-249.41,1339,open below minimum: -259.59; high below minimum: -259.59; low below minimum: -249.41; close below minimum: -249.41
1996-10-21,VHI,-249.41,-249.41,-249.41,-249.41,2190,open below minimum: -249.41; high below minimum: -249.41; low below minimum: -249.41; close below minimum: -249.41
1996-10-22,VHI,-249.41,-254.5,-249.41,-249.41,852,open below minimum: -249.41; high below minimum: -254.5; low below minimum: -249.41; close below minimum: -249.41
1996-10-23,VHI,-249.41,-249.41,-244.32,-244.32,25736,open below minimum: -249.41; high below minimum: -249.41; low below minimum: -244.32; close below minimum: -244.32
1996-10-24,VHI,-244.32,-244.32,-239.23,-244.32,9370,open below minimum: -244.32; high below minimum: -244.32; low below minimum: -239.23; close below minimum: -244.32
1996-10-25,VHI,-239.23,-244.32,-239.23,-244.32,6510,open below minimum: -239.23; high below minimum: -244.32; low below minimum: -239.23; close below minimum: -244.32
1996-10-28,VHI,-239.23,-239.23,-239.23,-239.23,1764,open below minimum: -239.23; high below minimum: -239.23; low below minimum: -239.23; close below minimum: -239.23
1996-10-29,VHI,-239.23,-244.32,-239.23,-239.23,9552,open below minimum: -239.23; high below minimum: -244.32; low below minimum: -239.23; close below minimum: -239.23
1996-10-30,VHI,-239.23,-244.32,-239.23,-244.32,2860,open below minimum: -239.23; high below minimum: -244.32; low below minimum: -239.23; close below minimum: -244.32
1996-10-31,VHI,-239.23,-239.23,-239.23,-239.23,61,open below minimum: -239.23; high below minimum: -239.23; low below minimum: -239.23; close below minimum: -239.23
1996-11-01,VHI,-239.23,-239.23,-239.23,-239.23,2373,open below minimum: -239.23; high below minimum: -239.23; low below minimum: -239.23; close below minimum: -239.23
1996-11-04,VHI,-244.32,-244.32,-239.23,-244.32,7484,open below minimum: -244.32; high below minimum: -244.32; low below minimum: -239.23; close below minimum: -244.32
1996-11-05,VHI,-244.32,-244.32,-239.23,-239.23,1156,open below minimum: -244.32; high below minimum: -244.32; low below minimum: -239.23; close below minimum: -239.23
1996-11-06,VHI,-239.23,-244.32,-239.23,-244.32,2008,open below minimum: -239.23; high below minimum: -244.32; low below minimum: -239.23; close below minimum: -244.32
1996-11-07,VHI,-244.32,-249.41,-244.32,-249.41,4746,open below minimum: -244.32; high below minimum: -249.41; low below minimum: -244.32; close below minimum: -249.41
1996-11-08,VHI,-249.41,-249.41,-249.41,-249.41,0,open below minimum: -249.41; high below minimum: -249.41; low below minimum: -249.41; close below minimum: -249.41
1996-11-11,VHI,-244.32,-244.32,-239.23,-239.23,1947,open below minimum: -244.32; high below minimum: -244.32; low below minimum: -239.23; close below minimum: -239.23
1996-11-12,VHI,-239.23,-239.23,-239.23,-239.23,122,open below minimum: -239.23; high below minimum: -239.23; low below minimum: -239.23; close below minimum: -239.23
1996-11-13,VHI,-239.23,-244.32,-239.23,-239.23,1095,open below minimum: -239.23; high below minimum: -244.32; low below minimum: -239.23; close below minimum: -239.23
1996-11-14,VHI,-239.23,-244.32,-239.23,-244.32,548,open below minimum: -239.23; high below minimum: -244.32; low below minimum: -239.23; close below minimum: -244.32
1996-11-15,VHI,-244.32,-244.32,-239.23,-239.23,9309,open below minimum: -244.32; high below minimum: -244.32; low below minimum: -239.23; close below minimum: -239.23
1996-11-18,VHI,-239.23,-239.23,-239.23,-239.23,7605,open below minimum: -239.23; high below minimum: -239.23; low below minimum: -239.23; close below minimum: -239.23
1996-11-19,VHI,-239.23,-239.23,-239.23,-239.23,608,open below minimum: -239.23; high below minimum: -239.23; low below minimum: -239.23; close below minimum: -239.23
1996-11-20,VHI,-239.23,-239.23,-239.23,-239.23,365,open below minimum: -239.23; high below minimum: -239.23; low below minimum: -239.23; close below minimum: -239.23
1996-11-21,VHI,-239.23,-239.23,-239.23,-239.23,0,open below minimum: -239.23; high below minimum: -239.23; low below minimum: -239.23; close below minimum: -239.23
1996-11-22,VHI,-239.23,-239.23,-239.23,-239.23,304,open below minimum: -239.23; high below minimum: -239.23; low below minimum: -239.23; close below minimum: -239.23
1996-11-25,VHI,-244.32,-244.32,-244.32,-244.32,8457,open below minimum: -244.32; high below minimum: -244.32; low below minimum: -244.32; close below minimum: -244.32
1996-11-26,VHI,-244.32,-244.32,-239.23,-239.23,15576,open below minimum: -244.32; high below minimum: -244.32; low below minimum: -239.23; close below minimum: -239.23
1996-11-27,VHI,-239.23,-244.32,-239.23,-244.32,6388,open below minimum: -239.23; high below minimum: -244.32; low below minimum: -239.23; close below minimum: -244.32
1996-11-29,VHI,-244.32,-249.41,-244.32,-249.41,3651,open below minimum: -244.32; high below minimum: -249.41; low below minimum: -244.32; close below minimum: -249.41
1996-12-02,VHI,-244.32,-249.41,-244.32,-249.41,5963,open below minimum: -244.32; high below minimum: -249.41; low below minimum: -244.32; close below minimum: -249.41
1996-12-03,VHI,-249.41,-249.41,-249.41,-249.41,1217,open below minimum: -249.41; high below minimum: -249.41; low below minimum: -249.41; close below minimum: -249.41
1996-12-04,VHI,-249.41,-254.5,-244.32,-249.41,11438,open below minimum: -249.41; high below minimum: -254.5; low below minimum: -244.32; close below minimum: -249.41
1996-12-05,VHI,-249.41,-254.5,-249.41,-254.5,2190,open below minimum: -249.41; high below minimum: -254.5; low below minimum: -249.41; close below minimum: -254.5
1996-12-06,VHI,-249.41,-254.5,-249.41,-249.41,10039,open below minimum: -249.41; high below minimum: -254.5; low below minimum: -249.41; close below minimum: -249.41
1996-12-09,VHI,-254.5,-259.59,-254.5,-259.59,4259,open below minimum: -254.5; high below minimum: -259.59; low below minimum: -254.5; close below minimum: -259.59
1996-12-10,VHI,-259.59,-269.77,-259.59,-269.77,26466,open below minimum: -259.59; high below minimum: -269.77; low below minimum: -259.59; close below minimum: -269.77
1996-12-11,VHI,-266.7,-266.7,-261.57,-261.57,2677,open below minimum: -266.7; high below minimum: -266.7; low below minimum: -261.57; close below minimum: -261.57
1996-12-12,VHI,-261.57,-261.57,-256.44,-256.44,7727,open below minimum: -261.57; high below minimum: -261.57; low below minimum: -256.44; close below minimum: -256.44
1996-12-13,VHI,-256.44,-256.44,-256.44,-256.44,0,open below minimum: -256.44; high below minimum: -256.44; low below minimum: -256.44; close below minimum: -256.44
1996-12-16,VHI,-256.44,-256.44,-256.44,-256.44,2677,open below minimum: -256.44; high below minimum: -256.44; low below minimum: -256.44; close below minimum: -256.44
1996-12-17,VHI,-261.57,-261.57,-256.44,-261.57,3894,open below minimum: -261.57; high below minimum: -261.57; low below minimum: -256.44; close below minimum: -261.57
1996-12-18,VHI,-266.7,-266.7,-261.57,-261.57,2677,open below minimum: -266.7; high below minimum: -266.7; low below minimum: -261.57; close below minimum: -261.57
1996-12-19,VHI,-256.44,-261.57,-256.44,-256.44,2555,open below minimum: -256.44; high below minimum: -261.57; low below minimum: -256.44; close below minimum: -256.44
1996-12-20,VHI,-261.57,-261.57,-256.44,-261.57,2251,open below minimum: -261.57; high below minimum: -261.57; low below minimum: -256.44; close below minimum: -261.57
1996-12-23,VHI,-261.57,-261.57,-256.44,-261.57,2799,open below minimum: -261.57; high below minimum: -261.57; low below minimum: -256.44; close below minimum: -261.57
1996-12-24,VHI,-256.44,-256.44,-256.44,-256.44,669,open below minimum: -256.44; high below minimum: -256.44; low below minimum: -256.44; close below minimum: -256.44
1996-12-26,VHI,-261.57,-266.7,-261.57,-266.7,1217,open below minimum: -261.57; high below minimum: -266.7; low below minimum: -261.57; close below minimum: -266.7
1996-12-27,VHI,-261.57,-271.82,-261.57,-266.7,7909,open below minimum: -261.57; high below minimum: -271.82; low below minimum: -261.57; close below minimum: -266.7
1996-12-30,VHI,-266.7,-266.7,-256.44,-261.57,35714,open below minimum: -266.7; high below minimum: -266.7; low below minimum: -256.44; close below minimum: -261.57
1996-12-31,VHI,-256.44,-261.57,-256.44,-261.57,13020,open below minimum: -256.44; high below minimum: -261.57; low below minimum: -256.44; close below minimum: -261.57
1997-01-02,VHI,-261.57,-261.57,-261.57,-261.57,4502,open below minimum: -261.57; high below minimum: -261.57; low below minimum: -261.57; close below minimum: -261.57
1997-01-03,VHI,-266.7,-271.82,-266.7,-271.82,24093,open below minimum: -266.7; high below minimum: -271.82; low below minimum: -266.7; close below minimum: -271.82
1997-01-06,VHI,-276.95,-276.95,-261.57,-271.82,7058,open below minimum: -276.95; high below minimum: -276.95; low below minimum: -261.57; close below minimum: -271.82
1997-01-07,VHI,-271.82,-276.95,-271.82,-276.95,23181,open below minimum: -271.82; high below minimum: -276.95; low below minimum: -271.82; close below minimum: -276.95
1997-01-08,VHI,-276.95,-287.21,-276.95,-276.95,22086,open below minimum: -276.95; high below minimum: -287.21; low below minimum: -276.95; close below minimum: -276.95
1997-01-09,VHI,-276.95,-282.08,-271.82,-282.08,11195,open below minimum: -276.95; high below minimum: -282.08; low below minimum: -271.82; close below minimum: -282.08
1997-01-10,VHI,-276.95,-287.21,-276.95,-282.08,20200,open below minimum: -276.95; high below minimum: -287.21; low below minimum: -276.95; close below minimum: -282.08
1997-01-13,VHI,-287.21,-292.34,-282.08,-287.21,10465,open below minimum: -287.21; high below minimum: -292.34; low below minimum: -282.08; close below minimum: -287.21
1997-01-14,VHI,-287.21,-287.21,-287.21,-287.21,3468,open below minimum: -287.21; high below minimum: -287.21; low below minimum: -287.21; close below minimum: -287.21
1997-01-15,VHI,-292.34,-292.34,-287.21,-292.34,16732,open below minimum: -292.34; high below minimum: -292.34; low below minimum: -287.21; close below minimum: -292.34
1997-01-16,VHI,-287.21,-287.21,-287.21,-287.21,9491,open below minimum: -287.21; high below minimum: -287.21; low below minimum: -287.21; close below minimum: -287.21
1997-01-17,VHI,-287.21,-292.34,-287.21,-292.34,9613,open below minimum: -287.21; high below minimum: -292.34; low below minimum: -287.21; close below minimum: -292.34
1997-01-20,VHI,-297.47,-297.47,-292.34,-292.34,1095,open below minimum: -297.47; high below minimum: -297.47; low below minimum: -292.34; close below minimum: -292.34
1997-01-21,VHI,-292.34,-292.34,-287.21,-287.21,7484,open below minimum: -292.34; high below minimum: -292.34; low below minimum: -287.21; close below minimum: -287.21
1997-01-22,VHI,-292.34,-292.34,-287.21,-292.34,11256,open below minimum: -292.34; high below minimum: -292.34; low below minimum: -287.21; close below minimum: -292.34
1997-01-23,VHI,-287.21,-287.21,-287.21,-287.21,3894,open below minimum: -287.21; high below minimum: -287.21; low below minimum: -287.21; close below minimum: -287.21
1997-01-24,VHI,-287.21,-287.21,-282.08,-287.21,1825,open below minimum: -287.21; high below minimum: -287.21; low below minimum: -282.08; close below minimum: -287.21
1997-01-27,VHI,-287.21,-297.47,-287.21,-297.47,25067,open below minimum: -287.21; high below minimum: -297.47; low below minimum: -287.21; close below minimum: -297.47
1997-01-28,VHI,-297.47,-302.6,-292.34,-297.47,16853,open below minimum: -297.47; high below minimum: -302.6; low below minimum: -292.34; close below minimum: -297.47
1997-01-29,VHI,-297.47,-307.73,-297.47,-307.73,11682,open below minimum: -297.47; high below minimum: -307.73; low below minimum: -297.47; close below minimum: -307.73
1997-01-30,VHI,-307.73,-307.73,-302.6,-307.73,4381,open below minimum: -307.73; high below minimum: -307.73; low below minimum: -302.6; close below minimum: -307.73
1997-01-31,VHI,-307.73,-307.73,-297.47,-302.6,17097,open below minimum: -307.73; high below minimum: -307.73; low below minimum: -297.47; close below minimum: -302.6
1997-02-03,VHI,-302.6,-312.85,-302.6,-307.73,8275,open below minimum: -302.6; high below minimum: -312.85; low below minimum: -302.6; close below minimum: -307.73
1997-02-04,VHI,-307.73,-307.73,-297.47,-297.47,16792,open below minimum: -307.73; high below minimum: -307.73; low below minimum: -297.47; close below minimum: -297.47
1997-02-05,VHI,-297.47,-302.6,-297.47,-302.6,1947,open below minimum: -297.47; high below minimum: -302.6; low below minimum: -297.47; close below minimum: -302.6
1997-02-06,VHI,-302.6,-302.6,-302.6,-302.6,852,open below minimum: -302.6; high below minimum: -302.6; low below minimum: -302.6; close below minimum: -302.6
1997-02-07,VHI,-297.47,-297.47,-282.08,-292.34,15819,open below minimum: -297.47; high below minimum: -297.47; low below minimum: -282.08; close below minimum: -292.34
1997-02-10,VHI,-297.47,-297.47,-297.47,-297.47,18861,open below minimum: -297.47; high below minimum: -297.47; low below minimum: -297.47; close below minimum: -297.47
1997-02-11,VHI,-297.47,-297.47,-297.47,-297.47,1034,open below minimum: -297.47; high below minimum: -297.47; low below minimum: -297.47; close below minimum: -297.47
1997-02-12,VHI,-297.47,-297.47,-292.34,-297.47,11256,open below minimum: -297.47; high below minimum: -297.47; low below minimum: -292.34; close below minimum: -297.47
1997-02-13,VHI,-292.34,-302.6,-292.34,-302.6,11986,open below minimum: -292.34; high below minimum: -302.6; low below minimum: -292.34; close below minimum: -302.6
1997-02-14,VHI,-307.73,-312.85,-307.73,-307.73,22329,open below minimum: -307.73; high below minimum: -312.85; low below minimum: -307.73; close below minimum: -307.73
1997-02-18,VHI,-312.85,-312.85,-302.6,-302.6,14115,open below minimum: -312.85; high below minimum: -312.85; low below minimum: -302.6; close below minimum: -302.6
1997-02-19,VHI,-302.6,-312.85,-302.6,-312.85,7240,open below minimum: -302.6; high below minimum: -312.85; low below minimum: -302.6; close below minimum: -312.85
1997-02-20,VHI,-312.85,-317.98,-312.85,-317.98,16123,open below minimum: -312.85; high below minimum: -317.98; low below minimum: -312.85; close below minimum: -317.98
1997-02-21,VHI,-317.98,-328.24,-317.98,-323.11,20260,open below minimum: -317.98; high below minimum: -328.24; low below minimum: -317.98; close below minimum: -323.11
1997-02-24,VHI,-328.24,-328.24,-323.11,-323.11,17097,open below minimum: -328.24; high below minimum: -328.24; low below minimum: -323.11; close below minimum: -323.11
1997-02-25,VHI,-328.24,-333.37,-328.24,-328.24,19409,open below minimum: -328.24; high below minimum: -333.37; low below minimum: -328.24; close below minimum: -328.24
1997-02-26,VHI,-328.24,-328.24,-328.24,-328.24,7119,open below minimum: -328.24; high below minimum: -328.24; low below minimum: -328.24; close below minimum: -328.24
1997-02-27,VHI,-328.24,-333.37,-328.24,-328.24,23485,open below minimum: -328.24; high below minimum: -333.37; low below minimum: -328.24; close below minimum: -328.24
1997-02-28,VHI,-328.24,-328.24,-323.11,-328.24,41616,open below minimum: -328.24; high below minimum: -328.24; low below minimum: -323.11; close below minimum: -328.24
1997-03-03,VHI,-323.11,-328.24,-323.11,-328.24,16306,open below minimum: -323.11; high below minimum: -328.24; low below minimum: -323.11; close below minimum: -328.24
1997-03-04,VHI,-323.11,-323.11,-323.11,-323.11,7666,open below minimum: -323.11; high below minimum: -323.11; low below minimum: -323.11; close below minimum: -323.11
1997-03-05,VHI,-323.11,-328.24,-323.11,-323.11,6023,open below minimum: -323.11; high below minimum: -328.24; low below minimum: -323.11; close below minimum: -323.11
1997-03-06,VHI,-328.24,-328.24,-323.11,-323.11,16306,open below minimum: -328.24; high below minimum: -328.24; low below minimum: -323.11; close below minimum: -323.11
1997-03-07,VHI,-323.11,-328.24,-323.11,-323.11,22512,open below minimum: -323.11; high below minimum: -328.24; low below minimum: -323.11; close below minimum: -323.11
1997-03-10,VHI,-323.11,-328.24,-317.98,-323.11,27805,open below minimum: -323.11; high below minimum: -328.24; low below minimum: -317.98; close below minimum: -323.11
1997-03-11,VHI,-323.11,-328.24,-323.11,-328.24,18618,open below minimum: -323.11; high below minimum: -328.24; low below minimum: -323.11; close below minimum: -328.24
1997-03-12,VHI,-323.11,-328.24,-323.11,-328.24,7179,open below minimum: -323.11; high below minimum: -328.24; low below minimum: -323.11; close below minimum: -328.24
1997-03-13,VHI,-323.11,-328.24,-323.11,-328.24,20565,open below minimum: -323.11; high below minimum: -328.24; low below minimum: -323.11; close below minimum: -328.24
1997-03-14,VHI,-328.24,-328.24,-323.11,-328.24,4441,open below minimum: -328.24; high below minimum: -328.24; low below minimum: -323.11; close below minimum: -328.24
1997-03-17,VHI,-325.14,-330.3,-325.14,-330.3,9978,open below minimum: -325.14; high below minimum: -330.3; low below minimum: -325.14; close below minimum: -330.3
1997-03-18,VHI,-325.14,-325.14,-325.14,-325.14,1886,open below minimum: -325.14; high below minimum: -325.14; low below minimum: -325.14; close below minimum: -325.14
1997-03-19,VHI,-325.14,-330.3,-325.14,-330.3,16062,open below minimum: -325.14; high below minimum: -330.3; low below minimum: -325.14; close below minimum: -330.3
1997-03-20,VHI,-330.3,-335.47,-330.3,-330.3,15332,open below minimum: -330.3; high below minimum: -335.47; low below minimum: -330.3; close below minimum: -330.3
1997-03-21,VHI,-335.47,-335.47,-325.14,-330.3,19104,open below minimum: -335.47; high below minimum: -335.47; low below minimum: -325.14; close below minimum: -330.3
1997-03-24,VHI,-330.3,-330.3,-330.3,-330.3,1582,open below minimum: -330.3; high below minimum: -330.3; low below minimum: -330.3; close below minimum: -330.3
1997-03-25,VHI,-330.3,-335.47,-330.3,-335.47,5780,open below minimum: -330.3; high below minimum: -335.47; low below minimum: -330.3; close below minimum: -335.47
1997-03-26,VHI,-335.47,-335.47,-335.47,-335.47,2129,open below minimum: -335.47; high below minimum: -335.47; low below minimum: -335.47; close below minimum: -335.47
1997-03-27,VHI,-335.47,-340.63,-335.47,-340.63,13994,open below minimum: -335.47; high below minimum: -340.63; low below minimum: -335.47; close below minimum: -340.63
1997-03-31,VHI,-335.47,-335.47,-335.47,-335.47,3042,open below minimum: -335.47; high below minimum: -335.47; low below minimum: -335.47; close below minimum: -335.47
1997-04-01,VHI,-340.63,-340.63,-335.47,-335.47,2799,open below minimum: -340.63; high below minimum: -340.63; low below minimum: -335.47; close below minimum: -335.47
1997-04-02,VHI,-335.47,-338.05,-335.47,-335.47,4624,open below minimum: -335.47; high below minimum: -338.05; low below minimum: -335.47; close below minimum: -335.47
1997-04-03,VHI,-335.47,-335.47,-335.47,-335.47,9065,open below minimum: -335.47; high below minimum: -335.47; low below minimum: -335.47; close below minimum: -335.47
1997-04-04,VHI,-335.47,-335.47,-335.47,-335.47,9674,open below minimum: -335.47; high below minimum: -335.47; low below minimum: -335.47; close below minimum: -335.47
1997-04-07,VHI,-335.47,-340.63,-335.47,-340.63,6206,open below minimum: -335.47; high below minimum: -340.63; low below minimum: -335.47; close below minimum: -340.63
1997-04-08,VHI,-340.63,-340.63,-340.63,-340.63,852,open below minimum: -340.63; high below minimum: -340.63; low below minimum: -340.63; close below minimum: -340.63
1997-04-09,VHI,-345.79,-345.79,-345.79,-345.79,7605,open below minimum: -345.79; high below minimum: -345.79; low below minimum: -345.79; close below minimum: -345.79
1997-04-10,VHI,-345.79,-350.95,-340.63,-345.79,18192,open below minimum: -345.79; high below minimum: -350.95; low below minimum: -340.63; close below minimum: -345.79
1997-04-11,VHI,-345.79,-348.37,-340.63,-340.63,9248,open below minimum: -345.79; high below minimum: -348.37; low below minimum: -340.63; close below minimum: -340.63
1997-04-14,VHI,-340.63,-345.79,-340.63,-340.63,14298,open below minimum: -340.63; high below minimum: -345.79; low below minimum: -340.63; close below minimum: -340.63
1997-04-15,VHI,-345.79,-345.79,-345.79,-345.79,6632,open below minimum: -345.79; high below minimum: -345.79; low below minimum: -345.79; close below minimum: -345.79
1997-04-16,VHI,-345.79,-345.79,-345.79,-345.79,1947,open below minimum: -345.79; high below minimum: -345.79; low below minimum: -345.79; close below minimum: -345.79
1997-04-17,VHI,-345.79,-345.79,-345.79,-345.79,12412,open below minimum: -345.79; high below minimum: -345.79; low below minimum: -345.79; close below minimum: -345.79
1997-04-18,VHI,-345.79,-345.79,-345.79,-345.79,548,open below minimum: -345.79; high below minimum: -345.79; low below minimum: -345.79; close below minimum: -345.79
1997-04-21,VHI,-345.79,-345.79,-340.63,-340.63,12777,open below minimum: -345.79; high below minimum: -345.79; low below minimum: -340.63; close below minimum: -340.63
1997-04-22,VHI,-345.79,-345.79,-335.47,-335.47,24093,open below minimum: -345.79; high below minimum: -345.79; low below minimum: -335.47; close below minimum: -335.47
1997-04-23,VHI,-335.47,-340.63,-335.47,-340.63,2069,open below minimum: -335.47; high below minimum: -340.63; low below minimum: -335.47; close below minimum: -340.63
1997-04-24,VHI,-340.63,-340.63,-340.63,-340.63,1764,open below minimum: -340.63; high below minimum: -340.63; low below minimum: -340.63; close below minimum: -340.63
1997-04-25,VHI,-335.47,-340.63,-335.47,-340.63,15393,open below minimum: -335.47; high below minimum: -340.63; low below minimum: -335.47; close below minimum: -340.63
1997-04-28,VHI,-335.47,-340.63,-330.3,-340.63,31820,open below minimum: -335.47; high below minimum: -340.63; low below minimum: -330.3; close below minimum: -340.63
1997-04-29,VHI,-345.79,-350.95,-340.63,-350.95,26771,open below minimum: -345.79; high below minimum: -350.95; low below minimum: -340.63; close below minimum: -350.95
1997-04-30,VHI,-345.79,-345.79,-345.79,-345.79,669,open below minimum: -345.79; high below minimum: -345.79; low below minimum: -345.79; close below minimum: -345.79
1997-05-01,VHI,-340.63,-345.79,-330.3,-340.63,16853,open below minimum: -340.63; high below minimum: -345.79; low below minimum: -330.3; close below minimum: -340.63
1997-05-02,VHI,-345.79,-345.79,-345.79,-345.79,2312,open below minimum: -345.79; high below minimum: -345.79; low below minimum: -345.79; close below minimum: -345.79
1997-05-05,VHI,-345.79,-345.79,-345.79,-345.79,973,open below minimum: -345.79; high below minimum: -345.79; low below minimum: -345.79; close below minimum: -345.79
1997-05-06,VHI,-345.79,-345.79,-340.63,-340.63,973,open below minimum: -345.79; high below minimum: -345.79; low below minimum: -340.63; close below minimum: -340.63
1997-05-07,VHI,-340.63,-340.63,-340.63,-340.63,608,open below minimum: -340.63; high below minimum: -340.63; low below minimum: -340.63; close below minimum: -340.63
1997-05-08,VHI,-345.79,-345.79,-340.63,-340.63,730,open below minimum: -345.79; high below minimum: -345.79; low below minimum: -340.63; close below minimum: -340.63
1997-05-09,VHI,-335.47,-335.47,-335.47,-335.47,4989,open below minimum: -335.47; high below minimum: -335.47; low below minimum: -335.47; close below minimum: -335.47
1997-05-12,VHI,-335.47,-335.47,-335.47,-335.47,18253,open below minimum: -335.47; high below minimum: -335.47; low below minimum: -335.47; close below minimum: -335.47
1997-05-13,VHI,-335.47,-340.63,-335.47,-335.47,3103,open below minimum: -335.47; high below minimum: -340.63; low below minimum: -335.47; close below minimum: -335.47
1997-05-14,VHI,-335.47,-335.47,-335.47,-335.47,608,open below minimum: -335.47; high below minimum: -335.47; low below minimum: -335.47; close below minimum: -335.47
1997-05-15,VHI,-335.47,-335.47,-335.47,-335.47,1095,open below minimum: -335.47; high below minimum: -335.47; low below minimum: -335.47; close below minimum: -335.47
1997-05-16,VHI,-340.63,-340.63,-335.47,-335.47,1217,open below minimum: -340.63; high below minimum: -340.63; low below minimum: -335.47; close below minimum: -335.47
1997-05-19,VHI,-335.47,-335.47,-335.47,-335.47,122,open below minimum: -335.47; high below minimum: -335.47; low below minimum: -335.47; close below minimum: -335.47
1997-05-20,VHI,-335.47,-335.47,-335.47,-335.47,4137,open below minimum: -335.47; high below minimum: -335.47; low below minimum: -335.47; close below minimum: -335.47
1997-05-21,VHI,-335.47,-338.05,-335.47,-335.47,29022,open below minimum: -335.47; high below minimum: -338.05; low below minimum: -335.47; close below minimum: -335.47
1997-05-22,VHI,-335.47,-340.63,-335.47,-340.63,1521,open below minimum: -335.47; high below minimum: -340.63; low below minimum: -335.47; close below minimum: -340.63
1997-05-23,VHI,-340.63,-340.63,-340.63,-340.63,304,open below minimum: -340.63; high below minimum: -340.63; low below minimum: -340.63; close below minimum: -340.63
1997-05-27,VHI,-335.47,-340.63,-335.47,-340.63,3407,open below minimum: -335.47; high below minimum: -340.63; low below minimum: -335.47; close below minimum: -340.63
1997-05-28,VHI,-335.47,-335.47,-335.47,-335.47,183,open below minimum: -335.47; high below minimum: -335.47; low below minimum: -335.47; close below minimum: -335.47
1997-05-29,VHI,-335.47,-340.63,-335.47,-340.63,19409,open below minimum: -335.47; high below minimum: -340.63; low below minimum: -335.47; close below minimum: -340.63
1997-05-30,VHI,-340.63,-345.79,-340.63,-340.63,3346,open below minimum: -340.63; high below minimum: -345.79; low below minimum: -340.63; close below minimum: -340.63
1997-06-02,VHI,-340.63,-345.79,-340.63,-340.63,5050,open below minimum: -340.63; high below minimum: -345.79; low below minimum: -340.63; close below minimum: -340.63
1997-06-03,VHI,-340.63,-345.79,-335.47,-340.63,4807,open below minimum: -340.63; high below minimum: -345.79; low below minimum: -335.47; close below minimum: -340.63
1997-06-04,VHI,-335.47,-340.63,-335.47,-340.63,5537,open below minimum: -335.47; high below minimum: -340.63; low below minimum: -335.47; close below minimum: -340.63
1997-06-05,VHI,-345.79,-366.43,-345.79,-361.27,17097,open below minimum: -345.79; high below minimum: -366.43; low below minimum: -345.79; close below minimum: -361.27
1997-06-06,VHI,-366.43,-366.43,-356.11,-361.27,24093,open below minimum: -366.43; high below minimum: -366.43; low below minimum: -356.11; close below minimum: -361.27
1997-06-09,VHI,-361.27,-366.43,-361.27,-361.27,2008,open below minimum: -361.27; high below minimum: -366.43; low below minimum: -361.27; close below minimum: -361.27
1997-06-10,VHI,-361.27,-361.27,-350.95,-350.95,5232,open below minimum: -361.27; high below minimum: -361.27; low below minimum: -350.95; close below minimum: -350.95
1997-06-11,VHI,-356.11,-356.11,-350.95,-350.95,2920,open below minimum: -356.11; high below minimum: -356.11; low below minimum: -350.95; close below minimum: -350.95
1997-06-12,VHI,-356.11,-356.11,-350.95,-350.95,3468,open below minimum: -356.11; high below minimum: -356.11; low below minimum: -350.95; close below minimum: -350.95
1997-06-13,VHI,-356.11,-356.11,-350.95,-356.11,2799,open below minimum: -356.11; high below minimum: -356.11; low below minimum: -350.95; close below minimum: -356.11
1997-06-16,VHI,-350.95,-350.95,-350.95,-350.95,1582,open below minimum: -350.95; high below minimum: -350.95; low below minimum: -350.95; close below minimum: -350.95
1997-06-17,VHI,-350.95,-350.95,-350.95,-350.95,3772,open below minimum: -350.95; high below minimum: -350.95; low below minimum: -350.95; close below minimum: -350.95
1997-06-18,VHI,-353.03,-353.03,-347.83,-347.83,2555,open below minimum: -353.03; high below minimum: -353.03; low below minimum: -347.83; close below minimum: -347.83
1997-06-19,VHI,-347.83,-358.22,-347.83,-358.22,2920,open below minimum: -347.83; high below minimum: -358.22; low below minimum: -347.83; close below minimum: -358.22
1997-06-20,VHI,-347.83,-347.83,-337.45,-337.45,19591,open below minimum: -347.83; high below minimum: -347.83; low below minimum: -337.45; close below minimum: -337.45
1997-06-23,VHI,-337.45,-337.45,-337.45,-337.45,608,open below minimum: -337.45; high below minimum: -337.45; low below minimum: -337.45; close below minimum: -337.45
1997-06-24,VHI,-340.05,-340.05,-337.45,-337.45,4259,open below minimum: -340.05; high below minimum: -340.05; low below minimum: -337.45; close below minimum: -337.45
1997-06-25,VHI,-337.45,-337.45,-337.45,-337.45,3346,open below minimum: -337.45; high below minimum: -337.45; low below minimum: -337.45; close below minimum: -337.45
1997-06-26,VHI,-340.05,-342.64,-337.45,-337.45,16062,open below minimum: -340.05; high below minimum: -342.64; low below minimum: -337.45; close below minimum: -337.45
1997-06-27,VHI,-337.45,-340.05,-337.45,-340.05,791,open below minimum: -337.45; high below minimum: -340.05; low below minimum: -337.45; close below minimum: -340.05
1997-06-30,VHI,-337.45,-340.05,-337.45,-337.45,4137,open below minimum: -337.45; high below minimum: -340.05; low below minimum: -337.45; close below minimum: -337.45
1997-07-01,VHI,-340.05,-342.64,-337.45,-342.64,1339,open below minimum: -340.05; high below minimum: -342.64; low below minimum: -337.45; close below minimum: -342.64
1997-07-02,VHI,-342.64,-342.64,-342.64,-342.64,0,open below minimum: -342.64; high below minimum: -342.64; low below minimum: -342.64; close below minimum: -342.64
1997-07-03,VHI,-340.05,-340.05,-340.05,-340.05,669,open below minimum: -340.05; high below minimum: -340.05; low below minimum: -340.05; close below minimum: -340.05
1997-07-07,VHI,-340.05,-342.64,-340.05,-340.05,1278,open below minimum: -340.05; high below minimum: -342.64; low below minimum: -340.05; close below minimum: -340.05
1997-07-08,VHI,-340.05,-340.05,-340.05,-340.05,1886,open below minimum: -340.05; high below minimum: -340.05; low below minimum: -340.05; close below minimum: -340.05
1997-07-09,VHI,-337.45,-340.05,-337.45,-340.05,2373,open below minimum: -337.45; high below minimum: -340.05; low below minimum: -337.45; close below minimum: -340.05
1997-07-10,VHI,-340.05,-345.24,-340.05,-345.24,13689,open below minimum: -340.05; high below minimum: -345.24; low below minimum: -340.05; close below minimum: -345.24
1997-07-11,VHI,-347.83,-347.83,-342.64,-347.83,6875,open below minimum: -347.83; high below minimum: -347.83; low below minimum: -342.64; close below minimum: -347.83
1997-07-14,VHI,-347.83,-350.43,-347.83,-350.43,7058,open below minimum: -347.83; high below minimum: -350.43; low below minimum: -347.83; close below minimum: -350.43
1997-07-15,VHI,-345.24,-353.03,-345.24,-353.03,25980,open below minimum: -345.24; high below minimum: -353.03; low below minimum: -345.24; close below minimum: -353.03
1997-07-16,VHI,-355.62,-368.6,-355.62,-368.6,15819,open below minimum: -355.62; high below minimum: -368.6; low below minimum: -355.62; close below minimum: -368.6
1997-07-17,VHI,-368.6,-368.6,-368.6,-368.6,0,open below minimum: -368.6; high below minimum: -368.6; low below minimum: -368.6; close below minimum: -368.6
1997-07-18,VHI,-363.41,-363.41,-358.22,-359.51,4320,open below minimum: -363.41; high below minimum: -363.41; low below minimum: -358.22; close below minimum: -359.51
1997-07-21,VHI,-347.83,-360.81,-347.83,-360.81,13385,open below minimum: -347.83; high below minimum: -360.81; low below minimum: -347.83; close below minimum: -360.81
1997-07-22,VHI,-360.81,-371.2,-360.81,-368.6,5780,open below minimum: -360.81; high below minimum: -371.2; low below minimum: -360.81; close below minimum: -368.6
1997-07-23,VHI,-366.0,-366.0,-363.41,-363.41,3164,open below minimum: -366.0; high below minimum: -366.0; low below minimum: -363.41; close below minimum: -363.41
1997-07-24,VHI,-363.41,-363.41,-353.03,-358.22,8822,open below minimum: -363.41; high below minimum: -363.41; low below minimum: -353.03; close below minimum: -358.22
1997-07-25,VHI,-355.62,-355.62,-353.03,-353.03,5780,open below minimum: -355.62; high below minimum: -355.62; low below minimum: -353.03; close below minimum: -353.03
1997-07-28,VHI,-353.03,-353.03,-353.03,-353.03,1217,open below minimum: -353.03; high below minimum: -353.03; low below minimum: -353.03; close below minimum: -353.03
1997-07-29,VHI,-353.03,-355.62,-353.03,-353.03,11438,open below minimum: -353.03; high below minimum: -355.62; low below minimum: -353.03; close below minimum: -353.03
1997-07-30,VHI,-353.03,-360.81,-353.03,-360.81,7788,open below minimum: -353.03; high below minimum: -360.81; low below minimum: -353.03; close below minimum: -360.81
1997-07-31,VHI,-358.22,-358.22,-358.22,-358.22,913,open below minimum: -358.22; high below minimum: -358.22; low below minimum: -358.22; close below minimum: -358.22
1997-08-01,VHI,-358.22,-358.22,-358.22,-358.22,3407,open below minimum: -358.22; high below minimum: -358.22; low below minimum: -358.22; close below minimum: -358.22
1997-08-04,VHI,-358.22,-358.22,-355.62,-358.22,21416,open below minimum: -358.22; high below minimum: -358.22; low below minimum: -355.62; close below minimum: -358.22
1997-08-05,VHI,-353.03,-353.03,-353.03,-353.03,122,open below minimum: -353.03; high below minimum: -353.03; low below minimum: -353.03; close below minimum: -353.03
1997-08-06,VHI,-358.22,-360.81,-353.03,-353.03,14602,open below minimum: -358.22; high below minimum: -360.81; low below minimum: -353.03; close below minimum: -353.03
1997-08-07,VHI,-353.03,-355.62,-353.03,-353.03,30969,open below minimum: -353.03; high below minimum: -355.62; low below minimum: -353.03; close below minimum: -353.03
1997-08-08,VHI,-353.03,-353.03,-353.03,-353.03,852,open below minimum: -353.03; high below minimum: -353.03; low below minimum: -353.03; close below minimum: -353.03
1997-08-11,VHI,-353.03,-355.62,-353.03,-353.03,4381,open below minimum: -353.03; high below minimum: -355.62; low below minimum: -353.03; close below minimum: -353.03
1997-08-12,VHI,-353.03,-353.03,-353.03,-353.03,1825,open below minimum: -353.03; high below minimum: -353.03; low below minimum: -353.03; close below minimum: -353.03
1997-08-13,VHI,-355.62,-355.62,-353.03,-355.62,10708,open below minimum: -355.62; high below minimum: -355.62; low below minimum: -353.03; close below minimum: -355.62
1997-08-14,VHI,-355.62,-355.62,-355.62,-355.62,4016,open below minimum: -355.62; high below minimum: -355.62; low below minimum: -355.62; close below minimum: -355.62
1997-08-15,VHI,-355.62,-360.81,-355.62,-358.22,4867,open below minimum: -355.62; high below minimum: -360.81; low below minimum: -355.62; close below minimum: -358.22
1997-08-18,VHI,-355.62,-355.62,-353.03,-353.03,1643,open below minimum: -355.62; high below minimum: -355.62; low below minimum: -353.03; close below minimum: -353.03
1997-08-19,VHI,-353.03,-363.41,-353.03,-363.41,5902,open below minimum: -353.03; high below minimum: -363.41; low below minimum: -353.03; close below minimum: -363.41
1997-08-20,VHI,-368.6,-368.6,-360.81,-360.81,4867,open below minimum: -368.6; high below minimum: -368.6; low below minimum: -360.81; close below minimum: -360.81
1997-08-21,VHI,-355.62,-358.22,-353.03,-353.03,7788,open below minimum: -355.62; high below minimum: -358.22; low below minimum: -353.03; close below minimum: -353.03
1997-08-22,VHI,-353.03,-355.62,-353.03,-355.62,1278,open below minimum: -353.03; high below minimum: -355.62; low below minimum: -353.03; close below minimum: -355.62
1997-08-25,VHI,-358.22,-358.22,-355.62,-358.22,4746,open below minimum: -358.22; high below minimum: -358.22; low below minimum: -355.62; close below minimum: -358.22
1997-08-26,VHI,-363.41,-363.41,-360.81,-360.81,3468,open below minimum: -363.41; high below minimum: -363.41; low below minimum: -360.81; close below minimum: -360.81
1997-08-27,VHI,-358.22,-368.6,-358.22,-368.6,15211,open below minimum: -358.22; high below minimum: -368.6; low below minimum: -358.22; close below minimum: -368.6
1997-08-28,VHI,-368.6,-368.6,-360.81,-363.41,7119,open below minimum: -368.6; high below minimum: -368.6; low below minimum: -360.81; close below minimum: -363.41
1997-08-29,VHI,-363.41,-368.6,-363.41,-363.41,4867,open below minimum: -363.41; high below minimum: -368.6; low below minimum: -363.41; close below minimum: -363.41
1997-09-02,VHI,-363.41,-366.0,-363.41,-366.0,6936,open below minimum: -363.41; high below minimum: -366.0; low below minimum: -363.41; close below minimum: -366.0
1997-09-03,VHI,-363.41,-366.0,-360.81,-360.81,4441,open below minimum: -363.41; high below minimum: -366.0; low below minimum: -360.81; close below minimum: -360.81
1997-09-04,VHI,-363.41,-368.6,-363.41,-366.0,5050,open below minimum: -363.41; high below minimum: -368.6; low below minimum: -363.41; close below minimum: -366.0
1997-09-05,VHI,-368.6,-368.6,-366.0,-366.0,3285,open below minimum: -368.6; high below minimum: -368.6; low below minimum: -366.0; close below minimum: -366.0
1997-09-08,VHI,-366.0,-373.79,-366.0,-366.0,4502,open below minimum: -366.0; high below minimum: -373.79; low below minimum: -366.0; close below minimum: -366.0
1997-09-09,VHI,-366.0,-373.79,-366.0,-373.79,10769,open below minimum: -366.0; high below minimum: -373.79; low below minimum: -366.0; close below minimum: -373.79
1997-09-10,VHI,-375.88,-383.71,-373.27,-381.1,7484,open below minimum: -375.88; high below minimum: -383.71; low below minimum: -373.27; close below minimum: -381.1
1997-09-11,VHI,-375.88,-375.88,-370.66,-370.66,6632,open below minimum: -375.88; high below minimum: -375.88; low below minimum: -370.66; close below minimum: -370.66
1997-09-12,VHI,-370.66,-375.88,-370.66,-373.27,9370,open below minimum: -370.66; high below minimum: -375.88; low below minimum: -370.66; close below minimum: -373.27
1997-09-15,VHI,-373.27,-375.88,-370.66,-373.27,2738,open below minimum: -373.27; high below minimum: -375.88; low below minimum: -370.66; close below minimum: -373.27
1997-09-16,VHI,-370.66,-386.32,-370.66,-378.49,6814,open below minimum: -370.66; high below minimum: -386.32; low below minimum: -370.66; close below minimum: -378.49
1997-09-17,VHI,-378.49,-383.71,-378.49,-381.1,4441,open below minimum: -378.49; high below minimum: -383.71; low below minimum: -378.49; close below minimum: -381.1
1997-09-18,VHI,-381.1,-381.1,-375.88,-375.88,9065,open below minimum: -381.1; high below minimum: -381.1; low below minimum: -375.88; close below minimum: -375.88
1997-09-19,VHI,-370.66,-378.49,-370.66,-378.49,3590,open below minimum: -370.66; high below minimum: -378.49; low below minimum: -370.66; close below minimum: -378.49
1997-09-22,VHI,-378.49,-378.49,-375.88,-375.88,4563,open below minimum: -378.49; high below minimum: -378.49; low below minimum: -375.88; close below minimum: -375.88
1997-09-23,VHI,-373.27,-375.88,-370.66,-373.27,10769,open below minimum: -373.27; high below minimum: -375.88; low below minimum: -370.66; close below minimum: -373.27
1997-09-24,VHI,-373.27,-375.88,-370.66,-375.88,15636,open below minimum: -373.27; high below minimum: -375.88; low below minimum: -370.66; close below minimum: -375.88
1997-09-25,VHI,-375.88,-375.88,-375.88,-375.88,730,open below minimum: -375.88; high below minimum: -375.88; low below minimum: -375.88; close below minimum: -375.88
1997-09-26,VHI,-375.88,-378.49,-373.27,-378.49,7484,open below minimum: -375.88; high below minimum: -378.49; low below minimum: -373.27; close below minimum: -378.49
1997-09-29,VHI,-375.88,-375.88,-373.27,-373.27,3042,open below minimum: -375.88; high below minimum: -375.88; low below minimum: -373.27; close below minimum: -373.27
1997-09-30,VHI,-373.27,-381.1,-373.27,-375.88,13629,open below minimum: -373.27; high below minimum: -381.1; low below minimum: -373.27; close below minimum: -375.88
1997-10-01,VHI,-378.49,-381.1,-375.88,-381.1,9431,open below minimum: -378.49; high below minimum: -381.1; low below minimum: -375.88; close below minimum: -381.1
1997-10-02,VHI,-381.1,-383.71,-381.1,-383.71,3225,open below minimum: -381.1; high below minimum: -383.71; low below minimum: -381.1; close below minimum: -383.71
1997-10-03,VHI,-381.1,-422.86,-381.1,-422.86,17705,open below minimum: -381.1; high below minimum: -422.86; low below minimum: -381.1; close below minimum: -422.86
1997-10-06,VHI,-417.64,-417.64,-404.59,-412.42,17888,open below minimum: -417.64; high below minimum: -417.64; low below minimum: -404.59; close below minimum: -412.42
1997-10-07,VHI,-412.42,-438.53,-412.42,-438.53,18435,open below minimum: -412.42; high below minimum: -438.53; low below minimum: -412.42; close below minimum: -438.53
1997-10-08,VHI,-443.75,-462.02,-441.14,-462.02,32855,open below minimum: -443.75; high below minimum: -462.02; low below minimum: -441.14; close below minimum: -462.02
1997-10-09,VHI,-464.63,-480.29,-441.14,-441.14,36140,open below minimum: -464.63; high below minimum: -480.29; low below minimum: -441.14; close below minimum: -441.14
1997-10-10,VHI,-425.48,-438.53,-425.48,-433.31,18009,open below minimum: -425.48; high below minimum: -438.53; low below minimum: -425.48; close below minimum: -433.31
1997-10-13,VHI,-438.53,-441.14,-433.31,-433.31,8214,open below minimum: -438.53; high below minimum: -441.14; low below minimum: -433.31; close below minimum: -433.31
1997-10-14,VHI,-433.31,-433.31,-415.03,-415.03,24702,open below minimum: -433.31; high below minimum: -433.31; low below minimum: -415.03; close below minimum: -415.03
1997-10-15,VHI,-412.42,-412.42,-399.37,-399.37,6388,open below minimum: -412.42; high below minimum: -412.42; low below minimum: -399.37; close below minimum: -399.37
1997-10-16,VHI,-399.37,-399.37,-386.32,-386.32,15393,open below minimum: -399.37; high below minimum: -399.37; low below minimum: -386.32; close below minimum: -386.32
1997-10-17,VHI,-381.1,-383.71,-375.88,-378.49,17523,open below minimum: -381.1; high below minimum: -383.71; low below minimum: -375.88; close below minimum: -378.49
1997-10-20,VHI,-383.71,-399.37,-383.71,-396.76,12290,open below minimum: -383.71; high below minimum: -399.37; low below minimum: -383.71; close below minimum: -396.76
1997-10-21,VHI,-396.76,-399.37,-396.76,-396.76,3468,open below minimum: -396.76; high below minimum: -399.37; low below minimum: -396.76; close below minimum: -396.76
1997-10-22,VHI,-399.37,-407.2,-399.37,-407.2,4016,open below minimum: -399.37; high below minimum: -407.2; low below minimum: -399.37; close below minimum: -407.2
1997-10-23,VHI,-404.59,-404.59,-401.98,-401.98,548,open below minimum: -404.59; high below minimum: -404.59; low below minimum: -401.98; close below minimum: -401.98
1997-10-24,VHI,-399.37,-404.59,-399.37,-399.37,4076,open below minimum: -399.37; high below minimum: -404.59; low below minimum: -399.37; close below minimum: -399.37
1997-10-27,VHI,-396.76,-399.37,-386.32,-386.32,15089,open below minimum: -396.76; high below minimum: -399.37; low below minimum: -386.32; close below minimum: -386.32
1997-10-28,VHI,-381.1,-394.15,-378.49,-388.93,17097,open below minimum: -381.1; high below minimum: -394.15; low below minimum: -378.49; close below minimum: -388.93
1997-10-29,VHI,-391.54,-391.54,-383.71,-383.71,8518,open below minimum: -391.54; high below minimum: -391.54; low below minimum: -383.71; close below minimum: -383.71
1997-10-30,VHI,-378.49,-381.1,-378.49,-381.1,8640,open below minimum: -378.49; high below minimum: -381.1; low below minimum: -378.49; close below minimum: -381.1
1997-10-31,VHI,-378.49,-383.71,-378.49,-383.71,8700,open below minimum: -378.49; high below minimum: -383.71; low below minimum: -378.49; close below minimum: -383.71
1997-11-03,VHI,-381.1,-396.76,-381.1,-396.76,4624,open below minimum: -381.1; high below minimum: -396.76; low below minimum: -381.1; close below minimum: -396.76
1997-11-04,VHI,-391.54,-401.98,-388.93,-396.76,4441,open below minimum: -391.54; high below minimum: -401.98; low below minimum: -388.93; close below minimum: -396.76
1997-11-05,VHI,-396.76,-396.76,-391.54,-394.15,7666,open below minimum: -396.76; high below minimum: -396.76; low below minimum: -391.54; close below minimum: -394.15
1997-11-06,VHI,-394.15,-394.15,-394.15,-394.15,61,open below minimum: -394.15; high below minimum: -394.15; low below minimum: -394.15; close below minimum: -394.15
1997-11-07,VHI,-391.54,-391.54,-386.32,-386.32,5476,open below minimum: -391.54; high below minimum: -391.54; low below minimum: -386.32; close below minimum: -386.32
1997-11-10,VHI,-386.32,-396.76,-386.32,-396.76,13811,open below minimum: -386.32; high below minimum: -396.76; low below minimum: -386.32; close below minimum: -396.76
1997-11-11,VHI,-394.15,-394.15,-391.54,-391.54,1704,open below minimum: -394.15; high below minimum: -394.15; low below minimum: -391.54; close below minimum: -391.54
1997-11-12,VHI,-391.54,-391.54,-391.54,-391.54,5841,open below minimum: -391.54; high below minimum: -391.54; low below minimum: -391.54; close below minimum: -391.54
1997-11-13,VHI,-391.54,-394.15,-391.54,-391.54,426,open below minimum: -391.54; high below minimum: -394.15; low below minimum: -391.54; close below minimum: -391.54
1997-11-14,VHI,-396.76,-404.59,-396.76,-399.37,13203,open below minimum: -396.76; high below minimum: -404.59; low below minimum: -396.76; close below minimum: -399.37
1997-11-17,VHI,-394.15,-407.2,-394.15,-404.59,13203,open below minimum: -394.15; high below minimum: -407.2; low below minimum: -394.15; close below minimum: -404.59
1997-11-18,VHI,-404.59,-404.59,-401.98,-404.59,243,open below minimum: -404.59; high below minimum: -404.59; low below minimum: -401.98; close below minimum: -404.59
1997-11-19,VHI,-404.59,-407.2,-401.98,-407.2,852,open below minimum: -404.59; high below minimum: -407.2; low below minimum: -401.98; close below minimum: -407.2
1997-11-20,VHI,-404.59,-404.59,-404.59,-404.59,3042,open below minimum: -404.59; high below minimum: -404.59; low below minimum: -404.59; close below minimum: -404.59
1997-11-21,VHI,-409.81,-409.81,-396.76,-396.76,6693,open below minimum: -409.81; high below minimum: -409.81; low below minimum: -396.76; close below minimum: -396.76
1997-11-24,VHI,-396.76,-401.98,-396.76,-401.98,9431,open below minimum: -396.76; high below minimum: -401.98; low below minimum: -396.76; close below minimum: -401.98
1997-11-25,VHI,-401.98,-404.59,-401.98,-401.98,1278,open below minimum: -401.98; high below minimum: -404.59; low below minimum: -401.98; close below minimum: -401.98
1997-11-26,VHI,-404.59,-404.59,-396.76,-396.76,20139,open below minimum: -404.59; high below minimum: -404.59; low below minimum: -396.76; close below minimum: -396.76
1997-11-28,VHI,-401.98,-401.98,-396.76,-396.76,7727,open below minimum: -401.98; high below minimum: -401.98; low below minimum: -396.76; close below minimum: -396.76
1997-12-01,VHI,-401.98,-404.59,-396.76,-396.76,13994,open below minimum: -401.98; high below minimum: -404.59; low below minimum: -396.76; close below minimum: -396.76
1997-12-02,VHI,-396.76,-399.37,-391.54,-396.76,19591,open below minimum: -396.76; high below minimum: -399.37; low below minimum: -391.54; close below minimum: -396.76
1997-12-03,VHI,-391.54,-394.15,-391.54,-394.15,8031,open below minimum: -391.54; high below minimum: -394.15; low below minimum: -391.54; close below minimum: -394.15
1997-12-04,VHI,-391.54,-391.54,-391.54,-391.54,183,open below minimum: -391.54; high below minimum: -391.54; low below minimum: -391.54; close below minimum: -391.54
1997-12-05,VHI,-391.54,-394.15,-391.54,-394.15,548,open below minimum: -391.54; high below minimum: -394.15; low below minimum: -391.54; close below minimum: -394.15
1997-12-08,VHI,-394.15,-394.15,-391.54,-394.15,9248,open below minimum: -394.15; high below minimum: -394.15; low below minimum: -391.54; close below minimum: -394.15
1997-12-09,VHI,-394.15,-396.76,-391.54,-391.54,15880,open below minimum: -394.15; high below minimum: -396.76; low below minimum: -391.54; close below minimum: -391.54
1997-12-10,VHI,-393.64,-396.27,-388.39,-393.64,24033,open below minimum: -393.64; high below minimum: -396.27; low below minimum: -388.39; close below minimum: -393.64
1997-12-11,VHI,-393.64,-393.64,-393.64,-393.64,3346,open below minimum: -393.64; high below minimum: -393.64; low below minimum: -393.64; close below minimum: -393.64
1997-12-12,VHI,-393.64,-396.27,-393.64,-393.64,18496,open below minimum: -393.64; high below minimum: -396.27; low below minimum: -393.64; close below minimum: -393.64
1997-12-15,VHI,-393.64,-401.51,-393.64,-398.89,12229,open below minimum: -393.64; high below minimum: -401.51; low below minimum: -393.64; close below minimum: -398.89
1997-12-16,VHI,-398.89,-406.76,-398.89,-404.14,4867,open below minimum: -398.89; high below minimum: -406.76; low below minimum: -398.89; close below minimum: -404.14
1997-12-17,VHI,-406.76,-406.76,-401.51,-404.14,791,open below minimum: -406.76; high below minimum: -406.76; low below minimum: -401.51; close below minimum: -404.14
1997-12-18,VHI,-401.51,-401.51,-401.51,-401.51,3772,open below minimum: -401.51; high below minimum: -401.51; low below minimum: -401.51; close below minimum: -401.51
1997-12-19,VHI,-398.89,-401.51,-393.64,-396.27,16427,open below minimum: -398.89; high below minimum: -401.51; low below minimum: -393.64; close below minimum: -396.27
1997-12-22,VHI,-398.89,-398.89,-393.64,-396.27,8214,open below minimum: -398.89; high below minimum: -398.89; low below minimum: -393.64; close below minimum: -396.27
1997-12-23,VHI,-396.27,-396.27,-393.64,-393.64,4076,open below minimum: -396.27; high below minimum: -396.27; low below minimum: -393.64; close below minimum: -393.64
1997-12-24,VHI,-393.64,-393.64,-393.64,-393.64,0,open below minimum: -393.64; high below minimum: -393.64; low below minimum: -393.64; close below minimum: -393.64
1997-12-26,VHI,-393.64,-393.64,-393.64,-393.64,0,open below minimum: -393.64; high below minimum: -393.64; low below minimum: -393.64; close below minimum: -393.64
1997-12-29,VHI,-396.27,-396.27,-393.64,-396.27,2008,open below minimum: -396.27; high below minimum: -396.27; low below minimum: -393.64; close below minimum: -396.27
1997-12-30,VHI,-398.89,-401.51,-398.89,-398.89,2069,open below minimum: -398.89; high below minimum: -401.51; low below minimum: -398.89; close below minimum: -398.89
1997-12-31,VHI,-401.51,-401.51,-396.27,-396.27,3955,open below minimum: -401.51; high below minimum: -401.51; low below minimum: -396.27; close below minimum: -396.27
1998-01-02,VHI,-398.89,-401.51,-398.89,-401.51,608,open below minimum: -398.89; high below minimum: -401.51; low below minimum: -398.89; close below minimum: -401.51
1998-01-05,VHI,-398.89,-401.51,-396.27,-396.27,852,open below minimum: -398.89; high below minimum: -401.51; low below minimum: -396.27; close below minimum: -396.27
1998-01-06,VHI,-398.89,-398.89,-393.64,-393.64,5293,open below minimum: -398.89; high below minimum: -398.89; low below minimum: -393.64; close below minimum: -393.64
1998-01-07,VHI,-393.64,-398.89,-393.64,-396.27,5780,open below minimum: -393.64; high below minimum: -398.89; low below minimum: -393.64; close below minimum: -396.27
1998-01-08,VHI,-398.89,-398.89,-396.27,-396.27,243,open below minimum: -398.89; high below minimum: -398.89; low below minimum: -396.27; close below minimum: -396.27
1998-01-09,VHI,-396.27,-401.51,-396.27,-398.89,9248,open below minimum: -396.27; high below minimum: -401.51; low below minimum: -396.27; close below minimum: -398.89
1998-01-12,VHI,-398.89,-401.51,-396.27,-396.27,6997,open below minimum: -398.89; high below minimum: -401.51; low below minimum: -396.27; close below minimum: -396.27
1998-01-13,VHI,-398.89,-398.89,-388.39,-393.64,6388,open below minimum: -398.89; high below minimum: -398.89; low below minimum: -388.39; close below minimum: -393.64
1998-01-14,VHI,-398.89,-398.89,-398.89,-398.89,2251,open below minimum: -398.89; high below minimum: -398.89; low below minimum: -398.89; close below minimum: -398.89
1998-01-15,VHI,-398.89,-401.51,-398.89,-398.89,1156,open below minimum: -398.89; high below minimum: -401.51; low below minimum: -398.89; close below minimum: -398.89
1998-01-16,VHI,-401.51,-401.51,-398.89,-398.89,2251,open below minimum: -401.51; high below minimum: -401.51; low below minimum: -398.89; close below minimum: -398.89
1998-01-20,VHI,-401.51,-404.14,-401.51,-404.14,304,open below minimum: -401.51; high below minimum: -404.14; low below minimum: -401.51; close below minimum: -404.14
1998-01-21,VHI,-404.14,-412.01,-404.14,-409.39,5476,open below minimum: -404.14; high below minimum: -412.01; low below minimum: -404.14; close below minimum: -409.39
1998-01-22,VHI,-409.39,-409.39,-406.76,-406.76,608,open below minimum: -409.39; high below minimum: -409.39; low below minimum: -406.76; close below minimum: -406.76
1998-01-23,VHI,-406.76,-412.01,-406.76,-409.39,3833,open below minimum: -406.76; high below minimum: -412.01; low below minimum: -406.76; close below minimum: -409.39
1998-01-26,VHI,-414.64,-417.26,-414.64,-417.26,6449,open below minimum: -414.64; high below minimum: -417.26; low below minimum: -414.64; close below minimum: -417.26
1998-01-27,VHI,-414.64,-414.64,-412.01,-412.01,2190,open below minimum: -414.64; high below minimum: -414.64; low below minimum: -412.01; close below minimum: -412.01
1998-01-28,VHI,-422.51,-422.51,-412.01,-419.88,11438,open below minimum: -422.51; high below minimum: -422.51; low below minimum: -412.01; close below minimum: -419.88
1998-01-29,VHI,-419.88,-425.13,-412.01,-412.01,7484,open below minimum: -419.88; high below minimum: -425.13; low below minimum: -412.01; close below minimum: -412.01
1998-01-30,VHI,-412.01,-417.26,-412.01,-417.26,2616,open below minimum: -412.01; high below minimum: -417.26; low below minimum: -412.01; close below minimum: -417.26
1998-02-02,VHI,-417.26,-417.26,-414.64,-414.64,1399,open below minimum: -417.26; high below minimum: -417.26; low below minimum: -414.64; close below minimum: -414.64
1998-02-03,VHI,-414.64,-414.64,-414.64,-414.64,730,open below minimum: -414.64; high below minimum: -414.64; low below minimum: -414.64; close below minimum: -414.64
1998-02-04,VHI,-409.39,-414.64,-409.39,-412.01,4867,open below minimum: -409.39; high below minimum: -414.64; low below minimum: -409.39; close below minimum: -412.01
1998-02-05,VHI,-412.01,-414.64,-409.39,-412.01,8335,open below minimum: -412.01; high below minimum: -414.64; low below minimum: -409.39; close below minimum: -412.01
1998-02-06,VHI,-412.01,-412.01,-412.01,-412.01,608,open below minimum: -412.01; high below minimum: -412.01; low below minimum: -412.01; close below minimum: -412.01
1998-02-09,VHI,-417.26,-417.26,-412.01,-412.01,7179,open below minimum: -417.26; high below minimum: -417.26; low below minimum: -412.01; close below minimum: -412.01
1998-02-10,VHI,-412.01,-414.64,-409.39,-412.01,5658,open below minimum: -412.01; high below minimum: -414.64; low below minimum: -409.39; close below minimum: -412.01
1998-02-11,VHI,-412.01,-414.64,-412.01,-414.64,1217,open below minimum: -412.01; high below minimum: -414.64; low below minimum: -412.01; close below minimum: -414.64
1998-02-12,VHI,-412.01,-412.01,-409.39,-409.39,6084,open below minimum: -412.01; high below minimum: -412.01; low below minimum: -409.39; close below minimum: -409.39
1998-02-13,VHI,-412.01,-412.01,-412.01,-412.01,973,open below minimum: -412.01; high below minimum: -412.01; low below minimum: -412.01; close below minimum: -412.01
1998-02-17,VHI,-409.39,-412.01,-409.39,-412.01,1339,open below minimum: -409.39; high below minimum: -412.01; low below minimum: -409.39; close below minimum: -412.01
1998-02-18,VHI,-412.01,-417.26,-409.39,-417.26,7909,open below minimum: -412.01; high below minimum: -417.26; low below minimum: -409.39; close below minimum: -417.26
1998-02-19,VHI,-414.64,-417.26,-401.51,-409.39,19713,open below minimum: -414.64; high below minimum: -417.26; low below minimum: -401.51; close below minimum: -409.39
1998-02-20,VHI,-409.39,-412.01,-409.39,-412.01,3529,open below minimum: -409.39; high below minimum: -412.01; low below minimum: -409.39; close below minimum: -412.01
1998-02-23,VHI,-414.64,-414.64,-409.39,-412.01,2738,open below minimum: -414.64; high below minimum: -414.64; low below minimum: -409.39; close below minimum: -412.01
1998-02-24,VHI,-414.64,-414.64,-409.39,-412.01,4928,open below minimum: -414.64; high below minimum: -414.64; low below minimum: -409.39; close below minimum: -412.01
1998-02-25,VHI,-414.64,-433.01,-412.01,-427.76,21903,open below minimum: -414.64; high below minimum: -433.01; low below minimum: -412.01; close below minimum: -427.76
1998-02-26,VHI,-419.88,-419.88,-409.39,-409.39,5780,open below minimum: -419.88; high below minimum: -419.88; low below minimum: -409.39; close below minimum: -409.39
1998-02-27,VHI,-409.39,-412.01,-404.14,-404.14,6388,open below minimum: -409.39; high below minimum: -412.01; low below minimum: -404.14; close below minimum: -404.14
1998-03-02,VHI,-404.14,-404.14,-404.14,-404.14,61,open below minimum: -404.14; high below minimum: -404.14; low below minimum: -404.14; close below minimum: -404.14
1998-03-03,VHI,-404.14,-404.14,-401.51,-401.51,1399,open below minimum: -404.14; high below minimum: -404.14; low below minimum: -401.51; close below minimum: -401.51
1998-03-04,VHI,-396.27,-398.89,-385.77,-398.89,89864,open below minimum: -396.27; high below minimum: -398.89; low below minimum: -385.77; close below minimum: -398.89
1998-03-05,VHI,-396.27,-398.89,-393.64,-398.89,1764,open below minimum: -396.27; high below minimum: -398.89; low below minimum: -393.64; close below minimum: -398.89
1998-03-06,VHI,-398.89,-404.14,-398.89,-398.89,12351,open below minimum: -398.89; high below minimum: -404.14; low below minimum: -398.89; close below minimum: -398.89
1998-03-09,VHI,-396.27,-398.89,-396.27,-398.89,183,open below minimum: -396.27; high below minimum: -398.89; low below minimum: -396.27; close below minimum: -398.89
1998-03-10,VHI,-398.89,-401.51,-398.89,-401.51,1156,open below minimum: -398.89; high below minimum: -401.51; low below minimum: -398.89; close below minimum: -401.51
1998-03-11,VHI,-404.14,-409.39,-404.14,-409.39,183,open below minimum: -404.14; high below minimum: -409.39; low below minimum: -404.14; close below minimum: -409.39
1998-03-12,VHI,-406.76,-406.76,-406.76,-406.76,487,open below minimum: -406.76; high below minimum: -406.76; low below minimum: -406.76; close below minimum: -406.76
1998-03-13,VHI,-406.76,-409.39,-406.76,-409.39,304,open below minimum: -406.76; high below minimum: -409.39; low below minimum: -406.76; close below minimum: -409.39
1998-03-16,VHI,-408.86,-408.86,-408.86,-408.86,0,open below minimum: -408.86; high below minimum: -408.86; low below minimum: -408.86; close below minimum: -408.86
1998-03-17,VHI,-406.22,-406.22,-406.22,-406.22,2981,open below minimum: -406.22; high below minimum: -406.22; low below minimum: -406.22; close below minimum: -406.22
1998-03-18,VHI,-403.58,-411.5,-403.58,-411.5,2677,open below minimum: -403.58; high below minimum: -411.5; low below minimum: -403.58; close below minimum: -411.5
1998-03-19,VHI,-408.86,-419.41,-408.86,-419.41,2920,open below minimum: -408.86; high below minimum: -419.41; low below minimum: -408.86; close below minimum: -419.41
1998-03-20,VHI,-414.13,-414.13,-414.13,-414.13,2008,open below minimum: -414.13; high below minimum: -414.13; low below minimum: -414.13; close below minimum: -414.13
1998-03-23,VHI,-414.13,-416.77,-414.13,-414.13,730,open below minimum: -414.13; high below minimum: -416.77; low below minimum: -414.13; close below minimum: -414.13
1998-03-24,VHI,-411.5,-416.77,-411.5,-414.13,1582,open below minimum: -411.5; high below minimum: -416.77; low below minimum: -411.5; close below minimum: -414.13
1998-03-25,VHI,-414.13,-414.13,-411.5,-411.5,1947,open below minimum: -414.13; high below minimum: -414.13; low below minimum: -411.5; close below minimum: -411.5
1998-03-26,VHI,-411.5,-416.77,-411.5,-416.77,2677,open below minimum: -411.5; high below minimum: -416.77; low below minimum: -411.5; close below minimum: -416.77
1998-03-27,VHI,-416.77,-416.77,-414.13,-414.13,1156,open below minimum: -416.77; high below minimum: -416.77; low below minimum: -414.13; close below minimum: -414.13
1998-03-30,VHI,-411.5,-411.5,-411.5,-411.5,4016,open below minimum: -411.5; high below minimum: -411.5; low below minimum: -411.5; close below minimum: -411.5
1998-03-31,VHI,-411.5,-416.77,-411.5,-414.13,51533,open below minimum: -411.5; high below minimum: -416.77; low below minimum: -411.5; close below minimum: -414.13
1998-04-01,VHI,-416.77,-419.41,-411.5,-411.5,14906,open below minimum: -416.77; high below minimum: -419.41; low below minimum: -411.5; close below minimum: -411.5
1998-04-02,VHI,-414.13,-416.77,-411.5,-416.77,3407,open below minimum: -414.13; high below minimum: -416.77; low below minimum: -411.5; close below minimum: -416.77
1998-04-03,VHI,-414.13,-414.13,-414.13,-414.13,2799,open below minimum: -414.13; high below minimum: -414.13; low below minimum: -414.13; close below minimum: -414.13
1998-04-06,VHI,-408.86,-408.86,-403.58,-403.58,9005,open below minimum: -408.86; high below minimum: -408.86; low below minimum: -403.58; close below minimum: -403.58
1998-04-07,VHI,-403.58,-403.58,-403.58,-403.58,426,open below minimum: -403.58; high below minimum: -403.58; low below minimum: -403.58; close below minimum: -403.58
1998-04-08,VHI,-403.58,-403.58,-393.03,-398.31,8153,open below minimum: -403.58; high below minimum: -403.58; low below minimum: -393.03; close below minimum: -398.31
1998-04-09,VHI,-393.03,-400.95,-393.03,-395.67,2555,open below minimum: -393.03; high below minimum: -400.95; low below minimum: -393.03; close below minimum: -395.67
1998-04-13,VHI,-387.76,-390.39,-387.76,-390.39,8883,open below minimum: -387.76; high below minimum: -390.39; low below minimum: -387.76; close below minimum: -390.39
1998-04-14,VHI,-385.12,-387.76,-385.12,-387.76,852,open below minimum: -385.12; high below minimum: -387.76; low below minimum: -385.12; close below minimum: -387.76
1998-04-15,VHI,-387.76,-387.76,-387.76,-387.76,6388,open below minimum: -387.76; high below minimum: -387.76; low below minimum: -387.76; close below minimum: -387.76
1998-04-16,VHI,-382.48,-382.48,-382.48,-382.48,5719,open below minimum: -382.48; high below minimum: -382.48; low below minimum: -382.48; close below minimum: -382.48
1998-04-17,VHI,-390.39,-406.22,-387.76,-400.95,15880,open below minimum: -390.39; high below minimum: -406.22; low below minimum: -387.76; close below minimum: -400.95
1998-04-20,VHI,-398.31,-406.22,-398.31,-406.22,1582,open below minimum: -398.31; high below minimum: -406.22; low below minimum: -398.31; close below minimum: -406.22
1998-04-21,VHI,-400.95,-411.5,-400.95,-411.5,1521,open below minimum: -400.95; high below minimum: -411.5; low below minimum: -400.95; close below minimum: -411.5
1998-04-22,VHI,-416.77,-416.77,-411.5,-414.13,16671,open below minimum: -416.77; high below minimum: -416.77; low below minimum: -411.5; close below minimum: -414.13
1998-04-23,VHI,-419.41,-419.41,-408.86,-408.86,11195,open below minimum: -419.41; high below minimum: -419.41; low below minimum: -408.86; close below minimum: -408.86
1998-04-24,VHI,-408.86,-419.41,-406.22,-408.86,4016,open below minimum: -408.86; high below minimum: -419.41; low below minimum: -406.22; close below minimum: -408.86
1998-04-27,VHI,-414.13,-414.13,-411.5,-414.13,11986,open below minimum: -414.13; high below minimum: -414.13; low below minimum: -411.5; close below minimum: -414.13
1998-04-28,VHI,-414.13,-419.41,-414.13,-416.77,1034,open below minimum: -414.13; high below minimum: -419.41; low below minimum: -414.13; close below minimum: -416.77
1998-04-29,VHI,-408.86,-422.05,-408.86,-422.05,5658,open below minimum: -408.86; high below minimum: -422.05; low below minimum: -408.86; close below minimum: -422.05
1998-04-30,VHI,-416.77,-419.41,-414.13,-416.77,3955,open below minimum: -416.77; high below minimum: -419.41; low below minimum: -414.13; close below minimum: -416.77
1998-05-01,VHI,-419.41,-422.05,-416.77,-416.77,669,open below minimum: -419.41; high below minimum: -422.05; low below minimum: -416.77; close below minimum: -416.77
1998-05-04,VHI,-411.5,-414.13,-411.5,-414.13,7727,open below minimum: -411.5; high below minimum: -414.13; low below minimum: -411.5; close below minimum: -414.13
1998-05-05,VHI,-408.86,-422.05,-408.86,-419.41,8640,open below minimum: -408.86; high below minimum: -422.05; low below minimum: -408.86; close below minimum: -419.41
1998-05-06,VHI,-422.05,-422.05,-416.77,-419.41,1704,open below minimum: -422.05; high below minimum: -422.05; low below minimum: -416.77; close below minimum: -419.41
1998-05-07,VHI,-419.41,-422.05,-419.41,-422.05,6388,open below minimum: -419.41; high below minimum: -422.05; low below minimum: -419.41; close below minimum: -422.05
1998-05-08,VHI,-416.77,-416.77,-414.13,-416.77,1217,open below minimum: -416.77; high below minimum: -416.77; low below minimum: -414.13; close below minimum: -416.77
1998-05-11,VHI,-416.77,-422.05,-416.77,-422.05,3711,open below minimum: -416.77; high below minimum: -422.05; low below minimum: -416.77; close below minimum: -422.05
1998-05-12,VHI,-416.77,-419.41,-414.13,-419.41,6206,open below minimum: -416.77; high below minimum: -419.41; low below minimum: -414.13; close below minimum: -419.41
1998-05-13,VHI,-419.41,-422.05,-419.41,-422.05,16001,open below minimum: -419.41; high below minimum: -422.05; low below minimum: -419.41; close below minimum: -422.05
1998-05-14,VHI,-419.41,-419.41,-419.41,-419.41,122,open below minimum: -419.41; high below minimum: -419.41; low below minimum: -419.41; close below minimum: -419.41
1998-05-15,VHI,-419.41,-429.96,-419.41,-429.96,13385,open below minimum: -419.41; high below minimum: -429.96; low below minimum: -419.41; close below minimum: -429.96
1998-05-18,VHI,-424.69,-424.69,-411.5,-416.77,1764,open below minimum: -424.69; high below minimum: -424.69; low below minimum: -411.5; close below minimum: -416.77
1998-05-19,VHI,-411.5,-411.5,-411.5,-411.5,3346,open below minimum: -411.5; high below minimum: -411.5; low below minimum: -411.5; close below minimum: -411.5
1998-05-20,VHI,-416.77,-416.77,-411.5,-416.77,3407,open below minimum: -416.77; high below minimum: -416.77; low below minimum: -411.5; close below minimum: -416.77
1998-05-21,VHI,-416.77,-416.77,-416.77,-416.77,0,open below minimum: -416.77; high below minimum: -416.77; low below minimum: -416.77; close below minimum: -416.77
1998-05-22,VHI,-414.13,-414.13,-411.5,-411.5,2129,open below minimum: -414.13; high below minimum: -414.13; low below minimum: -411.5; close below minimum: -411.5
1998-05-26,VHI,-411.5,-416.77,-406.22,-408.86,8214,open below minimum: -411.5; high below minimum: -416.77; low below minimum: -406.22; close below minimum: -408.86
1998-05-27,VHI,-406.22,-408.86,-403.58,-408.86,19530,open below minimum: -406.22; high below minimum: -408.86; low below minimum: -403.58; close below minimum: -408.86
1998-05-28,VHI,-408.86,-411.5,-408.86,-408.86,4076,open below minimum: -408.86; high below minimum: -411.5; low below minimum: -408.86; close below minimum: -408.86
1998-05-29,VHI,-411.5,-416.77,-411.5,-414.13,17888,open below minimum: -411.5; high below minimum: -416.77; low below minimum: -411.5; close below minimum: -414.13
1998-06-01,VHI,-408.86,-414.13,-408.86,-411.5,791,open below minimum: -408.86; high below minimum: -414.13; low below minimum: -408.86; close below minimum: -411.5
1998-06-02,VHI,-416.77,-416.77,-411.5,-411.5,1825,open below minimum: -416.77; high below minimum: -416.77; low below minimum: -411.5; close below minimum: -411.5
1998-06-03,VHI,-406.22,-406.22,-400.95,-403.58,1034,open below minimum: -406.22; high below minimum: -406.22; low below minimum: -400.95; close below minimum: -403.58
1998-06-04,VHI,-400.95,-403.58,-400.95,-403.58,7058,open below minimum: -400.95; high below minimum: -403.58; low below minimum: -400.95; close below minimum: -403.58
1998-06-05,VHI,-398.31,-403.58,-398.31,-403.58,3955,open below minimum: -398.31; high below minimum: -403.58; low below minimum: -398.31; close below minimum: -403.58
1998-06-08,VHI,-406.22,-416.77,-406.22,-414.13,4259,open below minimum: -406.22; high below minimum: -416.77; low below minimum: -406.22; close below minimum: -414.13
1998-06-09,VHI,-414.13,-419.41,-414.13,-416.77,2069,open below minimum: -414.13; high below minimum: -419.41; low below minimum: -414.13; close below minimum: -416.77
1998-06-10,VHI,-416.77,-419.41,-416.77,-416.77,2555,open below minimum: -416.77; high below minimum: -419.41; low below minimum: -416.77; close below minimum: -416.77
1998-06-11,VHI,-416.77,-416.77,-414.13,-414.13,852,open below minimum: -416.77; high below minimum: -416.77; low below minimum: -414.13; close below minimum: -414.13
1998-06-12,VHI,-411.5,-411.5,-411.5,-411.5,4867,open below minimum: -411.5; high below minimum: -411.5; low below minimum: -411.5; close below minimum: -411.5
1998-06-15,VHI,-408.86,-408.86,-408.86,-408.86,913,open below minimum: -408.86; high below minimum: -408.86; low below minimum: -408.86; close below minimum: -408.86
1998-06-16,VHI,-408.86,-408.86,-408.86,-408.86,304,open below minimum: -408.86; high below minimum: -408.86; low below minimum: -408.86; close below minimum: -408.86
1998-06-17,VHI,-408.33,-416.28,-408.33,-413.63,669,open below minimum: -408.33; high below minimum: -416.28; low below minimum: -408.33; close below minimum: -413.63
1998-06-18,VHI,-413.63,-418.93,-413.63,-418.93,7362,open below minimum: -413.63; high below minimum: -418.93; low below minimum: -413.63; close below minimum: -418.93
1998-06-19,VHI,-413.63,-424.24,-413.63,-424.24,8761,open below minimum: -413.63; high below minimum: -424.24; low below minimum: -413.63; close below minimum: -424.24
1998-06-22,VHI,-418.93,-418.93,-418.93,-418.93,5719,open below minimum: -418.93; high below minimum: -418.93; low below minimum: -418.93; close below minimum: -418.93
1998-06-23,VHI,-413.63,-421.59,-413.63,-418.93,1217,open below minimum: -413.63; high below minimum: -421.59; low below minimum: -413.63; close below minimum: -418.93
1998-06-24,VHI,-418.93,-424.24,-416.28,-424.24,2008,open below minimum: -418.93; high below minimum: -424.24; low below minimum: -416.28; close below minimum: -424.24
1998-06-25,VHI,-424.24,-424.24,-421.59,-424.24,1278,open below minimum: -424.24; high below minimum: -424.24; low below minimum: -421.59; close below minimum: -424.24
1998-06-26,VHI,-424.24,-434.84,-424.24,-429.54,8640,open below minimum: -424.24; high below minimum: -434.84; low below minimum: -424.24; close below minimum: -429.54
1998-06-29,VHI,-432.19,-440.15,-432.19,-434.84,2008,open below minimum: -432.19; high below minimum: -440.15; low below minimum: -432.19; close below minimum: -434.84
1998-06-30,VHI,-437.5,-445.45,-434.84,-445.45,16184,open below minimum: -437.5; high below minimum: -445.45; low below minimum: -434.84; close below minimum: -445.45
1998-07-01,VHI,-445.45,-474.62,-442.8,-474.62,31760,open below minimum: -445.45; high below minimum: -474.62; low below minimum: -442.8; close below minimum: -474.62
1998-07-02,VHI,-479.92,-479.92,-466.66,-471.96,7544,open below minimum: -479.92; high below minimum: -479.92; low below minimum: -466.66; close below minimum: -471.96
1998-07-06,VHI,-474.62,-474.62,-466.66,-471.96,10587,open below minimum: -474.62; high below minimum: -474.62; low below minimum: -466.66; close below minimum: -471.96
1998-07-07,VHI,-466.66,-501.13,-466.66,-501.13,26345,open below minimum: -466.66; high below minimum: -501.13; low below minimum: -466.66; close below minimum: -501.13
1998-07-08,VHI,-501.13,-501.13,-482.57,-487.87,4441,open below minimum: -501.13; high below minimum: -501.13; low below minimum: -482.57; close below minimum: -487.87
1998-07-09,VHI,-477.27,-477.27,-464.01,-471.96,4989,open below minimum: -477.27; high below minimum: -477.27; low below minimum: -464.01; close below minimum: -471.96
1998-07-10,VHI,-466.66,-471.96,-466.66,-471.96,3772,open below minimum: -466.66; high below minimum: -471.96; low below minimum: -466.66; close below minimum: -471.96
1998-07-13,VHI,-469.31,-482.57,-469.31,-482.57,15576,open below minimum: -469.31; high below minimum: -482.57; low below minimum: -469.31; close below minimum: -482.57
1998-07-14,VHI,-487.87,-493.18,-487.87,-493.18,8335,open below minimum: -487.87; high below minimum: -493.18; low below minimum: -487.87; close below minimum: -493.18
1998-07-15,VHI,-493.18,-503.78,-493.18,-501.13,20991,open below minimum: -493.18; high below minimum: -503.78; low below minimum: -493.18; close below minimum: -501.13
1998-07-16,VHI,-498.48,-506.43,-498.48,-506.43,4198,open below minimum: -498.48; high below minimum: -506.43; low below minimum: -498.48; close below minimum: -506.43
1998-07-17,VHI,-506.43,-519.69,-506.43,-519.69,6753,open below minimum: -506.43; high below minimum: -519.69; low below minimum: -506.43; close below minimum: -519.69
1998-07-20,VHI,-527.65,-527.65,-514.39,-522.34,7362,open below minimum: -527.65; high below minimum: -527.65; low below minimum: -514.39; close below minimum: -522.34
1998-07-21,VHI,-517.04,-517.04,-514.39,-514.39,3955,open below minimum: -517.04; high below minimum: -517.04; low below minimum: -514.39; close below minimum: -514.39
1998-07-22,VHI,-511.74,-517.04,-509.08,-517.04,6693,open below minimum: -511.74; high below minimum: -517.04; low below minimum: -509.08; close below minimum: -517.04
1998-07-23,VHI,-511.74,-511.74,-511.74,-511.74,913,open below minimum: -511.74; high below minimum: -511.74; low below minimum: -511.74; close below minimum: -511.74
1998-07-24,VHI,-511.74,-564.77,-511.74,-562.12,16184,open below minimum: -511.74; high below minimum: -564.77; low below minimum: -511.74; close below minimum: -562.12
1998-07-27,VHI,-559.46,-559.46,-551.51,-559.46,4685,open below minimum: -559.46; high below minimum: -559.46; low below minimum: -551.51; close below minimum: -559.46
1998-07-28,VHI,-556.81,-556.81,-546.21,-546.21,4320,open below minimum: -556.81; high below minimum: -556.81; low below minimum: -546.21; close below minimum: -546.21
1998-07-29,VHI,-543.55,-543.55,-532.95,-535.6,5597,open below minimum: -543.55; high below minimum: -543.55; low below minimum: -532.95; close below minimum: -535.6
1998-07-30,VHI,-532.95,-532.95,-519.69,-522.34,22512,open below minimum: -532.95; high below minimum: -532.95; low below minimum: -519.69; close below minimum: -522.34
1998-07-31,VHI,-519.69,-524.99,-519.69,-522.34,2129,open below minimum: -519.69; high below minimum: -524.99; low below minimum: -519.69; close below minimum: -522.34
1998-08-03,VHI,-517.04,-517.04,-509.09,-509.09,10100,open below minimum: -517.04; high below minimum: -517.04; low below minimum: -509.09; close below minimum: -509.09
1998-08-04,VHI,-509.09,-511.74,-509.09,-511.74,7605,open below minimum: -509.09; high below minimum: -511.74; low below minimum: -509.09; close below minimum: -511.74
1998-08-05,VHI,-509.09,-514.39,-509.09,-514.39,12594,open below minimum: -509.09; high below minimum: -514.39; low below minimum: -509.09; close below minimum: -514.39
1998-08-06,VHI,-509.09,-511.74,-509.09,-511.74,3346,open below minimum: -509.09; high below minimum: -511.74; low below minimum: -509.09; close below minimum: -511.74
1998-08-07,VHI,-514.39,-514.39,-509.09,-509.09,2373,open below minimum: -514.39; high below minimum: -514.39; low below minimum: -509.09; close below minimum: -509.09
1998-08-10,VHI,-511.74,-517.04,-511.74,-517.04,2920,open below minimum: -511.74; high below minimum: -517.04; low below minimum: -511.74; close below minimum: -517.04
1998-08-11,VHI,-514.39,-514.39,-509.09,-509.09,9187,open below minimum: -514.39; high below minimum: -514.39; low below minimum: -509.09; close below minimum: -509.09
1998-08-12,VHI,-509.09,-511.74,-509.09,-511.74,1278,open below minimum: -509.09; high below minimum: -511.74; low below minimum: -509.09; close below minimum: -511.74
1998-08-13,VHI,-509.09,-524.99,-509.09,-524.99,9735,open below minimum: -509.09; high below minimum: -524.99; low below minimum: -509.09; close below minimum: -524.99
1998-08-14,VHI,-522.34,-522.34,-511.74,-511.74,6145,open below minimum: -522.34; high below minimum: -522.34; low below minimum: -511.74; close below minimum: -511.74
1998-08-17,VHI,-511.74,-511.74,-511.74,-511.74,0,open below minimum: -511.74; high below minimum: -511.74; low below minimum: -511.74; close below minimum: -511.74
1998-08-18,VHI,-519.69,-524.99,-519.69,-519.69,2008,open below minimum: -519.69; high below minimum: -524.99; low below minimum: -519.69; close below minimum: -519.69
1998-08-19,VHI,-524.99,-530.3,-524.99,-530.3,4259,open below minimum: -524.99; high below minimum: -530.3; low below minimum: -524.99; close below minimum: -530.3
1998-08-20,VHI,-530.3,-535.6,-530.3,-535.6,1886,open below minimum: -530.3; high below minimum: -535.6; low below minimum: -530.3; close below minimum: -535.6
1998-08-21,VHI,-532.95,-538.25,-532.95,-538.25,1521,open below minimum: -532.95; high below minimum: -538.25; low below minimum: -532.95; close below minimum: -538.25
1998-08-24,VHI,-540.9,-543.56,-535.6,-543.56,2799,open below minimum: -540.9; high below minimum: -543.56; low below minimum: -535.6; close below minimum: -543.56
1998-08-25,VHI,-548.86,-548.86,-540.9,-540.9,1278,open below minimum: -548.86; high below minimum: -548.86; low below minimum: -540.9; close below minimum: -540.9
1998-08-26,VHI,-540.9,-540.9,-540.9,-540.9,3346,open below minimum: -540.9; high below minimum: -540.9; low below minimum: -540.9; close below minimum: -540.9
1998-08-27,VHI,-540.9,-540.9,-532.95,-532.95,15028,open below minimum: -540.9; high below minimum: -540.9; low below minimum: -532.95; close below minimum: -532.95
1998-08-28,VHI,-530.3,-530.3,-530.3,-530.3,13264,open below minimum: -530.3; high below minimum: -530.3; low below minimum: -530.3; close below minimum: -530.3
1998-08-31,VHI,-530.3,-530.3,-498.48,-524.99,58652,open below minimum: -530.3; high below minimum: -530.3; low below minimum: -498.48; close below minimum: -524.99
1998-09-01,VHI,-524.99,-524.99,-524.99,-524.99,6510,open below minimum: -524.99; high below minimum: -524.99; low below minimum: -524.99; close below minimum: -524.99
1998-09-02,VHI,-524.99,-535.6,-522.34,-535.6,6084,open below minimum: -524.99; high below minimum: -535.6; low below minimum: -522.34; close below minimum: -535.6
1998-09-03,VHI,-530.3,-530.3,-519.69,-522.34,4381,open below minimum: -530.3; high below minimum: -530.3; low below minimum: -519.69; close below minimum: -522.34
1998-09-04,VHI,-522.34,-522.34,-522.34,-522.34,61,open below minimum: -522.34; high below minimum: -522.34; low below minimum: -522.34; close below minimum: -522.34
1998-09-08,VHI,-524.99,-527.65,-524.99,-527.65,669,open below minimum: -524.99; high below minimum: -527.65; low below minimum: -524.99; close below minimum: -527.65
1998-09-09,VHI,-524.45,-527.11,-524.45,-524.45,3346,open below minimum: -524.45; high below minimum: -527.11; low below minimum: -524.45; close below minimum: -524.45
1998-09-10,VHI,-527.11,-527.11,-527.11,-527.11,243,open below minimum: -527.11; high below minimum: -527.11; low below minimum: -527.11; close below minimum: -527.11
1998-09-11,VHI,-524.45,-527.11,-524.45,-527.11,3711,open below minimum: -524.45; high below minimum: -527.11; low below minimum: -524.45; close below minimum: -527.11
1998-09-14,VHI,-532.44,-537.76,-532.44,-537.76,4807,open below minimum: -532.44; high below minimum: -537.76; low below minimum: -532.44; close below minimum: -537.76
1998-09-15,VHI,-537.76,-548.41,-537.76,-548.41,6206,open below minimum: -537.76; high below minimum: -548.41; low below minimum: -537.76; close below minimum: -548.41
1998-09-16,VHI,-553.74,-569.71,-553.74,-559.06,18496,open below minimum: -553.74; high below minimum: -569.71; low below minimum: -553.74; close below minimum: -559.06
1998-09-17,VHI,-553.74,-559.06,-553.74,-559.06,2495,open below minimum: -553.74; high below minimum: -559.06; low below minimum: -553.74; close below minimum: -559.06
1998-09-18,VHI,-569.71,-601.65,-569.71,-598.99,14785,open below minimum: -569.71; high below minimum: -601.65; low below minimum: -569.71; close below minimum: -598.99
1998-09-21,VHI,-596.33,-596.33,-585.68,-585.68,5719,open below minimum: -596.33; high below minimum: -596.33; low below minimum: -585.68; close below minimum: -585.68
1998-09-22,VHI,-588.34,-591.01,-580.36,-585.68,4381,open below minimum: -588.34; high below minimum: -591.01; low below minimum: -580.36; close below minimum: -585.68
1998-09-23,VHI,-583.02,-583.02,-545.75,-545.75,27379,open below minimum: -583.02; high below minimum: -583.02; low below minimum: -545.75; close below minimum: -545.75
1998-09-24,VHI,-551.07,-553.74,-543.09,-548.41,3651,open below minimum: -551.07; high below minimum: -553.74; low below minimum: -543.09; close below minimum: -548.41
1998-09-25,VHI,-545.75,-551.07,-545.75,-551.07,1339,open below minimum: -545.75; high below minimum: -551.07; low below minimum: -545.75; close below minimum: -551.07
1998-09-28,VHI,-551.07,-553.74,-545.75,-545.75,2920,open below minimum: -551.07; high below minimum: -553.74; low below minimum: -545.75; close below minimum: -545.75
1998-09-29,VHI,-551.07,-572.37,-548.41,-572.37,34315,open below minimum: -551.07; high below minimum: -572.37; low below minimum: -548.41; close below minimum: -572.37
1998-09-30,VHI,-569.71,-569.71,-567.05,-569.71,3285,open below minimum: -569.71; high below minimum: -569.71; low below minimum: -567.05; close below minimum: -569.71
1998-10-01,VHI,-569.71,-575.03,-569.71,-569.71,10891,open below minimum: -569.71; high below minimum: -575.03; low below minimum: -569.71; close below minimum: -569.71
1998-10-02,VHI,-567.05,-567.05,-559.06,-559.06,3103,open below minimum: -567.05; high below minimum: -567.05; low below minimum: -559.06; close below minimum: -559.06
1998-10-05,VHI,-553.74,-553.74,-548.41,-548.41,3346,open below minimum: -553.74; high below minimum: -553.74; low below minimum: -548.41; close below minimum: -548.41
1998-10-06,VHI,-548.41,-559.06,-548.41,-559.06,4624,open below minimum: -548.41; high below minimum: -559.06; low below minimum: -548.41; close below minimum: -559.06
1998-10-07,VHI,-556.4,-559.06,-556.4,-559.06,1399,open below minimum: -556.4; high below minimum: -559.06; low below minimum: -556.4; close below minimum: -559.06
1998-10-08,VHI,-553.74,-556.4,-553.74,-556.4,2129,open below minimum: -553.74; high below minimum: -556.4; low below minimum: -553.74; close below minimum: -556.4
1998-10-09,VHI,-559.06,-559.06,-537.76,-537.76,12533,open below minimum: -559.06; high below minimum: -559.06; low below minimum: -537.76; close below minimum: -537.76
1998-10-12,VHI,-535.1,-535.1,-527.11,-529.78,2373,open below minimum: -535.1; high below minimum: -535.1; low below minimum: -527.11; close below minimum: -529.78
1998-10-13,VHI,-524.45,-524.45,-524.45,-524.45,3955,open below minimum: -524.45; high below minimum: -524.45; low below minimum: -524.45; close below minimum: -524.45
1998-10-14,VHI,-524.45,-532.44,-524.45,-527.11,2069,open below minimum: -524.45; high below minimum: -532.44; low below minimum: -524.45; close below minimum: -527.11
1998-10-15,VHI,-524.45,-527.11,-524.45,-524.45,2373,open below minimum: -524.45; high below minimum: -527.11; low below minimum: -524.45; close below minimum: -524.45
1998-10-16,VHI,-524.45,-527.11,-521.79,-524.45,1278,open below minimum: -524.45; high below minimum: -527.11; low below minimum: -521.79; close below minimum: -524.45
1998-10-19,VHI,-529.78,-535.1,-529.78,-532.44,5780,open below minimum: -529.78; high below minimum: -535.1; low below minimum: -529.78; close below minimum: -532.44
1998-10-20,VHI,-535.1,-535.1,-532.44,-532.44,1339,open below minimum: -535.1; high below minimum: -535.1; low below minimum: -532.44; close below minimum: -532.44
1998-10-21,VHI,-527.11,-527.11,-519.13,-521.79,40277,open below minimum: -527.11; high below minimum: -527.11; low below minimum: -519.13; close below minimum: -521.79
1998-10-22,VHI,-519.13,-519.13,-505.82,-505.82,9856,open below minimum: -519.13; high below minimum: -519.13; low below minimum: -505.82; close below minimum: -505.82
1998-10-23,VHI,-500.49,-508.48,-495.17,-495.17,14237,open below minimum: -500.49; high below minimum: -508.48; low below minimum: -495.17; close below minimum: -495.17
1998-10-26,VHI,-495.17,-495.17,-463.22,-473.87,31699,open below minimum: -495.17; high below minimum: -495.17; low below minimum: -463.22; close below minimum: -473.87
1998-10-27,VHI,-473.87,-484.52,-471.21,-471.21,3894,open below minimum: -473.87; high below minimum: -484.52; low below minimum: -471.21; close below minimum: -471.21
1998-10-28,VHI,-471.21,-476.53,-471.21,-476.53,548,open below minimum: -471.21; high below minimum: -476.53; low below minimum: -471.21; close below minimum: -476.53
1998-10-29,VHI,-476.53,-476.53,-476.53,-476.53,0,open below minimum: -476.53; high below minimum: -476.53; low below minimum: -476.53; close below minimum: -476.53
1998-10-30,VHI,-476.53,-481.86,-468.55,-476.53,5902,open below minimum: -476.53; high below minimum: -481.86; low below minimum: -468.55; close below minimum: -476.53
1998-11-02,VHI,-476.53,-476.53,-476.53,-476.53,61,open below minimum: -476.53; high below minimum: -476.53; low below minimum: -476.53; close below minimum: -476.53
1998-11-03,VHI,-473.87,-484.52,-473.87,-484.52,3590,open below minimum: -473.87; high below minimum: -484.52; low below minimum: -473.87; close below minimum: -484.52
1998-11-04,VHI,-484.52,-492.5,-484.52,-492.5,2069,open below minimum: -484.52; high below minimum: -492.5; low below minimum: -484.52; close below minimum: -492.5
1998-11-05,VHI,-492.5,-500.49,-492.5,-500.49,1947,open below minimum: -492.5; high below minimum: -500.49; low below minimum: -492.5; close below minimum: -500.49
1998-11-06,VHI,-505.82,-529.78,-505.82,-524.45,9735,open below minimum: -505.82; high below minimum: -529.78; low below minimum: -505.82; close below minimum: -524.45
1998-11-09,VHI,-527.11,-527.11,-508.48,-508.48,3042,open below minimum: -527.11; high below minimum: -527.11; low below minimum: -508.48; close below minimum: -508.48
1998-11-10,VHI,-508.48,-508.48,-508.48,-508.48,0,open below minimum: -508.48; high below minimum: -508.48; low below minimum: -508.48; close below minimum: -508.48
1998-11-11,VHI,-508.48,-508.48,-495.17,-495.17,2190,open below minimum: -508.48; high below minimum: -508.48; low below minimum: -495.17; close below minimum: -495.17
1998-11-12,VHI,-495.17,-495.17,-489.84,-489.84,7909,open below minimum: -495.17; high below minimum: -495.17; low below minimum: -489.84; close below minimum: -489.84
1998-11-13,VHI,-489.84,-489.84,-481.86,-481.86,8031,open below minimum: -489.84; high below minimum: -489.84; low below minimum: -481.86; close below minimum: -481.86
1998-11-16,VHI,-484.52,-489.84,-476.53,-489.84,8944,open below minimum: -484.52; high below minimum: -489.84; low below minimum: -476.53; close below minimum: -489.84
1998-11-17,VHI,-484.52,-484.52,-484.52,-484.52,487,open below minimum: -484.52; high below minimum: -484.52; low below minimum: -484.52; close below minimum: -484.52
1998-11-18,VHI,-479.19,-479.19,-473.87,-476.53,2373,open below minimum: -479.19; high below minimum: -479.19; low below minimum: -473.87; close below minimum: -476.53
1998-11-19,VHI,-476.53,-476.53,-476.53,-476.53,61,open below minimum: -476.53; high below minimum: -476.53; low below minimum: -476.53; close below minimum: -476.53
1998-11-20,VHI,-471.21,-471.21,-471.21,-471.21,487,open below minimum: -471.21; high below minimum: -471.21; low below minimum: -471.21; close below minimum: -471.21
1998-11-23,VHI,-471.21,-476.53,-471.21,-476.53,1947,open below minimum: -471.21; high below minimum: -476.53; low below minimum: -471.21; close below minimum: -476.53
1998-11-24,VHI,-473.87,-473.87,-473.87,-473.87,183,open below minimum: -473.87; high below minimum: -473.87; low below minimum: -473.87; close below minimum: -473.87
1998-11-25,VHI,-468.55,-476.53,-468.55,-476.53,6510,open below minimum: -468.55; high below minimum: -476.53; low below minimum: -468.55; close below minimum: -476.53
1998-11-27,VHI,-471.21,-471.21,-471.21,-471.21,913,open below minimum: -471.21; high below minimum: -471.21; low below minimum: -471.21; close below minimum: -471.21
1998-11-30,VHI,-468.55,-468.55,-468.55,-468.55,426,open below minimum: -468.55; high below minimum: -468.55; low below minimum: -468.55; close below minimum: -468.55
1998-12-01,VHI,-468.55,-473.87,-468.55,-473.87,9309,open below minimum: -468.55; high below minimum: -473.87; low below minimum: -468.55; close below minimum: -473.87
1998-12-02,VHI,-473.87,-473.87,-471.21,-471.21,1217,open below minimum: -473.87; high below minimum: -473.87; low below minimum: -471.21; close below minimum: -471.21
1998-12-03,VHI,-471.21,-471.21,-468.55,-468.55,11743,open below minimum: -471.21; high below minimum: -471.21; low below minimum: -468.55; close below minimum: -468.55
1998-12-04,VHI,-471.21,-471.21,-471.21,-471.21,61,open below minimum: -471.21; high below minimum: -471.21; low below minimum: -471.21; close below minimum: -471.21
1998-12-07,VHI,-468.55,-473.87,-468.55,-473.87,3103,open below minimum: -468.55; high below minimum: -473.87; low below minimum: -468.55; close below minimum: -473.87
1998-12-08,VHI,-473.87,-489.84,-473.87,-489.84,18374,open below minimum: -473.87; high below minimum: -489.84; low below minimum: -473.87; close below minimum: -489.84
1998-12-09,VHI,-489.31,-497.33,-489.31,-494.66,6510,open below minimum: -489.31; high below minimum: -497.33; low below minimum: -489.31; close below minimum: -494.66
1998-12-10,VHI,-497.33,-497.33,-486.63,-489.31,1095,open below minimum: -497.33; high below minimum: -497.33; low below minimum: -486.63; close below minimum: -489.31
1998-12-11,VHI,-489.31,-491.98,-489.31,-491.98,183,open below minimum: -489.31; high below minimum: -491.98; low below minimum: -489.31; close below minimum: -491.98
1998-12-14,VHI,-486.63,-486.63,-475.94,-481.29,2312,open below minimum: -486.63; high below minimum: -486.63; low below minimum: -475.94; close below minimum: -481.29
1998-12-15,VHI,-481.29,-483.96,-478.61,-483.96,1339,open below minimum: -481.29; high below minimum: -483.96; low below minimum: -478.61; close below minimum: -483.96
1998-12-16,VHI,-481.29,-481.29,-470.59,-473.26,12412,open below minimum: -481.29; high below minimum: -481.29; low below minimum: -470.59; close below minimum: -473.26
1998-12-17,VHI,-473.27,-478.61,-473.27,-478.61,1156,open below minimum: -473.27; high below minimum: -478.61; low below minimum: -473.27; close below minimum: -478.61
1998-12-18,VHI,-483.96,-491.98,-481.29,-491.98,21295,open below minimum: -483.96; high below minimum: -491.98; low below minimum: -481.29; close below minimum: -491.98
1998-12-21,VHI,-491.98,-494.66,-491.98,-494.66,730,open below minimum: -491.98; high below minimum: -494.66; low below minimum: -491.98; close below minimum: -494.66
1998-12-22,VHI,-491.98,-491.98,-481.29,-481.29,1947,open below minimum: -491.98; high below minimum: -491.98; low below minimum: -481.29; close below minimum: -481.29
1998-12-23,VHI,-481.29,-489.31,-475.94,-481.29,2251,open below minimum: -481.29; high below minimum: -489.31; low below minimum: -475.94; close below minimum: -481.29
1998-12-24,VHI,-475.94,-483.96,-473.26,-483.96,4928,open below minimum: -475.94; high below minimum: -483.96; low below minimum: -473.26; close below minimum: -483.96
1998-12-28,VHI,-483.96,-483.96,-473.27,-478.61,3833,open below minimum: -483.96; high below minimum: -483.96; low below minimum: -473.27; close below minimum: -478.61
1998-12-29,VHI,-475.94,-481.29,-475.94,-478.61,1034,open below minimum: -475.94; high below minimum: -481.29; low below minimum: -475.94; close below minimum: -478.61
1998-12-30,VHI,-478.61,-481.29,-467.92,-481.29,5111,open below minimum: -478.61; high below minimum: -481.29; low below minimum: -467.92; close below minimum: -481.29
1998-12-31,VHI,-481.29,-489.31,-481.29,-486.63,608,open below minimum: -481.29; high below minimum: -489.31; low below minimum: -481.29; close below minimum: -486.63
1999-01-04,VHI,-489.31,-518.72,-489.31,-518.72,6449,open below minimum: -489.31; high below minimum: -518.72; low below minimum: -489.31; close below minimum: -518.72
1999-01-05,VHI,-516.05,-518.72,-508.02,-518.72,7362,open below minimum: -516.05; high below minimum: -518.72; low below minimum: -508.02; close below minimum: -518.72
1999-01-06,VHI,-516.05,-516.05,-513.37,-516.05,1278,open below minimum: -516.05; high below minimum: -516.05; low below minimum: -513.37; close below minimum: -516.05
1999-01-07,VHI,-510.7,-510.7,-497.33,-497.33,2190,open below minimum: -510.7; high below minimum: -510.7; low below minimum: -497.33; close below minimum: -497.33
1999-01-08,VHI,-505.35,-532.09,-505.35,-532.09,11195,open below minimum: -505.35; high below minimum: -532.09; low below minimum: -505.35; close below minimum: -532.09
1999-01-11,VHI,-526.74,-526.74,-526.74,-526.74,608,open below minimum: -526.74; high below minimum: -526.74; low below minimum: -526.74; close below minimum: -526.74
1999-01-12,VHI,-521.39,-521.39,-513.37,-516.05,5232,open below minimum: -521.39; high below minimum: -521.39; low below minimum: -513.37; close below minimum: -516.05
1999-01-13,VHI,-513.37,-518.72,-513.37,-518.72,852,open below minimum: -513.37; high below minimum: -518.72; low below minimum: -513.37; close below minimum: -518.72
1999-01-14,VHI,-518.72,-518.72,-513.37,-513.37,487,open below minimum: -518.72; high below minimum: -518.72; low below minimum: -513.37; close below minimum: -513.37
1999-01-15,VHI,-513.37,-516.05,-508.02,-508.02,2677,open below minimum: -513.37; high below minimum: -516.05; low below minimum: -508.02; close below minimum: -508.02
1999-01-19,VHI,-508.02,-508.02,-497.33,-500.0,2677,open below minimum: -508.02; high below minimum: -508.02; low below minimum: -497.33; close below minimum: -500.0
1999-01-20,VHI,-497.33,-502.68,-497.33,-502.68,243,open below minimum: -497.33; high below minimum: -502.68; low below minimum: -497.33; close below minimum: -502.68
1999-01-21,VHI,-500.0,-500.0,-491.98,-491.98,791,open below minimum: -500.0; high below minimum: -500.0; low below minimum: -491.98; close below minimum: -491.98
1999-01-22,VHI,-497.33,-497.33,-497.33,-497.33,426,open below minimum: -497.33; high below minimum: -497.33; low below minimum: -497.33; close below minimum: -497.33
1999-01-25,VHI,-494.66,-494.66,-483.96,-483.96,2799,open below minimum: -494.66; high below minimum: -494.66; low below minimum: -483.96; close below minimum: -483.96
1999-01-26,VHI,-481.29,-486.63,-481.29,-483.96,21112,open below minimum: -481.29; high below minimum: -486.63; low below minimum: -481.29; close below minimum: -483.96
1999-01-27,VHI,-483.96,-483.96,-478.61,-478.61,608,open below minimum: -483.96; high below minimum: -483.96; low below minimum: -478.61; close below minimum: -478.61
1999-01-28,VHI,-470.59,-481.29,-470.59,-481.29,4137,open below minimum: -470.59; high below minimum: -481.29; low below minimum: -470.59; close below minimum: -481.29
1999-01-29,VHI,-475.94,-475.94,-473.26,-473.26,1947,open below minimum: -475.94; high below minimum: -475.94; low below minimum: -473.26; close below minimum: -473.26
1999-02-01,VHI,-473.26,-473.26,-473.26,-473.26,365,open below minimum: -473.26; high below minimum: -473.26; low below minimum: -473.26; close below minimum: -473.26
1999-02-02,VHI,-473.27,-478.61,-470.59,-478.61,2555,open below minimum: -473.27; high below minimum: -478.61; low below minimum: -470.59; close below minimum: -478.61
1999-02-03,VHI,-478.61,-545.46,-475.94,-545.46,13385,open below minimum: -478.61; high below minimum: -545.46; low below minimum: -475.94; close below minimum: -545.46
1999-02-04,VHI,-545.46,-545.46,-529.41,-529.41,2555,open below minimum: -545.46; high below minimum: -545.46; low below minimum: -529.41; close below minimum: -529.41
1999-02-05,VHI,-529.42,-529.42,-524.07,-524.07,3651,open below minimum: -529.42; high below minimum: -529.42; low below minimum: -524.07; close below minimum: -524.07
1999-02-08,VHI,-524.07,-524.07,-516.05,-518.72,2434,open below minimum: -524.07; high below minimum: -524.07; low below minimum: -516.05; close below minimum: -518.72
1999-02-09,VHI,-513.37,-513.37,-500.0,-500.0,3225,open below minimum: -513.37; high below minimum: -513.37; low below minimum: -500.0; close below minimum: -500.0
1999-02-10,VHI,-500.0,-529.41,-491.98,-529.41,9856,open below minimum: -500.0; high below minimum: -529.41; low below minimum: -491.98; close below minimum: -529.41
1999-02-11,VHI,-529.41,-529.41,-516.05,-516.05,1278,open below minimum: -529.41; high below minimum: -529.41; low below minimum: -516.05; close below minimum: -516.05
1999-02-12,VHI,-516.05,-516.05,-467.92,-470.59,15941,open below minimum: -516.05; high below minimum: -516.05; low below minimum: -467.92; close below minimum: -470.59
1999-02-16,VHI,-470.59,-470.59,-470.59,-470.59,1034,open below minimum: -470.59; high below minimum: -470.59; low below minimum: -470.59; close below minimum: -470.59
1999-02-17,VHI,-473.26,-473.26,-470.59,-470.59,3103,open below minimum: -473.26; high below minimum: -473.26; low below minimum: -470.59; close below minimum: -470.59
1999-02-18,VHI,-470.59,-473.26,-470.59,-473.26,2069,open below minimum: -470.59; high below minimum: -473.26; low below minimum: -470.59; close below minimum: -473.26
1999-02-19,VHI,-473.26,-473.26,-473.26,-473.26,791,open below minimum: -473.26; high below minimum: -473.26; low below minimum: -473.26; close below minimum: -473.26
1999-02-22,VHI,-473.26,-475.94,-470.59,-473.26,3772,open below minimum: -473.26; high below minimum: -475.94; low below minimum: -470.59; close below minimum: -473.26
1999-02-23,VHI,-470.59,-475.94,-470.59,-475.94,6510,open below minimum: -470.59; high below minimum: -475.94; low below minimum: -470.59; close below minimum: -475.94
1999-02-24,VHI,-475.94,-478.61,-475.94,-478.61,6449,open below minimum: -475.94; high below minimum: -478.61; low below minimum: -475.94; close below minimum: -478.61
1999-02-25,VHI,-478.61,-486.63,-478.61,-486.63,3285,open below minimum: -478.61; high below minimum: -486.63; low below minimum: -478.61; close below minimum: -486.63
1999-02-26,VHI,-481.29,-491.98,-481.29,-491.98,5354,open below minimum: -481.29; high below minimum: -491.98; low below minimum: -481.29; close below minimum: -491.98
1999-03-01,VHI,-491.98,-491.98,-489.31,-491.98,1643,open below minimum: -491.98; high below minimum: -491.98; low below minimum: -489.31; close below minimum: -491.98
1999-03-02,VHI,-494.66,-494.66,-483.96,-483.96,1034,open below minimum: -494.66; high below minimum: -494.66; low below minimum: -483.96; close below minimum: -483.96
1999-03-03,VHI,-478.61,-478.61,-470.59,-470.59,2860,open below minimum: -478.61; high below minimum: -478.61; low below minimum: -470.59; close below minimum: -470.59
1999-03-04,VHI,-473.26,-473.26,-470.59,-473.26,3285,open below minimum: -473.26; high below minimum: -473.26; low below minimum: -470.59; close below minimum: -473.26
1999-03-05,VHI,-473.27,-475.94,-473.27,-475.94,1399,open below minimum: -473.27; high below minimum: -475.94; low below minimum: -473.27; close below minimum: -475.94
1999-03-08,VHI,-475.94,-483.96,-475.94,-483.96,1947,open below minimum: -475.94; high below minimum: -483.96; low below minimum: -475.94; close below minimum: -483.96
1999-03-09,VHI,-483.96,-489.31,-483.96,-489.31,4502,open below minimum: -483.96; high below minimum: -489.31; low below minimum: -483.96; close below minimum: -489.31
1999-03-10,VHI,-489.31,-494.66,-489.31,-489.31,2008,open below minimum: -489.31; high below minimum: -494.66; low below minimum: -489.31; close below minimum: -489.31
1999-03-11,VHI,-489.31,-489.31,-486.63,-489.31,3833,open below minimum: -489.31; high below minimum: -489.31; low below minimum: -486.63; close below minimum: -489.31
1999-03-12,VHI,-489.31,-489.31,-470.59,-470.59,11986,open below minimum: -489.31; high below minimum: -489.31; low below minimum: -470.59; close below minimum: -470.59
1999-03-15,VHI,-472.74,-475.43,-472.74,-472.74,5719,open below minimum: -472.74; high below minimum: -475.43; low below minimum: -472.74; close below minimum: -472.74
1999-03-16,VHI,-472.74,-478.11,-472.74,-478.11,6936,open below minimum: -472.74; high below minimum: -478.11; low below minimum: -472.74; close below minimum: -478.11
1999-03-17,VHI,-475.43,-475.43,-475.43,-475.43,2677,open below minimum: -475.43; high below minimum: -475.43; low below minimum: -475.43; close below minimum: -475.43
1999-03-18,VHI,-475.43,-478.11,-475.43,-475.43,1825,open below minimum: -475.43; high below minimum: -478.11; low below minimum: -475.43; close below minimum: -475.43
1999-03-19,VHI,-472.74,-472.74,-472.74,-472.74,1825,open below minimum: -472.74; high below minimum: -472.74; low below minimum: -472.74; close below minimum: -472.74
1999-03-22,VHI,-472.74,-510.34,-472.74,-504.97,21964,open below minimum: -472.74; high below minimum: -510.34; low below minimum: -472.74; close below minimum: -504.97
1999-03-23,VHI,-504.97,-513.03,-502.29,-502.29,3833,open below minimum: -504.97; high below minimum: -513.03; low below minimum: -502.29; close below minimum: -502.29
1999-03-24,VHI,-499.6,-499.6,-499.6,-499.6,1217,open below minimum: -499.6; high below minimum: -499.6; low below minimum: -499.6; close below minimum: -499.6
1999-03-25,VHI,-491.54,-499.6,-483.48,-499.6,3225,open below minimum: -491.54; high below minimum: -499.6; low below minimum: -483.48; close below minimum: -499.6
1999-03-26,VHI,-494.23,-496.91,-486.17,-486.17,5232,open below minimum: -494.23; high below minimum: -496.91; low below minimum: -486.17; close below minimum: -486.17
1999-03-29,VHI,-483.48,-488.86,-483.48,-483.48,6388,open below minimum: -483.48; high below minimum: -488.86; low below minimum: -483.48; close below minimum: -483.48
1999-03-30,VHI,-478.11,-486.17,-478.11,-483.48,4746,open below minimum: -478.11; high below minimum: -486.17; low below minimum: -478.11; close below minimum: -483.48
1999-03-31,VHI,-488.86,-491.54,-488.86,-488.86,4502,open below minimum: -488.86; high below minimum: -491.54; low below minimum: -488.86; close below minimum: -488.86
1999-04-01,VHI,-483.48,-491.54,-483.48,-488.86,2495,open below minimum: -483.48; high below minimum: -491.54; low below minimum: -483.48; close below minimum: -488.86
1999-04-05,VHI,-488.86,-491.54,-488.86,-491.54,1704,open below minimum: -488.86; high below minimum: -491.54; low below minimum: -488.86; close below minimum: -491.54
1999-04-06,VHI,-491.54,-491.54,-478.11,-478.11,8335,open below minimum: -491.54; high below minimum: -491.54; low below minimum: -478.11; close below minimum: -478.11
1999-04-07,VHI,-475.43,-480.8,-472.74,-478.11,1582,open below minimum: -475.43; high below minimum: -480.8; low below minimum: -472.74; close below minimum: -478.11
1999-04-08,VHI,-483.48,-483.48,-483.48,-483.48,183,open below minimum: -483.48; high below minimum: -483.48; low below minimum: -483.48; close below minimum: -483.48
1999-04-09,VHI,-483.48,-488.86,-480.8,-488.86,2495,open below minimum: -483.48; high below minimum: -488.86; low below minimum: -480.8; close below minimum: -488.86
1999-04-12,VHI,-483.48,-494.23,-480.8,-488.86,9735,open below minimum: -483.48; high below minimum: -494.23; low below minimum: -480.8; close below minimum: -488.86
1999-04-13,VHI,-491.54,-494.23,-488.86,-494.23,2069,open below minimum: -491.54; high below minimum: -494.23; low below minimum: -488.86; close below minimum: -494.23
1999-04-14,VHI,-491.54,-499.6,-491.54,-499.6,3103,open below minimum: -491.54; high below minimum: -499.6; low below minimum: -491.54; close below minimum: -499.6
1999-04-15,VHI,-499.6,-499.6,-496.91,-496.91,426,open below minimum: -499.6; high below minimum: -499.6; low below minimum: -496.91; close below minimum: -496.91
1999-04-16,VHI,-496.91,-499.6,-496.91,-499.6,1095,open below minimum: -496.91; high below minimum: -499.6; low below minimum: -496.91; close below minimum: -499.6
1999-04-19,VHI,-504.97,-510.34,-504.97,-507.66,2981,open below minimum: -504.97; high below minimum: -510.34; low below minimum: -504.97; close below minimum: -507.66
1999-04-20,VHI,-510.34,-515.72,-502.29,-515.72,8883,open below minimum: -510.34; high below minimum: -515.72; low below minimum: -502.29; close below minimum: -515.72
1999-04-21,VHI,-515.72,-515.72,-513.03,-515.72,973,open below minimum: -515.72; high below minimum: -515.72; low below minimum: -513.03; close below minimum: -515.72
1999-04-22,VHI,-515.72,-515.72,-499.6,-502.29,1825,open below minimum: -515.72; high below minimum: -515.72; low below minimum: -499.6; close below minimum: -502.29
1999-04-23,VHI,-496.91,-507.66,-494.23,-507.66,3346,open below minimum: -496.91; high below minimum: -507.66; low below minimum: -494.23; close below minimum: -507.66
1999-04-26,VHI,-502.29,-502.29,-502.29,-502.29,426,open below minimum: -502.29; high below minimum: -502.29; low below minimum: -502.29; close below minimum: -502.29
1999-04-27,VHI,-502.29,-507.66,-502.29,-507.66,2069,open below minimum: -502.29; high below minimum: -507.66; low below minimum: -502.29; close below minimum: -507.66
1999-04-28,VHI,-507.66,-507.66,-496.91,-496.91,1764,open below minimum: -507.66; high below minimum: -507.66; low below minimum: -496.91; close below minimum: -496.91
1999-04-29,VHI,-502.29,-502.29,-480.8,-480.8,10952,open below minimum: -502.29; high below minimum: -502.29; low below minimum: -480.8; close below minimum: -480.8
1999-04-30,VHI,-486.17,-526.46,-486.17,-521.09,29387,open below minimum: -486.17; high below minimum: -526.46; low below minimum: -486.17; close below minimum: -521.09
1999-05-03,VHI,-521.09,-526.46,-515.72,-515.72,4320,open below minimum: -521.09; high below minimum: -526.46; low below minimum: -515.72; close below minimum: -515.72
1999-05-04,VHI,-515.72,-529.15,-515.72,-515.72,9370,open below minimum: -515.72; high below minimum: -529.15; low below minimum: -515.72; close below minimum: -515.72
1999-05-05,VHI,-515.72,-515.72,-499.6,-499.6,2190,open below minimum: -515.72; high below minimum: -515.72; low below minimum: -499.6; close below minimum: -499.6
1999-05-06,VHI,-504.97,-504.97,-504.97,-504.97,61,open below minimum: -504.97; high below minimum: -504.97; low below minimum: -504.97; close below minimum: -504.97
1999-05-07,VHI,-499.6,-499.6,-483.48,-483.48,3894,open below minimum: -499.6; high below minimum: -499.6; low below minimum: -483.48; close below minimum: -483.48
1999-05-10,VHI,-483.48,-488.86,-483.48,-488.86,669,open below minimum: -483.48; high below minimum: -488.86; low below minimum: -483.48; close below minimum: -488.86
1999-05-11,VHI,-488.86,-494.23,-488.86,-494.23,730,open below minimum: -488.86; high below minimum: -494.23; low below minimum: -488.86; close below minimum: -494.23
1999-05-12,VHI,-494.23,-494.23,-491.54,-491.54,304,open below minimum: -494.23; high below minimum: -494.23; low below minimum: -491.54; close below minimum: -491.54
1999-05-13,VHI,-494.23,-494.23,-491.54,-491.54,1582,open below minimum: -494.23; high below minimum: -494.23; low below minimum: -491.54; close below minimum: -491.54
1999-05-14,VHI,-488.86,-494.23,-488.86,-491.54,2434,open below minimum: -488.86; high below minimum: -494.23; low below minimum: -488.86; close below minimum: -491.54
1999-05-17,VHI,-486.17,-486.17,-480.8,-483.48,1156,open below minimum: -486.17; high below minimum: -486.17; low below minimum: -480.8; close below minimum: -483.48
1999-05-18,VHI,-483.48,-483.48,-478.11,-478.11,730,open below minimum: -483.48; high below minimum: -483.48; low below minimum: -478.11; close below minimum: -478.11
1999-05-19,VHI,-478.11,-478.11,-462.0,-462.0,5780,open below minimum: -478.11; high below minimum: -478.11; low below minimum: -462.0; close below minimum: -462.0
1999-05-20,VHI,-467.37,-475.43,-467.37,-472.74,4807,open below minimum: -467.37; high below minimum: -475.43; low below minimum: -467.37; close below minimum: -472.74
1999-05-21,VHI,-478.11,-483.48,-478.11,-480.8,1825,open below minimum: -478.11; high below minimum: -483.48; low below minimum: -478.11; close below minimum: -480.8
1999-05-24,VHI,-483.48,-483.48,-480.8,-480.8,426,open below minimum: -483.48; high below minimum: -483.48; low below minimum: -480.8; close below minimum: -480.8
1999-05-25,VHI,-486.17,-491.54,-483.48,-486.17,2860,open below minimum: -486.17; high below minimum: -491.54; low below minimum: -483.48; close below minimum: -486.17
1999-05-26,VHI,-483.48,-494.23,-483.48,-491.54,13142,open below minimum: -483.48; high below minimum: -494.23; low below minimum: -483.48; close below minimum: -491.54
1999-05-27,VHI,-488.86,-499.6,-486.17,-499.6,4563,open below minimum: -488.86; high below minimum: -499.6; low below minimum: -486.17; close below minimum: -499.6
1999-05-28,VHI,-491.54,-507.66,-472.74,-507.66,42894,open below minimum: -491.54; high below minimum: -507.66; low below minimum: -472.74; close below minimum: -507.66
1999-06-01,VHI,-502.29,-502.29,-480.8,-483.48,3529,open below minimum: -502.29; high below minimum: -502.29; low below minimum: -480.8; close below minimum: -483.48
1999-06-02,VHI,-488.86,-504.97,-488.86,-494.23,12412,open below minimum: -488.86; high below minimum: -504.97; low below minimum: -488.86; close below minimum: -494.23
1999-06-03,VHI,-494.23,-515.72,-494.23,-515.72,12594,open below minimum: -494.23; high below minimum: -515.72; low below minimum: -494.23; close below minimum: -515.72
1999-06-04,VHI,-517.87,-517.87,-509.78,-515.18,17401,open below minimum: -517.87; high below minimum: -517.87; low below minimum: -509.78; close below minimum: -515.18
1999-06-07,VHI,-509.78,-509.78,-496.3,-498.99,2129,open below minimum: -509.78; high below minimum: -509.78; low below minimum: -496.3; close below minimum: -498.99
1999-06-08,VHI,-485.51,-485.51,-485.51,-485.51,61572,open below minimum: -485.51; high below minimum: -485.51; low below minimum: -485.51; close below minimum: -485.51
1999-06-09,VHI,-490.9,-496.3,-490.9,-496.3,2190,open below minimum: -490.9; high below minimum: -496.3; low below minimum: -490.9; close below minimum: -496.3
1999-06-10,VHI,-493.6,-498.99,-493.6,-498.99,608,open below minimum: -493.6; high below minimum: -498.99; low below minimum: -493.6; close below minimum: -498.99
1999-06-11,VHI,-496.3,-496.3,-493.6,-493.6,852,open below minimum: -496.3; high below minimum: -496.3; low below minimum: -493.6; close below minimum: -493.6
1999-06-14,VHI,-488.2,-488.2,-469.32,-474.72,5415,open below minimum: -488.2; high below minimum: -488.2; low below minimum: -469.32; close below minimum: -474.72
1999-06-15,VHI,-482.81,-482.81,-480.11,-480.11,608,open below minimum: -482.81; high below minimum: -482.81; low below minimum: -480.11; close below minimum: -480.11
1999-06-16,VHI,-480.11,-482.81,-480.11,-482.81,2495,open below minimum: -480.11; high below minimum: -482.81; low below minimum: -480.11; close below minimum: -482.81
1999-06-17,VHI,-485.51,-490.9,-485.51,-488.2,3772,open below minimum: -485.51; high below minimum: -490.9; low below minimum: -485.51; close below minimum: -488.2
1999-06-18,VHI,-493.6,-493.6,-490.9,-490.9,3711,open below minimum: -493.6; high below minimum: -493.6; low below minimum: -490.9; close below minimum: -490.9
1999-06-21,VHI,-490.9,-490.9,-485.51,-490.9,2069,open below minimum: -490.9; high below minimum: -490.9; low below minimum: -485.51; close below minimum: -490.9
1999-06-22,VHI,-488.2,-490.9,-485.51,-485.51,1217,open below minimum: -488.2; high below minimum: -490.9; low below minimum: -485.51; close below minimum: -485.51
1999-06-23,VHI,-485.51,-485.51,-463.93,-463.93,20747,open below minimum: -485.51; high below minimum: -485.51; low below minimum: -463.93; close below minimum: -463.93
1999-06-24,VHI,-466.63,-474.72,-466.63,-474.72,9978,open below minimum: -466.63; high below minimum: -474.72; low below minimum: -466.63; close below minimum: -474.72
1999-06-25,VHI,-474.72,-480.11,-474.72,-477.42,1643,open below minimum: -474.72; high below minimum: -480.11; low below minimum: -474.72; close below minimum: -477.42
1999-06-28,VHI,-477.42,-512.48,-477.42,-509.78,7970,open below minimum: -477.42; high below minimum: -512.48; low below minimum: -477.42; close below minimum: -509.78
1999-06-29,VHI,-512.48,-517.87,-507.09,-517.87,4807,open below minimum: -512.48; high below minimum: -517.87; low below minimum: -507.09; close below minimum: -517.87
1999-06-30,VHI,-512.48,-512.48,-480.11,-480.11,20808,open below minimum: -512.48; high below minimum: -512.48; low below minimum: -480.11; close below minimum: -480.11
1999-07-01,VHI,-485.51,-488.2,-482.81,-488.2,1582,open below minimum: -485.51; high below minimum: -488.2; low below minimum: -482.81; close below minimum: -488.2
1999-07-02,VHI,-488.2,-488.2,-488.2,-488.2,122,open below minimum: -488.2; high below minimum: -488.2; low below minimum: -488.2; close below minimum: -488.2
1999-07-06,VHI,-480.11,-480.11,-474.72,-474.72,9613,open below minimum: -480.11; high below minimum: -480.11; low below minimum: -474.72; close below minimum: -474.72
1999-07-07,VHI,-474.72,-474.72,-472.02,-474.72,9248,open below minimum: -474.72; high below minimum: -474.72; low below minimum: -472.02; close below minimum: -474.72
1999-07-08,VHI,-480.11,-480.11,-474.72,-480.11,66987,open below minimum: -480.11; high below minimum: -480.11; low below minimum: -474.72; close below minimum: -480.11
1999-07-09,VHI,-482.81,-482.81,-477.42,-477.42,49100,open below minimum: -482.81; high below minimum: -482.81; low below minimum: -477.42; close below minimum: -477.42
1999-07-12,VHI,-477.42,-477.42,-474.72,-477.42,16184,open below minimum: -477.42; high below minimum: -477.42; low below minimum: -474.72; close below minimum: -477.42
1999-07-13,VHI,-480.11,-480.11,-477.42,-477.42,1034,open below minimum: -480.11; high below minimum: -480.11; low below minimum: -477.42; close below minimum: -477.42
1999-07-14,VHI,-482.81,-515.18,-482.81,-515.18,22572,open below minimum: -482.81; high below minimum: -515.18; low below minimum: -482.81; close below minimum: -515.18
1999-07-15,VHI,-517.87,-555.64,-512.48,-555.64,32246,open below minimum: -517.87; high below minimum: -555.64; low below minimum: -512.48; close below minimum: -555.64
1999-07-16,VHI,-555.64,-555.64,-525.97,-525.97,2860,open below minimum: -555.64; high below minimum: -555.64; low below minimum: -525.97; close below minimum: -525.97
1999-07-19,VHI,-528.66,-604.19,-528.66,-604.19,23546,open below minimum: -528.66; high below minimum: -604.19; low below minimum: -528.66; close below minimum: -604.19
1999-07-20,VHI,-604.19,-604.19,-582.61,-601.49,21112,open below minimum: -604.19; high below minimum: -604.19; low below minimum: -582.61; close below minimum: -601.49
1999-07-21,VHI,-596.09,-596.09,-571.82,-588.0,13385,open below minimum: -596.09; high below minimum: -596.09; low below minimum: -571.82; close below minimum: -588.0
1999-07-22,VHI,-588.0,-588.0,-582.61,-582.61,365,open below minimum: -588.0; high below minimum: -588.0; low below minimum: -582.61; close below minimum: -582.61
1999-07-23,VHI,-574.52,-574.52,-558.33,-561.03,5780,open below minimum: -574.52; high below minimum: -574.52; low below minimum: -558.33; close below minimum: -561.03
1999-07-26,VHI,-558.33,-558.33,-534.06,-534.06,4563,open below minimum: -558.33; high below minimum: -558.33; low below minimum: -534.06; close below minimum: -534.06
1999-07-27,VHI,-534.06,-536.76,-528.66,-528.66,1643,open below minimum: -534.06; high below minimum: -536.76; low below minimum: -528.66; close below minimum: -528.66
1999-07-28,VHI,-528.66,-528.66,-525.97,-525.97,426,open below minimum: -528.66; high below minimum: -528.66; low below minimum: -525.97; close below minimum: -525.97
1999-07-29,VHI,-520.57,-520.57,-515.18,-515.18,2069,open below minimum: -520.57; high below minimum: -520.57; low below minimum: -515.18; close below minimum: -515.18
1999-07-30,VHI,-515.18,-517.87,-515.18,-517.87,1825,open below minimum: -515.18; high below minimum: -517.87; low below minimum: -515.18; close below minimum: -517.87
1999-08-02,VHI,-512.48,-512.48,-512.48,-512.48,1217,open below minimum: -512.48; high below minimum: -512.48; low below minimum: -512.48; close below minimum: -512.48
1999-08-03,VHI,-507.09,-509.78,-501.69,-509.78,9552,open below minimum: -507.09; high below minimum: -509.78; low below minimum: -501.69; close below minimum: -509.78
1999-08-04,VHI,-509.78,-509.78,-509.78,-509.78,61,open below minimum: -509.78; high below minimum: -509.78; low below minimum: -509.78; close below minimum: -509.78
1999-08-05,VHI,-507.09,-507.09,-490.9,-490.9,1156,open below minimum: -507.09; high below minimum: -507.09; low below minimum: -490.9; close below minimum: -490.9
1999-08-06,VHI,-490.9,-490.9,-488.2,-488.2,1460,open below minimum: -490.9; high below minimum: -490.9; low below minimum: -488.2; close below minimum: -488.2
1999-08-09,VHI,-493.6,-507.09,-493.6,-504.39,8092,open below minimum: -493.6; high below minimum: -507.09; low below minimum: -493.6; close below minimum: -504.39
1999-08-10,VHI,-507.09,-512.48,-507.09,-512.48,426,open below minimum: -507.09; high below minimum: -512.48; low below minimum: -507.09; close below minimum: -512.48
1999-08-11,VHI,-512.48,-512.48,-512.48,-512.48,122,open below minimum: -512.48; high below minimum: -512.48; low below minimum: -512.48; close below minimum: -512.48
1999-08-12,VHI,-509.78,-509.78,-504.39,-507.09,6753,open below minimum: -509.78; high below minimum: -509.78; low below minimum: -504.39; close below minimum: -507.09
1999-08-13,VHI,-504.39,-512.48,-504.39,-509.78,12351,open below minimum: -504.39; high below minimum: -512.48; low below minimum: -504.39; close below minimum: -509.78
1999-08-16,VHI,-501.69,-515.18,-493.6,-498.99,8214,open below minimum: -501.69; high below minimum: -515.18; low below minimum: -493.6; close below minimum: -498.99
1999-08-17,VHI,-496.3,-496.3,-496.3,-496.3,122,open below minimum: -496.3; high below minimum: -496.3; low below minimum: -496.3; close below minimum: -496.3
1999-08-18,VHI,-496.3,-501.69,-496.3,-501.69,669,open below minimum: -496.3; high below minimum: -501.69; low below minimum: -496.3; close below minimum: -501.69
1999-08-19,VHI,-498.99,-498.99,-490.9,-490.9,18435,open below minimum: -498.99; high below minimum: -498.99; low below minimum: -490.9; close below minimum: -490.9
1999-08-20,VHI,-496.3,-496.3,-490.9,-493.6,608,open below minimum: -496.3; high below minimum: -496.3; low below minimum: -490.9; close below minimum: -493.6
1999-08-23,VHI,-490.9,-496.3,-490.9,-496.3,669,open below minimum: -490.9; high below minimum: -496.3; low below minimum: -490.9; close below minimum: -496.3
1999-08-24,VHI,-496.3,-496.3,-496.3,-496.3,15211,open below minimum: -496.3; high below minimum: -496.3; low below minimum: -496.3; close below minimum: -496.3
1999-08-25,VHI,-490.9,-501.69,-490.9,-501.69,1521,open below minimum: -490.9; high below minimum: -501.69; low below minimum: -490.9; close below minimum: -501.69
1999-08-26,VHI,-507.09,-507.09,-507.09,-507.09,1704,open below minimum: -507.09; high below minimum: -507.09; low below minimum: -507.09; close below minimum: -507.09
1999-08-27,VHI,-501.69,-504.39,-501.69,-504.39,426,open below minimum: -501.69; high below minimum: -504.39; low below minimum: -501.69; close below minimum: -504.39
1999-08-30,VHI,-504.39,-504.39,-488.2,-488.2,1521,open below minimum: -504.39; high below minimum: -504.39; low below minimum: -488.2; close below minimum: -488.2
1999-08-31,VHI,-488.2,-488.2,-488.2,-488.2,243,open below minimum: -488.2; high below minimum: -488.2; low below minimum: -488.2; close below minimum: -488.2
1999-09-01,VHI,-482.81,-482.81,-480.11,-480.11,1156,open below minimum: -482.81; high below minimum: -482.81; low below minimum: -480.11; close below minimum: -480.11
1999-09-02,VHI,-480.11,-480.11,-477.42,-480.11,1217,open below minimum: -480.11; high below minimum: -480.11; low below minimum: -477.42; close below minimum: -480.11
1999-09-03,VHI,-477.42,-477.42,-477.42,-477.42,183,open below minimum: -477.42; high below minimum: -477.42; low below minimum: -477.42; close below minimum: -477.42
1999-09-07,VHI,-477.42,-493.6,-477.42,-493.6,4867,open below minimum: -477.42; high below minimum: -493.6; low below minimum: -477.42; close below minimum: -493.6
1999-09-08,VHI,-487.64,-487.64,-476.8,-476.8,1156,open below minimum: -487.64; high below minimum: -487.64; low below minimum: -476.8; close below minimum: -476.8
1999-09-09,VHI,-476.8,-476.8,-476.8,-476.8,14420,open below minimum: -476.8; high below minimum: -476.8; low below minimum: -476.8; close below minimum: -476.8
1999-09-10,VHI,-476.8,-476.8,-476.8,-476.8,6388,open below minimum: -476.8; high below minimum: -476.8; low below minimum: -476.8; close below minimum: -476.8
1999-09-13,VHI,-476.8,-476.8,-476.8,-476.8,0,open below minimum: -476.8; high below minimum: -476.8; low below minimum: -476.8; close below minimum: -476.8
1999-09-14,VHI,-474.09,-474.09,-474.09,-474.09,365,open below minimum: -474.09; high below minimum: -474.09; low below minimum: -474.09; close below minimum: -474.09
1999-09-15,VHI,-476.8,-479.51,-476.8,-479.51,4685,open below minimum: -476.8; high below minimum: -479.51; low below minimum: -476.8; close below minimum: -479.51
1999-09-16,VHI,-479.51,-479.51,-474.09,-474.09,8822,open below minimum: -479.51; high below minimum: -479.51; low below minimum: -474.09; close below minimum: -474.09
1999-09-17,VHI,-474.09,-476.8,-474.09,-476.8,669,open below minimum: -474.09; high below minimum: -476.8; low below minimum: -474.09; close below minimum: -476.8
1999-09-20,VHI,-476.8,-476.8,-476.8,-476.8,0,open below minimum: -476.8; high below minimum: -476.8; low below minimum: -476.8; close below minimum: -476.8
1999-09-21,VHI,-474.09,-476.8,-474.09,-476.8,608,open below minimum: -474.09; high below minimum: -476.8; low below minimum: -474.09; close below minimum: -476.8
1999-09-22,VHI,-474.09,-482.22,-474.09,-482.22,669,open below minimum: -474.09; high below minimum: -482.22; low below minimum: -474.09; close below minimum: -482.22
1999-09-23,VHI,-479.51,-479.51,-474.09,-474.09,1217,open below minimum: -479.51; high below minimum: -479.51; low below minimum: -474.09; close below minimum: -474.09
1999-09-24,VHI,-479.51,-479.51,-479.51,-479.51,548,open below minimum: -479.51; high below minimum: -479.51; low below minimum: -479.51; close below minimum: -479.51
1999-09-27,VHI,-479.51,-479.51,-479.51,-479.51,0,open below minimum: -479.51; high below minimum: -479.51; low below minimum: -479.51; close below minimum: -479.51
1999-09-28,VHI,-487.64,-487.64,-487.64,-487.64,2434,open below minimum: -487.64; high below minimum: -487.64; low below minimum: -487.64; close below minimum: -487.64
1999-09-29,VHI,-484.93,-484.93,-476.8,-479.51,2738,open below minimum: -484.93; high below minimum: -484.93; low below minimum: -476.8; close below minimum: -479.51
1999-09-30,VHI,-474.09,-474.09,-471.38,-471.38,32611,open below minimum: -474.09; high below minimum: -474.09; low below minimum: -471.38; close below minimum: -471.38
1999-10-01,VHI,-474.09,-476.8,-463.26,-463.26,16732,open below minimum: -474.09; high below minimum: -476.8; low below minimum: -463.26; close below minimum: -463.26
1999-10-04,VHI,-465.97,-465.97,-465.97,-465.97,2616,open below minimum: -465.97; high below minimum: -465.97; low below minimum: -465.97; close below minimum: -465.97
1999-10-05,VHI,-465.97,-468.68,-465.97,-468.68,1217,open below minimum: -465.97; high below minimum: -468.68; low below minimum: -465.97; close below minimum: -468.68
1999-10-06,VHI,-468.68,-474.09,-465.97,-474.09,3407,open below minimum: -468.68; high below minimum: -474.09; low below minimum: -465.97; close below minimum: -474.09
1999-10-07,VHI,-471.38,-487.64,-471.38,-487.64,2616,open below minimum: -471.38; high below minimum: -487.64; low below minimum: -471.38; close below minimum: -487.64
1999-10-08,VHI,-487.64,-493.06,-487.64,-493.06,608,open below minimum: -487.64; high below minimum: -493.06; low below minimum: -487.64; close below minimum: -493.06
1999-10-11,VHI,-493.06,-493.06,-493.06,-493.06,0,open below minimum: -493.06; high below minimum: -493.06; low below minimum: -493.06; close below minimum: -493.06
1999-10-12,VHI,-490.35,-493.06,-490.35,-490.35,426,open below minimum: -490.35; high below minimum: -493.06; low below minimum: -490.35; close below minimum: -490.35
1999-10-13,VHI,-490.35,-490.35,-484.93,-484.93,973,open below minimum: -490.35; high below minimum: -490.35; low below minimum: -484.93; close below minimum: -484.93
1999-10-14,VHI,-482.22,-482.22,-482.22,-482.22,243,open below minimum: -482.22; high below minimum: -482.22; low below minimum: -482.22; close below minimum: -482.22
1999-10-15,VHI,-482.22,-482.22,-482.22,-482.22,122,open below minimum: -482.22; high below minimum: -482.22; low below minimum: -482.22; close below minimum: -482.22
1999-10-18,VHI,-482.22,-484.93,-482.22,-484.93,1825,open below minimum: -482.22; high below minimum: -484.93; low below minimum: -482.22; close below minimum: -484.93
1999-10-19,VHI,-479.51,-479.51,-468.68,-468.68,2251,open below minimum: -479.51; high below minimum: -479.51; low below minimum: -468.68; close below minimum: -468.68
1999-10-20,VHI,-468.68,-468.68,-465.97,-468.68,5841,open below minimum: -468.68; high below minimum: -468.68; low below minimum: -465.97; close below minimum: -468.68
1999-10-21,VHI,-468.67,-468.67,-465.97,-465.97,304,open below minimum: -468.67; high below minimum: -468.67; low below minimum: -465.97; close below minimum: -465.97
1999-10-22,VHI,-465.97,-465.97,-465.97,-465.97,852,open below minimum: -465.97; high below minimum: -465.97; low below minimum: -465.97; close below minimum: -465.97
1999-10-25,VHI,-465.97,-465.97,-465.97,-465.97,183,open below minimum: -465.97; high below minimum: -465.97; low below minimum: -465.97; close below minimum: -465.97
1999-10-26,VHI,-465.97,-465.97,-465.97,-465.97,4746,open below minimum: -465.97; high below minimum: -465.97; low below minimum: -465.97; close below minimum: -465.97
1999-10-27,VHI,-465.97,-465.97,-465.97,-465.97,973,open below minimum: -465.97; high below minimum: -465.97; low below minimum: -465.97; close below minimum: -465.97
1999-10-28,VHI,-465.97,-465.97,-465.97,-465.97,61,open below minimum: -465.97; high below minimum: -465.97; low below minimum: -465.97; close below minimum: -465.97
1999-10-29,VHI,-465.97,-468.68,-465.97,-468.68,183,open below minimum: -465.97; high below minimum: -468.68; low below minimum: -465.97; close below minimum: -468.68
1999-11-01,VHI,-474.09,-476.8,-474.09,-476.8,365,open below minimum: -474.09; high below minimum: -476.8; low below minimum: -474.09; close below minimum: -476.8
1999-11-02,VHI,-476.8,-476.8,-471.38,-471.38,4989,open below minimum: -476.8; high below minimum: -476.8; low below minimum: -471.38; close below minimum: -471.38
1999-11-03,VHI,-471.38,-471.38,-471.38,-471.38,243,open below minimum: -471.38; high below minimum: -471.38; low below minimum: -471.38; close below minimum: -471.38
1999-11-04,VHI,-471.38,-482.22,-471.38,-479.51,1278,open below minimum: -471.38; high below minimum: -482.22; low below minimum: -471.38; close below minimum: -479.51
1999-11-05,VHI,-479.51,-479.51,-479.51,-479.51,0,open below minimum: -479.51; high below minimum: -479.51; low below minimum: -479.51; close below minimum: -479.51
1999-11-08,VHI,-479.51,-482.22,-479.51,-482.22,852,open below minimum: -479.51; high below minimum: -482.22; low below minimum: -479.51; close below minimum: -482.22
1999-11-09,VHI,-487.64,-514.73,-487.64,-493.06,11134,open below minimum: -487.64; high below minimum: -514.73; low below minimum: -487.64; close below minimum: -493.06
1999-11-10,VHI,-493.06,-493.06,-493.06,-493.06,304,open below minimum: -493.06; high below minimum: -493.06; low below minimum: -493.06; close below minimum: -493.06
1999-11-11,VHI,-487.64,-487.64,-487.64,-487.64,3042,open below minimum: -487.64; high below minimum: -487.64; low below minimum: -487.64; close below minimum: -487.64
1999-11-12,VHI,-482.22,-482.22,-482.22,-482.22,7605,open below minimum: -482.22; high below minimum: -482.22; low below minimum: -482.22; close below minimum: -482.22
1999-11-15,VHI,-479.51,-479.51,-479.51,-479.51,608,open below minimum: -479.51; high below minimum: -479.51; low below minimum: -479.51; close below minimum: -479.51
1999-11-16,VHI,-479.51,-480.87,-479.51,-479.51,9187,open below minimum: -479.51; high below minimum: -480.87; low below minimum: -479.51; close below minimum: -479.51
1999-11-17,VHI,-476.8,-479.51,-468.68,-479.51,3711,open below minimum: -476.8; high below minimum: -479.51; low below minimum: -468.68; close below minimum: -479.51
1999-11-18,VHI,-476.8,-476.8,-465.97,-474.09,1582,open below minimum: -476.8; high below minimum: -476.8; low below minimum: -465.97; close below minimum: -474.09
1999-11-19,VHI,-471.38,-471.38,-468.68,-468.68,1217,open below minimum: -471.38; high below minimum: -471.38; low below minimum: -468.68; close below minimum: -468.68
1999-11-22,VHI,-468.67,-468.67,-465.97,-465.97,852,open below minimum: -468.67; high below minimum: -468.67; low below minimum: -465.97; close below minimum: -465.97
1999-11-23,VHI,-468.67,-468.67,-465.97,-465.97,1521,open below minimum: -468.67; high below minimum: -468.67; low below minimum: -465.97; close below minimum: -465.97
1999-11-24,VHI,-465.97,-465.97,-465.97,-465.97,6023,open below minimum: -465.97; high below minimum: -465.97; low below minimum: -465.97; close below minimum: -465.97
1999-11-26,VHI,-465.97,-465.97,-465.97,-465.97,0,open below minimum: -465.97; high below minimum: -465.97; low below minimum: -465.97; close below minimum: -465.97
1999-11-29,VHI,-465.97,-465.97,-465.97,-465.97,11438,open below minimum: -465.97; high below minimum: -465.97; low below minimum: -465.97; close below minimum: -465.97
1999-11-30,VHI,-465.97,-468.68,-465.97,-468.68,608,open below minimum: -465.97; high below minimum: -468.68; low below minimum: -465.97; close below minimum: -468.68
1999-12-01,VHI,-471.38,-471.38,-460.55,-463.26,17157,open below minimum: -471.38; high below minimum: -471.38; low below minimum: -460.55; close below minimum: -463.26
1999-12-02,VHI,-460.55,-465.97,-460.55,-465.97,12412,open below minimum: -460.55; high below minimum: -465.97; low below minimum: -460.55; close below minimum: -465.97
1999-12-03,VHI,-460.55,-465.97,-460.55,-465.97,3042,open below minimum: -460.55; high below minimum: -465.97; low below minimum: -460.55; close below minimum: -465.97
1999-12-06,VHI,-463.26,-465.97,-460.55,-465.97,1278,open below minimum: -463.26; high below minimum: -465.97; low below minimum: -460.55; close below minimum: -465.97
1999-12-07,VHI,-463.26,-468.68,-463.26,-468.68,487,open below minimum: -463.26; high below minimum: -468.68; low below minimum: -463.26; close below minimum: -468.68
1999-12-08,VHI,-462.69,-462.69,-462.69,-462.69,730,open below minimum: -462.69; high below minimum: -462.69; low below minimum: -462.69; close below minimum: -462.69
1999-12-09,VHI,-468.13,-473.57,-468.13,-473.57,913,open below minimum: -468.13; high below minimum: -473.57; low below minimum: -468.13; close below minimum: -473.57
1999-12-10,VHI,-473.57,-473.57,-473.57,-473.57,61,open below minimum: -473.57; high below minimum: -473.57; low below minimum: -473.57; close below minimum: -473.57
1999-12-13,VHI,-470.85,-470.85,-470.85,-470.85,365,open below minimum: -470.85; high below minimum: -470.85; low below minimum: -470.85; close below minimum: -470.85
1999-12-14,VHI,-470.85,-473.57,-470.85,-470.85,1339,open below minimum: -470.85; high below minimum: -473.57; low below minimum: -470.85; close below minimum: -470.85
1999-12-15,VHI,-470.85,-470.85,-462.69,-462.69,6328,open below minimum: -470.85; high below minimum: -470.85; low below minimum: -462.69; close below minimum: -462.69
1999-12-16,VHI,-462.69,-462.69,-462.69,-462.69,730,open below minimum: -462.69; high below minimum: -462.69; low below minimum: -462.69; close below minimum: -462.69
1999-12-17,VHI,-468.13,-468.13,-468.13,-468.13,548,open below minimum: -468.13; high below minimum: -468.13; low below minimum: -468.13; close below minimum: -468.13
1999-12-20,VHI,-462.69,-476.3,-462.69,-476.3,2008,open below minimum: -462.69; high below minimum: -476.3; low below minimum: -462.69; close below minimum: -476.3
1999-12-21,VHI,-476.3,-489.9,-470.85,-479.02,7849,open below minimum: -476.3; high below minimum: -489.9; low below minimum: -470.85; close below minimum: -479.02
1999-12-22,VHI,-479.02,-479.02,-457.24,-462.69,4928,open below minimum: -479.02; high below minimum: -479.02; low below minimum: -457.24; close below minimum: -462.69
1999-12-23,VHI,-459.97,-459.97,-457.24,-457.24,1156,open below minimum: -459.97; high below minimum: -459.97; low below minimum: -457.24; close below minimum: -457.24
1999-12-27,VHI,-454.52,-454.52,-449.08,-449.08,9126,open below minimum: -454.52; high below minimum: -454.52; low below minimum: -449.08; close below minimum: -449.08
1999-12-28,VHI,-454.52,-454.52,-443.64,-446.36,19895,open below minimum: -454.52; high below minimum: -454.52; low below minimum: -443.64; close below minimum: -446.36
1999-12-29,VHI,-446.36,-446.36,-446.36,-446.36,61,open below minimum: -446.36; high below minimum: -446.36; low below minimum: -446.36; close below minimum: -446.36
1999-12-30,VHI,-446.36,-446.36,-446.36,-446.36,122,open below minimum: -446.36; high below minimum: -446.36; low below minimum: -446.36; close below minimum: -446.36
1999-12-31,VHI,-457.24,-457.24,-457.24,-457.24,1217,open below minimum: -457.24; high below minimum: -457.24; low below minimum: -457.24; close below minimum: -457.24
2000-01-03,VHI,-451.8,-451.8,-443.64,-443.64,7666,open below minimum: -451.8; high below minimum: -451.8; low below minimum: -443.64; close below minimum: -443.64
2000-01-04,VHI,-445.0,-454.52,-445.0,-454.52,1460,open below minimum: -445.0; high below minimum: -454.52; low below minimum: -445.0; close below minimum: -454.52
2000-01-05,VHI,-454.52,-454.52,-454.52,-454.52,0,open below minimum: -454.52; high below minimum: -454.52; low below minimum: -454.52; close below minimum: -454.52
2000-01-06,VHI,-454.52,-454.52,-451.8,-451.8,365,open below minimum: -454.52; high below minimum: -454.52; low below minimum: -451.8; close below minimum: -451.8
2000-01-07,VHI,-457.24,-462.69,-457.24,-462.69,487,open below minimum: -457.24; high below minimum: -462.69; low below minimum: -457.24; close below minimum: -462.69
2000-01-10,VHI,-468.13,-468.13,-468.13,-468.13,365,open below minimum: -468.13; high below minimum: -468.13; low below minimum: -468.13; close below minimum: -468.13
2000-01-11,VHI,-462.69,-468.13,-462.69,-468.13,3346,open below minimum: -462.69; high below minimum: -468.13; low below minimum: -462.69; close below minimum: -468.13
2000-01-12,VHI,-473.57,-484.46,-473.57,-484.46,3529,open below minimum: -473.57; high below minimum: -484.46; low below minimum: -473.57; close below minimum: -484.46
2000-01-13,VHI,-481.74,-481.74,-481.74,-481.74,2738,open below minimum: -481.74; high below minimum: -481.74; low below minimum: -481.74; close below minimum: -481.74
2000-01-14,VHI,-481.74,-487.18,-481.74,-484.46,1034,open below minimum: -481.74; high below minimum: -487.18; low below minimum: -481.74; close below minimum: -484.46
2000-01-18,VHI,-484.46,-487.18,-484.46,-487.18,183,open below minimum: -484.46; high below minimum: -487.18; low below minimum: -484.46; close below minimum: -487.18
2000-01-19,VHI,-487.18,-487.18,-487.18,-487.18,0,open below minimum: -487.18; high below minimum: -487.18; low below minimum: -487.18; close below minimum: -487.18
2000-01-20,VHI,-484.46,-484.46,-481.74,-481.74,2373,open below minimum: -484.46; high below minimum: -484.46; low below minimum: -481.74; close below minimum: -481.74
2000-01-21,VHI,-481.74,-481.74,-481.74,-481.74,1034,open below minimum: -481.74; high below minimum: -481.74; low below minimum: -481.74; close below minimum: -481.74
2000-01-24,VHI,-479.02,-479.02,-479.02,-479.02,1156,open below minimum: -479.02; high below minimum: -479.02; low below minimum: -479.02; close below minimum: -479.02
2000-01-25,VHI,-517.12,-517.12,-489.9,-489.9,11682,open below minimum: -517.12; high below minimum: -517.12; low below minimum: -489.9; close below minimum: -489.9
2000-01-26,VHI,-489.9,-489.9,-489.9,-489.9,0,open below minimum: -489.9; high below minimum: -489.9; low below minimum: -489.9; close below minimum: -489.9
2000-01-27,VHI,-489.9,-489.9,-489.9,-489.9,1399,open below minimum: -489.9; high below minimum: -489.9; low below minimum: -489.9; close below minimum: -489.9
2000-01-28,VHI,-489.9,-492.63,-489.9,-489.9,4928,open below minimum: -489.9; high below minimum: -492.63; low below minimum: -489.9; close below minimum: -489.9
2000-01-31,VHI,-489.9,-495.35,-489.9,-495.35,2677,open below minimum: -489.9; high below minimum: -495.35; low below minimum: -489.9; close below minimum: -495.35
2000-02-01,VHI,-489.9,-489.9,-489.9,-489.9,6084,open below minimum: -489.9; high below minimum: -489.9; low below minimum: -489.9; close below minimum: -489.9
2000-02-02,VHI,-492.63,-492.63,-473.57,-473.57,29691,open below minimum: -492.63; high below minimum: -492.63; low below minimum: -473.57; close below minimum: -473.57
2000-02-03,VHI,-479.02,-479.02,-479.02,-479.02,29995,open below minimum: -479.02; high below minimum: -479.02; low below minimum: -479.02; close below minimum: -479.02
2000-02-04,VHI,-484.46,-506.23,-484.46,-503.51,6328,open below minimum: -484.46; high below minimum: -506.23; low below minimum: -484.46; close below minimum: -503.51
2000-02-07,VHI,-503.51,-503.51,-503.51,-503.51,365,open below minimum: -503.51; high below minimum: -503.51; low below minimum: -503.51; close below minimum: -503.51
2000-02-08,VHI,-500.79,-503.51,-500.79,-503.51,730,open below minimum: -500.79; high below minimum: -503.51; low below minimum: -500.79; close below minimum: -503.51
2000-02-09,VHI,-498.07,-498.07,-498.07,-498.07,365,open below minimum: -498.07; high below minimum: -498.07; low below minimum: -498.07; close below minimum: -498.07
2000-02-10,VHI,-498.07,-498.07,-498.07,-498.07,426,open below minimum: -498.07; high below minimum: -498.07; low below minimum: -498.07; close below minimum: -498.07
2000-02-11,VHI,-498.07,-498.07,-498.07,-498.07,61,open below minimum: -498.07; high below minimum: -498.07; low below minimum: -498.07; close below minimum: -498.07
2000-02-14,VHI,-492.63,-492.63,-489.9,-489.9,6084,open below minimum: -492.63; high below minimum: -492.63; low below minimum: -489.9; close below minimum: -489.9
2000-02-15,VHI,-495.35,-495.35,-479.02,-495.35,31699,open below minimum: -495.35; high below minimum: -495.35; low below minimum: -479.02; close below minimum: -495.35
2000-02-16,VHI,-489.9,-498.07,-489.9,-492.63,3711,open below minimum: -489.9; high below minimum: -498.07; low below minimum: -489.9; close below minimum: -492.63
2000-02-17,VHI,-492.63,-492.63,-487.18,-487.18,1521,open below minimum: -492.63; high below minimum: -492.63; low below minimum: -487.18; close below minimum: -487.18
2000-02-18,VHI,-487.18,-487.18,-481.74,-481.74,1034,open below minimum: -487.18; high below minimum: -487.18; low below minimum: -481.74; close below minimum: -481.74
2000-02-22,VHI,-479.02,-479.02,-479.02,-479.02,7727,open below minimum: -479.02; high below minimum: -479.02; low below minimum: -479.02; close below minimum: -479.02
2000-02-23,VHI,-479.02,-479.02,-479.02,-479.02,426,open below minimum: -479.02; high below minimum: -479.02; low below minimum: -479.02; close below minimum: -479.02
2000-02-24,VHI,-479.02,-484.46,-479.02,-484.46,183,open below minimum: -479.02; high below minimum: -484.46; low below minimum: -479.02; close below minimum: -484.46
2000-02-25,VHI,-481.74,-484.46,-481.74,-484.46,243,open below minimum: -481.74; high below minimum: -484.46; low below minimum: -481.74; close below minimum: -484.46
2000-02-28,VHI,-484.46,-484.46,-484.46,-484.46,6145,open below minimum: -484.46; high below minimum: -484.46; low below minimum: -484.46; close below minimum: -484.46
2000-02-29,VHI,-481.74,-484.46,-481.74,-484.46,2616,open below minimum: -481.74; high below minimum: -484.46; low below minimum: -481.74; close below minimum: -484.46
2000-03-01,VHI,-479.02,-495.35,-479.02,-495.35,8092,open below minimum: -479.02; high below minimum: -495.35; low below minimum: -479.02; close below minimum: -495.35
2000-03-02,VHI,-492.63,-492.63,-479.02,-484.46,3711,open below minimum: -492.63; high below minimum: -492.63; low below minimum: -479.02; close below minimum: -484.46
2000-03-03,VHI,-481.74,-484.46,-479.02,-481.74,15941,open below minimum: -481.74; high below minimum: -484.46; low below minimum: -479.02; close below minimum: -481.74
2000-03-06,VHI,-481.74,-481.74,-479.02,-479.02,3833,open below minimum: -481.74; high below minimum: -481.74; low below minimum: -479.02; close below minimum: -479.02
2000-03-07,VHI,-479.02,-484.46,-479.02,-481.74,5902,open below minimum: -479.02; high below minimum: -484.46; low below minimum: -479.02; close below minimum: -481.74
2000-03-08,VHI,-479.02,-500.79,-476.3,-495.35,6145,open below minimum: -479.02; high below minimum: -500.79; low below minimum: -476.3; close below minimum: -495.35
2000-03-09,VHI,-498.07,-498.07,-498.07,-498.07,183,open below minimum: -498.07; high below minimum: -498.07; low below minimum: -498.07; close below minimum: -498.07
2000-03-10,VHI,-492.63,-492.63,-492.63,-492.63,183,open below minimum: -492.63; high below minimum: -492.63; low below minimum: -492.63; close below minimum: -492.63
2000-03-13,VHI,-498.07,-503.51,-498.07,-498.07,4928,open below minimum: -498.07; high below minimum: -503.51; low below minimum: -498.07; close below minimum: -498.07
2000-03-14,VHI,-492.63,-492.63,-481.74,-484.46,3468,open below minimum: -492.63; high below minimum: -492.63; low below minimum: -481.74; close below minimum: -484.46
2000-03-15,VHI,-481.74,-487.18,-481.74,-487.18,2251,open below minimum: -481.74; high below minimum: -487.18; low below minimum: -481.74; close below minimum: -487.18
2000-03-16,VHI,-484.46,-484.46,-481.74,-481.74,183,open below minimum: -484.46; high below minimum: -484.46; low below minimum: -481.74; close below minimum: -481.74
2000-03-17,VHI,-487.18,-487.18,-487.18,-487.18,669,open below minimum: -487.18; high below minimum: -487.18; low below minimum: -487.18; close below minimum: -487.18
2000-03-20,VHI,-492.1,-492.1,-486.64,-486.64,1521,open below minimum: -492.1; high below minimum: -492.1; low below minimum: -486.64; close below minimum: -486.64
2000-03-21,VHI,-486.64,-486.64,-481.17,-483.9,791,open below minimum: -486.64; high below minimum: -486.64; low below minimum: -481.17; close below minimum: -483.9
2000-03-22,VHI,-481.17,-486.64,-481.17,-486.64,1947,open below minimum: -481.17; high below minimum: -486.64; low below minimum: -481.17; close below minimum: -486.64
2000-03-23,VHI,-483.9,-486.64,-481.17,-486.64,913,open below minimum: -483.9; high below minimum: -486.64; low below minimum: -481.17; close below minimum: -486.64
2000-03-24,VHI,-481.17,-486.64,-481.17,-486.64,365,open below minimum: -481.17; high below minimum: -486.64; low below minimum: -481.17; close below minimum: -486.64
2000-03-27,VHI,-481.17,-481.17,-475.7,-481.17,7240,open below minimum: -481.17; high below minimum: -481.17; low below minimum: -475.7; close below minimum: -481.17
2000-03-28,VHI,-483.9,-483.9,-483.9,-483.9,1399,open below minimum: -483.9; high below minimum: -483.9; low below minimum: -483.9; close below minimum: -483.9
2000-03-29,VHI,-492.1,-492.1,-483.9,-483.9,4867,open below minimum: -492.1; high below minimum: -492.1; low below minimum: -483.9; close below minimum: -483.9
2000-03-30,VHI,-483.9,-483.9,-483.9,-483.9,304,open below minimum: -483.9; high below minimum: -483.9; low below minimum: -483.9; close below minimum: -483.9
2000-03-31,VHI,-483.9,-489.37,-483.9,-489.37,1825,open below minimum: -483.9; high below minimum: -489.37; low below minimum: -483.9; close below minimum: -489.37
2000-04-03,VHI,-489.37,-494.84,-489.37,-489.37,1095,open below minimum: -489.37; high below minimum: -494.84; low below minimum: -489.37; close below minimum: -489.37
2000-04-04,VHI,-486.64,-486.64,-483.9,-486.64,365,open below minimum: -486.64; high below minimum: -486.64; low below minimum: -483.9; close below minimum: -486.64
2000-04-05,VHI,-483.9,-483.9,-483.9,-483.9,426,open below minimum: -483.9; high below minimum: -483.9; low below minimum: -483.9; close below minimum: -483.9
2000-04-06,VHI,-483.9,-483.9,-483.9,-483.9,61,open below minimum: -483.9; high below minimum: -483.9; low below minimum: -483.9; close below minimum: -483.9
2000-04-07,VHI,-483.9,-483.9,-483.9,-483.9,122,open below minimum: -483.9; high below minimum: -483.9; low below minimum: -483.9; close below minimum: -483.9
2000-04-10,VHI,-483.9,-483.9,-483.9,-483.9,0,open below minimum: -483.9; high below minimum: -483.9; low below minimum: -483.9; close below minimum: -483.9
2000-04-11,VHI,-483.9,-486.64,-483.9,-486.64,3042,open below minimum: -483.9; high below minimum: -486.64; low below minimum: -483.9; close below minimum: -486.64
2000-04-12,VHI,-481.17,-486.64,-481.17,-486.64,1704,open below minimum: -481.17; high below minimum: -486.64; low below minimum: -481.17; close below minimum: -486.64
2000-04-13,VHI,-486.64,-486.64,-483.9,-483.9,791,open below minimum: -486.64; high below minimum: -486.64; low below minimum: -483.9; close below minimum: -483.9
2000-04-14,VHI,-483.9,-486.64,-483.9,-483.9,2677,open below minimum: -483.9; high below minimum: -486.64; low below minimum: -483.9; close below minimum: -483.9
2000-04-17,VHI,-481.17,-486.64,-481.17,-486.64,1156,open below minimum: -481.17; high below minimum: -486.64; low below minimum: -481.17; close below minimum: -486.64
2000-04-18,VHI,-486.64,-489.37,-483.9,-489.37,487,open below minimum: -486.64; high below minimum: -489.37; low below minimum: -483.9; close below minimum: -489.37
2000-04-19,VHI,-489.37,-489.37,-489.37,-489.37,791,open below minimum: -489.37; high below minimum: -489.37; low below minimum: -489.37; close below minimum: -489.37
2000-04-20,VHI,-486.64,-489.37,-486.64,-489.37,3468,open below minimum: -486.64; high below minimum: -489.37; low below minimum: -486.64; close below minimum: -489.37
2000-04-24,VHI,-486.64,-492.1,-486.64,-492.1,973,open below minimum: -486.64; high below minimum: -492.1; low below minimum: -486.64; close below minimum: -492.1
2000-04-25,VHI,-492.1,-497.57,-492.1,-497.57,1278,open below minimum: -492.1; high below minimum: -497.57; low below minimum: -492.1; close below minimum: -497.57
2000-04-26,VHI,-503.04,-503.04,-503.04,-503.04,1339,open below minimum: -503.04; high below minimum: -503.04; low below minimum: -503.04; close below minimum: -503.04
2000-04-27,VHI,-497.57,-500.31,-481.17,-481.17,7240,open below minimum: -497.57; high below minimum: -500.31; low below minimum: -481.17; close below minimum: -481.17
2000-04-28,VHI,-481.17,-486.64,-481.17,-486.64,122,open below minimum: -481.17; high below minimum: -486.64; low below minimum: -481.17; close below minimum: -486.64
2000-05-01,VHI,-492.1,-500.31,-492.1,-500.31,1278,open below minimum: -492.1; high below minimum: -500.31; low below minimum: -492.1; close below minimum: -500.31
2000-05-02,VHI,-494.84,-494.84,-494.84,-494.84,122,open below minimum: -494.84; high below minimum: -494.84; low below minimum: -494.84; close below minimum: -494.84
2000-05-03,VHI,-489.37,-489.37,-483.9,-489.37,3711,open below minimum: -489.37; high below minimum: -489.37; low below minimum: -483.9; close below minimum: -489.37
2000-05-04,VHI,-486.64,-486.64,-481.17,-483.9,3955,open below minimum: -486.64; high below minimum: -486.64; low below minimum: -481.17; close below minimum: -483.9
2000-05-05,VHI,-478.43,-482.54,-478.43,-481.17,4137,open below minimum: -478.43; high below minimum: -482.54; low below minimum: -478.43; close below minimum: -481.17
2000-05-08,VHI,-481.17,-481.17,-481.17,-481.17,122,open below minimum: -481.17; high below minimum: -481.17; low below minimum: -481.17; close below minimum: -481.17
2000-05-09,VHI,-486.64,-486.64,-483.9,-483.9,304,open below minimum: -486.64; high below minimum: -486.64; low below minimum: -483.9; close below minimum: -483.9
2000-05-10,VHI,-481.17,-481.17,-478.43,-478.43,18739,open below minimum: -481.17; high below minimum: -481.17; low below minimum: -478.43; close below minimum: -478.43
2000-05-11,VHI,-481.17,-481.17,-481.17,-481.17,1217,open below minimum: -481.17; high below minimum: -481.17; low below minimum: -481.17; close below minimum: -481.17
2000-05-12,VHI,-481.17,-481.17,-470.23,-470.23,25128,open below minimum: -481.17; high below minimum: -481.17; low below minimum: -470.23; close below minimum: -470.23
2000-05-15,VHI,-470.23,-478.43,-470.23,-478.43,4259,open below minimum: -470.23; high below minimum: -478.43; low below minimum: -470.23; close below minimum: -478.43
2000-05-16,VHI,-481.17,-483.9,-478.43,-483.9,6571,open below minimum: -481.17; high below minimum: -483.9; low below minimum: -478.43; close below minimum: -483.9
2000-05-17,VHI,-483.9,-486.64,-481.17,-481.17,2677,open below minimum: -483.9; high below minimum: -486.64; low below minimum: -481.17; close below minimum: -481.17
2000-05-18,VHI,-481.17,-481.17,-481.17,-481.17,2860,open below minimum: -481.17; high below minimum: -481.17; low below minimum: -481.17; close below minimum: -481.17
2000-05-19,VHI,-481.17,-481.17,-481.17,-481.17,0,open below minimum: -481.17; high below minimum: -481.17; low below minimum: -481.17; close below minimum: -481.17
2000-05-22,VHI,-475.7,-475.7,-464.76,-464.76,10282,open below minimum: -475.7; high below minimum: -475.7; low below minimum: -464.76; close below minimum: -464.76
2000-05-23,VHI,-464.76,-472.97,-464.76,-472.97,2190,open below minimum: -464.76; high below minimum: -472.97; low below minimum: -464.76; close below minimum: -472.97
2000-05-24,VHI,-467.5,-467.5,-467.5,-467.5,669,open below minimum: -467.5; high below minimum: -467.5; low below minimum: -467.5; close below minimum: -467.5
2000-05-25,VHI,-467.5,-467.5,-467.5,-467.5,426,open below minimum: -467.5; high below minimum: -467.5; low below minimum: -467.5; close below minimum: -467.5
2000-05-26,VHI,-472.97,-472.97,-467.5,-467.5,2373,open below minimum: -472.97; high below minimum: -472.97; low below minimum: -467.5; close below minimum: -467.5
2000-05-30,VHI,-467.5,-467.5,-464.76,-467.5,2981,open below minimum: -467.5; high below minimum: -467.5; low below minimum: -464.76; close below minimum: -467.5
2000-05-31,VHI,-464.76,-470.23,-464.76,-467.5,913,open below minimum: -464.76; high below minimum: -470.23; low below minimum: -464.76; close below minimum: -467.5
2000-06-01,VHI,-464.76,-475.7,-464.76,-475.7,1339,open below minimum: -464.76; high below minimum: -475.7; low below minimum: -464.76; close below minimum: -475.7
2000-06-02,VHI,-470.23,-470.23,-470.23,-470.23,791,open below minimum: -470.23; high below minimum: -470.23; low below minimum: -470.23; close below minimum: -470.23
2000-06-05,VHI,-470.23,-470.23,-470.23,-470.23,0,open below minimum: -470.23; high below minimum: -470.23; low below minimum: -470.23; close below minimum: -470.23
2000-06-06,VHI,-475.7,-475.7,-475.7,-475.7,608,open below minimum: -475.7; high below minimum: -475.7; low below minimum: -475.7; close below minimum: -475.7
2000-06-07,VHI,-481.17,-481.17,-481.17,-481.17,3833,open below minimum: -481.17; high below minimum: -481.17; low below minimum: -481.17; close below minimum: -481.17
2000-06-08,VHI,-481.17,-481.17,-481.17,-481.17,122,open below minimum: -481.17; high below minimum: -481.17; low below minimum: -481.17; close below minimum: -481.17
2000-06-09,VHI,-481.17,-481.17,-481.17,-481.17,63215,open below minimum: -481.17; high below minimum: -481.17; low below minimum: -481.17; close below minimum: -481.17
2000-06-12,VHI,-481.17,-505.77,-481.17,-497.57,20504,open below minimum: -481.17; high below minimum: -505.77; low below minimum: -481.17; close below minimum: -497.57
2000-06-13,VHI,-499.77,-505.26,-499.77,-499.77,1643,open below minimum: -499.77; high below minimum: -505.26; low below minimum: -499.77; close below minimum: -499.77
2000-06-14,VHI,-494.28,-505.26,-494.28,-505.26,2008,open below minimum: -494.28; high below minimum: -505.26; low below minimum: -494.28; close below minimum: -505.26
2000-06-15,VHI,-510.75,-532.72,-510.75,-532.72,8518,open below minimum: -510.75; high below minimum: -532.72; low below minimum: -510.75; close below minimum: -532.72
2000-06-16,VHI,-538.21,-571.16,-538.21,-571.16,8579,open below minimum: -538.21; high below minimum: -571.16; low below minimum: -538.21; close below minimum: -571.16
2000-06-19,VHI,-549.2,-565.67,-540.96,-565.67,4807,open below minimum: -549.2; high below minimum: -565.67; low below minimum: -540.96; close below minimum: -565.67
2000-06-20,VHI,-568.42,-576.66,-560.18,-571.16,14298,open below minimum: -568.42; high below minimum: -576.66; low below minimum: -560.18; close below minimum: -571.16
2000-06-21,VHI,-571.16,-573.91,-562.93,-568.42,7484,open below minimum: -571.16; high below minimum: -573.91; low below minimum: -562.93; close below minimum: -568.42
2000-06-22,VHI,-562.93,-571.16,-560.18,-562.93,12351,open below minimum: -562.93; high below minimum: -571.16; low below minimum: -560.18; close below minimum: -562.93
2000-06-23,VHI,-571.16,-593.13,-549.2,-554.69,13568,open below minimum: -571.16; high below minimum: -593.13; low below minimum: -549.2; close below minimum: -554.69
2000-06-26,VHI,-551.94,-560.18,-546.45,-546.45,6814,open below minimum: -551.94; high below minimum: -560.18; low below minimum: -546.45; close below minimum: -546.45
2000-06-27,VHI,-551.94,-576.66,-551.94,-565.67,30117,open below minimum: -551.94; high below minimum: -576.66; low below minimum: -551.94; close below minimum: -565.67
2000-06-28,VHI,-564.3,-595.88,-560.18,-595.88,13933,open below minimum: -564.3; high below minimum: -595.88; low below minimum: -560.18; close below minimum: -595.88
2000-06-29,VHI,-590.39,-593.13,-582.15,-593.13,13264,open below minimum: -590.39; high below minimum: -593.13; low below minimum: -582.15; close below minimum: -593.13
2000-06-30,VHI,-598.62,-601.37,-455.83,-455.83,131601,open below minimum: -598.62; high below minimum: -601.37; low below minimum: -455.83; close below minimum: -455.83
2000-07-03,VHI,-466.82,-494.28,-466.82,-488.78,145352,open below minimum: -466.82; high below minimum: -494.28; low below minimum: -466.82; close below minimum: -488.78
2000-07-05,VHI,-483.29,-486.04,-472.31,-472.31,12838,open below minimum: -483.29; high below minimum: -486.04; low below minimum: -472.31; close below minimum: -472.31
2000-07-06,VHI,-477.8,-488.78,-477.8,-488.78,43867,open below minimum: -477.8; high below minimum: -488.78; low below minimum: -477.8; close below minimum: -488.78
2000-07-07,VHI,-494.28,-497.02,-483.29,-497.02,19287,open below minimum: -494.28; high below minimum: -497.02; low below minimum: -483.29; close below minimum: -497.02
2000-07-10,VHI,-502.51,-502.51,-491.53,-499.77,6206,open below minimum: -502.51; high below minimum: -502.51; low below minimum: -491.53; close below minimum: -499.77
2000-07-11,VHI,-499.77,-499.77,-483.29,-483.29,7605,open below minimum: -499.77; high below minimum: -499.77; low below minimum: -483.29; close below minimum: -483.29
2000-07-12,VHI,-483.29,-483.29,-483.29,-483.29,4016,open below minimum: -483.29; high below minimum: -483.29; low below minimum: -483.29; close below minimum: -483.29
2000-07-13,VHI,-488.78,-488.78,-486.04,-486.04,913,open below minimum: -488.78; high below minimum: -488.78; low below minimum: -486.04; close below minimum: -486.04
2000-07-14,VHI,-486.04,-486.04,-486.04,-486.04,913,open below minimum: -486.04; high below minimum: -486.04; low below minimum: -486.04; close below minimum: -486.04
2000-07-17,VHI,-483.29,-488.78,-477.8,-477.8,9187,open below minimum: -483.29; high below minimum: -488.78; low below minimum: -477.8; close below minimum: -477.8
2000-07-18,VHI,-472.31,-475.05,-472.31,-472.31,4198,open below minimum: -472.31; high below minimum: -475.05; low below minimum: -472.31; close below minimum: -472.31
2000-07-19,VHI,-472.31,-480.55,-472.31,-480.55,1521,open below minimum: -472.31; high below minimum: -480.55; low below minimum: -472.31; close below minimum: -480.55
2000-07-20,VHI,-475.05,-480.55,-472.31,-480.55,4685,open below minimum: -475.05; high below minimum: -480.55; low below minimum: -472.31; close below minimum: -480.55
2000-07-21,VHI,-480.55,-480.55,-480.55,-480.55,1217,open below minimum: -480.55; high below minimum: -480.55; low below minimum: -480.55; close below minimum: -480.55
2000-07-24,VHI,-477.8,-477.8,-477.8,-477.8,973,open below minimum: -477.8; high below minimum: -477.8; low below minimum: -477.8; close below minimum: -477.8
2000-07-25,VHI,-477.8,-480.55,-477.8,-480.55,548,open below minimum: -477.8; high below minimum: -480.55; low below minimum: -477.8; close below minimum: -480.55
2000-07-26,VHI,-477.8,-483.29,-477.8,-483.29,1278,open below minimum: -477.8; high below minimum: -483.29; low below minimum: -477.8; close below minimum: -483.29
2000-07-27,VHI,-483.29,-483.29,-483.29,-483.29,0,open below minimum: -483.29; high below minimum: -483.29; low below minimum: -483.29; close below minimum: -483.29
2000-07-28,VHI,-483.29,-483.29,-480.55,-483.29,5780,open below minimum: -483.29; high below minimum: -483.29; low below minimum: -480.55; close below minimum: -483.29
2000-07-31,VHI,-483.29,-483.29,-477.8,-480.55,4259,open below minimum: -483.29; high below minimum: -483.29; low below minimum: -477.8; close below minimum: -480.55
2000-08-01,VHI,-483.29,-483.29,-480.55,-480.55,3590,open below minimum: -483.29; high below minimum: -483.29; low below minimum: -480.55; close below minimum: -480.55
2000-08-02,VHI,-480.55,-480.55,-480.55,-480.55,0,open below minimum: -480.55; high below minimum: -480.55; low below minimum: -480.55; close below minimum: -480.55
2000-08-03,VHI,-480.55,-480.55,-480.55,-480.55,365,open below minimum: -480.55; high below minimum: -480.55; low below minimum: -480.55; close below minimum: -480.55
2000-08-04,VHI,-480.55,-480.55,-480.55,-480.55,0,open below minimum: -480.55; high below minimum: -480.55; low below minimum: -480.55; close below minimum: -480.55
2000-08-07,VHI,-483.29,-483.29,-480.55,-483.29,1278,open below minimum: -483.29; high below minimum: -483.29; low below minimum: -480.55; close below minimum: -483.29
2000-08-08,VHI,-483.29,-483.29,-483.29,-483.29,1521,open below minimum: -483.29; high below minimum: -483.29; low below minimum: -483.29; close below minimum: -483.29
2000-08-09,VHI,-486.04,-502.51,-486.04,-499.77,14663,open below minimum: -486.04; high below minimum: -502.51; low below minimum: -486.04; close below minimum: -499.77
2000-08-10,VHI,-505.26,-510.75,-505.26,-505.26,19469,open below minimum: -505.26; high below minimum: -510.75; low below minimum: -505.26; close below minimum: -505.26
2000-08-11,VHI,-505.26,-505.26,-499.77,-505.26,1521,open below minimum: -505.26; high below minimum: -505.26; low below minimum: -499.77; close below minimum: -505.26
2000-08-14,VHI,-502.51,-518.99,-502.51,-516.24,2981,open below minimum: -502.51; high below minimum: -518.99; low below minimum: -502.51; close below minimum: -516.24
2000-08-15,VHI,-518.99,-527.23,-513.5,-527.23,9370,open below minimum: -518.99; high below minimum: -527.23; low below minimum: -513.5; close below minimum: -527.23
2000-08-16,VHI,-532.72,-546.45,-532.72,-546.45,4441,open below minimum: -532.72; high below minimum: -546.45; low below minimum: -532.72; close below minimum: -546.45
2000-08-17,VHI,-551.94,-551.94,-551.94,-551.94,608,open below minimum: -551.94; high below minimum: -551.94; low below minimum: -551.94; close below minimum: -551.94
2000-08-18,VHI,-551.94,-551.94,-551.94,-551.94,426,open below minimum: -551.94; high below minimum: -551.94; low below minimum: -551.94; close below minimum: -551.94
2000-08-21,VHI,-554.69,-562.93,-554.69,-562.93,1582,open below minimum: -554.69; high below minimum: -562.93; low below minimum: -554.69; close below minimum: -562.93
2000-08-22,VHI,-562.93,-562.93,-560.18,-560.18,1339,open below minimum: -562.93; high below minimum: -562.93; low below minimum: -560.18; close below minimum: -560.18
2000-08-23,VHI,-554.69,-554.69,-554.69,-554.69,183,open below minimum: -554.69; high below minimum: -554.69; low below minimum: -554.69; close below minimum: -554.69
2000-08-24,VHI,-546.45,-565.67,-535.47,-565.67,4259,open below minimum: -546.45; high below minimum: -565.67; low below minimum: -535.47; close below minimum: -565.67
2000-08-25,VHI,-554.69,-571.16,-546.45,-571.16,9613,open below minimum: -554.69; high below minimum: -571.16; low below minimum: -546.45; close below minimum: -571.16
2000-08-28,VHI,-560.18,-560.18,-560.18,-560.18,61,open below minimum: -560.18; high below minimum: -560.18; low below minimum: -560.18; close below minimum: -560.18
2000-08-29,VHI,-562.93,-571.16,-562.93,-571.16,548,open below minimum: -562.93; high below minimum: -571.16; low below minimum: -562.93; close below minimum: -571.16
2000-08-30,VHI,-560.18,-571.16,-546.45,-571.16,5719,open below minimum: -560.18; high below minimum: -571.16; low below minimum: -546.45; close below minimum: -571.16
2000-08-31,VHI,-565.67,-568.42,-562.93,-562.93,2129,open below minimum: -565.67; high below minimum: -568.42; low below minimum: -562.93; close below minimum: -562.93
2000-09-01,VHI,-567.04,-567.04,-567.04,-567.04,487,open below minimum: -567.04; high below minimum: -567.04; low below minimum: -567.04; close below minimum: -567.04
2000-09-05,VHI,-565.67,-565.67,-562.93,-562.93,365,open below minimum: -565.67; high below minimum: -565.67; low below minimum: -562.93; close below minimum: -562.93
2000-09-06,VHI,-557.43,-562.93,-557.43,-562.93,426,open below minimum: -557.43; high below minimum: -562.93; low below minimum: -557.43; close below minimum: -562.93
2000-09-07,VHI,-562.93,-562.93,-562.93,-562.93,0,open below minimum: -562.93; high below minimum: -562.93; low below minimum: -562.93; close below minimum: -562.93
2000-09-08,VHI,-562.93,-562.93,-562.93,-562.93,365,open below minimum: -562.93; high below minimum: -562.93; low below minimum: -562.93; close below minimum: -562.93
2000-09-11,VHI,-562.93,-562.93,-562.93,-562.93,608,open below minimum: -562.93; high below minimum: -562.93; low below minimum: -562.93; close below minimum: -562.93
2000-09-12,VHI,-571.16,-571.16,-571.16,-571.16,4746,open below minimum: -571.16; high below minimum: -571.16; low below minimum: -571.16; close below minimum: -571.16
2000-09-13,VHI,-571.16,-571.16,-562.93,-562.93,122,open below minimum: -571.16; high below minimum: -571.16; low below minimum: -562.93; close below minimum: -562.93
2000-09-14,VHI,-557.43,-557.43,-557.43,-557.43,3042,open below minimum: -557.43; high below minimum: -557.43; low below minimum: -557.43; close below minimum: -557.43
2000-09-15,VHI,-551.37,-551.37,-551.37,-551.37,1339,open below minimum: -551.37; high below minimum: -551.37; low below minimum: -551.37; close below minimum: -551.37
2000-09-18,VHI,-551.37,-551.37,-551.37,-551.37,365,open below minimum: -551.37; high below minimum: -551.37; low below minimum: -551.37; close below minimum: -551.37
2000-09-19,VHI,-554.13,-554.13,-551.37,-551.37,608,open below minimum: -554.13; high below minimum: -554.13; low below minimum: -551.37; close below minimum: -551.37
2000-09-20,VHI,-551.37,-551.37,-551.37,-551.37,913,open below minimum: -551.37; high below minimum: -551.37; low below minimum: -551.37; close below minimum: -551.37
2000-09-21,VHI,-551.37,-551.37,-551.37,-551.37,0,open below minimum: -551.37; high below minimum: -551.37; low below minimum: -551.37; close below minimum: -551.37
2000-09-22,VHI,-548.61,-559.64,-548.61,-559.64,2920,open below minimum: -548.61; high below minimum: -559.64; low below minimum: -548.61; close below minimum: -559.64
2000-09-25,VHI,-554.13,-554.13,-554.13,-554.13,1764,open below minimum: -554.13; high below minimum: -554.13; low below minimum: -554.13; close below minimum: -554.13
2000-09-26,VHI,-551.37,-562.4,-551.37,-562.4,3103,open below minimum: -551.37; high below minimum: -562.4; low below minimum: -551.37; close below minimum: -562.4
2000-09-27,VHI,-562.4,-565.15,-562.4,-565.15,426,open below minimum: -562.4; high below minimum: -565.15; low below minimum: -562.4; close below minimum: -565.15
2000-09-28,VHI,-565.15,-565.15,-562.4,-562.4,304,open below minimum: -565.15; high below minimum: -565.15; low below minimum: -562.4; close below minimum: -562.4
2000-09-29,VHI,-562.4,-562.4,-554.13,-554.13,1399,open below minimum: -562.4; high below minimum: -562.4; low below minimum: -554.13; close below minimum: -554.13
2000-10-02,VHI,-559.64,-567.91,-559.64,-567.91,2251,open below minimum: -559.64; high below minimum: -567.91; low below minimum: -559.64; close below minimum: -567.91
2000-10-03,VHI,-559.64,-559.64,-559.64,-559.64,426,open below minimum: -559.64; high below minimum: -559.64; low below minimum: -559.64; close below minimum: -559.64
2000-10-04,VHI,-559.64,-559.64,-559.64,-559.64,0,open below minimum: -559.64; high below minimum: -559.64; low below minimum: -559.64; close below minimum: -559.64
2000-10-05,VHI,-559.64,-565.15,-559.64,-565.15,243,open below minimum: -559.64; high below minimum: -565.15; low below minimum: -559.64; close below minimum: -565.15
2000-10-06,VHI,-567.91,-567.91,-562.4,-565.15,730,open below minimum: -567.91; high below minimum: -567.91; low below minimum: -562.4; close below minimum: -565.15
2000-10-09,VHI,-565.15,-565.15,-565.15,-565.15,122,open below minimum: -565.15; high below minimum: -565.15; low below minimum: -565.15; close below minimum: -565.15
2000-10-10,VHI,-559.64,-559.64,-559.64,-559.64,183,open below minimum: -559.64; high below minimum: -559.64; low below minimum: -559.64; close below minimum: -559.64
2000-10-11,VHI,-554.13,-554.13,-551.37,-554.13,913,open below minimum: -554.13; high below minimum: -554.13; low below minimum: -551.37; close below minimum: -554.13
2000-10-12,VHI,-551.37,-551.37,-551.37,-551.37,122,open below minimum: -551.37; high below minimum: -551.37; low below minimum: -551.37; close below minimum: -551.37
2000-10-13,VHI,-554.13,-562.4,-554.13,-559.64,1034,open below minimum: -554.13; high below minimum: -562.4; low below minimum: -554.13; close below minimum: -559.64
2000-10-16,VHI,-565.15,-565.15,-565.15,-565.15,365,open below minimum: -565.15; high below minimum: -565.15; low below minimum: -565.15; close below minimum: -565.15
2000-10-17,VHI,-562.4,-562.4,-551.37,-562.4,669,open below minimum: -562.4; high below minimum: -562.4; low below minimum: -551.37; close below minimum: -562.4
2000-10-18,VHI,-556.88,-556.88,-556.88,-556.88,304,open below minimum: -556.88; high below minimum: -556.88; low below minimum: -556.88; close below minimum: -556.88
2000-10-19,VHI,-554.13,-565.15,-554.13,-565.15,1095,open below minimum: -554.13; high below minimum: -565.15; low below minimum: -554.13; close below minimum: -565.15
2000-10-20,VHI,-565.15,-565.15,-565.15,-565.15,122,open below minimum: -565.15; high below minimum: -565.15; low below minimum: -565.15; close below minimum: -565.15
2000-10-23,VHI,-565.15,-565.15,-565.15,-565.15,426,open below minimum: -565.15; high below minimum: -565.15; low below minimum: -565.15; close below minimum: -565.15
2000-10-24,VHI,-565.15,-565.15,-565.15,-565.15,0,open below minimum: -565.15; high below minimum: -565.15; low below minimum: -565.15; close below minimum: -565.15
2000-10-25,VHI,-565.15,-565.15,-540.34,-540.34,24580,open below minimum: -565.15; high below minimum: -565.15; low below minimum: -540.34; close below minimum: -540.34
2000-10-26,VHI,-540.34,-540.34,-526.56,-526.56,21964,open below minimum: -540.34; high below minimum: -540.34; low below minimum: -526.56; close below minimum: -526.56
2000-10-27,VHI,-526.56,-537.58,-526.56,-534.83,1095,open below minimum: -526.56; high below minimum: -537.58; low below minimum: -526.56; close below minimum: -534.83
2000-10-30,VHI,-534.83,-543.1,-534.83,-543.1,1278,open below minimum: -534.83; high below minimum: -543.1; low below minimum: -534.83; close below minimum: -543.1
2000-10-31,VHI,-543.1,-543.1,-543.1,-543.1,122,open below minimum: -543.1; high below minimum: -543.1; low below minimum: -543.1; close below minimum: -543.1
2000-11-01,VHI,-543.1,-548.61,-543.1,-548.61,1278,open below minimum: -543.1; high below minimum: -548.61; low below minimum: -543.1; close below minimum: -548.61
2000-11-02,VHI,-548.61,-551.37,-548.61,-551.37,730,open below minimum: -548.61; high below minimum: -551.37; low below minimum: -548.61; close below minimum: -551.37
2000-11-03,VHI,-545.85,-545.85,-540.34,-545.85,1825,open below minimum: -545.85; high below minimum: -545.85; low below minimum: -540.34; close below minimum: -545.85
2000-11-06,VHI,-544.48,-544.48,-544.48,-544.48,61,open below minimum: -544.48; high below minimum: -544.48; low below minimum: -544.48; close below minimum: -544.48
2000-11-07,VHI,-551.37,-551.37,-551.37,-551.37,1217,open below minimum: -551.37; high below minimum: -551.37; low below minimum: -551.37; close below minimum: -551.37
2000-11-08,VHI,-545.85,-545.85,-545.85,-545.85,304,open below minimum: -545.85; high below minimum: -545.85; low below minimum: -545.85; close below minimum: -545.85
2000-11-09,VHI,-545.85,-545.85,-545.85,-545.85,0,open below minimum: -545.85; high below minimum: -545.85; low below minimum: -545.85; close below minimum: -545.85
2000-11-10,VHI,-540.34,-540.34,-540.34,-540.34,61,open below minimum: -540.34; high below minimum: -540.34; low below minimum: -540.34; close below minimum: -540.34
2000-11-13,VHI,-545.86,-545.86,-534.83,-534.83,852,open below minimum: -545.86; high below minimum: -545.86; low below minimum: -534.83; close below minimum: -534.83
2000-11-14,VHI,-537.58,-537.58,-534.83,-534.83,487,open below minimum: -537.58; high below minimum: -537.58; low below minimum: -534.83; close below minimum: -534.83
2000-11-15,VHI,-534.83,-537.58,-529.31,-537.58,4685,open below minimum: -534.83; high below minimum: -537.58; low below minimum: -529.31; close below minimum: -537.58
2000-11-16,VHI,-529.31,-529.31,-529.31,-529.31,365,open below minimum: -529.31; high below minimum: -529.31; low below minimum: -529.31; close below minimum: -529.31
2000-11-17,VHI,-534.83,-534.83,-534.83,-534.83,973,open below minimum: -534.83; high below minimum: -534.83; low below minimum: -534.83; close below minimum: -534.83
2000-11-20,VHI,-532.07,-532.07,-529.31,-529.31,487,open below minimum: -532.07; high below minimum: -532.07; low below minimum: -529.31; close below minimum: -529.31
2000-11-21,VHI,-529.31,-529.31,-529.31,-529.31,852,open below minimum: -529.31; high below minimum: -529.31; low below minimum: -529.31; close below minimum: -529.31
2000-11-22,VHI,-529.31,-532.07,-529.31,-532.07,913,open below minimum: -529.31; high below minimum: -532.07; low below minimum: -529.31; close below minimum: -532.07
2000-11-24,VHI,-532.07,-532.07,-532.07,-532.07,365,open below minimum: -532.07; high below minimum: -532.07; low below minimum: -532.07; close below minimum: -532.07
2000-11-27,VHI,-532.07,-532.07,-532.07,-532.07,0,open below minimum: -532.07; high below minimum: -532.07; low below minimum: -532.07; close below minimum: -532.07
2000-11-28,VHI,-529.31,-529.31,-529.31,-529.31,608,open below minimum: -529.31; high below minimum: -529.31; low below minimum: -529.31; close below minimum: -529.31
2000-11-29,VHI,-529.31,-532.07,-529.31,-529.31,2069,open below minimum: -529.31; high below minimum: -532.07; low below minimum: -529.31; close below minimum: -529.31
2000-11-30,VHI,-529.31,-573.42,-529.31,-565.15,12047,open below minimum: -529.31; high below minimum: -573.42; low below minimum: -529.31; close below minimum: -565.15
2000-12-01,VHI,-556.88,-556.88,-543.1,-545.85,2677,open below minimum: -556.88; high below minimum: -556.88; low below minimum: -543.1; close below minimum: -545.85
2000-12-04,VHI,-540.34,-543.1,-537.58,-537.58,3103,open below minimum: -540.34; high below minimum: -543.1; low below minimum: -537.58; close below minimum: -537.58
2000-12-05,VHI,-537.58,-562.4,-537.58,-562.4,3529,open below minimum: -537.58; high below minimum: -562.4; low below minimum: -537.58; close below minimum: -562.4
2000-12-06,VHI,-556.88,-559.64,-556.88,-559.64,1521,open below minimum: -556.88; high below minimum: -559.64; low below minimum: -556.88; close below minimum: -559.64
2000-12-07,VHI,-554.13,-554.13,-543.1,-543.1,1278,open below minimum: -554.13; high below minimum: -554.13; low below minimum: -543.1; close below minimum: -543.1
2000-12-08,VHI,-537.58,-540.34,-537.58,-540.34,791,open below minimum: -537.58; high below minimum: -540.34; low below minimum: -537.58; close below minimum: -540.34
2000-12-11,VHI,-534.83,-540.34,-534.83,-537.58,487,open below minimum: -534.83; high below minimum: -540.34; low below minimum: -534.83; close below minimum: -537.58
2000-12-12,VHI,-537.47,-537.47,-537.47,-537.47,0,open below minimum: -537.47; high below minimum: -537.47; low below minimum: -537.47; close below minimum: -537.47
2000-12-13,VHI,-534.7,-534.7,-526.39,-526.39,2312,open below minimum: -534.7; high below minimum: -534.7; low below minimum: -526.39; close below minimum: -526.39
2000-12-14,VHI,-529.16,-529.16,-529.16,-529.16,243,open below minimum: -529.16; high below minimum: -529.16; low below minimum: -529.16; close below minimum: -529.16
2000-12-15,VHI,-523.62,-523.62,-512.54,-515.31,12168,open below minimum: -523.62; high below minimum: -523.62; low below minimum: -512.54; close below minimum: -515.31
2000-12-18,VHI,-515.31,-520.85,-515.31,-520.85,426,open below minimum: -515.31; high below minimum: -520.85; low below minimum: -515.31; close below minimum: -520.85
2000-12-19,VHI,-523.62,-523.62,-523.62,-523.62,183,open below minimum: -523.62; high below minimum: -523.62; low below minimum: -523.62; close below minimum: -523.62
2000-12-20,VHI,-520.85,-520.85,-518.08,-518.08,608,open below minimum: -520.85; high below minimum: -520.85; low below minimum: -518.08; close below minimum: -518.08
2000-12-21,VHI,-518.08,-518.08,-512.54,-512.54,2373,open below minimum: -518.08; high below minimum: -518.08; low below minimum: -512.54; close below minimum: -512.54
2000-12-22,VHI,-512.54,-515.31,-512.54,-512.54,2312,open below minimum: -512.54; high below minimum: -515.31; low below minimum: -512.54; close below minimum: -512.54
2000-12-26,VHI,-512.54,-512.54,-509.77,-512.54,3529,open below minimum: -512.54; high below minimum: -512.54; low below minimum: -509.77; close below minimum: -512.54
2000-12-27,VHI,-507.0,-512.54,-507.0,-509.77,548,open below minimum: -507.0; high below minimum: -512.54; low below minimum: -507.0; close below minimum: -509.77
2000-12-28,VHI,-507.0,-509.77,-504.23,-507.0,2008,open below minimum: -507.0; high below minimum: -509.77; low below minimum: -504.23; close below minimum: -507.0
2000-12-29,VHI,-507.0,-509.77,-507.0,-509.77,913,open below minimum: -507.0; high below minimum: -509.77; low below minimum: -507.0; close below minimum: -509.77
2001-01-02,VHI,-515.31,-523.62,-515.31,-523.62,5658,open below minimum: -515.31; high below minimum: -523.62; low below minimum: -515.31; close below minimum: -523.62
2001-01-03,VHI,-526.39,-531.93,-526.39,-531.93,1339,open below minimum: -526.39; high below minimum: -531.93; low below minimum: -526.39; close below minimum: -531.93
2001-01-04,VHI,-531.93,-531.93,-526.39,-526.39,1339,open below minimum: -531.93; high below minimum: -531.93; low below minimum: -526.39; close below minimum: -526.39
2001-01-05,VHI,-522.24,-531.93,-522.24,-523.62,548,open below minimum: -522.24; high below minimum: -531.93; low below minimum: -522.24; close below minimum: -523.62
2001-01-08,VHI,-523.62,-523.62,-523.62,-523.62,608,open below minimum: -523.62; high below minimum: -523.62; low below minimum: -523.62; close below minimum: -523.62
2001-01-09,VHI,-523.62,-523.62,-523.62,-523.62,1460,open below minimum: -523.62; high below minimum: -523.62; low below minimum: -523.62; close below minimum: -523.62
2001-01-10,VHI,-526.39,-529.16,-526.39,-526.39,913,open below minimum: -526.39; high below minimum: -529.16; low below minimum: -526.39; close below minimum: -526.39
2001-01-11,VHI,-526.39,-526.39,-515.31,-516.69,4563,open below minimum: -526.39; high below minimum: -526.39; low below minimum: -515.31; close below minimum: -516.69
2001-01-12,VHI,-523.62,-523.62,-520.85,-520.85,1947,open below minimum: -523.62; high below minimum: -523.62; low below minimum: -520.85; close below minimum: -520.85
2001-01-16,VHI,-518.08,-520.85,-495.92,-495.92,2981,open below minimum: -518.08; high below minimum: -520.85; low below minimum: -495.92; close below minimum: -495.92
2001-01-17,VHI,-501.46,-507.0,-501.46,-507.0,304,open below minimum: -501.46; high below minimum: -507.0; low below minimum: -501.46; close below minimum: -507.0
2001-01-18,VHI,-504.23,-509.77,-504.23,-509.77,10404,open below minimum: -504.23; high below minimum: -509.77; low below minimum: -504.23; close below minimum: -509.77
2001-01-19,VHI,-507.0,-515.31,-507.0,-507.0,852,open below minimum: -507.0; high below minimum: -515.31; low below minimum: -507.0; close below minimum: -507.0
2001-01-22,VHI,-507.0,-515.31,-507.0,-515.31,1156,open below minimum: -507.0; high below minimum: -515.31; low below minimum: -507.0; close below minimum: -515.31
2001-01-23,VHI,-515.31,-518.08,-509.77,-518.08,426,open below minimum: -515.31; high below minimum: -518.08; low below minimum: -509.77; close below minimum: -518.08
2001-01-24,VHI,-512.54,-512.54,-512.54,-512.54,61,open below minimum: -512.54; high below minimum: -512.54; low below minimum: -512.54; close below minimum: -512.54
2001-01-25,VHI,-509.77,-515.31,-509.77,-509.77,426,open below minimum: -509.77; high below minimum: -515.31; low below minimum: -509.77; close below minimum: -509.77
2001-01-26,VHI,-509.77,-515.31,-509.77,-515.31,487,open below minimum: -509.77; high below minimum: -515.31; low below minimum: -509.77; close below minimum: -515.31
2001-01-29,VHI,-520.85,-531.05,-520.85,-531.05,7362,open below minimum: -520.85; high below minimum: -531.05; low below minimum: -520.85; close below minimum: -531.05
2001-01-30,VHI,-529.72,-531.49,-526.17,-526.61,3468,open below minimum: -529.72; high below minimum: -531.49; low below minimum: -526.17; close below minimum: -526.61
2001-01-31,VHI,-526.61,-526.61,-523.95,-523.95,3590,open below minimum: -526.61; high below minimum: -526.61; low below minimum: -523.95; close below minimum: -523.95
2001-02-01,VHI,-518.63,-518.63,-518.63,-518.63,4076,open below minimum: -518.63; high below minimum: -518.63; low below minimum: -518.63; close below minimum: -518.63
2001-02-02,VHI,-516.42,-527.5,-516.42,-522.62,1339,open below minimum: -516.42; high below minimum: -527.5; low below minimum: -516.42; close below minimum: -522.62
2001-02-05,VHI,-519.96,-519.96,-519.96,-519.96,122,open below minimum: -519.96; high below minimum: -519.96; low below minimum: -519.96; close below minimum: -519.96
2001-02-06,VHI,-514.64,-523.07,-514.64,-523.07,1764,open below minimum: -514.64; high below minimum: -523.07; low below minimum: -514.64; close below minimum: -523.07
2001-02-07,VHI,-523.51,-525.28,-522.18,-525.28,548,open below minimum: -523.51; high below minimum: -525.28; low below minimum: -522.18; close below minimum: -525.28
2001-02-08,VHI,-522.18,-522.18,-520.85,-520.85,426,open below minimum: -522.18; high below minimum: -522.18; low below minimum: -520.85; close below minimum: -520.85
2001-02-09,VHI,-519.52,-524.84,-519.52,-524.84,913,open below minimum: -519.52; high below minimum: -524.84; low below minimum: -519.52; close below minimum: -524.84
2001-02-12,VHI,-524.84,-531.05,-524.84,-531.05,852,open below minimum: -524.84; high below minimum: -531.05; low below minimum: -524.84; close below minimum: -531.05
2001-02-13,VHI,-527.5,-531.93,-526.17,-527.5,2373,open below minimum: -527.5; high below minimum: -531.93; low below minimum: -526.17; close below minimum: -527.5
2001-02-14,VHI,-523.07,-525.28,-523.07,-524.4,2738,open below minimum: -523.07; high below minimum: -525.28; low below minimum: -523.07; close below minimum: -524.4
2001-02-15,VHI,-524.4,-524.4,-509.77,-512.43,13385,open below minimum: -524.4; high below minimum: -524.4; low below minimum: -509.77; close below minimum: -512.43
2001-02-16,VHI,-509.77,-509.77,-476.52,-478.3,6145,open below minimum: -509.77; high below minimum: -509.77; low below minimum: -476.52; close below minimum: -478.3
2001-02-20,VHI,-474.31,-474.31,-469.87,-469.87,913,open below minimum: -474.31; high below minimum: -474.31; low below minimum: -469.87; close below minimum: -469.87
2001-02-21,VHI,-467.66,-467.66,-465.44,-465.44,791,open below minimum: -467.66; high below minimum: -467.66; low below minimum: -465.44; close below minimum: -465.44
2001-02-22,VHI,-465.44,-465.44,-460.12,-460.12,304,open below minimum: -465.44; high below minimum: -465.44; low below minimum: -460.12; close below minimum: -460.12
2001-02-23,VHI,-461.01,-461.01,-459.24,-461.01,1521,open below minimum: -461.01; high below minimum: -461.01; low below minimum: -459.24; close below minimum: -461.01
2001-02-26,VHI,-465.0,-469.87,-465.0,-469.87,1582,open below minimum: -465.0; high below minimum: -469.87; low below minimum: -465.0; close below minimum: -469.87
2001-02-27,VHI,-465.44,-465.44,-465.44,-465.44,608,open below minimum: -465.44; high below minimum: -465.44; low below minimum: -465.44; close below minimum: -465.44
2001-02-28,VHI,-461.89,-465.0,-461.89,-465.0,487,open below minimum: -461.89; high below minimum: -465.0; low below minimum: -461.89; close below minimum: -465.0
2001-03-01,VHI,-467.66,-467.66,-461.01,-461.01,304,open below minimum: -467.66; high below minimum: -467.66; low below minimum: -461.01; close below minimum: -461.01
2001-03-02,VHI,-462.78,-462.78,-452.14,-452.14,973,open below minimum: -462.78; high below minimum: -462.78; low below minimum: -452.14; close below minimum: -452.14
2001-03-05,VHI,-454.8,-455.25,-454.8,-455.25,183,open below minimum: -454.8; high below minimum: -455.25; low below minimum: -454.8; close below minimum: -455.25
2001-03-06,VHI,-461.01,-463.22,-461.01,-463.22,243,open below minimum: -461.01; high below minimum: -463.22; low below minimum: -461.01; close below minimum: -463.22
2001-03-07,VHI,-459.68,-465.44,-443.28,-445.49,3407,open below minimum: -459.68; high below minimum: -465.44; low below minimum: -443.28; close below minimum: -445.49
2001-03-08,VHI,-447.71,-447.71,-443.28,-443.28,10404,open below minimum: -447.71; high below minimum: -447.71; low below minimum: -443.28; close below minimum: -443.28
2001-03-09,VHI,-443.28,-445.94,-443.28,-445.49,608,open below minimum: -443.28; high below minimum: -445.94; low below minimum: -443.28; close below minimum: -445.49
2001-03-12,VHI,-445.49,-449.04,-443.28,-443.28,1704,open below minimum: -445.49; high below minimum: -449.04; low below minimum: -443.28; close below minimum: -443.28
2001-03-13,VHI,-443.28,-447.71,-443.28,-447.71,1643,open below minimum: -443.28; high below minimum: -447.71; low below minimum: -443.28; close below minimum: -447.71
2001-03-14,VHI,-445.49,-454.36,-445.49,-454.36,973,open below minimum: -445.49; high below minimum: -454.36; low below minimum: -445.49; close below minimum: -454.36
2001-03-15,VHI,-449.93,-449.93,-438.84,-443.28,4685,open below minimum: -449.93; high below minimum: -449.93; low below minimum: -438.84; close below minimum: -443.28
2001-03-16,VHI,-447.71,-447.71,-443.72,-443.72,2860,open below minimum: -447.71; high below minimum: -447.71; low below minimum: -443.72; close below minimum: -443.72
2001-03-19,VHI,-443.28,-445.94,-443.28,-445.94,1278,open below minimum: -443.28; high below minimum: -445.94; low below minimum: -443.28; close below minimum: -445.94
2001-03-20,VHI,-441.5,-443.28,-439.29,-443.28,1339,open below minimum: -441.5; high below minimum: -443.28; low below minimum: -439.29; close below minimum: -443.28
2001-03-21,VHI,-445.95,-445.95,-445.95,-445.95,3103,open below minimum: -445.95; high below minimum: -445.95; low below minimum: -445.95; close below minimum: -445.95
2001-03-22,VHI,-443.72,-448.18,-443.72,-448.18,8031,open below minimum: -443.72; high below minimum: -448.18; low below minimum: -443.72; close below minimum: -448.18
2001-03-23,VHI,-446.4,-448.63,-446.4,-448.63,122,open below minimum: -446.4; high below minimum: -448.63; low below minimum: -446.4; close below minimum: -448.63
2001-03-26,VHI,-450.41,-452.2,-446.4,-446.4,973,open below minimum: -450.41; high below minimum: -452.2; low below minimum: -446.4; close below minimum: -446.4
2001-03-27,VHI,-448.18,-448.18,-445.95,-448.18,913,open below minimum: -448.18; high below minimum: -448.18; low below minimum: -445.95; close below minimum: -448.18
2001-03-28,VHI,-447.29,-452.64,-447.29,-449.07,487,open below minimum: -447.29; high below minimum: -452.64; low below minimum: -447.29; close below minimum: -449.07
2001-03-29,VHI,-450.41,-450.41,-450.41,-450.41,61,open below minimum: -450.41; high below minimum: -450.41; low below minimum: -450.41; close below minimum: -450.41
2001-03-30,VHI,-448.18,-452.64,-448.18,-452.64,791,open below minimum: -448.18; high below minimum: -452.64; low below minimum: -448.18; close below minimum: -452.64
2001-04-02,VHI,-454.87,-457.1,-454.87,-454.87,365,open below minimum: -454.87; high below minimum: -457.1; low below minimum: -454.87; close below minimum: -454.87
2001-04-03,VHI,-454.87,-454.87,-450.41,-450.41,608,open below minimum: -454.87; high below minimum: -454.87; low below minimum: -450.41; close below minimum: -450.41
2001-04-04,VHI,-452.64,-452.64,-451.75,-451.75,243,open below minimum: -452.64; high below minimum: -452.64; low below minimum: -451.75; close below minimum: -451.75
2001-04-05,VHI,-452.2,-454.43,-452.2,-454.43,1460,open below minimum: -452.2; high below minimum: -454.43; low below minimum: -452.2; close below minimum: -454.43
2001-04-06,VHI,-452.2,-452.2,-446.4,-446.4,1278,open below minimum: -452.2; high below minimum: -452.2; low below minimum: -446.4; close below minimum: -446.4
2001-04-09,VHI,-447.74,-448.18,-447.74,-448.18,1156,open below minimum: -447.74; high below minimum: -448.18; low below minimum: -447.74; close below minimum: -448.18
2001-04-10,VHI,-450.41,-451.3,-450.41,-451.3,243,open below minimum: -450.41; high below minimum: -451.3; low below minimum: -450.41; close below minimum: -451.3
2001-04-11,VHI,-447.74,-454.87,-447.74,-454.87,1582,open below minimum: -447.74; high below minimum: -454.87; low below minimum: -447.74; close below minimum: -454.87
2001-04-12,VHI,-452.64,-454.87,-452.64,-452.64,426,open below minimum: -452.64; high below minimum: -454.87; low below minimum: -452.64; close below minimum: -452.64
2001-04-16,VHI,-452.64,-452.64,-452.64,-452.64,61,open below minimum: -452.64; high below minimum: -452.64; low below minimum: -452.64; close below minimum: -452.64
2001-04-17,VHI,-452.64,-460.22,-452.64,-460.22,852,open below minimum: -452.64; high below minimum: -460.22; low below minimum: -452.64; close below minimum: -460.22
2001-04-18,VHI,-462.45,-470.48,-462.45,-470.48,852,open below minimum: -462.45; high below minimum: -470.48; low below minimum: -462.45; close below minimum: -470.48
2001-04-19,VHI,-472.71,-477.17,-468.25,-471.82,913,open below minimum: -472.71; high below minimum: -477.17; low below minimum: -468.25; close below minimum: -471.82
2001-04-20,VHI,-470.48,-470.48,-463.79,-466.02,426,open below minimum: -470.48; high below minimum: -470.48; low below minimum: -463.79; close below minimum: -466.02
2001-04-23,VHI,-461.56,-461.56,-437.03,-445.95,5172,open below minimum: -461.56; high below minimum: -461.56; low below minimum: -437.03; close below minimum: -445.95
2001-04-24,VHI,-445.95,-448.18,-445.95,-448.18,1399,open below minimum: -445.95; high below minimum: -448.18; low below minimum: -445.95; close below minimum: -448.18
2001-04-25,VHI,-450.41,-459.33,-450.41,-459.33,365,open below minimum: -450.41; high below minimum: -459.33; low below minimum: -450.41; close below minimum: -459.33
2001-04-26,VHI,-460.22,-463.79,-460.22,-461.56,365,open below minimum: -460.22; high below minimum: -463.79; low below minimum: -460.22; close below minimum: -461.56
2001-04-27,VHI,-466.02,-468.25,-466.02,-468.25,1217,open below minimum: -466.02; high below minimum: -468.25; low below minimum: -466.02; close below minimum: -468.25
2001-04-30,VHI,-470.48,-472.71,-470.48,-472.71,183,open below minimum: -470.48; high below minimum: -472.71; low below minimum: -470.48; close below minimum: -472.71
2001-05-01,VHI,-476.72,-495.01,-476.72,-495.01,4502,open below minimum: -476.72; high below minimum: -495.01; low below minimum: -476.72; close below minimum: -495.01
2001-05-02,VHI,-497.24,-512.85,-497.24,-512.85,1704,open below minimum: -497.24; high below minimum: -512.85; low below minimum: -497.24; close below minimum: -512.85
2001-05-03,VHI,-508.39,-515.08,-506.16,-515.08,7423,open below minimum: -508.39; high below minimum: -515.08; low below minimum: -506.16; close below minimum: -515.08
2001-05-04,VHI,-508.83,-523.99,-508.83,-523.99,1886,open below minimum: -508.83; high below minimum: -523.99; low below minimum: -508.83; close below minimum: -523.99
2001-05-07,VHI,-526.22,-539.6,-526.22,-535.14,3468,open below minimum: -526.22; high below minimum: -539.6; low below minimum: -526.22; close below minimum: -535.14
2001-05-08,VHI,-537.37,-537.37,-537.37,-537.37,61,open below minimum: -537.37; high below minimum: -537.37; low below minimum: -537.37; close below minimum: -537.37
2001-05-09,VHI,-535.59,-537.82,-535.59,-537.82,1095,open below minimum: -535.59; high below minimum: -537.82; low below minimum: -535.59; close below minimum: -537.82
2001-05-10,VHI,-537.37,-550.75,-535.59,-548.52,2008,open below minimum: -537.37; high below minimum: -550.75; low below minimum: -535.59; close below minimum: -548.52
2001-05-11,VHI,-550.75,-550.75,-541.83,-546.29,1521,open below minimum: -550.75; high below minimum: -550.75; low below minimum: -541.83; close below minimum: -546.29
2001-05-14,VHI,-542.72,-546.29,-542.28,-546.29,3407,open below minimum: -542.72; high below minimum: -546.29; low below minimum: -542.28; close below minimum: -546.29
2001-05-15,VHI,-552.98,-552.98,-546.29,-550.75,6753,open below minimum: -552.98; high below minimum: -552.98; low below minimum: -546.29; close below minimum: -550.75
2001-05-16,VHI,-552.98,-562.79,-550.75,-562.79,1217,open below minimum: -552.98; high below minimum: -562.79; low below minimum: -550.75; close below minimum: -562.79
2001-05-17,VHI,-566.36,-573.05,-566.36,-570.82,2190,open below minimum: -566.36; high below minimum: -573.05; low below minimum: -566.36; close below minimum: -570.82
2001-05-18,VHI,-566.36,-566.36,-566.36,-566.36,243,open below minimum: -566.36; high below minimum: -566.36; low below minimum: -566.36; close below minimum: -566.36
2001-05-21,VHI,-570.82,-570.82,-566.81,-568.59,2312,open below minimum: -570.82; high below minimum: -570.82; low below minimum: -566.81; close below minimum: -568.59
2001-05-22,VHI,-564.13,-570.82,-564.13,-569.48,8214,open below minimum: -564.13; high below minimum: -570.82; low below minimum: -564.13; close below minimum: -569.48
2001-05-23,VHI,-564.13,-564.13,-557.44,-557.44,1278,open below minimum: -564.13; high below minimum: -564.13; low below minimum: -557.44; close below minimum: -557.44
2001-05-24,VHI,-557.44,-561.9,-557.44,-561.9,243,open below minimum: -557.44; high below minimum: -561.9; low below minimum: -557.44; close below minimum: -561.9
2001-05-25,VHI,-557.44,-561.9,-552.98,-554.77,2495,open below minimum: -557.44; high below minimum: -561.9; low below minimum: -552.98; close below minimum: -554.77
2001-05-29,VHI,-554.32,-554.32,-552.98,-552.98,365,open below minimum: -554.32; high below minimum: -554.32; low below minimum: -552.98; close below minimum: -552.98
2001-05-30,VHI,-552.98,-553.43,-552.98,-553.43,1034,open below minimum: -552.98; high below minimum: -553.43; low below minimum: -552.98; close below minimum: -553.43
2001-05-31,VHI,-553.43,-559.67,-553.43,-559.67,1399,open below minimum: -553.43; high below minimum: -559.67; low below minimum: -553.43; close below minimum: -559.67
2001-06-01,VHI,-557.89,-564.13,-557.44,-559.67,5050,open below minimum: -557.89; high below minimum: -564.13; low below minimum: -557.44; close below minimum: -559.67
2001-06-04,VHI,-564.13,-575.28,-564.13,-575.28,487,open below minimum: -564.13; high below minimum: -575.28; low below minimum: -564.13; close below minimum: -575.28
2001-06-05,VHI,-570.82,-570.82,-566.36,-570.82,608,open below minimum: -570.82; high below minimum: -570.82; low below minimum: -566.36; close below minimum: -570.82
2001-06-06,VHI,-566.81,-579.74,-565.02,-573.94,12229,open below minimum: -566.81; high below minimum: -579.74; low below minimum: -565.02; close below minimum: -573.94
2001-06-07,VHI,-575.28,-577.51,-575.28,-576.17,183,open below minimum: -575.28; high below minimum: -577.51; low below minimum: -575.28; close below minimum: -576.17
2001-06-08,VHI,-557.44,-571.71,-557.44,-566.36,57861,open below minimum: -557.44; high below minimum: -571.71; low below minimum: -557.44; close below minimum: -566.36
2001-06-11,VHI,-570.82,-579.29,-565.47,-565.47,1399,open below minimum: -570.82; high below minimum: -579.29; low below minimum: -565.47; close below minimum: -565.47
2001-06-12,VHI,-561.9,-573.05,-561.9,-573.05,365,open below minimum: -561.9; high below minimum: -573.05; low below minimum: -561.9; close below minimum: -573.05
2001-06-13,VHI,-575.74,-575.74,-570.36,-570.36,304,open below minimum: -575.74; high below minimum: -575.74; low below minimum: -570.36; close below minimum: -570.36
2001-06-14,VHI,-573.5,-577.98,-571.26,-573.5,548,open below minimum: -573.5; high below minimum: -577.98; low below minimum: -571.26; close below minimum: -573.5
2001-06-15,VHI,-577.98,-580.22,-562.3,-562.3,7301,open below minimum: -577.98; high below minimum: -580.22; low below minimum: -562.3; close below minimum: -562.3
2001-06-18,VHI,-561.4,-561.4,-555.58,-555.58,6328,open below minimum: -561.4; high below minimum: -561.4; low below minimum: -555.58; close below minimum: -555.58
2001-06-19,VHI,-555.58,-555.58,-551.1,-551.1,1825,open below minimum: -555.58; high below minimum: -555.58; low below minimum: -551.1; close below minimum: -551.1
2001-06-20,VHI,-548.86,-554.68,-546.61,-547.06,5172,open below minimum: -548.86; high below minimum: -554.68; low below minimum: -546.61; close below minimum: -547.06
2001-06-21,VHI,-549.3,-553.78,-549.3,-550.2,1886,open below minimum: -549.3; high below minimum: -553.78; low below minimum: -549.3; close below minimum: -550.2
2001-06-22,VHI,-550.2,-550.2,-537.65,-537.65,4441,open below minimum: -550.2; high below minimum: -550.2; low below minimum: -537.65; close below minimum: -537.65
2001-06-25,VHI,-537.65,-542.13,-526.45,-537.65,18131,open below minimum: -537.65; high below minimum: -542.13; low below minimum: -526.45; close below minimum: -537.65
2001-06-26,VHI,-533.62,-537.65,-529.14,-535.41,973,open below minimum: -533.62; high below minimum: -537.65; low below minimum: -529.14; close below minimum: -535.41
2001-06-27,VHI,-538.1,-546.61,-535.41,-542.13,2373,open below minimum: -538.1; high below minimum: -546.61; low below minimum: -535.41; close below minimum: -542.13
2001-06-28,VHI,-542.13,-546.61,-530.93,-546.61,2799,open below minimum: -542.13; high below minimum: -546.61; low below minimum: -530.93; close below minimum: -546.61
2001-06-29,VHI,-546.61,-580.22,-537.65,-580.22,31394,open below minimum: -546.61; high below minimum: -580.22; low below minimum: -537.65; close below minimum: -580.22
2001-07-02,VHI,-580.22,-580.22,-533.17,-533.17,25249,open below minimum: -580.22; high below minimum: -580.22; low below minimum: -533.17; close below minimum: -533.17
2001-07-03,VHI,-533.17,-533.17,-526.45,-531.38,5476,open below minimum: -533.17; high below minimum: -533.17; low below minimum: -526.45; close below minimum: -531.38
2001-07-05,VHI,-533.17,-538.55,-526.45,-526.45,9065,open below minimum: -533.17; high below minimum: -538.55; low below minimum: -526.45; close below minimum: -526.45
2001-07-06,VHI,-522.42,-522.42,-519.28,-519.28,6814,open below minimum: -522.42; high below minimum: -522.42; low below minimum: -519.28; close below minimum: -519.28
2001-07-09,VHI,-519.28,-519.28,-508.53,-509.88,9796,open below minimum: -519.28; high below minimum: -519.28; low below minimum: -508.53; close below minimum: -509.88
2001-07-10,VHI,-508.53,-510.77,-499.57,-499.57,11012,open below minimum: -508.53; high below minimum: -510.77; low below minimum: -499.57; close below minimum: -499.57
2001-07-11,VHI,-497.78,-497.78,-465.97,-465.97,19287,open below minimum: -497.78; high below minimum: -497.78; low below minimum: -465.97; close below minimum: -465.97
2001-07-12,VHI,-465.97,-474.03,-465.97,-474.03,2738,open below minimum: -465.97; high below minimum: -474.03; low below minimum: -465.97; close below minimum: -474.03
2001-07-13,VHI,-473.58,-473.58,-461.49,-465.97,7179,open below minimum: -473.58; high below minimum: -473.58; low below minimum: -461.49; close below minimum: -465.97
2001-07-16,VHI,-465.97,-465.97,-459.25,-463.73,4685,open below minimum: -465.97; high below minimum: -465.97; low below minimum: -459.25; close below minimum: -463.73
2001-07-17,VHI,-463.73,-463.73,-459.25,-461.49,2555,open below minimum: -463.73; high below minimum: -463.73; low below minimum: -459.25; close below minimum: -461.49
2001-07-18,VHI,-457.01,-461.49,-457.01,-461.49,3894,open below minimum: -457.01; high below minimum: -461.49; low below minimum: -457.01; close below minimum: -461.49
2001-07-19,VHI,-461.49,-461.49,-459.25,-459.25,3468,open below minimum: -461.49; high below minimum: -461.49; low below minimum: -459.25; close below minimum: -459.25
2001-07-20,VHI,-457.01,-459.69,-457.01,-459.69,243,open below minimum: -457.01; high below minimum: -459.69; low below minimum: -457.01; close below minimum: -459.69
2001-07-23,VHI,-459.69,-472.69,-457.01,-459.25,4381,open below minimum: -459.69; high below minimum: -472.69; low below minimum: -457.01; close below minimum: -459.25
2001-07-24,VHI,-459.25,-459.25,-454.77,-455.21,7058,open below minimum: -459.25; high below minimum: -459.25; low below minimum: -454.77; close below minimum: -455.21
2001-07-25,VHI,-455.21,-459.25,-455.21,-459.25,548,open below minimum: -455.21; high below minimum: -459.25; low below minimum: -455.21; close below minimum: -459.25
2001-07-26,VHI,-459.25,-469.55,-459.25,-468.21,2069,open below minimum: -459.25; high below minimum: -469.55; low below minimum: -459.25; close below minimum: -468.21
2001-07-27,VHI,-464.17,-465.07,-464.17,-465.07,1095,open below minimum: -464.17; high below minimum: -465.07; low below minimum: -464.17; close below minimum: -465.07
2001-07-30,VHI,-467.31,-470.9,-464.17,-470.9,548,open below minimum: -467.31; high below minimum: -470.9; low below minimum: -464.17; close below minimum: -470.9
2001-07-31,VHI,-474.93,-481.65,-474.93,-481.65,3103,open below minimum: -474.93; high below minimum: -481.65; low below minimum: -474.93; close below minimum: -481.65
2001-08-01,VHI,-481.65,-482.1,-481.65,-482.1,2129,open below minimum: -481.65; high below minimum: -482.1; low below minimum: -481.65; close below minimum: -482.1
2001-08-02,VHI,-482.1,-501.81,-482.1,-501.81,6023,open below minimum: -482.1; high below minimum: -501.81; low below minimum: -482.1; close below minimum: -501.81
2001-08-03,VHI,-501.81,-502.26,-501.81,-502.26,1278,open below minimum: -501.81; high below minimum: -502.26; low below minimum: -501.81; close below minimum: -502.26
2001-08-06,VHI,-506.74,-513.01,-506.74,-513.01,1643,open below minimum: -506.74; high below minimum: -513.01; low below minimum: -506.74; close below minimum: -513.01
2001-08-07,VHI,-519.73,-524.21,-519.73,-521.97,4016,open below minimum: -519.73; high below minimum: -524.21; low below minimum: -519.73; close below minimum: -521.97
2001-08-08,VHI,-519.73,-524.66,-519.73,-524.66,852,open below minimum: -519.73; high below minimum: -524.66; low below minimum: -519.73; close below minimum: -524.66
2001-08-09,VHI,-528.69,-529.14,-528.69,-528.69,1034,open below minimum: -528.69; high below minimum: -529.14; low below minimum: -528.69; close below minimum: -528.69
2001-08-10,VHI,-525.11,-543.93,-525.11,-538.55,1886,open below minimum: -525.11; high below minimum: -543.93; low below minimum: -525.11; close below minimum: -538.55
2001-08-13,VHI,-548.86,-549.3,-548.86,-549.3,1704,open below minimum: -548.86; high below minimum: -549.3; low below minimum: -548.86; close below minimum: -549.3
2001-08-14,VHI,-549.3,-564.54,-549.3,-564.54,3285,open below minimum: -549.3; high below minimum: -564.54; low below minimum: -549.3; close below minimum: -564.54
2001-08-15,VHI,-564.54,-571.26,-564.54,-571.26,1217,open below minimum: -564.54; high below minimum: -571.26; low below minimum: -564.54; close below minimum: -571.26
2001-08-16,VHI,-571.26,-577.98,-571.26,-575.74,3164,open below minimum: -571.26; high below minimum: -577.98; low below minimum: -571.26; close below minimum: -575.74
2001-08-17,VHI,-571.71,-575.29,-571.71,-575.29,4563,open below minimum: -571.71; high below minimum: -575.29; low below minimum: -571.71; close below minimum: -575.29
2001-08-20,VHI,-564.54,-571.71,-564.54,-571.71,913,open below minimum: -564.54; high below minimum: -571.71; low below minimum: -564.54; close below minimum: -571.71
2001-08-21,VHI,-567.67,-573.5,-567.67,-573.5,730,open below minimum: -567.67; high below minimum: -573.5; low below minimum: -567.67; close below minimum: -573.5
2001-08-22,VHI,-575.29,-582.46,-573.5,-582.46,14663,open below minimum: -575.29; high below minimum: -582.46; low below minimum: -573.5; close below minimum: -582.46
2001-08-23,VHI,-578.43,-578.87,-577.98,-577.98,2129,open below minimum: -578.43; high below minimum: -578.87; low below minimum: -577.98; close below minimum: -577.98
2001-08-24,VHI,-581.56,-595.9,-581.56,-582.91,7727,open below minimum: -581.56; high below minimum: -595.9; low below minimum: -581.56; close below minimum: -582.91
2001-08-27,VHI,-579.32,-579.32,-573.5,-574.39,791,open below minimum: -579.32; high below minimum: -579.32; low below minimum: -573.5; close below minimum: -574.39
2001-08-28,VHI,-577.98,-578.43,-577.98,-577.98,1339,open below minimum: -577.98; high below minimum: -578.43; low below minimum: -577.98; close below minimum: -577.98
2001-08-29,VHI,-577.98,-577.98,-573.5,-573.5,1278,open below minimum: -577.98; high below minimum: -577.98; low below minimum: -573.5; close below minimum: -573.5
2001-08-30,VHI,-577.98,-582.46,-573.5,-573.5,2555,open below minimum: -577.98; high below minimum: -582.46; low below minimum: -573.5; close below minimum: -573.5
2001-08-31,VHI,-569.02,-580.22,-569.02,-573.5,3772,open below minimum: -569.02; high below minimum: -580.22; low below minimum: -569.02; close below minimum: -573.5
2001-09-04,VHI,-571.26,-571.26,-571.26,-571.26,365,open below minimum: -571.26; high below minimum: -571.26; low below minimum: -571.26; close below minimum: -571.26
2001-09-05,VHI,-571.71,-571.71,-571.26,-571.26,1095,open below minimum: -571.71; high below minimum: -571.71; low below minimum: -571.26; close below minimum: -571.26
2001-09-06,VHI,-566.78,-568.57,-566.78,-568.57,304,open below minimum: -566.78; high below minimum: -568.57; low below minimum: -566.78; close below minimum: -568.57
2001-09-07,VHI,-571.26,-573.05,-571.26,-571.26,1399,open below minimum: -571.26; high below minimum: -573.05; low below minimum: -571.26; close below minimum: -571.26
2001-09-10,VHI,-573.5,-577.98,-571.26,-575.74,2190,open below minimum: -573.5; high below minimum: -577.98; low below minimum: -571.26; close below minimum: -575.74
