{
    "AAPL": {
        "Open": 0.24386200308799744,
        "High": 0.24497799575328827,
        "Low": 0.24051299691200256,
        "Close": 0.24386200308799744,
        "Adj Close": 0.2045915126800537,
        "Volume": 194308800.0
    },
    "ABBV": {
        "Open": null,
        "High": null,
        "Low": null,
        "Close": null,
        "Adj Close": null,
        "Volume": null
    },
    "ABT": {
        "Open": 17.030176162719727,
        "High": 17.493106842041016,
        "Low": 16.93198013305664,
        "Close": 17.366853713989258,
        "Adj Close": 8.71951961517334,
        "Volume": 6546657.0
    },
    "ACN": {
        "Open": null,
        "High": null,
        "Low": null,
        "Close": null,
        "Adj Close": null,
        "Volume": null
    },
    "ADBE": {
        "Open": 5.703125,
        "High": 5.914062976837158,
        "Low": 5.703125,
        "Close": 5.828125,
        "Adj Close": 5.755831241607666,
        "Volume": 13932000.0
    },
    "AIG": {
        "Open": 899.5555419921875,
        "High": 907.5555419921875,
        "Low": 896.4444580078125,
        "Close": 904.888916015625,
        "Adj Close": 531.0313720703125,
        "Volume": 119517.0
    },
    "AMD": {
        "Open": 14.96875,
        "High": 15.25,
        "Low": 14.5625,
        "Close": 14.84375,
        "Adj Close": 14.84375,
        "Volume": 10321400.0
    },
    "AMGN": {
        "Open": 14.96875,
        "High": 14.96875,
        "Low": 14.53125,
        "Close": 14.78125,
        "Adj Close": 9.997872352600098,
        "Volume": 7858400.0
    },
    "AMT": {
        "Open": 21.75,
        "High": 23.375,
        "Low": 21.75,
        "Close": 23.25,
        "Adj Close": 16.99988555908203,
        "Volume": 140500.0
    },
    "AMZN": {
        "Open": 0.37968799471855164,
        "High": 0.40312498807907104,
        "Low": 0.3739579916000366,
        "Close": 0.3960939943790436,
        "Adj Close": 0.3960939943790436,
        "Volume": 332856000.0
    },
    "AVGO": {
        "Open": null,
        "High": null,
        "Low": null,
        "Close": null,
        "Adj Close": null,
        "Volume": null
    },
    "AXP": {
        "Open": 26.951946258544922,
        "High": 27.754304885864258,
        "Low": 26.915475845336914,
        "Close": 27.571950912475586,
        "Adj Close": 19.097089767456055,
        "Volume": 4453559.0
    },
    "BA": {
        "Open": 52.75,
        "High": 55.0,
        "Low": 52.25,
        "Close": 54.9375,
        "Adj Close": 34.653831481933594,
        "Volume": 6873800.0
    },
    "BAC": {
        "Open": 36.5,
        "High": 36.78125,
        "Low": 36.28125,
        "Close": 36.59375,
        "Adj Close": 17.88732147216797,
        "Volume": 3748600.0
    },
    "BK": {
        "Open": 33.29049301147461,
        "High": 33.919864654541016,
        "Low": 32.992366790771484,
        "Close": 33.88673782348633,
        "Adj Close": 18.016340255737305,
        "Volume": 1104533.0
    },
    "BKNG": {
        "Open": null,
        "High": null,
        "Low": null,
        "Close": null,
        "Adj Close": null,
        "Volume": null
    },
    "BLK": {
        "Open": null,
        "High": null,
        "Low": null,
        "Close": null,
        "Adj Close": null,
        "Volume": null
    },
    "BMY": {
        "Open": 50.503665924072266,
        "High": 50.89032745361328,
        "Low": 50.20623779296875,
        "Close": 50.682125091552734,
        "Adj Close": 18.762975692749023,
        "Volume": 4051369.0
    },
    "BRK-B": {
        "Open": 45.0,
        "High": 45.060001373291016,
        "Low": 44.720001220703125,
        "Close": 44.900001525878906,
        "Adj Close": 44.900001525878906,
        "Volume": 280000.0
    },
    "C": {
        "Open": 300.625,
        "High": 306.875,
        "Low": 299.375,
        "Close": 306.25,
        "Adj Close": 156.11160278320312,
        "Volume": 618920.0
    },
    "CAT": {
        "Open": 27.03125,
        "High": 27.125,
        "Low": 26.59375,
        "Close": 26.96875,
        "Adj Close": 13.378674507141113,
        "Volume": 3472400.0
    },
    "CL": {
        "Open": 22.0,
        "High": 22.03125,
        "Low": 21.5,
        "Close": 21.78125,
        "Adj Close": 12.10550594329834,
        "Volume": 4270000.0
    },
    "CMCSA": {
        "Open": 5.369416236877441,
        "High": 5.388940811157227,
        "Low": 5.262026786804199,
        "Close": 5.369416236877441,
        "Adj Close": 3.6360950469970703,
        "Volume": 1612024.0
    },
    "COF": {
        "Open": 28.541667938232422,
        "High": 28.833332061767578,
        "Low": 28.25,
        "Close": 28.25,
        "Adj Close": 20.355140686035156,
        "Volume": 873300.0
    },
    "COP": {
        "Open": 19.12938117980957,
        "High": 19.653474807739258,
        "Low": 19.05791473388672,
        "Close": 19.53436279296875,
        "Adj Close": 8.121164321899414,
        "Volume": 1276373.0
    },
    "COST": {
        "Open": 27.0625,
        "High": 27.4375,
        "Low": 26.78125,
        "Close": 26.8125,
        "Adj Close": 17.888423919677734,
        "Volume": 3175000.0
    },
    "CRM": {
        "Open": null,
        "High": null,
        "Low": null,
        "Close": null,
        "Adj Close": null,
        "Volume": null
    },
    "CSCO": {
        "Open": 11.541666984558105,
        "High": 11.791666984558105,
        "Low": 11.5,
        "Close": 11.708333015441895,
        "Adj Close": 7.575892925262451,
        "Volume": 51847800.0
    },
    "CVS": {
        "Open": 19.0,
        "High": 19.109375,
        "Low": 18.6875,
        "Close": 18.90625,
        "Adj Close": 11.84504508972168,
        "Volume": 5765200.0
    },
    "CVX": {
        "Open": 41.28125,
        "High": 41.78125,
        "Low": 40.8125,
        "Close": 41.71875,
        "Adj Close": 15.070143699645996,
        "Volume": 2331600.0
    },
    "DE": {
        "Open": 30.65625,
        "High": 30.875,
        "Low": 30.375,
        "Close": 30.84375,
        "Adj Close": 17.894906997680664,
        "Volume": 1171200.0
    },
    "DHR": {
        "Open": 6.469143867492676,
        "High": 6.547907829284668,
        "Low": 6.469143867492676,
        "Close": 6.532155990600586,
        "Adj Close": 3.8576958179473877,
        "Volume": 1130752.0
    },
    "DIS": {
        "Open": 34.8563346862793,
        "High": 35.82228088378906,
        "Low": 34.671363830566406,
        "Close": 35.801727294921875,
        "Adj Close": 27.00840187072754,
        "Volume": 4665890.0
    },
    "DUK": {
        "Open": 51.590782165527344,
        "High": 52.51691436767578,
        "Low": 51.53630447387695,
        "Close": 52.29899978637695,
        "Adj Close": 14.914508819580078,
        "Volume": 531635.0
    },
    "EMR": {
        "Open": 31.6875,
        "High": 32.59375,
        "Low": 31.5,
        "Close": 32.53125,
        "Adj Close": 15.414302825927734,
        "Volume": 2192600.0
    },
    "FDX": {
        "Open": 36.0,
        "High": 36.09375,
        "Low": 35.6875,
        "Close": 36.09375,
        "Adj Close": 28.899999618530273,
        "Volume": 801600.0
    },
    "GD": {
        "Open": 22.03125,
        "High": 22.40625,
        "Low": 22.0,
        "Close": 22.359375,
        "Adj Close": 12.63821792602539,
        "Volume": 1373600.0
    },
    "GE": {
        "Open": 139.28021240234375,
        "High": 140.9775390625,
        "Low": 138.98068237304688,
        "Close": 140.1787872314453,
        "Adj Close": 74.1402816772461,
        "Volume": 3262891.0
    },
    "GILD": {
        "Open": 1.136718988418579,
        "High": 1.1640629768371582,
        "Low": 1.105468988418579,
        "Close": 1.1191409826278687,
        "Adj Close": 0.7775246500968933,
        "Volume": 26841600.0
    },
    "GM": {
        "Open": null,
        "High": null,
        "Low": null,
        "Close": null,
        "Adj Close": null,
        "Volume": null
    },