{
    "AAPL": {
        "Open": 0.25948700308799744,
        "High": 0.26004499197006226,
        "Low": 0.2544640004634857,
        "Close": 0.2589290142059326,
        "Adj Close": 0.2172321379184723,
        "Volume": 348028800.0
    },
    "ABBV": {
        "Open": null,
        "High": null,
        "Low": null,
        "Close": null,
        "Adj Close": null,
        "Volume": null
    },
    "ABT": {
        "Open": 16.3848819732666,
        "High": 16.48307991027832,
        "Low": 16.202516555786133,
        "Close": 16.314741134643555,
        "Adj Close": 8.223584175109863,
        "Volume": 7449306.0
    },
    "ACN": {
        "Open": null,
        "High": null,
        "Low": null,
        "Close": null,
        "Adj Close": null,
        "Volume": null
    },
    "ADBE": {
        "Open": 6.257812976837158,
        "High": 6.257812976837158,
        "Low": 6.046875,
        "Close": 6.132812976837158,
        "Adj Close": 6.056741714477539,
        "Volume": 4027200.0
    },
    "AIG": {
        "Open": 964.888916015625,
        "High": 987.5555419921875,
        "Low": 958.6666870117188,
        "Close": 984.4444580078125,
        "Adj Close": 577.7182006835938,
        "Volume": 122681.0
    },
    "AMD": {
        "Open": 14.21875,
        "High": 14.40625,
        "Low": 13.78125,
        "Close": 13.875,
        "Adj Close": 13.875,
        "Volume": 6050600.0
    },
    "AMGN": {
        "Open": 14.421875,
        "High": 14.421875,
        "Low": 14.0625,
        "Close": 14.40625,
        "Adj Close": 9.744223594665527,
        "Volume": 6174400.0
    },
    "AMT": {
        "Open": 22.125,
        "High": 22.125,
        "Low": 21.75,
        "Close": 22.125,
        "Adj Close": 16.177318572998047,
        "Volume": 23100.0
    },
    "AMZN": {
        "Open": 0.3968749940395355,
        "High": 0.3973959982395172,
        "Low": 0.37968799471855164,
        "Close": 0.3877600133419037,
        "Adj Close": 0.3877600133419037,
        "Volume": 167088000.0
    },
    "AVGO": {
        "Open": null,
        "High": null,
        "Low": null,
        "Close": null,
        "Adj Close": null,
        "Volume": null
    },
    "AXP": {
        "Open": 29.97902488708496,
        "High": 30.580793380737305,
        "Low": 29.833141326904297,
        "Close": 30.05196762084961,
        "Adj Close": 20.859628677368164,
        "Volume": 4693134.0
    },
    "BA": {
        "Open": 53.0625,
        "High": 53.0625,
        "Low": 52.5,
        "Close": 53.0625,
        "Adj Close": 33.47111892700195,
        "Volume": 2982500.0
    },
    "BAC": {
        "Open": 38.625,
        "High": 38.90625,
        "Low": 38.3125,
        "Close": 38.5,
        "Adj Close": 18.81911277770996,
        "Volume": 5615800.0
    },
    "BK": {
        "Open": 34.052364349365234,
        "High": 34.25111389160156,
        "Low": 33.65486526489258,
        "Close": 33.95298767089844,
        "Adj Close": 18.051549911499023,
        "Volume": 956419.0
    },
    "BKNG": {
        "Open": null,
        "High": null,
        "Low": null,
        "Close": null,
        "Adj Close": null,
        "Volume": null
    },
    "BLK": {
        "Open": null,
        "High": null,
        "Low": null,
        "Close": null,
        "Adj Close": null,
        "Volume": null
    },
    "BMY": {
        "Open": 51.514930725097656,
        "High": 51.57441711425781,
        "Low": 50.62263870239258,
        "Close": 51.03904342651367,
        "Adj Close": 18.895122528076172,
        "Volume": 4612425.0
    },
    "BRK-B": {
        "Open": 46.599998474121094,
        "High": 46.599998474121094,
        "Low": 45.68000030517578,
        "Close": 45.880001068115234,
        "Adj Close": 45.880001068115234,
        "Volume": 400000.0
    },
    "C": {
        "Open": 324.375,
        "High": 326.25,
        "Low": 322.5,
        "Close": 325.0,
        "Adj Close": 165.66941833496094,
        "Volume": 896540.0
    },
    "CAT": {
        "Open": 28.4375,
        "High": 28.5,
        "Low": 28.15625,
        "Close": 28.4375,
        "Adj Close": 14.16986083984375,
        "Volume": 1803000.0
    },
    "CL": {
        "Open": 21.6875,
        "High": 21.6875,
        "Low": 21.40625,
        "Close": 21.46875,
        "Adj Close": 11.931821823120117,
        "Volume": 1918800.0
    },
    "CMCSA": {
        "Open": 5.701343059539795,
        "High": 5.886832237243652,
        "Low": 5.681818008422852,
        "Close": 5.701343059539795,
        "Adj Close": 3.860874652862549,
        "Volume": 1898833.0
    },
    "COF": {
        "Open": 33.25,
        "High": 33.64583206176758,
        "Low": 33.16666793823242,
        "Close": 33.625,
        "Adj Close": 24.228017807006836,
        "Volume": 1136100.0
    },
    "COP": {
        "Open": 19.12938117980957,
        "High": 19.177026748657227,
        "Low": 18.819690704345703,
        "Close": 19.105558395385742,
        "Adj Close": 7.94288969039917,
        "Volume": 1780100.0
    },
    "COST": {
        "Open": 28.46875,
        "High": 28.5625,
        "Low": 28.0625,
        "Close": 28.53125,
        "Adj Close": 19.035118103027344,
        "Volume": 2096600.0
    },
    "CRM": {
        "Open": null,
        "High": null,
        "Low": null,
        "Close": null,
        "Adj Close": null,
        "Volume": null
    },
    "CSCO": {
        "Open": 12.104166984558105,
        "High": 12.322916984558105,
        "Low": 11.916666984558105,
        "Close": 12.3125,
        "Adj Close": 7.9668192863464355,
        "Volume": 40785600.0
    },
    "CVS": {
        "Open": 18.40625,
        "High": 18.4375,
        "Low": 18.21875,
        "Close": 18.390625,
        "Adj Close": 11.539210319519043,
        "Volume": 1769200.0
    },
    "CVX": {
        "Open": 42.0,
        "High": 42.8125,
        "Low": 41.96875,
        "Close": 42.46875,
        "Adj Close": 15.34107494354248,
        "Volume": 2865000.0
    },
    "DE": {
        "Open": 30.5625,
        "High": 31.28125,
        "Low": 30.40625,
        "Close": 31.28125,
        "Adj Close": 18.148738861083984,
        "Volume": 1659600.0
    },
    "DHR": {
        "Open": 6.290613174438477,
        "High": 6.364126205444336,
        "Low": 6.290613174438477,
        "Close": 6.327369213104248,
        "Adj Close": 3.736757755279541,
        "Volume": 471345.0
    },
    "DIS": {
        "Open": 37.939144134521484,
        "High": 38.45294952392578,
        "Low": 37.65141677856445,
        "Close": 38.391292572021484,
        "Adj Close": 29.004226684570312,
        "Volume": 4770806.0
    },
    "DUK": {
        "Open": 51.10047912597656,
        "High": 51.20943832397461,
        "Low": 50.77361297607422,
        "Close": 50.93704605102539,
        "Adj Close": 14.526108741760254,
        "Volume": 722079.0
    },
    "EMR": {
        "Open": 32.5625,
        "High": 32.9375,
        "Low": 32.125,
        "Close": 32.375,
        "Adj Close": 15.340266227722168,
        "Volume": 2158400.0
    },
    "FDX": {
        "Open": 36.4375,
        "High": 36.84375,
        "Low": 36.40625,
        "Close": 36.84375,
        "Adj Close": 29.500513076782227,
        "Volume": 902600.0
    },
    "GD": {
        "Open": 22.5,
        "High": 22.5,
        "Low": 21.78125,
        "Close": 22.25,
        "Adj Close": 12.638359069824219,
        "Volume": 399000.0
    },
    "GE": {
        "Open": 135.98541259765625,
        "High": 138.2817840576172,
        "Low": 135.28651428222656,
        "Close": 137.48304748535156,
        "Adj Close": 72.71451568603516,
        "Volume": 2597217.0
    },
    "GILD": {
        "Open": 1.3125,
        "High": 1.3183590173721313,
        "Low": 1.28125,
        "Close": 1.292968988418579,
        "Adj Close": 0.8982921242713928,
        "Volume": 3305600.0
    },
    "GM": {
        "Open": null,
        "High": null,
        "Low": null,
        "Close": null,
        "Adj Close": null,
        "Volume": null
    },