{
    "AAPL": {
        "Open": 0.24497799575328827,
        "High": 0.2589290142059326,
        "Low": 0.2427459955215454,
        "Close": 0.24720999598503113,
        "Adj Close": 0.2074003517627716,
        "Volume": 475294400.0
    },
    "ABBV": {
        "Open": null,
        "High": null,
        "Low": null,
        "Close": null,
        "Adj Close": null,
        "Volume": null
    },
    "ABT": {
        "Open": 16.160432815551758,
        "High": 16.342798233032227,
        "Low": 16.132375717163086,
        "Close": 16.188488006591797,
        "Adj Close": 8.159942626953125,
        "Volume": 5298274.0
    },
    "ACN": {
        "Open": null,
        "High": null,
        "Low": null,
        "Close": null,
        "Adj Close": null,
        "Volume": null
    },
    "ADBE": {
        "Open": 6.335937976837158,
        "High": 6.34375,
        "Low": 6.171875,
        "Close": 6.210937976837158,
        "Adj Close": 6.133896827697754,
        "Volume": 9706400.0
    },
    "AIG": {
        "Open": 989.7777709960938,
        "High": 995.111083984375,
        "Low": 969.7777709960938,
        "Close": 982.6666870117188,
        "Adj Close": 576.6751098632812,
        "Volume": 135534.0
    },
    "AMD": {
        "Open": 14.25,
        "High": 15.0625,
        "Low": 13.9375,
        "Close": 14.65625,
        "Adj Close": 14.65625,
        "Volume": 7249600.0
    },
    "AMGN": {
        "Open": 14.28125,
        "High": 14.5,
        "Low": 13.875,
        "Close": 14.40625,
        "Adj Close": 9.744223594665527,
        "Volume": 18824800.0
    },
    "AMT": {
        "Open": 23.0,
        "High": 23.5,
        "Low": 23.0,
        "Close": 23.5,
        "Adj Close": 17.18268394470215,
        "Volume": 242300.0
    },
    "AMZN": {
        "Open": 0.36250001192092896,
        "High": 0.36250001192092896,
        "Low": 0.3354170024394989,
        "Close": 0.3375000059604645,
        "Adj Close": 0.3375000059604645,
        "Volume": 245064000.0
    },
    "AVGO": {
        "Open": null,
        "High": null,
        "Low": null,
        "Close": null,
        "Adj Close": null,
        "Volume": null
    },
    "AXP": {
        "Open": 30.635499954223633,
        "High": 30.70844268798828,
        "Low": 29.57784652709961,
        "Close": 30.070201873779297,
        "Adj Close": 20.872283935546875,
        "Volume": 6344796.0
    },
    "BA": {
        "Open": 52.375,
        "High": 52.375,
        "Low": 51.25,
        "Close": 51.5,
        "Adj Close": 32.485496520996094,
        "Volume": 5830200.0
    },
    "BAC": {
        "Open": 39.125,
        "High": 39.125,
        "Low": 38.75,
        "Close": 38.75,
        "Adj Close": 18.94131851196289,
        "Volume": 4174600.0
    },
    "BK": {
        "Open": 32.66111755371094,
        "High": 32.694244384765625,
        "Low": 31.99862289428711,
        "Close": 32.09799575805664,
        "Adj Close": 17.134859085083008,
        "Volume": 3019446.0
    },
    "BKNG": {
        "Open": null,
        "High": null,
        "Low": null,
        "Close": null,
        "Adj Close": null,
        "Volume": null
    },
    "BLK": {
        "Open": null,
        "High": null,
        "Low": null,
        "Close": null,
        "Adj Close": null,
        "Volume": null
    },
    "BMY": {
        "Open": 50.23598098754883,
        "High": 50.74161148071289,
        "Low": 49.432918548583984,
        "Close": 49.70060348510742,
        "Adj Close": 18.399620056152344,
        "Volume": 3149687.0
    },
    "BRK-B": {
        "Open": 44.29999923706055,
        "High": 44.29999923706055,
        "Low": 43.70000076293945,
        "Close": 44.15999984741211,
        "Adj Close": 44.15999984741211,
        "Volume": 350000.0
    },
    "C": {
        "Open": 320.625,
        "High": 322.8125,
        "Low": 318.4375,
        "Close": 318.75,
        "Adj Close": 162.4834442138672,
        "Volume": 418980.0
    },
    "CAT": {
        "Open": 28.78125,
        "High": 29.125,
        "Low": 28.71875,
        "Close": 29.03125,
        "Adj Close": 14.465715408325195,
        "Volume": 3342800.0
    },
    "CL": {
        "Open": 22.4375,
        "High": 22.875,
        "Low": 22.03125,
        "Close": 22.328125,
        "Adj Close": 12.447691917419434,
        "Volume": 4783200.0
    },
    "CMCSA": {
        "Open": 5.701343059539795,
        "High": 5.701343059539795,
        "Low": 5.447515964508057,
        "Close": 5.447515964508057,
        "Adj Close": 3.688985586166382,
        "Volume": 1099864.0
    },
    "COF": {
        "Open": 34.66666793823242,
        "High": 34.72916793823242,
        "Low": 33.04166793823242,
        "Close": 33.20833206176758,
        "Adj Close": 23.92778205871582,
        "Volume": 1406700.0
    },
    "COP": {
        "Open": 18.772045135498047,
        "High": 19.105558395385742,
        "Low": 18.46235466003418,
        "Close": 18.55764389038086,
        "Adj Close": 7.715104103088379,
        "Volume": 1837819.0
    },
    "COST": {
        "Open": 28.3125,
        "High": 28.78125,
        "Low": 27.9375,
        "Close": 28.59375,
        "Adj Close": 19.076814651489258,
        "Volume": 3249600.0
    },
    "CRM": {
        "Open": null,
        "High": null,
        "Low": null,
        "Close": null,
        "Adj Close": null,
        "Volume": null
    },
    "CSCO": {
        "Open": 12.260416984558105,
        "High": 12.270833015441895,
        "Low": 11.875,
        "Close": 11.947916984558105,
        "Adj Close": 7.7309112548828125,
        "Volume": 29595600.0
    },
    "CVS": {
        "Open": 18.265625,
        "High": 18.484375,
        "Low": 18.21875,
        "Close": 18.25,
        "Adj Close": 11.45097827911377,
        "Volume": 2234400.0
    },
    "CVX": {
        "Open": 42.0,
        "High": 42.4375,
        "Low": 41.875,
        "Close": 42.125,
        "Adj Close": 15.216909408569336,
        "Volume": 3156400.0
    },
    "DE": {
        "Open": 31.0,
        "High": 31.125,
        "Low": 30.875,
        "Close": 30.90625,
        "Adj Close": 17.931161880493164,
        "Volume": 968000.0
    },
    "DHR": {
        "Open": 6.442890167236328,
        "High": 6.442890167236328,
        "Low": 6.301115036010742,
        "Close": 6.337871074676514,
        "Adj Close": 3.7429583072662354,
        "Volume": 396358.0
    },
    "DIS": {
        "Open": 40.59036636352539,
        "High": 41.96735382080078,
        "Low": 40.59036636352539,
        "Close": 40.67257308959961,
        "Adj Close": 30.72771453857422,
        "Volume": 27481399.0
    },
    "DUK": {
        "Open": 50.55569839477539,
        "High": 50.55569839477539,
        "Low": 49.793006896972656,
        "Close": 49.793006896972656,
        "Adj Close": 14.199858665466309,
        "Volume": 421041.0
    },
    "EMR": {
        "Open": 32.21875,
        "High": 32.40625,
        "Low": 31.78125,
        "Close": 32.0,
        "Adj Close": 15.162579536437988,
        "Volume": 1175800.0
    },
    "FDX": {
        "Open": 36.0625,
        "High": 36.1875,
        "Low": 35.59375,
        "Close": 35.6875,
        "Adj Close": 28.57472038269043,
        "Volume": 604800.0
    },
    "GD": {
        "Open": 21.90625,
        "High": 21.9375,
        "Low": 21.25,
        "Close": 21.34375,
        "Adj Close": 12.12359619140625,
        "Volume": 839400.0
    },
    "GE": {
        "Open": 135.18667602539062,
        "High": 136.58445739746094,
        "Low": 134.48777770996094,
        "Close": 134.88714599609375,
        "Adj Close": 71.34153747558594,
        "Volume": 2035019.0
    },
    "GILD": {
        "Open": 1.296875,
        "High": 1.300781011581421,
        "Low": 1.285156011581421,
        "Close": 1.285156011581421,
        "Adj Close": 0.8928639888763428,
        "Volume": 1296000.0
    },
    "GM": {
        "Open": null,
        "High": null,
        "Low": null,
        "Close": null,
        "Adj Close": null,