{
    "AAPL": {
        "Open": 0.23883900046348572,
        "High": 0.24776799976825714,
        "Low": 0.23883900046348572,
        "Close": 0.24776799976825714,
        "Adj Close": 0.20786850154399872,
        "Volume": 409796800.0
    },
    "ABBV": {
        "Open": null,
        "High": null,
        "Low": null,
        "Close": null,
        "Adj Close": null,
        "Volume": null
    },
    "ABT": {
        "Open": 15.851812362670898,
        "High": 16.104318618774414,
        "Low": 15.795700073242188,
        "Close": 16.02014923095703,
        "Adj Close": 8.075088500976562,
        "Volume": 7823553.0
    },
    "ACN": {
        "Open": null,
        "High": null,
        "Low": null,
        "Close": null,
        "Adj Close": null,
        "Volume": null
    },
    "ADBE": {
        "Open": 6.234375,
        "High": 6.460937976837158,
        "Low": 6.1875,
        "Close": 6.265625,
        "Adj Close": 6.1879048347473145,
        "Volume": 14980800.0
    },
    "AIG": {
        "Open": 930.6666870117188,
        "High": 944.888916015625,
        "Low": 912.888916015625,
        "Close": 918.6666870117188,
        "Adj Close": 539.1167602539062,
        "Volume": 184823.0
    },
    "AMD": {
        "Open": 14.1875,
        "High": 14.375,
        "Low": 13.8125,
        "Close": 14.09375,
        "Adj Close": 14.09375,
        "Volume": 3043000.0
    },
    "AMGN": {
        "Open": 14.375,
        "High": 14.46875,
        "Low": 14.0,
        "Close": 14.203125,
        "Adj Close": 9.60683536529541,
        "Volume": 11970400.0
    },
    "AMT": {
        "Open": 22.0,
        "High": 22.5,
        "Low": 19.875,
        "Close": 20.875,
        "Adj Close": 15.263338088989258,
        "Volume": 52200.0
    },
    "AMZN": {
        "Open": 0.34739598631858826,
        "High": 0.3526040017604828,
        "Low": 0.3213540017604828,
        "Close": 0.3447920083999634,
        "Adj Close": 0.3447920083999634,
        "Volume": 377712000.0
    },
    "AVGO": {
        "Open": null,
        "High": null,
        "Low": null,
        "Close": null,
        "Adj Close": null,
        "Volume": null
    },
    "AXP": {
        "Open": 29.76020050048828,
        "High": 30.599029541015625,
        "Low": 29.213138580322266,
        "Close": 29.650787353515625,
        "Adj Close": 20.581157684326172,
        "Volume": 12087741.0
    },
    "BA": {
        "Open": 50.25,
        "High": 50.25,
        "Low": 48.375,
        "Close": 50.25,
        "Adj Close": 31.69701385498047,
        "Volume": 5656400.0
    },
    "BAC": {
        "Open": 37.25,
        "High": 37.4375,
        "Low": 36.09375,
        "Close": 36.3125,
        "Adj Close": 17.749847412109375,
        "Volume": 7694000.0
    },
    "BK": {
        "Open": 30.739877700805664,
        "High": 31.269874572753906,
        "Low": 29.149883270263672,
        "Close": 31.203624725341797,
        "Adj Close": 16.657419204711914,
        "Volume": 2795483.0
    },
    "BKNG": {
        "Open": null,
        "High": null,
        "Low": null,
        "Close": null,
        "Adj Close": null,
        "Volume": null
    },
    "BLK": {
        "Open": null,
        "High": null,
        "Low": null,
        "Close": null,
        "Adj Close": null,
        "Volume": null
    },
    "BMY": {
        "Open": 47.94576644897461,
        "High": 48.094482421875,
        "Low": 47.05347442626953,
        "Close": 47.20219039916992,
        "Adj Close": 17.474674224853516,
        "Volume": 5448755.0
    },
    "BRK-B": {
        "Open": 44.79999923706055,
        "High": 44.79999923706055,
        "Low": 43.7400016784668,
        "Close": 44.29999923706055,
        "Adj Close": 44.29999923706055,
        "Volume": 415000.0
    },
    "C": {
        "Open": 305.3125,
        "High": 310.0,
        "Low": 298.4375,
        "Close": 306.25,
        "Adj Close": 156.11160278320312,
        "Volume": 916460.0
    },
    "CAT": {
        "Open": 28.09375,
        "High": 28.09375,
        "Low": 27.65625,
        "Close": 27.6875,
        "Adj Close": 13.796144485473633,
        "Volume": 2899800.0
    },
    "CL": {
        "Open": 21.6875,
        "High": 21.796875,
        "Low": 21.40625,
        "Close": 21.75,
        "Adj Close": 12.125398635864258,
        "Volume": 6045200.0
    },
    "CMCSA": {
        "Open": 5.2327399253845215,
        "High": 5.271790027618408,
        "Low": 4.95938777923584,
        "Close": 5.1351141929626465,
        "Adj Close": 3.4774324893951416,
        "Volume": 2127385.0
    },
    "COF": {
        "Open": 30.666667938232422,
        "High": 30.895832061767578,
        "Low": 29.041667938232422,
        "Close": 30.458332061767578,
        "Adj Close": 21.94631576538086,
        "Volume": 2478600.0
    },
    "COP": {
        "Open": 17.96208381652832,
        "High": 18.581466674804688,
        "Low": 17.96208381652832,
        "Close": 18.581466674804688,
        "Adj Close": 7.725003719329834,
        "Volume": 1809485.0
    },
    "COST": {
        "Open": 27.625,
        "High": 27.75,
        "Low": 27.09375,
        "Close": 27.25,
        "Adj Close": 18.1802978515625,
        "Volume": 2889600.0
    },
    "CRM": {
        "Open": null,
        "High": null,
        "Low": null,
        "Close": null,
        "Adj Close": null,
        "Volume": null
    },
    "CSCO": {
        "Open": 11.71875,
        "High": 11.916666984558105,
        "Low": 11.5625,
        "Close": 11.739583015441895,
        "Adj Close": 7.596112251281738,
        "Volume": 45988800.0
    },
    "CVS": {
        "Open": 17.875,
        "High": 17.890625,
        "Low": 17.5,
        "Close": 17.625,
        "Adj Close": 11.058823585510254,
        "Volume": 1689200.0
    },
    "CVX": {
        "Open": 41.1875,
        "High": 42.8125,
        "Low": 40.78125,
        "Close": 41.6875,
        "Adj Close": 15.058862686157227,
        "Volume": 3119000.0
    },
    "DE": {
        "Open": 29.5625,
        "High": 29.59375,
        "Low": 28.375,
        "Close": 28.40625,
        "Adj Close": 16.480712890625,
        "Volume": 2499400.0
    },
    "DHR": {
        "Open": 6.127833843231201,
        "High": 6.217100143432617,
        "Low": 5.6710028648376465,
        "Close": 5.8442840576171875,
        "Adj Close": 3.4514620304107666,
        "Volume": 14630745.0
    },
    "DIS": {
        "Open": 39.93269729614258,
        "High": 39.93269729614258,
        "Low": 39.213375091552734,
        "Close": 39.768280029296875,
        "Adj Close": 30.044527053833008,
        "Volume": 7398277.0
    },
    "DUK": {
        "Open": 48.921356201171875,
        "High": 49.684051513671875,
        "Low": 48.64896774291992,
        "Close": 49.1392707824707,
        "Adj Close": 14.013432502746582,
        "Volume": 456491.0
    },
    "EMR": {
        "Open": 31.5,
        "High": 31.84375,
        "Low": 31.40625,
        "Close": 31.625,
        "Adj Close": 14.98488998413086,
        "Volume": 1953800.0
    },
    "FDX": {
        "Open": 34.8125,
        "High": 34.875,
        "Low": 34.0,
        "Close": 34.09375,
        "Adj Close": 27.298606872558594,
        "Volume": 813200.0
    },
    "GD": {
        "Open": 20.90625,
        "High": 20.9375,
        "Low": 20.125,
        "Close": 20.46875,
        "Adj Close": 11.626574516296387,
        "Volume": 729400.0
    },
    "GE": {
        "Open": 132.5907745361328,
        "High": 133.38951110839844,
        "Low": 130.3942413330078,
        "Close": 131.6921844482422,
        "Adj Close": 69.65174102783203,
        "Volume": 3035470.0
    },
    "GILD": {
        "Open": 1.199218988418579,
        "High": 1.21875,
        "Low": 1.15625,
        "Close": 1.183593988418579,
        "Adj Close": 0.8223037719726562,
        "Volume": 16185600.0
    },
    "GM": {
        "Open": null,
        "High": null,
        "Low": null,
        "Close": null,
        "Adj Close": null,
        "Volume": null
    },