{
    "AAPL": {
        "Open": 0.24888400733470917,
        "High": 0.25,
        "Low": 0.234375,
        "Close": 0.24051299691200256,
        "Adj Close": 0.20178177952766418,
        "Volume": 237171200.0
    },
    "ABBV": {
        "Open": null,
        "High": null,
        "Low": null,
        "Close": null,
        "Adj Close": null,
        "Volume": null
    },
    "ABT": {
        "Open": 16.02014923095703,
        "High": 16.090290069580078,
        "Low": 15.669445991516113,
        "Close": 15.753615379333496,
        "Adj Close": 7.940742492675781,
        "Volume": 6612596.0
    },
    "ACN": {
        "Open": null,
        "High": null,
        "Low": null,
        "Close": null,
        "Adj Close": null,
        "Volume": null
    },
    "ADBE": {
        "Open": 6.34375,
        "High": 6.375,
        "Low": 6.070312976837158,
        "Close": 6.101562976837158,
        "Adj Close": 6.025879383087158,
        "Volume": 6315200.0
    },
    "AIG": {
        "Open": 925.7777709960938,
        "High": 928.0,
        "Low": 902.2222290039062,
        "Close": 906.6666870117188,
        "Adj Close": 532.07470703125,
        "Volume": 140316.0
    },
    "AMD": {
        "Open": 14.03125,
        "High": 14.4375,
        "Low": 13.5,
        "Close": 13.71875,
        "Adj Close": 13.71875,
        "Volume": 2522400.0
    },
    "AMGN": {
        "Open": 14.28125,
        "High": 14.34375,
        "Low": 13.921875,
        "Close": 14.203125,
        "Adj Close": 9.60683536529541,
        "Volume": 6524000.0
    },
    "AMT": {
        "Open": 20.875,
        "High": 21.875,
        "Low": 20.75,
        "Close": 21.5,
        "Adj Close": 15.720327377319336,
        "Volume": 29100.0
    },
    "AMZN": {
        "Open": 0.38697901368141174,
        "High": 0.4145829975605011,
        "Low": 0.3710939884185791,
        "Close": 0.3984380066394806,
        "Adj Close": 0.3984380066394806,
        "Volume": 1391880000.0
    },
    "AVGO": {
        "Open": null,
        "High": null,
        "Low": null,
        "Close": null,
        "Adj Close": null,
        "Volume": null
    },
    "AXP": {
        "Open": 30.343732833862305,
        "High": 30.380203247070312,
        "Low": 29.50490379333496,
        "Close": 29.50490379333496,
        "Adj Close": 20.47989845275879,
        "Volume": 5969839.0
    },
    "BA": {
        "Open": 50.25,
        "High": 50.3125,
        "Low": 49.5,
        "Close": 49.6875,
        "Adj Close": 31.342206954956055,
        "Volume": 3045800.0
    },
    "BAC": {
        "Open": 36.9375,
        "High": 37.1875,
        "Low": 36.5,
        "Close": 36.75,
        "Adj Close": 17.96369743347168,
        "Volume": 4682800.0
    },
    "BK": {
        "Open": 31.137374877929688,
        "High": 31.203624725341797,
        "Low": 30.375503540039062,
        "Close": 30.408628463745117,
        "Adj Close": 16.2330265045166,
        "Volume": 2244160.0
    },
    "BKNG": {
        "Open": null,
        "High": null,
        "Low": null,
        "Close": null,
        "Adj Close": null,
        "Volume": null
    },
    "BLK": {
        "Open": null,
        "High": null,
        "Low": null,
        "Close": null,
        "Adj Close": null,
        "Volume": null
    },
    "BMY": {
        "Open": 48.30268478393555,
        "High": 49.1354866027832,
        "Low": 47.44013595581055,
        "Close": 49.046260833740234,
        "Adj Close": 18.157373428344727,
        "Volume": 4126387.0
    },
    "BRK-B": {
        "Open": 44.779998779296875,
        "High": 45.58000183105469,
        "Low": 44.779998779296875,
        "Close": 45.15999984741211,
        "Adj Close": 45.15999984741211,
        "Volume": 305000.0
    },
    "C": {
        "Open": 310.0,
        "High": 315.0,
        "Low": 300.625,
        "Close": 303.75,
        "Adj Close": 154.83714294433594,
        "Volume": 683260.0
    },
    "CAT": {
        "Open": 27.6875,
        "High": 27.84375,
        "Low": 27.59375,
        "Close": 27.6875,
        "Adj Close": 13.796144485473633,
        "Volume": 2403400.0
    },
    "CL": {
        "Open": 21.9375,
        "High": 22.0,
        "Low": 21.515625,
        "Close": 21.703125,
        "Adj Close": 12.099264144897461,
        "Volume": 3702400.0
    },
    "CMCSA": {
        "Open": 5.174163818359375,
        "High": 5.366974830627441,
        "Low": 5.174163818359375,
        "Close": 5.340127944946289,
        "Adj Close": 3.616265058517456,
        "Volume": 3091526.0
    },
    "COF": {
        "Open": 31.0,
        "High": 31.520832061767578,
        "Low": 30.333332061767578,
        "Close": 30.583332061767578,
        "Adj Close": 22.03639030456543,
        "Volume": 1707000.0
    },
    "COP": {
        "Open": 18.53382110595703,
        "High": 18.581466674804688,
        "Low": 18.15266227722168,
        "Close": 18.224130630493164,
        "Adj Close": 7.576444625854492,
        "Volume": 1306806.0
    },
    "COST": {
        "Open": 27.4375,
        "High": 27.6875,
        "Low": 26.75,
        "Close": 27.3125,
        "Adj Close": 18.222015380859375,
        "Volume": 3258400.0
    },
    "CRM": {
        "Open": null,
        "High": null,
        "Low": null,
        "Close": null,
        "Adj Close": null,
        "Volume": null
    },
    "CSCO": {
        "Open": 12.020833015441895,
        "High": 12.020833015441895,
        "Low": 11.572916984558105,
        "Close": 11.8125,
        "Adj Close": 7.643291473388672,
        "Volume": 48764400.0
    },
    "CVS": {
        "Open": 17.8125,
        "High": 17.875,
        "Low": 17.53125,
        "Close": 17.6875,
        "Adj Close": 11.098036766052246,
        "Volume": 1834400.0
    },
    "CVX": {
        "Open": 41.71875,
        "High": 41.75,
        "Low": 40.75,
        "Close": 41.15625,
        "Adj Close": 14.86695671081543,
        "Volume": 2211800.0
    },
    "DE": {
        "Open": 28.90625,
        "High": 28.90625,
        "Low": 28.21875,
        "Close": 28.25,
        "Adj Close": 16.390058517456055,
        "Volume": 3175800.0
    },
    "DHR": {
        "Open": 6.028066158294678,
        "High": 6.112081050872803,
        "Low": 5.907295227050781,
        "Close": 5.912546157836914,
        "Adj Close": 3.4917759895324707,
        "Volume": 6479806.0
    },
    "DIS": {
        "Open": 40.282081604003906,
        "High": 40.775333404541016,
        "Low": 40.282081604003906,
        "Close": 40.61091613769531,
        "Adj Close": 30.681129455566406,
        "Volume": 7632742.0
    },
    "DUK": {
        "Open": 49.248226165771484,
        "High": 49.411659240722656,
        "Low": 48.975833892822266,
        "Close": 49.357181549072266,
        "Adj Close": 14.075571060180664,
        "Volume": 488843.0
    },
    "EMR": {
        "Open": 31.8125,
        "High": 31.84375,
        "Low": 30.625,
        "Close": 30.75,
        "Adj Close": 14.570292472839355,
        "Volume": 1672200.0
    },
    "FDX": {
        "Open": 34.5,
        "High": 34.625,
        "Low": 33.34375,
        "Close": 33.625,
        "Adj Close": 26.92327308654785,
        "Volume": 1035600.0
    },
    "GD": {
        "Open": 20.53125,
        "High": 20.59375,
        "Low": 20.375,
        "Close": 20.5,
        "Adj Close": 11.644331932067871,
        "Volume": 517600.0
    },
    "GE": {
        "Open": 132.7904510498047,
        "High": 133.28965759277344,
        "Low": 128.89659118652344,
        "Close": 129.59548950195312,
        "Adj Close": 68.54280853271484,
        "Volume": 2723729.0
    },
    "GILD": {
        "Open": 1.1875,
        "High": 1.199218988418579,
        "Low": 1.1796879768371582,
        "Close": 1.1953129768371582,
        "Adj Close": 0.8304452896118164,
        "Volume": 1129600.0
    },
    "GM": {
        "Open": null,
        "High": null,
        "Low": null,
        "Close": null,
        "Adj Close": null,
        "Volume": null
    },