{
    "AAPL": {
        "Open": 0.140625,
        "High": 0.1439729928970337,
        "Low": 0.13839299976825714,
        "Close": 0.1439729928970337,
        "Adj Close": 0.12078818678855896,
        "Volume": 195832000.0
    },
    "ABBV": {
        "Open": null,
        "High": null,
        "Low": null,
        "Close": null,
        "Adj Close": null,
        "Volume": null
    },
    "ABT": {
        "Open": 12.877843856811523,
        "High": 13.158407211303711,
        "Low": 12.849787712097168,
        "Close": 13.130351066589355,
        "Adj Close": 6.451591968536377,
        "Volume": 8613037.0
    },
    "ACN": {
        "Open": null,
        "High": null,
        "Low": null,
        "Close": null,
        "Adj Close": null,
        "Volume": null
    },
    "ADBE": {
        "Open": 4.84375,
        "High": 4.945312976837158,
        "Low": 4.8125,
        "Close": 4.921875,
        "Adj Close": 4.832683086395264,
        "Volume": 8935200.0
    },
    "AIG": {
        "Open": 592.5925903320312,
        "High": 608.0,
        "Low": 588.4444580078125,
        "Close": 606.8148193359375,
        "Adj Close": 354.7835388183594,
        "Volume": 190835.0
    },
    "AMD": {
        "Open": 17.1875,
        "High": 17.5,
        "Low": 17.0625,
        "Close": 17.0625,
        "Adj Close": 17.0625,
        "Volume": 3512200.0
    },
    "AMGN": {
        "Open": 14.0,
        "High": 14.40625,
        "Low": 13.96875,
        "Close": 14.3125,
        "Adj Close": 9.68081283569336,
        "Volume": 12788400.0
    },
    "AMT": {
        "Open": null,
        "High": null,
        "Low": null,
        "Close": null,
        "Adj Close": null,
        "Volume": null
    },
    "AMZN": {
        "Open": null,
        "High": null,
        "Low": null,
        "Close": null,
        "Adj Close": null,
        "Volume": null
    },
    "AVGO": {
        "Open": null,
        "High": null,
        "Low": null,
        "Close": null,
        "Adj Close": null,
        "Volume": null
    },
    "AXP": {
        "Open": 19.54836654663086,
        "High": 19.98601722717285,
        "Low": 19.54836654663086,
        "Close": 19.949546813964844,
        "Adj Close": 13.651634216308594,
        "Volume": 6503485.0
    },
    "BA": {
        "Open": 54.8125,
        "High": 54.9375,
        "Low": 54.375,
        "Close": 54.5625,
        "Adj Close": 34.034603118896484,
        "Volume": 2119600.0
    },
    "BAC": {
        "Open": 28.8125,
        "High": 29.5625,
        "Low": 28.8125,
        "Close": 29.4375,
        "Adj Close": 13.9894380569458,
        "Volume": 5998000.0
    },
    "BK": {
        "Open": 21.597414016723633,
        "High": 21.86241340637207,
        "Low": 21.464914321899414,
        "Close": 21.79616355895996,
        "Adj Close": 11.339652061462402,
        "Volume": 2578501.0
    },
    "BKNG": {
        "Open": null,
        "High": null,
        "Low": null,
        "Close": null,
        "Adj Close": null,
        "Volume": null
    },
    "BLK": {
        "Open": null,
        "High": null,
        "Low": null,
        "Close": null,
        "Adj Close": null,
        "Volume": null
    },
    "BMY": {
        "Open": 31.319412231445312,
        "High": 32.06298828125,
        "Low": 31.200439453125,
        "Close": 32.003501892089844,
        "Adj Close": 11.573806762695312,
        "Volume": 8760455.0
    },
    "BRK-B": {
        "Open": 24.399999618530273,
        "High": 25.0,
        "Low": 24.399999618530273,
        "Close": 24.760000228881836,
        "Adj Close": 24.760000228881836,
        "Volume": 505000.0
    },
    "C": {
        "Open": 186.6666717529297,
        "High": 192.5,
        "Low": 186.6666717529297,
        "Close": 188.75,
        "Adj Close": 95.32678985595703,
        "Volume": 761160.0
    },
    "CAT": {
        "Open": 19.875,
        "High": 20.84375,
        "Low": 19.8125,
        "Close": 20.78125,
        "Adj Close": 10.117801666259766,
        "Volume": 4056000.0
    },
    "CL": {
        "Open": 13.3125,
        "High": 13.65625,
        "Low": 13.25,
        "Close": 13.46875,
        "Adj Close": 7.3633270263671875,
        "Volume": 5539200.0
    },
    "CMCSA": {
        "Open": 2.92877197265625,
        "High": 2.967823028564453,
        "Low": 2.8897221088409424,
        "Close": 2.92877197265625,
        "Adj Close": 1.9738038778305054,
        "Volume": 756076.0
    },
    "COF": {
        "Open": 14.0,
        "High": 14.166666984558105,
        "Low": 13.875,
        "Close": 14.083333015441895,
        "Adj Close": 10.073099136352539,
        "Volume": 430800.0
    },
    "COP": {
        "Open": 16.9615421295166,
        "High": 17.056833267211914,
        "Low": 16.8186092376709,
        "Close": 16.866254806518555,
        "Adj Close": 6.798676013946533,
        "Volume": 1834409.0
    },
    "COST": {
        "Open": 13.125,
        "High": 13.625,
        "Low": 13.125,
        "Close": 13.625,
        "Adj Close": 9.09014892578125,
        "Volume": 2382200.0
    },
    "CRM": {
        "Open": null,
        "High": null,
        "Low": null,
        "Close": null,
        "Adj Close": null,
        "Volume": null
    },
    "CSCO": {
        "Open": 7.236111164093018,
        "High": 7.263888835906982,
        "Low": 6.944444179534912,
        "Close": 6.951388835906982,
        "Adj Close": 4.497905731201172,
        "Volume": 109661400.0
    },
    "CVS": {
        "Open": 11.46875,
        "High": 11.6875,
        "Low": 11.46875,
        "Close": 11.6875,
        "Adj Close": 7.288064479827881,
        "Volume": 1316400.0
    },
    "CVX": {
        "Open": 34.625,
        "High": 34.625,
        "Low": 34.1875,
        "Close": 34.4375,
        "Adj Close": 11.969472885131836,
        "Volume": 1950400.0
    },
    "DE": {
        "Open": 21.625,
        "High": 21.75,
        "Low": 21.375,
        "Close": 21.5625,
        "Adj Close": 12.268998146057129,
        "Volume": 1664800.0
    },
    "DHR": {
        "Open": 3.875185966491699,
        "High": 3.875185966491699,
        "Low": 3.843679904937744,
        "Close": 3.8646841049194336,
        "Adj Close": 2.277312994003296,
        "Volume": 843898.0
    },
    "DIS": {
        "Open": 25.196853637695312,
        "High": 25.936729431152344,
        "Low": 25.155750274658203,
        "Close": 25.443479537963867,
        "Adj Close": 19.072751998901367,
        "Volume": 5871668.0
    },
    "DUK": {
        "Open": 39.877986907958984,
        "High": 40.422767639160156,
        "Low": 39.877986907958984,
        "Close": 40.313812255859375,
        "Adj Close": 11.002220153808594,
        "Volume": 1247175.0
    },
    "EMR": {
        "Open": 26.0,
        "High": 26.125,
        "Low": 25.8125,
        "Close": 25.9375,
        "Adj Close": 11.983545303344727,
        "Volume": 1246400.0
    },
    "FDX": {
        "Open": 25.3125,
        "High": 26.25,
        "Low": 25.3125,
        "Close": 26.0625,
        "Adj Close": 20.868051528930664,
        "Volume": 892400.0
    },
    "GD": {
        "Open": 17.59375,
        "High": 17.65625,
        "Low": 17.53125,
        "Close": 17.59375,
        "Adj Close": 9.737126350402832,
        "Volume": 558800.0
    },
    "GE": {
        "Open": 84.86608123779297,
        "High": 86.16403198242188,
        "Low": 84.66639709472656,
        "Close": 85.6648178100586,
        "Adj Close": 44.3646240234375,
        "Volume": 3520046.0
    },
    "GILD": {
        "Open": 1.019531011581421,
        "High": 1.03125,
        "Low": 1.0,
        "Close": 1.003906011581421,
        "Adj Close": 0.697465181350708,
        "Volume": 7897600.0
    },
    "GM": {
        "Open": null,
        "High": null,
        "Low": null,
        "Close": null,
        "Adj Close": null,
        "Volume": null
    },
    "GOOG": {
        "Open": null,
        "High": null,
        "Low": null,
        "Close": null,
        "Adj Close": null,