{
    "AAPL": {
        "Open": 0.15178599953651428,
        "High": 0.15513400733470917,
        "Low": 0.15067000687122345,
        "Close": 0.15067000687122345,
        "Adj Close": 0.126406729221344,
        "Volume": 138084800.0
    },
    "ABBV": {
        "Open": null,
        "High": null,
        "Low": null,
        "Close": null,
        "Adj Close": null,
        "Volume": null
    },
    "ABT": {
        "Open": 13.074237823486328,
        "High": 13.158407211303711,
        "Low": 12.877843856811523,
        "Close": 13.130351066589355,
        "Adj Close": 6.481764793395996,
        "Volume": 4116276.0
    },
    "ACN": {
        "Open": null,
        "High": null,
        "Low": null,
        "Close": null,
        "Adj Close": null,
        "Volume": null
    },
    "ADBE": {
        "Open": 4.5625,
        "High": 4.78125,
        "Low": 4.5625,
        "Close": 4.734375,
        "Adj Close": 4.648581027984619,
        "Volume": 8947200.0
    },
    "AIG": {
        "Open": 595.5555419921875,
        "High": 595.5555419921875,
        "Low": 588.4444580078125,
        "Close": 589.0370483398438,
        "Adj Close": 344.3894348144531,
        "Volume": 152487.0
    },
    "AMD": {
        "Open": 18.125,
        "High": 18.4375,
        "Low": 17.875,
        "Close": 18.3125,
        "Adj Close": 18.3125,
        "Volume": 2580200.0
    },
    "AMGN": {
        "Open": 15.75,
        "High": 15.8125,
        "Low": 15.625,
        "Close": 15.71875,
        "Adj Close": 10.631982803344727,
        "Volume": 10161200.0
    },
    "AMT": {
        "Open": null,
        "High": null,
        "Low": null,
        "Close": null,
        "Adj Close": null,
        "Volume": null
    },
    "AMZN": {
        "Open": null,
        "High": null,
        "Low": null,
        "Close": null,
        "Adj Close": null,
        "Volume": null
    },
    "AVGO": {
        "Open": null,
        "High": null,
        "Low": null,
        "Close": null,
        "Adj Close": null,
        "Volume": null
    },
    "AXP": {
        "Open": 19.402482986450195,
        "High": 19.767192840576172,
        "Low": 19.366012573242188,
        "Close": 19.54836654663086,
        "Adj Close": 13.377103805541992,
        "Volume": 5327545.0
    },
    "BA": {
        "Open": 52.75,
        "High": 53.5625,
        "Low": 52.75,
        "Close": 53.0625,
        "Adj Close": 33.09894943237305,
        "Volume": 3148200.0
    },
    "BAC": {
        "Open": 30.6875,
        "High": 31.0,
        "Low": 30.625,
        "Close": 31.0,
        "Adj Close": 14.731972694396973,
        "Volume": 4710000.0
    },
    "BK": {
        "Open": 21.597414016723633,
        "High": 21.79616355895996,
        "Low": 21.398664474487305,
        "Close": 21.531164169311523,
        "Adj Close": 11.2017822265625,
        "Volume": 1591893.0
    },
    "BKNG": {
        "Open": null,
        "High": null,
        "Low": null,
        "Close": null,
        "Adj Close": null,
        "Volume": null
    },
    "BLK": {
        "Open": null,
        "High": null,
        "Low": null,
        "Close": null,
        "Adj Close": null,
        "Volume": null
    },
    "BMY": {
        "Open": 31.973758697509766,
        "High": 32.6578483581543,
        "Low": 31.557355880737305,
        "Close": 32.538875579833984,
        "Adj Close": 11.767419815063477,
        "Volume": 5706799.0
    },
    "BRK-B": {
        "Open": 24.1200008392334,
        "High": 24.18000030517578,
        "Low": 24.059999465942383,
        "Close": 24.18000030517578,
        "Adj Close": 24.18000030517578,
        "Volume": 35000.0
    },
    "C": {
        "Open": 190.8333282470703,
        "High": 192.5,
        "Low": 187.5,
        "Close": 192.5,
        "Adj Close": 97.22071838378906,
        "Volume": 470880.0
    },
    "CAT": {
        "Open": 20.21875,
        "High": 20.28125,
        "Low": 20.03125,
        "Close": 20.1875,
        "Adj Close": 9.828718185424805,
        "Volume": 1229200.0
    },
    "CL": {
        "Open": 12.875,
        "High": 13.09375,
        "Low": 12.828125,
        "Close": 12.875,
        "Adj Close": 7.038723468780518,
        "Volume": 3398400.0
    },
    "CMCSA": {
        "Open": 2.772571086883545,
        "High": 2.792095899581909,
        "Low": 2.713995933532715,
        "Close": 2.7530460357666016,
        "Adj Close": 1.8553755283355713,
        "Volume": 2965406.0
    },
    "COF": {
        "Open": 13.708333015441895,
        "High": 13.75,
        "Low": 13.541666984558105,
        "Close": 13.583333015441895,
        "Adj Close": 9.715473175048828,
        "Volume": 300900.0
    },
    "COP": {
        "Open": 16.389806747436523,
        "High": 16.389806747436523,
        "Low": 16.10393714904785,
        "Close": 16.19922637939453,
        "Adj Close": 6.529798984527588,
        "Volume": 2636175.0
    },
    "COST": {
        "Open": 12.5625,
        "High": 12.625,
        "Low": 12.3125,
        "Close": 12.5625,
        "Adj Close": 8.381285667419434,
        "Volume": 4436800.0
    },
    "CRM": {
        "Open": null,
        "High": null,
        "Low": null,
        "Close": null,
        "Adj Close": null,
        "Volume": null
    },
    "CSCO": {
        "Open": 6.7083330154418945,
        "High": 6.875,
        "Low": 6.194444179534912,
        "Close": 6.277778148651123,
        "Adj Close": 4.062045574188232,
        "Volume": 258530400.0
    },
    "CVS": {
        "Open": 11.4375,
        "High": 11.78125,
        "Low": 11.40625,
        "Close": 11.75,
        "Adj Close": 7.327043056488037,
        "Volume": 2070000.0
    },
    "CVX": {
        "Open": 33.25,
        "High": 34.125,
        "Low": 33.1875,
        "Close": 34.0625,
        "Adj Close": 11.93338394165039,
        "Volume": 2772600.0
    },
    "DE": {
        "Open": 21.4375,
        "High": 21.8125,
        "Low": 21.4375,
        "Close": 21.5,
        "Adj Close": 12.23343276977539,
        "Volume": 2024800.0
    },
    "DHR": {
        "Open": 3.6966540813446045,
        "High": 3.6966540813446045,
        "Low": 3.675649881362915,
        "Close": 3.6966540813446045,
        "Adj Close": 2.17829966545105,
        "Volume": 1166460.0
    },
    "DIS": {
        "Open": 24.86802101135254,
        "High": 25.279062271118164,
        "Low": 24.662500381469727,
        "Close": 25.032438278198242,
        "Adj Close": 18.76462745666504,
        "Volume": 3176077.0
    },
    "DUK": {
        "Open": 39.55112075805664,
        "High": 39.55112075805664,
        "Low": 39.22425079345703,
        "Close": 39.442161560058594,
        "Adj Close": 10.764335632324219,
        "Volume": 1072793.0
    },
    "EMR": {
        "Open": 25.40625,
        "High": 25.59375,
        "Low": 25.375,
        "Close": 25.46875,
        "Adj Close": 11.827654838562012,
        "Volume": 787600.0
    },
    "FDX": {
        "Open": 26.375,
        "High": 26.5625,
        "Low": 26.1875,
        "Close": 26.5625,
        "Adj Close": 21.268396377563477,
        "Volume": 737000.0
    },
    "GD": {
        "Open": 17.34375,
        "High": 17.34375,
        "Low": 17.03125,
        "Close": 17.03125,
        "Adj Close": 9.425820350646973,
        "Volume": 336800.0
    },
    "GE": {
        "Open": 85.46513366699219,
        "High": 85.56497955322266,
        "Low": 83.96749877929688,
        "Close": 84.66639709472656,
        "Adj Close": 43.84756851196289,
        "Volume": 2654182.0
    },
    "GILD": {
        "Open": 0.9492189884185791,
        "High": 0.9570310115814209,
        "Low": 0.9257810115814209,
        "Close": 0.9414060115814209,
        "Adj Close": 0.6540431380271912,
        "Volume": 7180800.0
    },
    "GM": {
        "Open": null,
        "High": null,
        "Low": null,
        "Close": null,
        "Adj Close": null,
        "Volume": null
    },
    "GOOG": {
        "Open": null,
        "High": null,
        "Low": null,
        "Close": null,