{
    "AAPL": {
        "Open": 0.17410700023174286,
        "High": 0.1752229928970337,
        "Low": 0.16964299976825714,
        "Close": 0.16964299976825714,
        "Adj Close": 0.14232443273067474,
        "Volume": 187824000.0
    },
    "ABBV": {
        "Open": null,
        "High": null,
        "Low": null,
        "Close": null,
        "Adj Close": null,
        "Volume": null
    },
    "ABT": {
        "Open": 9.511087417602539,
        "High": 9.511087417602539,
        "Low": 9.286637306213379,
        "Close": 9.34274959564209,
        "Adj Close": 4.521778106689453,
        "Volume": 7103127.0
    },
    "ACN": {
        "Open": null,
        "High": null,
        "Low": null,
        "Close": null,
        "Adj Close": null,
        "Volume": null
    },
    "ADBE": {
        "Open": 4.390625,
        "High": 4.40625,
        "Low": 4.328125,
        "Close": 4.359375,
        "Adj Close": 4.269298553466797,
        "Volume": 7054400.0
    },
    "AIG": {
        "Open": 442.6666564941406,
        "High": 447.40740966796875,
        "Low": 441.4814758300781,
        "Close": 444.4444580078125,
        "Adj Close": 259.3465576171875,
        "Volume": 123441.0
    },
    "AMD": {
        "Open": 6.625,
        "High": 6.6875,
        "Low": 6.4375,
        "Close": 6.5625,
        "Adj Close": 6.5625,
        "Volume": 1733000.0
    },
    "AMGN": {
        "Open": 12.90625,
        "High": 13.3125,
        "Low": 12.875,
        "Close": 13.25,
        "Adj Close": 8.96214771270752,
        "Volume": 16224000.0
    },
    "AMT": {
        "Open": null,
        "High": null,
        "Low": null,
        "Close": null,
        "Adj Close": null,
        "Volume": null
    },
    "AMZN": {
        "Open": null,
        "High": null,
        "Low": null,
        "Close": null,
        "Adj Close": null,
        "Volume": null
    },
    "AVGO": {
        "Open": null,
        "High": null,
        "Low": null,
        "Close": null,
        "Adj Close": null,
        "Volume": null
    },
    "AXP": {
        "Open": 12.509495735168457,
        "High": 12.764792442321777,
        "Low": 12.509495735168457,
        "Close": 12.655379295349121,
        "Adj Close": 8.585241317749023,
        "Volume": 3077802.0
    },
    "BA": {
        "Open": 44.9375,
        "High": 45.375,
        "Low": 44.9375,
        "Close": 45.1875,
        "Adj Close": 27.940303802490234,
        "Volume": 2544800.0
    },
    "BAC": {
        "Open": 20.15625,
        "High": 20.34375,
        "Low": 20.0,
        "Close": 20.0,
        "Adj Close": 9.376575469970703,
        "Volume": 3072400.0
    },
    "BK": {
        "Open": 13.084322929382324,
        "High": 13.481821060180664,
        "Low": 13.084322929382324,
        "Close": 13.349322319030762,
        "Adj Close": 6.787600040435791,
        "Volume": 3844166.0
    },
    "BKNG": {
        "Open": null,
        "High": null,
        "Low": null,
        "Close": null,
        "Adj Close": null,
        "Volume": null
    },
    "BLK": {
        "Open": null,
        "High": null,
        "Low": null,
        "Close": null,
        "Adj Close": null,
        "Volume": null
    },
    "BMY": {
        "Open": 21.117551803588867,
        "High": 21.23652458190918,
        "Low": 20.998580932617188,
        "Close": 21.2067813873291,
        "Adj Close": 7.558041095733643,
        "Volume": 4129959.0
    },
    "BRK-B": {
        "Open": 21.0,
        "High": 21.399999618530273,
        "Low": 20.65999984741211,
        "Close": 21.200000762939453,
        "Adj Close": 21.200000762939453,
        "Volume": 170000.0
    },
    "C": {
        "Open": 109.0625,
        "High": 110.9375,
        "Low": 108.125,
        "Close": 108.4375,
        "Adj Close": 54.25943374633789,
        "Volume": 263280.0
    },
    "CAT": {
        "Open": 17.40625,
        "High": 17.625,
        "Low": 17.40625,
        "Close": 17.46875,
        "Adj Close": 8.364665031433105,
        "Volume": 1992000.0
    },
    "CL": {
        "Open": 10.4375,
        "High": 10.53125,
        "Low": 10.3125,
        "Close": 10.328125,
        "Adj Close": 5.557496070861816,
        "Volume": 3288800.0
    },
    "CMCSA": {
        "Open": 2.694469928741455,
        "High": 2.694469928741455,
        "Low": 2.635895013809204,
        "Close": 2.635895013809204,
        "Adj Close": 1.7716459035873413,
        "Volume": 979506.0
    },
    "COF": {
        "Open": 9.166666984558105,
        "High": 9.291666984558105,
        "Low": 9.125,
        "Close": 9.208333015441895,
        "Adj Close": 6.537901878356934,
        "Volume": 557700.0
    },
    "COP": {
        "Open": 16.19922637939453,
        "High": 16.437450408935547,
        "Low": 16.19922637939453,
        "Close": 16.342161178588867,
        "Adj Close": 6.4373908042907715,
        "Volume": 2080501.0
    },
    "COST": {
        "Open": 10.25,
        "High": 10.3125,
        "Low": 10.0625,
        "Close": 10.125,
        "Adj Close": 6.755067825317383,
        "Volume": 3310200.0
    },
    "CRM": {
        "Open": null,
        "High": null,
        "Low": null,
        "Close": null,
        "Adj Close": null,
        "Volume": null
    },
    "CSCO": {
        "Open": 6.472221851348877,
        "High": 6.513888835906982,
        "Low": 6.3541669845581055,
        "Close": 6.388888835906982,
        "Adj Close": 4.133938789367676,
        "Volume": 87405300.0
    },
    "CVS": {
        "Open": 9.6875,
        "High": 9.6875,
        "Low": 9.625,
        "Close": 9.65625,
        "Adj Close": 5.192226886749268,
        "Volume": 1290400.0
    },
    "CVX": {
        "Open": 29.5625,
        "High": 29.875,
        "Low": 29.375,
        "Close": 29.75,
        "Adj Close": 10.16092300415039,
        "Volume": 1825000.0
    },
    "DE": {
        "Open": 19.3125,
        "High": 19.375,
        "Low": 19.125,
        "Close": 19.1875,
        "Adj Close": 10.81374740600586,
        "Volume": 2015200.0
    },
    "DHR": {
        "Open": 3.2975831031799316,
        "High": 3.3395910263061523,
        "Low": 3.287081003189087,
        "Close": 3.3395910263061523,
        "Adj Close": 1.9655944108963013,
        "Volume": 1091474.0
    },
    "DIS": {
        "Open": 19.401166915893555,
        "High": 19.483375549316406,
        "Low": 18.907917022705078,
        "Close": 18.907917022705078,
        "Adj Close": 14.099478721618652,
        "Volume": 6557425.0
    },
    "DUK": {
        "Open": 43.14667510986328,
        "High": 43.58250045776367,
        "Low": 43.14667510986328,
        "Close": 43.36458969116211,
        "Adj Close": 11.444744110107422,
        "Volume": 154076.0
    },
    "EMR": {
        "Open": 21.90625,
        "High": 21.90625,
        "Low": 21.71875,
        "Close": 21.78125,
        "Adj Close": 9.951579093933105,
        "Volume": 1220800.0
    },
    "FDX": {
        "Open": 20.125,
        "High": 20.1875,
        "Low": 19.875,
        "Close": 19.96875,
        "Adj Close": 15.988835334777832,
        "Volume": 728800.0
    },
    "GD": {
        "Open": 15.75,
        "High": 15.75,
        "Low": 15.53125,
        "Close": 15.53125,
        "Adj Close": 8.440043449401855,
        "Volume": 400800.0
    },
    "GE": {
        "Open": 67.1939697265625,
        "High": 68.09254455566406,
        "Low": 66.59490966796875,
        "Close": 67.59333801269531,
        "Adj Close": 34.654266357421875,
        "Volume": 2939006.0
    },
    "GILD": {
        "Open": 0.7890629768371582,
        "High": 0.8046879768371582,
        "Low": 0.765625,
        "Close": 0.7734379768371582,
        "Adj Close": 0.537347137928009,
        "Volume": 17910400.0
    },
    "GM": {
        "Open": null,
        "High": null,
        "Low": null,
        "Close": null,
        "Adj Close": null,
        "Volume": null
    },
    "GOOG": {
        "Open": null,
        "High": null,
        "Low": null,
        "Close": null,