{
    "AAPL": {
        "Open": 0.19196400046348572,
        "High": 0.19419600069522858,
        "Low": 0.18177999556064606,
        "Close": 0.18638400733470917,
        "Adj Close": 0.15636949241161346,
        "Volume": 897052800.0
    },
    "ABBV": {
        "Open": null,
        "High": null,
        "Low": null,
        "Close": null,
        "Adj Close": null,
        "Volume": null
    },
    "ABT": {
        "Open": 9.651369094848633,
        "High": 10.184438705444336,
        "Low": 9.623312950134277,
        "Close": 10.128326416015625,
        "Adj Close": 4.929829120635986,
        "Volume": 9876122.0
    },
    "ACN": {
        "Open": null,
        "High": null,
        "Low": null,
        "Close": null,
        "Adj Close": null,
        "Volume": null
    },
    "ADBE": {
        "Open": 4.03125,
        "High": 4.453125,
        "Low": 4.015625,
        "Close": 4.40625,
        "Adj Close": 4.315204620361328,
        "Volume": 14577600.0
    },
    "AIG": {
        "Open": 433.77777099609375,
        "High": 449.77777099609375,
        "Low": 432.59259033203125,
        "Close": 446.8148193359375,
        "Adj Close": 260.729736328125,
        "Volume": 231377.0
    },
    "AMD": {
        "Open": 5.9375,
        "High": 5.9375,
        "Low": 5.625,
        "Close": 5.625,
        "Adj Close": 5.625,
        "Volume": 4025600.0
    },
    "AMGN": {
        "Open": 13.625,
        "High": 13.9375,
        "Low": 13.56640625,
        "Close": 13.84375,
        "Adj Close": 9.363759994506836,
        "Volume": 11606000.0
    },
    "AMT": {
        "Open": null,
        "High": null,
        "Low": null,
        "Close": null,
        "Adj Close": null,
        "Volume": null
    },
    "AMZN": {
        "Open": null,
        "High": null,
        "Low": null,
        "Close": null,
        "Adj Close": null,
        "Volume": null
    },
    "AVGO": {
        "Open": null,
        "High": null,
        "Low": null,
        "Close": null,
        "Adj Close": null,
        "Volume": null
    },
    "AXP": {
        "Open": 12.436553955078125,
        "High": 12.545967102050781,
        "Low": 12.108317375183105,
        "Close": 12.290671348571777,
        "Adj Close": 8.337830543518066,
        "Volume": 4021707.0
    },
    "BA": {
        "Open": 42.625,
        "High": 44.0625,
        "Low": 42.5625,
        "Close": 44.0625,
        "Adj Close": 27.24469566345215,
        "Volume": 3220600.0
    },
    "BAC": {
        "Open": 20.375,
        "High": 20.71875,
        "Low": 20.1875,
        "Close": 20.46875,
        "Adj Close": 9.596343040466309,
        "Volume": 7129600.0
    },
    "BK": {
        "Open": 13.216821670532227,
        "High": 13.3824462890625,
        "Low": 13.150571823120117,
        "Close": 13.183696746826172,
        "Adj Close": 6.7635087966918945,
        "Volume": 4370206.0
    },
    "BKNG": {
        "Open": null,
        "High": null,
        "Low": null,
        "Close": null,
        "Adj Close": null,
        "Volume": null
    },
    "BLK": {
        "Open": null,
        "High": null,
        "Low": null,
        "Close": null,
        "Adj Close": null,
        "Volume": null
    },
    "BMY": {
        "Open": 20.3442325592041,
        "High": 20.82012176513672,
        "Low": 20.3442325592041,
        "Close": 20.760635375976562,
        "Adj Close": 7.399036407470703,
        "Volume": 3893349.0
    },
    "BRK-B": {
        "Open": 21.0,
        "High": 21.299999237060547,
        "Low": 21.0,
        "Close": 21.200000762939453,
        "Adj Close": 21.200000762939453,
        "Volume": 50000.0
    },
    "C": {
        "Open": 104.375,
        "High": 106.875,
        "Low": 103.4375,
        "Close": 106.5625,
        "Adj Close": 53.32123565673828,
        "Volume": 369000.0
    },
    "CAT": {
        "Open": 16.4375,
        "High": 16.875,
        "Low": 16.34375,
        "Close": 16.875,
        "Adj Close": 8.129813194274902,
        "Volume": 5460800.0
    },
    "CL": {
        "Open": 10.15625,
        "High": 10.265625,
        "Low": 10.109375,
        "Close": 10.171875,
        "Adj Close": 5.473415374755859,
        "Volume": 2101600.0
    },
    "CMCSA": {
        "Open": 2.3625431060791016,
        "High": 2.401592969894409,
        "Low": 2.343018054962158,
        "Close": 2.401592969894409,
        "Adj Close": 1.6141667366027832,
        "Volume": 10597871.0
    },
    "COF": {
        "Open": 9.083333015441895,
        "High": 9.583333015441895,
        "Low": 8.875,
        "Close": 9.541666984558105,
        "Adj Close": 6.774569988250732,
        "Volume": 1384800.0
    },
    "COP": {
        "Open": 15.865713119506836,
        "High": 15.961003303527832,
        "Low": 15.818069458007812,
        "Close": 15.913357734680176,
        "Adj Close": 6.268479824066162,
        "Volume": 1391810.0
    },
    "COST": {
        "Open": 10.5625,
        "High": 10.625,
        "Low": 10.3125,
        "Close": 10.4375,
        "Adj Close": 6.963560581207275,
        "Volume": 3242800.0
    },
    "CRM": {
        "Open": null,
        "High": null,
        "Low": null,
        "Close": null,
        "Adj Close": null,
        "Volume": null
    },
    "CSCO": {
        "Open": 5.9583330154418945,
        "High": 6.069444179534912,
        "Low": 5.8333330154418945,
        "Close": 5.986111164093018,
        "Adj Close": 3.8733208179473877,
        "Volume": 77853600.0
    },
    "CVS": {
        "Open": 9.75,
        "High": 9.8125,
        "Low": 9.5,
        "Close": 9.78125,
        "Adj Close": 5.259441375732422,
        "Volume": 544400.0
    },
    "CVX": {
        "Open": 28.6875,
        "High": 29.4375,
        "Low": 28.625,
        "Close": 29.375,
        "Adj Close": 10.032835960388184,
        "Volume": 1905600.0
    },
    "DE": {
        "Open": 17.875,
        "High": 18.5625,
        "Low": 17.875,
        "Close": 18.3125,
        "Adj Close": 10.320611953735352,
        "Volume": 2276400.0
    },
    "DHR": {
        "Open": 3.1715610027313232,
        "High": 3.266077995300293,
        "Low": 3.1610589027404785,
        "Close": 3.1925649642944336,
        "Adj Close": 1.8790591955184937,
        "Volume": 1593766.0
    },
    "DIS": {
        "Open": 18.496875762939453,
        "High": 18.86681365966797,
        "Low": 18.496875762939453,
        "Close": 18.825708389282227,
        "Adj Close": 14.065086364746094,
        "Volume": 4414698.0
    },
    "DUK": {
        "Open": 43.0377197265625,
        "High": 43.14667510986328,
        "Low": 42.60189437866211,
        "Close": 43.14667510986328,
        "Adj Close": 11.387235641479492,
        "Volume": 545976.0
    },
    "EMR": {
        "Open": 21.0,
        "High": 21.03125,
        "Low": 20.6875,
        "Close": 20.84375,
        "Adj Close": 9.52324390411377,
        "Volume": 1433600.0
    },
    "FDX": {
        "Open": 18.9375,
        "High": 19.96875,
        "Low": 18.8125,
        "Close": 19.9375,
        "Adj Close": 15.963812828063965,
        "Volume": 1053600.0
    },
    "GD": {
        "Open": 14.75,
        "High": 15.46875,
        "Low": 14.75,
        "Close": 15.40625,
        "Adj Close": 8.427735328674316,
        "Volume": 1082400.0
    },
    "GE": {
        "Open": 66.49507141113281,
        "High": 67.09412384033203,
        "Low": 65.79617309570312,
        "Close": 66.99427795410156,
        "Adj Close": 34.34711837768555,
        "Volume": 2733682.0
    },
    "GILD": {
        "Open": 0.6328129768371582,
        "High": 0.6484379768371582,
        "Low": 0.59375,
        "Close": 0.6445310115814209,
        "Adj Close": 0.447788804769516,
        "Volume": 21417600.0
    },
    "GM": {
        "Open": null,
        "High": null,
        "Low": null,
        "Close": null,
        "Adj Close": null,
        "Volume": null
    },
    "GOOG": {
        "Open": null,
        "High": null,
        "Low": null,
        "Close": null,