{
    "AAPL": {
        "Open": 0.18638400733470917,
        "High": 0.1875,
        "Low": 0.18526799976825714,
        "Close": 0.18526799976825714,
        "Adj Close": 0.1554332673549652,
        "Volume": 265977600.0
    },
    "ABBV": {
        "Open": null,
        "High": null,
        "Low": null,
        "Close": null,
        "Adj Close": null,
        "Volume": null
    },
    "ABT": {
        "Open": 10.044157028198242,
        "High": 10.10027027130127,
        "Low": 9.903876304626465,
        "Close": 9.95998764038086,
        "Adj Close": 4.847891330718994,
        "Volume": 6543093.0
    },
    "ACN": {
        "Open": null,
        "High": null,
        "Low": null,
        "Close": null,
        "Adj Close": null,
        "Volume": null
    },
    "ADBE": {
        "Open": 4.375,
        "High": 4.40625,
        "Low": 4.03125,
        "Close": 4.09375,
        "Adj Close": 4.009162425994873,
        "Volume": 7928000.0
    },
    "AIG": {
        "Open": 447.40740966796875,
        "High": 447.40740966796875,
        "Low": 437.3333435058594,
        "Close": 442.6666564941406,
        "Adj Close": 258.3092956542969,
        "Volume": 138987.0
    },
    "AMD": {
        "Open": 5.625,
        "High": 5.6875,
        "Low": 5.4375,
        "Close": 5.5625,
        "Adj Close": 5.5625,
        "Volume": 2373200.0
    },
    "AMGN": {
        "Open": 14.375,
        "High": 14.375,
        "Low": 13.96875,
        "Close": 14.0625,
        "Adj Close": 9.511713981628418,
        "Volume": 17750800.0
    },
    "AMT": {
        "Open": null,
        "High": null,
        "Low": null,
        "Close": null,
        "Adj Close": null,
        "Volume": null
    },
    "AMZN": {
        "Open": null,
        "High": null,
        "Low": null,
        "Close": null,
        "Adj Close": null,
        "Volume": null
    },
    "AVGO": {
        "Open": null,
        "High": null,
        "Low": null,
        "Close": null,
        "Adj Close": null,
        "Volume": null
    },
    "AXP": {
        "Open": 12.254199981689453,
        "High": 12.254199981689453,
        "Low": 11.962432861328125,
        "Close": 12.071846008300781,
        "Adj Close": 8.189387321472168,
        "Volume": 3227922.0
    },
    "BA": {
        "Open": 44.0625,
        "High": 44.25,
        "Low": 43.5625,
        "Close": 43.625,
        "Adj Close": 26.974180221557617,
        "Volume": 2171000.0
    },
    "BAC": {
        "Open": 20.5,
        "High": 20.53125,
        "Low": 20.375,
        "Close": 20.4375,
        "Adj Close": 9.581689834594727,
        "Volume": 4401600.0
    },
    "BK": {
        "Open": 13.150571823120117,
        "High": 13.183696746826172,
        "Low": 12.98494815826416,
        "Close": 13.117447853088379,
        "Adj Close": 6.729517459869385,
        "Volume": 3332466.0
    },
    "BKNG": {
        "Open": null,
        "High": null,
        "Low": null,
        "Close": null,
        "Adj Close": null,
        "Volume": null
    },
    "BLK": {
        "Open": null,
        "High": null,
        "Low": null,
        "Close": null,
        "Adj Close": null,
        "Volume": null
    },
    "BMY": {
        "Open": 20.79037857055664,
        "High": 20.93909454345703,
        "Low": 20.611921310424805,
        "Close": 20.93909454345703,
        "Adj Close": 7.462636470794678,
        "Volume": 4635960.0
    },
    "BRK-B": {
        "Open": 21.200000762939453,
        "High": 21.360000610351562,
        "Low": 21.0,
        "Close": 21.100000381469727,
        "Adj Close": 21.100000381469727,
        "Volume": 60000.0
    },
    "C": {
        "Open": 106.25,
        "High": 106.25,
        "Low": 104.0625,
        "Close": 105.0,
        "Adj Close": 52.53943634033203,
        "Volume": 324320.0
    },
    "CAT": {
        "Open": 16.875,
        "High": 16.9375,
        "Low": 16.59375,
        "Close": 16.75,
        "Adj Close": 8.069591522216797,
        "Volume": 3749200.0
    },
    "CL": {
        "Open": 10.1875,
        "High": 10.3125,
        "Low": 10.15625,
        "Close": 10.28125,
        "Adj Close": 5.532270908355713,
        "Volume": 2468800.0
    },
    "CMCSA": {
        "Open": 2.401592969894409,
        "High": 2.401592969894409,
        "Low": 2.343018054962158,
        "Close": 2.343018054962158,
        "Adj Close": 1.5747973918914795,
        "Volume": 908444.0
    },
    "COF": {
        "Open": 9.458333015441895,
        "High": 9.583333015441895,
        "Low": 9.375,
        "Close": 9.541666984558105,
        "Adj Close": 6.774569988250732,
        "Volume": 505200.0
    },
    "COP": {
        "Open": 16.008647918701172,
        "High": 16.10393714904785,
        "Low": 15.913357734680176,
        "Close": 15.961003303527832,
        "Adj Close": 6.287249565124512,
        "Volume": 1467894.0
    },
    "COST": {
        "Open": 10.375,
        "High": 10.4375,
        "Low": 10.1875,
        "Close": 10.3125,
        "Adj Close": 6.880162715911865,
        "Volume": 3065600.0
    },
    "CRM": {
        "Open": null,
        "High": null,
        "Low": null,
        "Close": null,
        "Adj Close": null,
        "Volume": null
    },
    "CSCO": {
        "Open": 5.930555820465088,
        "High": 5.986111164093018,
        "Low": 5.6666669845581055,
        "Close": 5.75,
        "Adj Close": 3.720546007156372,
        "Volume": 75823200.0
    },
    "CVS": {
        "Open": 9.78125,
        "High": 9.78125,
        "Low": 9.625,
        "Close": 9.625,
        "Adj Close": 5.1900129318237305,
        "Volume": 2911600.0
    },
    "CVX": {
        "Open": 29.125,
        "High": 29.25,
        "Low": 28.9375,
        "Close": 29.0625,
        "Adj Close": 9.926106452941895,
        "Volume": 1513000.0
    },
    "DE": {
        "Open": 18.375,
        "High": 18.4375,
        "Low": 18.0625,
        "Close": 18.1875,
        "Adj Close": 10.250167846679688,
        "Volume": 1657400.0
    },
    "DHR": {
        "Open": 3.1925649642944336,
        "High": 3.2240700721740723,
        "Low": 3.1715610027313232,
        "Close": 3.2240700721740723,
        "Adj Close": 1.8976017236709595,
        "Volume": 1037912.0
    },
    "DIS": {
        "Open": 18.825708389282227,
        "High": 18.99012565612793,
        "Low": 18.620187759399414,
        "Close": 18.86681365966797,
        "Adj Close": 14.09579849243164,
        "Volume": 4230411.0
    },
    "DUK": {
        "Open": 43.14667510986328,
        "High": 43.14667510986328,
        "Low": 42.38397979736328,
        "Close": 42.49293899536133,
        "Adj Close": 11.214705467224121,
        "Volume": 473814.0
    },
    "EMR": {
        "Open": 20.78125,
        "High": 20.84375,
        "Low": 20.4375,
        "Close": 20.5625,
        "Adj Close": 9.394745826721191,
        "Volume": 1409200.0
    },
    "FDX": {
        "Open": 19.6875,
        "High": 19.6875,
        "Low": 19.28125,
        "Close": 19.46875,
        "Adj Close": 15.588476181030273,
        "Volume": 703200.0
    },
    "GD": {
        "Open": 15.46875,
        "High": 15.625,
        "Low": 15.25,
        "Close": 15.625,
        "Adj Close": 8.547399520874023,
        "Volume": 638000.0
    },
    "GE": {
        "Open": 66.89443969726562,
        "High": 66.99427795410156,
        "Low": 65.1971206665039,
        "Close": 65.59648895263672,
        "Adj Close": 33.63050079345703,
        "Volume": 3473973.0
    },
    "GILD": {
        "Open": 0.6523439884185791,
        "High": 0.6640629768371582,
        "Low": 0.6171879768371582,
        "Close": 0.6328129768371582,
        "Adj Close": 0.43964770436286926,
        "Volume": 14432000.0
    },
    "GM": {
        "Open": null,
        "High": null,
        "Low": null,
        "Close": null,
        "Adj Close": null,
        "Volume": null
    },
    "GOOG": {
        "Open": null,
        "High": null,
        "Low": null,
        "Close": null,
        "Adj Close": null,