{
    "AAPL": {
        "Open": 0.21875,
        "High": 0.2310270071029663,
        "Low": 0.21875,
        "Close": 0.22767899930477142,
        "Adj Close": 0.19101452827453613,
        "Volume": 378112000.0
    },
    "ABBV": {
        "Open": null,
        "High": null,
        "Low": null,
        "Close": null,
        "Adj Close": null,
        "Volume": null
    },
    "ABT": {
        "Open": 11.30669116973877,
        "High": 11.53114128112793,
        "Low": 11.30669116973877,
        "Close": 11.446971893310547,
        "Adj Close": 5.598876953125,
        "Volume": 5883704.0
    },
    "ACN": {
        "Open": null,
        "High": null,
        "Low": null,
        "Close": null,
        "Adj Close": null,
        "Volume": null
    },
    "ADBE": {
        "Open": 4.234375,
        "High": 4.25,
        "Low": 4.109375,
        "Close": 4.15625,
        "Adj Close": 4.075750350952148,
        "Volume": 4952800.0
    },
    "AIG": {
        "Open": 522.0740966796875,
        "High": 524.4444580078125,
        "Low": 518.5184936523438,
        "Close": 519.7036743164062,
        "Adj Close": 303.58270263671875,
        "Volume": 157233.0
    },
    "AMD": {
        "Open": 9.4375,
        "High": 9.6875,
        "Low": 9.25,
        "Close": 9.5,
        "Adj Close": 9.5,
        "Volume": 2323000.0
    },
    "AMGN": {
        "Open": 14.75,
        "High": 15.09375,
        "Low": 14.6875,
        "Close": 14.78125,
        "Adj Close": 9.997872352600098,
        "Volume": 9156400.0
    },
    "AMT": {
        "Open": null,
        "High": null,
        "Low": null,
        "Close": null,
        "Adj Close": null,
        "Volume": null
    },
    "AMZN": {
        "Open": null,
        "High": null,
        "Low": null,
        "Close": null,
        "Adj Close": null,
        "Volume": null
    },
    "AVGO": {
        "Open": null,
        "High": null,
        "Low": null,
        "Close": null,
        "Adj Close": null,
        "Volume": null
    },
    "AXP": {
        "Open": 13.93185806274414,
        "High": 14.150683403015137,
        "Low": 13.93185806274414,
        "Close": 14.114212989807129,
        "Adj Close": 9.620593070983887,
        "Volume": 4560494.0
    },
    "BA": {
        "Open": 46.375,
        "High": 47.0,
        "Low": 46.125,
        "Close": 46.3125,
        "Adj Close": 28.72504234313965,
        "Volume": 1981200.0
    },
    "BAC": {
        "Open": 23.375,
        "High": 23.84375,
        "Low": 23.375,
        "Close": 23.78125,
        "Adj Close": 11.226859092712402,
        "Volume": 6004400.0
    },
    "BK": {
        "Open": 17.42367935180664,
        "High": 18.218677520751953,
        "Low": 17.42367935180664,
        "Close": 17.953678131103516,
        "Adj Close": 9.278931617736816,
        "Volume": 2145480.0
    },
    "BKNG": {
        "Open": null,
        "High": null,
        "Low": null,
        "Close": null,
        "Adj Close": null,
        "Volume": null
    },
    "BLK": {
        "Open": null,
        "High": null,
        "Low": null,
        "Close": null,
        "Adj Close": null,
        "Volume": null
    },
    "BMY": {
        "Open": 26.233354568481445,
        "High": 26.352325439453125,
        "Low": 25.816951751708984,
        "Close": 25.816951751708984,
        "Adj Close": 9.27242374420166,
        "Volume": 6885226.0
    },
    "BRK-B": {
        "Open": 21.700000762939453,
        "High": 21.979999542236328,
        "Low": 21.700000762939453,
        "Close": 21.940000534057617,
        "Adj Close": 21.940000534057617,
        "Volume": 75000.0
    },
    "C": {
        "Open": 138.75,
        "High": 144.0625,
        "Low": 138.75,
        "Close": 144.0625,
        "Adj Close": 72.54369354248047,
        "Volume": 500440.0
    },
    "CAT": {
        "Open": 17.78125,
        "High": 17.9375,
        "Low": 17.78125,
        "Close": 17.875,
        "Adj Close": 8.657913208007812,
        "Volume": 4170400.0
    },
    "CL": {
        "Open": 11.59375,
        "High": 11.65625,
        "Low": 11.546875,
        "Close": 11.59375,
        "Adj Close": 6.307279109954834,
        "Volume": 2200800.0
    },
    "CMCSA": {
        "Open": 2.343018054962158,
        "High": 2.4211180210113525,
        "Low": 2.323493003845215,
        "Close": 2.3625431060791016,
        "Adj Close": 1.5901412963867188,
        "Volume": 815615.0
    },
    "COF": {
        "Open": 10.458333015441895,
        "High": 10.958333015441895,
        "Low": 10.458333015441895,
        "Close": 10.958333015441895,
        "Adj Close": 7.822123050689697,
        "Volume": 1181100.0
    },
    "COP": {
        "Open": 14.960461616516113,
        "High": 15.198685646057129,
        "Low": 14.960461616516113,
        "Close": 14.960461616516113,
        "Adj Close": 5.986972808837891,
        "Volume": 2475612.0
    },
    "COST": {
        "Open": 10.0625,
        "High": 10.3125,
        "Low": 10.0,
        "Close": 10.3125,
        "Adj Close": 6.880162715911865,
        "Volume": 5133200.0
    },
    "CRM": {
        "Open": null,
        "High": null,
        "Low": null,
        "Close": null,
        "Adj Close": null,
        "Volume": null
    },
    "CSCO": {
        "Open": 6.805555820465088,
        "High": 7.027778148651123,
        "Low": 6.743055820465088,
        "Close": 6.861111164093018,
        "Adj Close": 4.439490795135498,
        "Volume": 75245400.0
    },
    "CVS": {
        "Open": 9.625,
        "High": 9.6875,
        "Low": 9.59375,
        "Close": 9.59375,
        "Adj Close": 5.978523254394531,
        "Volume": 4005600.0
    },
    "CVX": {
        "Open": 32.5625,
        "High": 32.5625,
        "Low": 31.9375,
        "Close": 32.1875,
        "Adj Close": 11.096078872680664,
        "Volume": 2532400.0
    },
    "DE": {
        "Open": 20.25,
        "High": 20.4375,
        "Low": 20.125,
        "Close": 20.4375,
        "Adj Close": 11.573501586914062,
        "Volume": 2550600.0
    },
    "DHR": {
        "Open": 3.402601957321167,
        "High": 3.4341070652008057,
        "Low": 3.402601957321167,
        "Close": 3.4236059188842773,
        "Adj Close": 2.016286849975586,
        "Volume": 1318814.0
    },
    "DIS": {
        "Open": 21.9907283782959,
        "High": 22.237354278564453,
        "Low": 21.94962501525879,
        "Close": 22.237354278564453,
        "Adj Close": 16.642770767211914,
        "Volume": 3700051.0
    },
    "DUK": {
        "Open": 42.49293899536133,
        "High": 42.60189437866211,
        "Low": 42.2750244140625,
        "Close": 42.2750244140625,
        "Adj Close": 11.280465126037598,
        "Volume": 413010.0
    },
    "EMR": {
        "Open": 22.3125,
        "High": 22.96875,
        "Low": 22.3125,
        "Close": 22.9375,
        "Adj Close": 10.53990650177002,
        "Volume": 1637600.0
    },
    "FDX": {
        "Open": 20.875,
        "High": 21.375,
        "Low": 20.6875,
        "Close": 20.75,
        "Adj Close": 16.614370346069336,
        "Volume": 661200.0
    },
    "GD": {
        "Open": 16.96875,
        "High": 17.03125,
        "Low": 16.71875,
        "Close": 16.75,
        "Adj Close": 9.217190742492676,
        "Volume": 374000.0
    },
    "GE": {
        "Open": 77.9769515991211,
        "High": 79.37474060058594,
        "Low": 77.9769515991211,
        "Close": 78.87553405761719,
        "Adj Close": 40.64283752441406,
        "Volume": 3471219.0
    },
    "GILD": {
        "Open": 0.671875,
        "High": 0.6953129768371582,
        "Low": 0.671875,
        "Close": 0.6875,
        "Adj Close": 0.47764161229133606,
        "Volume": 5043200.0
    },
    "GM": {
        "Open": null,
        "High": null,
        "Low": null,
        "Close": null,
        "Adj Close": null,
        "Volume": null
    },
    "GOOG": {
        "Open": null,
        "High": null,
        "Low": null,
        "Close": null,
        "Adj Close": null,