{
    "AAPL": {
        "Open": 0.21875,
        "High": 0.22544600069522858,
        "Low": 0.21875,
        "Close": 0.22544600069522858,
        "Adj Close": 0.1891411393880844,
        "Volume": 103980800.0
    },
    "ABBV": {
        "Open": null,
        "High": null,
        "Low": null,
        "Close": null,
        "Adj Close": null,
        "Volume": null
    },
    "ABT": {
        "Open": 12.34477424621582,
        "High": 12.51311206817627,
        "Low": 12.316718101501465,
        "Close": 12.51311206817627,
        "Adj Close": 6.120339870452881,
        "Volume": 6102906.0
    },
    "ACN": {
        "Open": null,
        "High": null,
        "Low": null,
        "Close": null,
        "Adj Close": null,
        "Volume": null
    },
    "ADBE": {
        "Open": 5.015625,
        "High": 5.0625,
        "Low": 4.890625,
        "Close": 4.9375,
        "Adj Close": 4.841869354248047,
        "Volume": 9350400.0
    },
    "AIG": {
        "Open": 528.5925903320312,
        "High": 535.111083984375,
        "Low": 526.8148193359375,
        "Close": 531.5555419921875,
        "Adj Close": 310.5057067871094,
        "Volume": 95217.0
    },
    "AMD": {
        "Open": 12.25,
        "High": 12.4375,
        "Low": 12.0625,
        "Close": 12.375,
        "Adj Close": 12.375,
        "Volume": 2704800.0
    },
    "AMGN": {
        "Open": 14.71875,
        "High": 15.0,
        "Low": 14.6875,
        "Close": 14.96875,
        "Adj Close": 10.124696731567383,
        "Volume": 6014000.0
    },
    "AMT": {
        "Open": null,
        "High": null,
        "Low": null,
        "Close": null,
        "Adj Close": null,
        "Volume": null
    },
    "AMZN": {
        "Open": null,
        "High": null,
        "Low": null,
        "Close": null,
        "Adj Close": null,
        "Volume": null
    },
    "AVGO": {
        "Open": null,
        "High": null,
        "Low": null,
        "Close": null,
        "Adj Close": null,
        "Volume": null
    },
    "AXP": {
        "Open": 14.807158470153809,
        "High": 15.208337783813477,
        "Low": 14.7706880569458,
        "Close": 15.135396003723145,
        "Adj Close": 10.316655158996582,
        "Volume": 4217068.0
    },
    "BA": {
        "Open": 48.9375,
        "High": 49.625,
        "Low": 48.9375,
        "Close": 49.3125,
        "Adj Close": 30.67940330505371,
        "Volume": 2640200.0
    },
    "BAC": {
        "Open": 25.0,
        "High": 25.53125,
        "Low": 24.9375,
        "Close": 25.53125,
        "Adj Close": 12.053007125854492,
        "Volume": 3404000.0
    },
    "BK": {
        "Open": 17.754928588867188,
        "High": 18.152427673339844,
        "Low": 17.754928588867188,
        "Close": 17.953678131103516,
        "Adj Close": 9.278931617736816,
        "Volume": 2734728.0
    },
    "BKNG": {
        "Open": null,
        "High": null,
        "Low": null,
        "Close": null,
        "Adj Close": null,
        "Volume": null
    },
    "BLK": {
        "Open": null,
        "High": null,
        "Low": null,
        "Close": null,
        "Adj Close": null,
        "Volume": null
    },
    "BMY": {
        "Open": 26.29283905029297,
        "High": 26.738985061645508,
        "Low": 26.17386817932129,
        "Close": 26.67949867248535,
        "Adj Close": 9.582208633422852,
        "Volume": 4913336.0
    },
    "BRK-B": {
        "Open": 22.059999465942383,
        "High": 22.18000030517578,
        "Low": 22.040000915527344,
        "Close": 22.15999984741211,
        "Adj Close": 22.15999984741211,
        "Volume": 55000.0
    },
    "C": {
        "Open": 150.625,
        "High": 151.5625,
        "Low": 150.0,
        "Close": 150.3125,
        "Adj Close": 75.69090270996094,
        "Volume": 580440.0
    },
    "CAT": {
        "Open": 19.625,
        "High": 20.25,
        "Low": 19.625,
        "Close": 20.0,
        "Adj Close": 9.687176704406738,
        "Volume": 3612000.0
    },
    "CL": {
        "Open": 11.890625,
        "High": 11.921875,
        "Low": 11.65625,
        "Close": 11.6875,
        "Adj Close": 6.358278274536133,
        "Volume": 2454400.0
    },
    "CMCSA": {
        "Open": 2.5968449115753174,
        "High": 2.674945116043091,
        "Low": 2.5968449115753174,
        "Close": 2.635895013809204,
        "Adj Close": 1.7741245031356812,
        "Volume": 2595371.0
    },
    "COF": {
        "Open": 11.75,
        "High": 11.916666984558105,
        "Low": 11.75,
        "Close": 11.916666984558105,
        "Adj Close": 8.506183624267578,
        "Volume": 185100.0
    },
    "COP": {
        "Open": 16.532739639282227,
        "High": 17.10447883605957,
        "Low": 16.437450408935547,
        "Close": 17.056833267211914,
        "Adj Close": 6.825913906097412,
        "Volume": 1546339.0
    },
    "COST": {
        "Open": 10.9375,
        "High": 11.1875,
        "Low": 10.9375,
        "Close": 11.125,
        "Adj Close": 7.422237396240234,
        "Volume": 4826000.0
    },
    "CRM": {
        "Open": null,
        "High": null,
        "Low": null,
        "Close": null,
        "Adj Close": null,
        "Volume": null
    },
    "CSCO": {
        "Open": 7.347221851348877,
        "High": 7.597221851348877,
        "Low": 7.319444179534912,
        "Close": 7.513888835906982,
        "Adj Close": 4.861873626708984,
        "Volume": 62998200.0
    },
    "CVS": {
        "Open": 10.03125,
        "High": 10.4375,
        "Low": 9.9375,
        "Close": 10.375,
        "Adj Close": 6.465371131896973,
        "Volume": 1222000.0
    },
    "CVX": {
        "Open": 33.625,
        "High": 33.875,
        "Low": 33.4375,
        "Close": 33.6875,
        "Adj Close": 11.70880126953125,
        "Volume": 2140200.0
    },
    "DE": {
        "Open": 22.4375,
        "High": 23.5625,
        "Low": 22.4375,
        "Close": 23.5625,
        "Adj Close": 13.34315013885498,
        "Volume": 3455000.0
    },
    "DHR": {
        "Open": 3.623141050338745,
        "High": 3.6861519813537598,
        "Low": 3.6126389503479004,
        "Close": 3.6861519813537598,
        "Adj Close": 2.170910358428955,
        "Volume": 560615.0
    },
    "DIS": {
        "Open": 23.758207321166992,
        "High": 24.128145217895508,
        "Low": 23.676000595092773,
        "Close": 23.717103958129883,
        "Adj Close": 17.750246047973633,
        "Volume": 4229802.0
    },
    "DUK": {
        "Open": 42.05711364746094,
        "High": 42.16606903076172,
        "Low": 41.40337371826172,
        "Close": 41.73024368286133,
        "Adj Close": 11.256851196289062,
        "Volume": 319624.0
    },
    "EMR": {
        "Open": 24.625,
        "High": 24.75,
        "Low": 24.46875,
        "Close": 24.59375,
        "Adj Close": 11.362706184387207,
        "Volume": 1368400.0
    },
    "FDX": {
        "Open": 21.1875,
        "High": 21.3125,
        "Low": 21.125,
        "Close": 21.1875,
        "Adj Close": 16.964675903320312,
        "Volume": 615000.0
    },
    "GD": {
        "Open": 18.71875,
        "High": 18.75,
        "Low": 18.5,
        "Close": 18.75,
        "Adj Close": 10.317750930786133,
        "Volume": 410400.0
    },
    "GE": {
        "Open": 81.2717514038086,
        "High": 81.6711196899414,
        "Low": 80.67269897460938,
        "Close": 80.67269897460938,
        "Adj Close": 41.56887435913086,
        "Volume": 2603602.0
    },
    "GILD": {
        "Open": 0.71875,
        "High": 0.7265629768371582,
        "Low": 0.7109379768371582,
        "Close": 0.7148439884185791,
        "Adj Close": 0.49663880467414856,
        "Volume": 1840000.0
    },
    "GM": {
        "Open": null,
        "High": null,
        "Low": null,
        "Close": null,
        "Adj Close": null,
        "Volume": null
    },
    "GOOG": {
        "Open": null,
        "High": null,
        "Low": null,
        "Close": null,
        "Adj Close": null,