{
    "AAPL": {
        "Open": 0.2220979928970337,
        "High": 0.22321400046348572,
        "Low": 0.21428599953651428,
        "Close": 0.21651799976825714,
        "Adj Close": 0.18165086209774017,
        "Volume": 112985600.0
    },
    "ABBV": {
        "Open": null,
        "High": null,
        "Low": null,
        "Close": null,
        "Adj Close": null,
        "Volume": null
    },
    "ABT": {
        "Open": 12.793675422668457,
        "High": 12.877843856811523,
        "Low": 12.569225311279297,
        "Close": 12.597281455993652,
        "Adj Close": 6.161506175994873,
        "Volume": 7023377.0
    },
    "ACN": {
        "Open": null,
        "High": null,
        "Low": null,
        "Close": null,
        "Adj Close": null,
        "Volume": null
    },
    "ADBE": {
        "Open": 4.9375,
        "High": 5.09375,
        "Low": 4.90625,
        "Close": 4.9375,
        "Adj Close": 4.841869354248047,
        "Volume": 9159200.0
    },
    "AIG": {
        "Open": 542.8148193359375,
        "High": 551.7036743164062,
        "Low": 541.0370483398438,
        "Close": 545.7777709960938,
        "Adj Close": 318.8136291503906,
        "Volume": 178453.0
    },
    "AMD": {
        "Open": 12.4375,
        "High": 12.4375,
        "Low": 12.0625,
        "Close": 12.375,
        "Adj Close": 12.375,
        "Volume": 2246800.0
    },
    "AMGN": {
        "Open": 15.125,
        "High": 15.5,
        "Low": 15.09375,
        "Close": 15.375,
        "Adj Close": 10.399474143981934,
        "Volume": 11299600.0
    },
    "AMT": {
        "Open": null,
        "High": null,
        "Low": null,
        "Close": null,
        "Adj Close": null,
        "Volume": null
    },
    "AMZN": {
        "Open": null,
        "High": null,
        "Low": null,
        "Close": null,
        "Adj Close": null,
        "Volume": null
    },
    "AVGO": {
        "Open": null,
        "High": null,
        "Low": null,
        "Close": null,
        "Adj Close": null,
        "Volume": null
    },
    "AXP": {
        "Open": 15.35422134399414,
        "High": 15.755399703979492,
        "Low": 15.317749977111816,
        "Close": 15.463632583618164,
        "Adj Close": 10.540388107299805,
        "Volume": 6355421.0
    },
    "BA": {
        "Open": 49.3125,
        "High": 50.125,
        "Low": 49.25,
        "Close": 49.625,
        "Adj Close": 30.87381935119629,
        "Volume": 3076000.0
    },
    "BAC": {
        "Open": 26.125,
        "High": 26.3125,
        "Low": 25.75,
        "Close": 25.78125,
        "Adj Close": 12.171032905578613,
        "Volume": 4864800.0
    },
    "BK": {
        "Open": 18.48367691040039,
        "High": 18.947423934936523,
        "Low": 18.41742515563965,
        "Close": 18.748674392700195,
        "Adj Close": 9.68981647491455,
        "Volume": 3386806.0
    },
    "BKNG": {
        "Open": null,
        "High": null,
        "Low": null,
        "Close": null,
        "Adj Close": null,
        "Volume": null
    },
    "BLK": {
        "Open": null,
        "High": null,
        "Low": null,
        "Close": null,
        "Adj Close": null,
        "Volume": null
    },
    "BMY": {
        "Open": 27.15538787841797,
        "High": 27.363588333129883,
        "Low": 26.917442321777344,
        "Close": 27.185131072998047,
        "Adj Close": 9.763816833496094,
        "Volume": 6154803.0
    },
    "BRK-B": {
        "Open": 21.959999084472656,
        "High": 22.040000915527344,
        "Low": 21.860000610351562,
        "Close": 22.0,
        "Adj Close": 22.0,
        "Volume": 75000.0
    },
    "C": {
        "Open": 156.25,
        "High": 157.5,
        "Low": 152.0833282470703,
        "Close": 152.0833282470703,
        "Adj Close": 76.5826187133789,
        "Volume": 480000.0
    },
    "CAT": {
        "Open": 20.03125,
        "High": 20.09375,
        "Low": 19.46875,
        "Close": 19.53125,
        "Adj Close": 9.460129737854004,
        "Volume": 3257600.0
    },
    "CL": {
        "Open": 11.6875,
        "High": 11.78125,
        "Low": 11.578125,
        "Close": 11.65625,
        "Adj Close": 6.341280937194824,
        "Volume": 2421600.0
    },
    "CMCSA": {
        "Open": 2.6163699626922607,
        "High": 2.6163699626922607,
        "Low": 2.5577940940856934,
        "Close": 2.5675570964813232,
        "Adj Close": 1.7281286716461182,
        "Volume": 2323286.0
    },
    "COF": {
        "Open": 12.0,
        "High": 12.083333015441895,
        "Low": 11.875,
        "Close": 11.875,
        "Adj Close": 8.47644329071045,
        "Volume": 270600.0
    },
    "COP": {
        "Open": 17.342702865600586,
        "High": 17.39034652709961,
        "Low": 17.10447883605957,
        "Close": 17.247411727905273,
        "Adj Close": 6.902182579040527,
        "Volume": 1692473.0
    },
    "COST": {
        "Open": 11.375,
        "High": 11.6875,
        "Low": 11.375,
        "Close": 11.6875,
        "Adj Close": 7.797515869140625,
        "Volume": 6004400.0
    },
    "CRM": {
        "Open": null,
        "High": null,
        "Low": null,
        "Close": null,
        "Adj Close": null,
        "Volume": null
    },
    "CSCO": {
        "Open": 7.5,
        "High": 7.5416669845581055,
        "Low": 7.263888835906982,
        "Close": 7.472221851348877,
        "Adj Close": 4.8349127769470215,
        "Volume": 60537600.0
    },
    "CVS": {
        "Open": 10.5,
        "High": 10.53125,
        "Low": 10.34375,
        "Close": 10.375,
        "Adj Close": 6.465371131896973,
        "Volume": 2534400.0
    },
    "CVX": {
        "Open": 33.9375,
        "High": 34.1875,
        "Low": 33.75,
        "Close": 34.0625,
        "Adj Close": 11.83913803100586,
        "Volume": 1924200.0
    },
    "DE": {
        "Open": 22.3125,
        "High": 23.0,
        "Low": 21.5625,
        "Close": 22.0,
        "Adj Close": 12.45832347869873,
        "Volume": 5804400.0
    },
    "DHR": {
        "Open": 3.791171073913574,
        "High": 3.8331780433654785,
        "Low": 3.7491629123687744,
        "Close": 3.80167293548584,
        "Adj Close": 2.238945484161377,
        "Volume": 847469.0
    },
    "DIS": {
        "Open": 24.456979751586914,
        "High": 25.402374267578125,
        "Low": 24.456979751586914,
        "Close": 24.9913330078125,
        "Adj Close": 18.703887939453125,
        "Volume": 14645717.0
    },
    "DUK": {
        "Open": 40.204856872558594,
        "High": 40.749637603759766,
        "Low": 40.09590148925781,
        "Close": 40.640682220458984,
        "Adj Close": 10.962944984436035,
        "Volume": 2928813.0
    },
    "EMR": {
        "Open": 24.9375,
        "High": 25.125,
        "Low": 24.59375,
        "Close": 24.59375,
        "Adj Close": 11.362706184387207,
        "Volume": 1657200.0
    },
    "FDX": {
        "Open": 22.1875,
        "High": 22.5,
        "Low": 22.0625,
        "Close": 22.4375,
        "Adj Close": 17.965543746948242,
        "Volume": 896800.0
    },
    "GD": {
        "Open": 18.65625,
        "High": 18.8125,
        "Low": 18.40625,
        "Close": 18.59375,
        "Adj Close": 10.231766700744629,
        "Volume": 1087200.0
    },
    "GE": {
        "Open": 82.86923217773438,
        "High": 83.36843872070312,
        "Low": 81.471435546875,
        "Close": 81.471435546875,
        "Adj Close": 41.980430603027344,
        "Volume": 3538200.0
    },
    "GILD": {
        "Open": 0.7773439884185791,
        "High": 0.796875,
        "Low": 0.7734379768371582,
        "Close": 0.78125,
        "Adj Close": 0.542774498462677,
        "Volume": 10688000.0
    },
    "GM": {
        "Open": null,
        "High": null,
        "Low": null,
        "Close": null,
        "Adj Close": null,
        "Volume": null
    },
    "GOOG": {
        "Open": null,
        "High": null,
        "Low": null,
        "Close": null,
        "Adj Close": null,
        "Volume": null
    },