{
    "AAPL": {
        "Open": 0.7299110293388367,
        "High": 0.7996649742126465,
        "Low": 0.7176340222358704,
        "Close": 0.7957590222358704,
        "Adj Close": 0.6676133871078491,
        "Volume": 903840000.0
    },
    "ABBV": {
        "Open": null,
        "High": null,
        "Low": null,
        "Close": null,
        "Adj Close": null,
        "Volume": null
    },
    "ABT": {
        "Open": 18.29271125793457,
        "High": 18.71355438232422,
        "Low": 18.124372482299805,
        "Close": 18.34882354736328,
        "Adj Close": 9.545652389526367,
        "Volume": 4444411.0
    },
    "ACN": {
        "Open": null,
        "High": null,
        "Low": null,
        "Close": null,
        "Adj Close": null,
        "Volume": null
    },
    "ADBE": {
        "Open": 28.9609375,
        "High": 29.984375,
        "Low": 28.46875,
        "Close": 29.625,
        "Adj Close": 29.422632217407227,
        "Volume": 6863200.0
    },
    "AIG": {
        "Open": 1505.8333740234375,
        "High": 1574.1666259765625,
        "Low": 1503.3333740234375,
        "Close": 1563.3333740234375,
        "Adj Close": 922.0064086914062,
        "Volume": 216053.0
    },
    "AMD": {
        "Open": 41.4375,
        "High": 43.6875,
        "Low": 41.15625,
        "Close": 42.0,
        "Adj Close": 42.0,
        "Volume": 7616000.0
    },
    "AMGN": {
        "Open": 63.9375,
        "High": 65.25,
        "Low": 62.125,
        "Close": 64.8125,
        "Adj Close": 43.83845520019531,
        "Volume": 6144000.0
    },
    "AMT": {
        "Open": 38.125,
        "High": 39.375,
        "Low": 37.5,
        "Close": 38.625,
        "Adj Close": 28.241758346557617,
        "Volume": 779200.0
    },
    "AMZN": {
        "Open": 2.4437499046325684,
        "High": 2.5562500953674316,
        "Low": 2.3187499046325684,
        "Close": 2.5093750953674316,
        "Adj Close": 2.5093750953674316,
        "Volume": 152444000.0
    },
    "AVGO": {
        "Open": null,
        "High": null,
        "Low": null,
        "Close": null,
        "Adj Close": null,
        "Volume": null
    },
    "AXP": {
        "Open": 47.102081298828125,
        "High": 48.03208923339844,
        "Low": 46.390899658203125,
        "Close": 47.15678787231445,
        "Adj Close": 33.25583267211914,
        "Volume": 4736433.0
    },
    "BA": {
        "Open": 39.3125,
        "High": 40.25,
        "Low": 39.3125,
        "Close": 40.25,
        "Adj Close": 26.165260314941406,
        "Volume": 2322800.0
    },
    "BAC": {
        "Open": 27.75,
        "High": 28.875,
        "Low": 27.65625,
        "Close": 28.40625,
        "Adj Close": 14.870264053344727,
        "Volume": 13747000.0
    },
    "BK": {
        "Open": 49.886051177978516,
        "High": 51.93979263305664,
        "Low": 49.886051177978516,
        "Close": 50.81354522705078,
        "Adj Close": 28.014747619628906,
        "Volume": 2289632.0
    },
    "BKNG": {
        "Open": 232.125,
        "High": 254.25,
        "Low": 231.0,
        "Close": 251.625,
        "Adj Close": 247.5740509033203,
        "Volume": 638033.0
    },
    "BLK": {
        "Open": 24.0625,
        "High": 24.75,
        "Low": 24.0625,
        "Close": 24.375,
        "Adj Close": 14.587102890014648,
        "Volume": 38200.0
    },
    "BMY": {
        "Open": 52.10979080200195,
        "High": 52.28824996948242,
        "Low": 50.08726501464844,
        "Close": 50.74161148071289,
        "Adj Close": 19.317310333251953,
        "Volume": 6136732.0
    },
    "BRK-B": {
        "Open": 37.720001220703125,
        "High": 39.0,
        "Low": 37.720001220703125,
        "Close": 38.7599983215332,
        "Adj Close": 38.7599983215332,
        "Volume": 585000.0
    },
    "C": {
        "Open": 472.5,
        "High": 481.875,
        "Low": 469.6875,
        "Close": 474.84375,
        "Adj Close": 248.22927856445312,
        "Volume": 1467267.0
    },
    "CAT": {
        "Open": 19.40625,
        "High": 20.0,
        "Low": 19.40625,
        "Close": 19.875,
        "Adj Close": 10.4036283493042,
        "Volume": 2835400.0
    },
    "CL": {
        "Open": 27.0625,
        "High": 27.46875,
        "Low": 26.25,
        "Close": 26.65625,
        "Adj Close": 15.215437889099121,
        "Volume": 5130000.0
    },
    "CMCSA": {
        "Open": 11.754138946533203,
        "High": 11.812714576721191,
        "Low": 11.353874206542969,
        "Close": 11.519838333129883,
        "Adj Close": 7.8169660568237305,
        "Volume": 460304.0
    },
    "COF": {
        "Open": 47.0,
        "High": 49.0,
        "Low": 47.0,
        "Close": 48.65625,
        "Adj Close": 35.27201843261719,
        "Volume": 2195100.0
    },
    "COP": {
        "Open": 21.702199935913086,
        "High": 21.988067626953125,
        "Low": 21.4877986907959,
        "Close": 21.726022720336914,
        "Adj Close": 9.667801856994629,
        "Volume": 3050176.0
    },
    "COST": {
        "Open": 32.6875,
        "High": 32.6875,
        "Low": 31.875,
        "Close": 32.375,
        "Adj Close": 21.59954071044922,
        "Volume": 15637200.0
    },
    "CRM": {
        "Open": null,
        "High": null,
        "Low": null,
        "Close": null,
        "Adj Close": null,
        "Volume": null
    },
    "CSCO": {
        "Open": 58.578125,
        "High": 61.125,
        "Low": 57.875,
        "Close": 60.9375,
        "Adj Close": 39.42970657348633,
        "Volume": 52127600.0
    },
    "CVS": {
        "Open": 21.625,
        "High": 22.59375,
        "Low": 21.59375,
        "Close": 22.59375,
        "Adj Close": 14.329018592834473,
        "Volume": 3186800.0
    },
    "CVX": {
        "Open": 46.21875,
        "High": 46.21875,
        "Low": 44.71875,
        "Close": 45.5,
        "Adj Close": 17.544166564941406,
        "Volume": 2455200.0
    },
    "DE": {
        "Open": 21.1875,
        "High": 21.625,
        "Low": 20.875,
        "Close": 21.4375,
        "Adj Close": 13.03030776977539,
        "Volume": 2928800.0
    },
    "DHR": {
        "Open": 8.012916564941406,
        "High": 8.06542682647705,
        "Low": 7.928903102874756,
        "Close": 8.054924964904785,
        "Adj Close": 4.76894474029541,
        "Volume": 3473195.0
    },
    "DIS": {
        "Open": 41.61796951293945,
        "High": 41.98790740966797,
        "Low": 40.5698127746582,
        "Close": 41.18637466430664,
        "Adj Close": 31.560096740722656,
        "Volume": 3898530.0
    },
    "DUK": {
        "Open": 50.66465759277344,
        "High": 50.99152374267578,
        "Low": 49.90196228027344,
        "Close": 50.66465759277344,
        "Adj Close": 15.763030052185059,
        "Volume": 1181323.0
    },
    "EMR": {
        "Open": 29.5,
        "High": 30.65625,
        "Low": 29.5,
        "Close": 30.5,
        "Adj Close": 15.19468879699707,
        "Volume": 2665200.0
    },
    "FDX": {
        "Open": 35.5,
        "High": 36.75,
        "Low": 35.25,
        "Close": 35.6875,
        "Adj Close": 28.57472038269043,
        "Volume": 1443700.0
    },
    "GD": {
        "Open": 29.40625,
        "High": 30.1875,
        "Low": 29.1875,
        "Close": 30.1875,
        "Adj Close": 17.727134704589844,
        "Volume": 1762800.0
    },
    "GE": {
        "Open": 249.5062713623047,
        "High": 255.7963409423828,
        "Low": 243.21620178222656,
        "Close": 251.00390625,
        "Adj Close": 136.1844024658203,
        "Volume": 2674547.0
    },
    "GILD": {
        "Open": 1.75,
        "High": 1.785156011581421,
        "Low": 1.71875,
        "Close": 1.769531011581421,
        "Adj Close": 1.2293840646743774,
        "Volume": 5356800.0
    },
    "GM": {
        "Open": null,
        "High": null,
        "Low": null,
        "Close": null,
        "Adj Close": null,
        "Volume": null
    },
    "GOOG": {
        "Open": null,
        "High": null,
        "Low": null,