{
    "AAPL": {
        "Open": 0.814732015132904,
        "High": 0.8337050080299377,
        "Low": 0.794642984867096,
        "Close": 0.8247770071029663,
        "Adj Close": 0.6919582486152649,
        "Volume": 248572800.0
    },
    "ABBV": {
        "Open": null,
        "High": null,
        "Low": null,
        "Close": null,
        "Adj Close": null,
        "Volume": null
    },
    "ABT": {
        "Open": 18.881893157958984,
        "High": 19.330793380737305,
        "Low": 18.7977237701416,
        "Close": 19.246625900268555,
        "Adj Close": 10.012715339660645,
        "Volume": 5519259.0
    },
    "ACN": {
        "Open": null,
        "High": null,
        "Low": null,
        "Close": null,
        "Adj Close": null,
        "Volume": null
    },
    "ADBE": {
        "Open": 30.75,
        "High": 31.734375,
        "Low": 29.9375,
        "Close": 31.1875,
        "Adj Close": 30.97446060180664,
        "Volume": 9943600.0
    },
    "AIG": {
        "Open": 1613.3333740234375,
        "High": 1654.1666259765625,
        "Low": 1600.0,
        "Close": 1643.3333740234375,
        "Adj Close": 969.1878662109375,
        "Volume": 207263.0
    },
    "AMD": {
        "Open": 41.28125,
        "High": 42.25,
        "Low": 40.15625,
        "Close": 41.4375,
        "Adj Close": 41.4375,
        "Volume": 9750000.0
    },
    "AMGN": {
        "Open": 65.171875,
        "High": 66.75,
        "Low": 64.375,
        "Close": 66.4375,
        "Adj Close": 44.937564849853516,
        "Volume": 5766900.0
    },
    "AMT": {
        "Open": 41.1875,
        "High": 42.375,
        "Low": 40.125,
        "Close": 42.0,
        "Adj Close": 30.709470748901367,
        "Volume": 324700.0
    },
    "AMZN": {
        "Open": 2.3499999046325684,
        "High": 2.3968749046325684,
        "Low": 2.265625,
        "Close": 2.315624952316284,
        "Adj Close": 2.315624952316284,
        "Volume": 71094000.0
    },
    "AVGO": {
        "Open": null,
        "High": null,
        "Low": null,
        "Close": null,
        "Adj Close": null,
        "Volume": null
    },
    "AXP": {
        "Open": 49.34503936767578,
        "High": 49.78268814086914,
        "Low": 47.21149444580078,
        "Close": 48.57915115356445,
        "Adj Close": 34.2589225769043,
        "Volume": 4454130.0
    },
    "BA": {
        "Open": 39.25,
        "High": 41.0,
        "Low": 39.25,
        "Close": 40.375,
        "Adj Close": 26.246511459350586,
        "Volume": 6346900.0
    },
    "BAC": {
        "Open": 27.78125,
        "High": 27.78125,
        "Low": 25.59375,
        "Close": 25.96875,
        "Adj Close": 13.594266891479492,
        "Volume": 21273000.0
    },
    "BK": {
        "Open": 47.69981002807617,
        "High": 48.22980880737305,
        "Low": 45.51356887817383,
        "Close": 48.03105926513672,
        "Adj Close": 26.48070526123047,
        "Volume": 2938314.0
    },
    "BKNG": {
        "Open": 267.375,
        "High": 274.875,
        "Low": 252.75,
        "Close": 256.5,
        "Adj Close": 252.37054443359375,
        "Volume": 279133.0
    },
    "BLK": {
        "Open": 27.0625,
        "High": 28.0,
        "Low": 27.0625,
        "Close": 27.5,
        "Adj Close": 16.457231521606445,
        "Volume": 104300.0
    },
    "BMY": {
        "Open": 52.34773635864258,
        "High": 53.06156921386719,
        "Low": 52.16927719116211,
        "Close": 52.407222747802734,
        "Adj Close": 19.95140266418457,
        "Volume": 4218320.0
    },
    "BRK-B": {
        "Open": 37.31999969482422,
        "High": 37.5,
        "Low": 36.84000015258789,
        "Close": 37.0,
        "Adj Close": 37.0,
        "Volume": 300000.0
    },
    "C": {
        "Open": 503.90625,
        "High": 504.375,
        "Low": 485.15625,
        "Close": 486.5625,
        "Adj Close": 254.35540771484375,
        "Volume": 1337400.0
    },
    "CAT": {
        "Open": 18.8125,
        "High": 19.0,
        "Low": 18.40625,
        "Close": 18.5,
        "Adj Close": 9.683876991271973,
        "Volume": 2703400.0
    },
    "CL": {
        "Open": 28.65625,
        "High": 29.40625,
        "Low": 28.65625,
        "Close": 29.25,
        "Adj Close": 16.695947647094727,
        "Volume": 3005000.0
    },
    "CMCSA": {
        "Open": 11.168384552001953,
        "High": 11.461261749267578,
        "Low": 10.953607559204102,
        "Close": 11.422211647033691,
        "Adj Close": 7.750717639923096,
        "Volume": 833861.0
    },
    "COF": {
        "Open": 52.25,
        "High": 52.25,
        "Low": 49.5625,
        "Close": 50.25,
        "Adj Close": 36.42734909057617,
        "Volume": 893800.0
    },
    "COP": {
        "Open": 21.36868667602539,
        "High": 21.511619567871094,
        "Low": 20.820770263671875,
        "Close": 20.939882278442383,
        "Adj Close": 9.317985534667969,
        "Volume": 2212991.0
    },
    "COST": {
        "Open": 32.875,
        "High": 33.5625,
        "Low": 32.0,
        "Close": 33.1875,
        "Adj Close": 22.141605377197266,
        "Volume": 3251500.0
    },
    "CRM": {
        "Open": null,
        "High": null,
        "Low": null,
        "Close": null,
        "Adj Close": null,
        "Volume": null
    },
    "CSCO": {
        "Open": 65.5,
        "High": 66.625,
        "Low": 64.625,
        "Close": 66.5,
        "Adj Close": 43.0289192199707,
        "Volume": 38430500.0
    },
    "CVS": {
        "Open": 19.4375,
        "High": 19.59375,
        "Low": 19.0625,
        "Close": 19.09375,
        "Adj Close": 12.109306335449219,
        "Volume": 3656200.0
    },
    "CVX": {
        "Open": 46.53125,
        "High": 46.96875,
        "Low": 46.0,
        "Close": 46.5625,
        "Adj Close": 17.9538516998291,
        "Volume": 2941800.0
    },
    "DE": {
        "Open": 21.9375,
        "High": 21.9375,
        "Low": 20.96875,
        "Close": 21.0625,
        "Adj Close": 12.802370071411133,
        "Volume": 2509000.0
    },
    "DHR": {
        "Open": 8.06542682647705,
        "High": 8.233455657958984,
        "Low": 8.06542682647705,
        "Close": 8.13893985748291,
        "Adj Close": 4.8186869621276855,
        "Volume": 1695533.0
    },
    "DIS": {
        "Open": 40.32318878173828,
        "High": 41.43299865722656,
        "Low": 40.32318878173828,
        "Close": 41.43299865722656,
        "Adj Close": 31.74908447265625,
        "Volume": 4222200.0
    },
    "DUK": {
        "Open": 52.353477478027344,
        "High": 53.334083557128906,
        "Low": 52.353477478027344,
        "Close": 52.95273971557617,
        "Adj Close": 16.474905014038086,
        "Volume": 1219297.0
    },
    "EMR": {
        "Open": 29.03125,
        "High": 29.21875,
        "Low": 28.65625,
        "Close": 28.6875,
        "Adj Close": 14.291720390319824,
        "Volume": 2851000.0
    },
    "FDX": {
        "Open": 37.25,
        "High": 37.3125,
        "Low": 36.0625,
        "Close": 36.4375,
        "Adj Close": 29.175233840942383,
        "Volume": 593500.0
    },
    "GD": {
        "Open": 27.5625,
        "High": 28.46875,
        "Low": 27.5,
        "Close": 28.125,
        "Adj Close": 16.515968322753906,
        "Volume": 740600.0
    },
    "GE": {
        "Open": 242.01808166503906,
        "High": 249.2067413330078,
        "Low": 239.6218719482422,
        "Close": 248.60769653320312,
        "Adj Close": 134.8843231201172,
        "Volume": 2500669.0
    },
    "GILD": {
        "Open": 1.925781011581421,
        "High": 2.023437976837158,
        "Low": 1.8359379768371582,
        "Close": 2.011718988418579,
        "Adj Close": 1.3976445198059082,
        "Volume": 14387200.0
    },
    "GM": {
        "Open": null,
        "High": null,
        "Low": null,
        "Close": null,
        "Adj Close": null,
        "Volume": null
    },
    "GOOG": {
        "Open": null,
        "High": null,
        "Low": null,