{
    "AAPL": {
        "Open": 0.8794639706611633,
        "High": 0.928013026714325,
        "Low": 0.8783479928970337,
        "Close": 0.904017984867096,
        "Adj Close": 0.7584388256072998,
        "Volume": 501390400.0
    },
    "ABBV": {
        "Open": null,
        "High": null,
        "Low": null,
        "Close": null,
        "Adj Close": null,
        "Volume": null
    },
    "ABT": {
        "Open": 18.938005447387695,
        "High": 18.938005447387695,
        "Low": 18.573274612426758,
        "Close": 18.769668579101562,
        "Adj Close": 9.764589309692383,
        "Volume": 4432159.0
    },
    "ACN": {
        "Open": null,
        "High": null,
        "Low": null,
        "Close": null,
        "Adj Close": null,
        "Volume": null
    },
    "ADBE": {
        "Open": 31.5625,
        "High": 32.984375,
        "Low": 31.375,
        "Close": 32.8125,
        "Adj Close": 32.588356018066406,
        "Volume": 11540400.0
    },
    "AIG": {
        "Open": 1568.3333740234375,
        "High": 1568.3333740234375,
        "Low": 1527.5,
        "Close": 1534.1666259765625,
        "Adj Close": 904.8047485351562,
        "Volume": 142170.0
    },
    "AMD": {
        "Open": 45.8125,
        "High": 46.59375,
        "Low": 44.6875,
        "Close": 45.625,
        "Adj Close": 45.625,
        "Volume": 7149200.0
    },
    "AMGN": {
        "Open": 70.1875,
        "High": 70.4375,
        "Low": 69.5625,
        "Close": 70.0,
        "Adj Close": 47.347198486328125,
        "Volume": 8561200.0
    },
    "AMT": {
        "Open": 41.875,
        "High": 42.8125,
        "Low": 41.5,
        "Close": 41.625,
        "Adj Close": 30.435279846191406,
        "Volume": 287400.0
    },
    "AMZN": {
        "Open": 2.293750047683716,
        "High": 2.4312500953674316,
        "Low": 2.2562499046325684,
        "Close": 2.3062500953674316,
        "Adj Close": 2.3062500953674316,
        "Volume": 123982000.0
    },
    "AVGO": {
        "Open": null,
        "High": null,
        "Low": null,
        "Close": null,
        "Adj Close": null,
        "Volume": null
    },
    "AXP": {
        "Open": 46.17207336425781,
        "High": 47.813262939453125,
        "Low": 46.17207336425781,
        "Close": 47.26620101928711,
        "Adj Close": 33.3329963684082,
        "Volume": 3512053.0
    },
    "BA": {
        "Open": 39.0,
        "High": 39.6875,
        "Low": 38.3125,
        "Close": 39.3125,
        "Adj Close": 25.55582046508789,
        "Volume": 2827400.0
    },
    "BAC": {
        "Open": 24.59375,
        "High": 24.8125,
        "Low": 24.0,
        "Close": 24.25,
        "Adj Close": 12.6945219039917,
        "Volume": 10214400.0
    },
    "BK": {
        "Open": 47.302310943603516,
        "High": 48.22980880737305,
        "Low": 47.03731155395508,
        "Close": 48.16355514526367,
        "Adj Close": 26.553749084472656,
        "Volume": 1291892.0
    },
    "BKNG": {
        "Open": 275.25,
        "High": 284.25,
        "Low": 270.375,
        "Close": 279.0,
        "Adj Close": 274.50836181640625,
        "Volume": 625800.0
    },
    "BLK": {
        "Open": 28.625,
        "High": 28.625,
        "Low": 28.0,
        "Close": 28.4375,
        "Adj Close": 17.018285751342773,
        "Volume": 68600.0
    },
    "BMY": {
        "Open": 51.63390350341797,
        "High": 52.28824996948242,
        "Low": 49.968292236328125,
        "Close": 50.682125091552734,
        "Adj Close": 19.294654846191406,
        "Volume": 4790198.0
    },
    "BRK-B": {
        "Open": 36.880001068115234,
        "High": 37.29999923706055,
        "Low": 36.7400016784668,
        "Close": 37.060001373291016,
        "Adj Close": 37.060001373291016,
        "Volume": 380000.0
    },
    "C": {
        "Open": 486.5625,
        "High": 488.4375,
        "Low": 476.71875,
        "Close": 482.8125,
        "Adj Close": 252.39488220214844,
        "Volume": 847160.0
    },
    "CAT": {
        "Open": 17.5625,
        "High": 17.84375,
        "Low": 17.5,
        "Close": 17.53125,
        "Adj Close": 9.17678165435791,
        "Volume": 3212400.0
    },
    "CL": {
        "Open": 28.375,
        "High": 28.90625,
        "Low": 27.9375,
        "Close": 28.6875,
        "Adj Close": 16.374868392944336,
        "Volume": 3100200.0
    },
    "CMCSA": {
        "Open": 11.441737174987793,
        "High": 11.461261749267578,
        "Low": 10.855982780456543,
        "Close": 10.89503288269043,
        "Adj Close": 7.39299201965332,
        "Volume": 630917.0
    },
    "COF": {
        "Open": 47.75,
        "High": 48.5,
        "Low": 46.25,
        "Close": 47.0,
        "Adj Close": 34.07135009765625,
        "Volume": 1466600.0
    },
    "COP": {
        "Open": 20.939882278442383,
        "High": 20.939882278442383,
        "Low": 20.46343421936035,
        "Close": 20.749303817749023,
        "Adj Close": 9.233179092407227,
        "Volume": 2252083.0
    },
    "COST": {
        "Open": 32.5625,
        "High": 32.625,
        "Low": 31.375,
        "Close": 31.625,
        "Adj Close": 21.09915542602539,
        "Volume": 6683800.0
    },
    "CRM": {
        "Open": null,
        "High": null,
        "Low": null,
        "Close": null,
        "Adj Close": null,
        "Volume": null
    },
    "CSCO": {
        "Open": 68.6875,
        "High": 69.5625,
        "Low": 66.625,
        "Close": 67.125,
        "Adj Close": 43.43333053588867,
        "Volume": 34001500.0
    },
    "CVS": {
        "Open": 19.1875,
        "High": 19.875,
        "Low": 18.9375,
        "Close": 19.0625,
        "Adj Close": 12.089485168457031,
        "Volume": 3924400.0
    },
    "CVX": {
        "Open": 45.6875,
        "High": 45.6875,
        "Low": 44.84375,
        "Close": 45.125,
        "Adj Close": 17.399564743041992,
        "Volume": 3538800.0
    },
    "DE": {
        "Open": 20.0625,
        "High": 20.09375,
        "Low": 19.34375,
        "Close": 19.59375,
        "Adj Close": 11.909628868103027,
        "Volume": 2763400.0
    },
    "DHR": {
        "Open": 7.981411933898926,
        "High": 8.04442310333252,
        "Low": 7.865890979766846,
        "Close": 7.991913795471191,
        "Adj Close": 4.731637954711914,
        "Volume": 2365653.0
    },
    "DIS": {
        "Open": 41.37134552001953,
        "High": 41.49465560913086,
        "Low": 41.001407623291016,
        "Close": 41.18637466430664,
        "Adj Close": 31.560096740722656,
        "Volume": 3295895.0
    },
    "DUK": {
        "Open": 52.95273971557617,
        "High": 53.06169509887695,
        "Low": 51.42734909057617,
        "Close": 52.19004440307617,
        "Adj Close": 16.237611770629883,
        "Volume": 1963632.0
    },
    "EMR": {
        "Open": 31.125,
        "High": 31.125,
        "Low": 29.4375,
        "Close": 29.875,
        "Adj Close": 14.883316993713379,
        "Volume": 9345600.0
    },
    "FDX": {
        "Open": 35.0,
        "High": 35.4375,
        "Low": 34.875,
        "Close": 35.125,
        "Adj Close": 28.124326705932617,
        "Volume": 1221900.0
    },
    "GD": {
        "Open": 26.90625,
        "High": 27.3125,
        "Low": 26.375,
        "Close": 27.0,
        "Adj Close": 15.855326652526855,
        "Volume": 1795600.0
    },
    "GE": {
        "Open": 248.90721130371094,
        "High": 248.90721130371094,
        "Low": 240.22091674804688,
        "Close": 244.414306640625,
        "Adj Close": 132.60911560058594,
        "Volume": 2329003.0
    },
    "GILD": {
        "Open": 2.189452886581421,
        "High": 2.390625,
        "Low": 2.171875,
        "Close": 2.341797113418579,
        "Adj Close": 1.6269673109054565,
        "Volume": 25004800.0
    },
    "GM": {
        "Open": null,
        "High": null,
        "Low": null,
        "Close": null,
        "Adj Close": null,
        "Volume": null
    },
    "GOOG": {
        "Open": null,
        "High": null,