{
    "AAPL": {
        "Open": 0.9603790044784546,
        "High": 0.9754459857940674,
        "Low": 0.9073659777641296,
        "Close": 0.9229909777641296,
        "Adj Close": 0.7743562459945679,
        "Volume": 204965600.0
    },
    "ABBV": {
        "Open": null,
        "High": null,
        "Low": null,
        "Close": null,
        "Adj Close": null,
        "Volume": null
    },
    "ABT": {
        "Open": 18.404935836791992,
        "High": 18.461048126220703,
        "Low": 17.984092712402344,
        "Close": 18.152429580688477,
        "Adj Close": 9.443477630615234,
        "Volume": 5284686.0
    },
    "ACN": {
        "Open": null,
        "High": null,
        "Low": null,
        "Close": null,
        "Adj Close": null,
        "Volume": null
    },
    "ADBE": {
        "Open": 30.53125,
        "High": 30.84375,
        "Low": 29.125,
        "Close": 29.4375,
        "Adj Close": 29.236417770385742,
        "Volume": 4730800.0
    },
    "AIG": {
        "Open": 1535.0,
        "High": 1572.5,
        "Low": 1535.0,
        "Close": 1569.1666259765625,
        "Adj Close": 925.4473266601562,
        "Volume": 118178.0
    },
    "AMD": {
        "Open": 45.625,
        "High": 45.84375,
        "Low": 43.25,
        "Close": 43.875,
        "Adj Close": 43.875,
        "Volume": 5561400.0
    },
    "AMGN": {
        "Open": 66.625,
        "High": 68.625,
        "Low": 65.875,
        "Close": 66.625,
        "Adj Close": 45.064395904541016,
        "Volume": 3792200.0
    },
    "AMT": {
        "Open": 41.4375,
        "High": 41.8125,
        "Low": 40.625,
        "Close": 41.0,
        "Adj Close": 29.978303909301758,
        "Volume": 786000.0
    },
    "AMZN": {
        "Open": 1.8312499523162842,
        "High": 1.850000023841858,
        "Low": 1.6234380006790161,
        "Close": 1.693750023841858,
        "Adj Close": 1.693750023841858,
        "Volume": 1036764000.0
    },
    "AVGO": {
        "Open": null,
        "High": null,
        "Low": null,
        "Close": null,
        "Adj Close": null,
        "Volume": null
    },
    "AXP": {
        "Open": 46.77384567260742,
        "High": 47.539730072021484,
        "Low": 46.17207336425781,
        "Close": 46.93796157836914,
        "Adj Close": 33.101524353027344,
        "Volume": 3236490.0
    },
    "BA": {
        "Open": 39.375,
        "High": 40.125,
        "Low": 39.375,
        "Close": 39.875,
        "Adj Close": 25.921478271484375,
        "Volume": 1984700.0
    },
    "BAC": {
        "Open": 24.25,
        "High": 24.28125,
        "Low": 23.625,
        "Close": 23.6875,
        "Adj Close": 12.400065422058105,
        "Volume": 9036400.0
    },
    "BK": {
        "Open": 48.62730407714844,
        "High": 49.48855209350586,
        "Low": 48.22980880737305,
        "Close": 48.958553314208984,
        "Adj Close": 26.992061614990234,
        "Volume": 1987461.0
    },
    "BKNG": {
        "Open": 267.75,
        "High": 268.5,
        "Low": 234.75,
        "Close": 250.875,
        "Adj Close": 246.83612060546875,
        "Volume": 968700.0
    },
    "BLK": {
        "Open": 30.875,
        "High": 30.90625,
        "Low": 30.0,
        "Close": 30.1875,
        "Adj Close": 18.06556510925293,
        "Volume": 53900.0
    },
    "BMY": {
        "Open": 51.15801239013672,
        "High": 51.514930725097656,
        "Low": 50.92007064819336,
        "Close": 51.27698516845703,
        "Adj Close": 19.521137237548828,
        "Volume": 3589076.0
    },
    "BRK-B": {
        "Open": 35.599998474121094,
        "High": 35.63999938964844,
        "Low": 34.619998931884766,
        "Close": 35.279998779296875,
        "Adj Close": 35.279998779296875,
        "Volume": 870000.0
    },
    "C": {
        "Open": 465.46875,
        "High": 471.09375,
        "Low": 461.71875,
        "Close": 464.0625,
        "Adj Close": 242.59324645996094,
        "Volume": 832653.0
    },
    "CAT": {
        "Open": 17.21875,
        "High": 17.5625,
        "Low": 17.21875,
        "Close": 17.3125,
        "Adj Close": 9.062280654907227,
        "Volume": 1787400.0
    },
    "CL": {
        "Open": 28.0,
        "High": 28.03125,
        "Low": 27.5,
        "Close": 27.78125,
        "Adj Close": 15.857583045959473,
        "Volume": 2454400.0
    },
    "CMCSA": {
        "Open": 11.28553581237793,
        "High": 11.344111442565918,
        "Low": 10.992658615112305,
        "Close": 10.992658615112305,
        "Adj Close": 7.459235668182373,
        "Volume": 159410.0
    },
    "COF": {
        "Open": 44.4375,
        "High": 44.9375,
        "Low": 43.8125,
        "Close": 43.9375,
        "Adj Close": 31.851287841796875,
        "Volume": 1015500.0
    },
    "COP": {
        "Open": 20.749303817749023,
        "High": 21.011350631713867,
        "Low": 20.701658248901367,
        "Close": 20.77312660217285,
        "Adj Close": 9.243780136108398,
        "Volume": 1592514.0
    },
    "COST": {
        "Open": 32.0,
        "High": 32.5,
        "Low": 31.5,
        "Close": 32.0,
        "Adj Close": 21.34934425354004,
        "Volume": 7073400.0
    },
    "CRM": {
        "Open": null,
        "High": null,
        "Low": null,
        "Close": null,
        "Adj Close": null,
        "Volume": null
    },
    "CSCO": {
        "Open": 64.5625,
        "High": 65.9375,
        "Low": 62.5,
        "Close": 62.625,
        "Adj Close": 40.5215950012207,
        "Volume": 25132300.0
    },
    "CVS": {
        "Open": 18.5,
        "High": 18.53125,
        "Low": 17.9375,
        "Close": 18.0625,
        "Adj Close": 11.45528507232666,
        "Volume": 2377800.0
    },
    "CVX": {
        "Open": 44.78125,
        "High": 45.25,
        "Low": 44.71875,
        "Close": 44.875,
        "Adj Close": 17.30317497253418,
        "Volume": 2062600.0
    },
    "DE": {
        "Open": 18.8125,
        "High": 18.9375,
        "Low": 18.625,
        "Close": 18.84375,
        "Adj Close": 11.453750610351562,
        "Volume": 2080000.0
    },
    "DHR": {
        "Open": 8.13893985748291,
        "High": 8.13893985748291,
        "Low": 7.9604082107543945,
        "Close": 8.012916564941406,
        "Adj Close": 4.744075775146484,
        "Volume": 1303341.0
    },
    "DIS": {
        "Open": 40.75477981567383,
        "High": 40.75477981567383,
        "Low": 38.84343719482422,
        "Close": 39.09006118774414,
        "Adj Close": 29.95375633239746,
        "Volume": 5519108.0
    },
    "DUK": {
        "Open": 51.20943832397461,
        "High": 52.026607513427734,
        "Low": 51.15496063232422,
        "Close": 51.75421905517578,
        "Adj Close": 16.102008819580078,
        "Volume": 1012677.0
    },
    "EMR": {
        "Open": 31.0,
        "High": 31.0,
        "Low": 30.3125,
        "Close": 30.5390625,
        "Adj Close": 15.214154243469238,
        "Volume": 3918000.0
    },
    "FDX": {
        "Open": 34.3125,
        "High": 34.8125,
        "Low": 33.9375,
        "Close": 33.9375,
        "Adj Close": 27.173498153686523,
        "Volume": 686000.0
    },
    "GD": {
        "Open": 26.75,
        "High": 27.375,
        "Low": 26.375,
        "Close": 27.09375,
        "Adj Close": 15.910378456115723,
        "Volume": 1335200.0
    },
    "GE": {
        "Open": 233.33180236816406,
        "High": 239.02281188964844,
        "Low": 232.7327423095703,
        "Close": 239.02281188964844,
        "Adj Close": 129.68389892578125,
        "Volume": 2127456.0
    },
    "GILD": {
        "Open": 2.070312976837158,
        "High": 2.318358898162842,
        "Low": 2.025391101837158,
        "Close": 2.169922113418579,
        "Adj Close": 1.5075567960739136,
        "Volume": 29561600.0
    },
    "GM": {
        "Open": null,
        "High": null,
        "Low": null,
        "Close": null,
        "Adj Close": null,
        "Volume": null
    },
    "GOOG": {
        "Open": null,
        "High": null,