{
    "AAPL": {
        "Open": 0.9430800080299377,
        "High": 0.9810270071029663,
        "Low": 0.9229909777641296,
        "Close": 0.935267984867096,
        "Adj Close": 0.784656286239624,
        "Volume": 323097600.0
    },
    "ABBV": {
        "Open": null,
        "High": null,
        "Low": null,
        "Close": null,
        "Adj Close": null,
        "Volume": null
    },
    "ABT": {
        "Open": 18.404935836791992,
        "High": 20.060258865356445,
        "Low": 18.236597061157227,
        "Close": 20.0041446685791,
        "Adj Close": 10.4068021774292,
        "Volume": 14398056.0
    },
    "ACN": {
        "Open": null,
        "High": null,
        "Low": null,
        "Close": null,
        "Adj Close": null,
        "Volume": null
    },
    "ADBE": {
        "Open": 31.4921875,
        "High": 32.5,
        "Low": 31.1875,
        "Close": 32.5,
        "Adj Close": 32.28449630737305,
        "Volume": 5107200.0
    },
    "AIG": {
        "Open": 1630.0,
        "High": 1630.8333740234375,
        "Low": 1550.0,
        "Close": 1566.6666259765625,
        "Adj Close": 923.9725341796875,
        "Volume": 308805.0
    },
    "AMD": {
        "Open": 38.3125,
        "High": 40.375,
        "Low": 38.1875,
        "Close": 38.625,
        "Adj Close": 38.625,
        "Volume": 10416800.0
    },
    "AMGN": {
        "Open": 67.75,
        "High": 70.5,
        "Low": 66.5625,
        "Close": 70.25,
        "Adj Close": 47.51631164550781,
        "Volume": 6730700.0
    },
    "AMT": {
        "Open": 41.1875,
        "High": 42.375,
        "Low": 41.1875,
        "Close": 41.6875,
        "Adj Close": 30.48099136352539,
        "Volume": 987900.0
    },
    "AMZN": {
        "Open": 1.850000023841858,
        "High": 1.8624999523162842,
        "Low": 1.774999976158142,
        "Close": 1.8156249523162842,
        "Adj Close": 1.8156249523162842,
        "Volume": 129038000.0
    },
    "AVGO": {
        "Open": null,
        "High": null,
        "Low": null,
        "Close": null,
        "Adj Close": null,
        "Volume": null
    },
    "AXP": {
        "Open": 45.242069244384766,
        "High": 45.72074890136719,
        "Low": 44.64030075073242,
        "Close": 45.6250114440918,
        "Adj Close": 32.17560958862305,
        "Volume": 4835713.0
    },
    "BA": {
        "Open": 41.0,
        "High": 42.25,
        "Low": 41.0,
        "Close": 41.8125,
        "Adj Close": 27.180988311767578,
        "Volume": 4823600.0
    },
    "BAC": {
        "Open": 22.59375,
        "High": 22.6875,
        "Low": 21.4921875,
        "Close": 21.5,
        "Adj Close": 11.254942893981934,
        "Volume": 14691000.0
    },
    "BK": {
        "Open": 50.34980010986328,
        "High": 51.07854461669922,
        "Low": 48.759803771972656,
        "Close": 49.28980255126953,
        "Adj Close": 27.174686431884766,
        "Volume": 2276990.0
    },
    "BKNG": {
        "Open": 219.0,
        "High": 229.5,
        "Low": 213.0,
        "Close": 227.90625,
        "Adj Close": 224.2371368408203,
        "Volume": 407750.0
    },
    "BLK": {
        "Open": 32.875,
        "High": 34.0,
        "Low": 29.0,
        "Close": 29.0,
        "Adj Close": 17.354915618896484,
        "Volume": 583600.0
    },
    "BMY": {
        "Open": 53.89437484741211,
        "High": 55.54511260986328,
        "Low": 53.29951095581055,
        "Close": 55.441009521484375,
        "Adj Close": 21.10636329650879,
        "Volume": 8301419.0
    },
    "BRK-B": {
        "Open": 35.0,
        "High": 35.29999923706055,
        "Low": 34.900001525878906,
        "Close": 35.20000076293945,
        "Adj Close": 35.20000076293945,
        "Volume": 440000.0
    },
    "C": {
        "Open": 469.21875,
        "High": 472.5,
        "Low": 450.0,
        "Close": 451.875,
        "Adj Close": 236.22206115722656,
        "Volume": 1727213.0
    },
    "CAT": {
        "Open": 17.5,
        "High": 17.65625,
        "Low": 16.90625,
        "Close": 16.9375,
        "Adj Close": 8.865983009338379,
        "Volume": 4672000.0
    },
    "CL": {
        "Open": 28.3125,
        "High": 29.9921875,
        "Low": 28.3125,
        "Close": 29.9375,
        "Adj Close": 17.0883731842041,
        "Volume": 4368000.0
    },
    "CMCSA": {
        "Open": 11.636987686157227,
        "High": 12.417993545532227,
        "Low": 11.48078727722168,
        "Close": 12.144641876220703,
        "Adj Close": 8.240933418273926,
        "Volume": 482391.0
    },
    "COF": {
        "Open": 45.875,
        "High": 46.25,
        "Low": 44.5,
        "Close": 44.625,
        "Adj Close": 32.34968566894531,
        "Volume": 882300.0
    },
    "COP": {
        "Open": 19.91551971435547,
        "High": 19.963165283203125,
        "Low": 19.200847625732422,
        "Close": 19.31995964050293,
        "Adj Close": 8.597140312194824,
        "Volume": 3088481.0
    },
    "COST": {
        "Open": 32.125,
        "High": 33.4375,
        "Low": 32.0,
        "Close": 33.0,
        "Adj Close": 22.01650619506836,
        "Volume": 6764800.0
    },
    "CRM": {
        "Open": null,
        "High": null,
        "Low": null,
        "Close": null,
        "Adj Close": null,
        "Volume": null
    },
    "CSCO": {
        "Open": 60.8125,
        "High": 63.6875,
        "Low": 60.125,
        "Close": 63.5625,
        "Adj Close": 41.128196716308594,
        "Volume": 34402600.0
    },
    "CVS": {
        "Open": 18.6875,
        "High": 20.0546875,
        "Low": 18.6875,
        "Close": 20.0,
        "Adj Close": 12.684053421020508,
        "Volume": 3967600.0
    },
    "CVX": {
        "Open": 43.3125,
        "High": 43.5625,
        "Low": 42.28125,
        "Close": 42.40625,
        "Adj Close": 16.351253509521484,
        "Volume": 5210600.0
    },
    "DE": {
        "Open": 18.65625,
        "High": 18.84375,
        "Low": 18.15625,
        "Close": 18.5,
        "Adj Close": 11.308403015136719,
        "Volume": 3062200.0
    },
    "DHR": {
        "Open": 8.149441719055176,
        "High": 8.31747055053711,
        "Low": 8.149441719055176,
        "Close": 8.306968688964844,
        "Adj Close": 4.919671535491943,
        "Volume": 3124447.0
    },
    "DIS": {
        "Open": 38.905094146728516,
        "High": 38.905094146728516,
        "Low": 37.24037551879883,
        "Close": 38.28853225708008,
        "Adj Close": 29.33955192565918,
        "Volume": 6610542.0
    },
    "DUK": {
        "Open": 50.28330993652344,
        "High": 51.69974136352539,
        "Low": 48.812400817871094,
        "Close": 49.1392707824707,
        "Adj Close": 15.28844928741455,
        "Volume": 1650204.0
    },
    "EMR": {
        "Open": 31.4375,
        "High": 32.28125,
        "Low": 30.0625,
        "Close": 30.1875,
        "Adj Close": 15.039002418518066,
        "Volume": 4209200.0
    },
    "FDX": {
        "Open": 38.6875,
        "High": 40.1875,
        "Low": 37.984375,
        "Close": 38.0,
        "Adj Close": 30.426305770874023,
        "Volume": 2150700.0
    },
    "GD": {
        "Open": 26.21875,
        "High": 26.375,
        "Low": 26.0,
        "Close": 26.125,
        "Adj Close": 15.341501235961914,
        "Volume": 1543400.0
    },
    "GE": {
        "Open": 236.0275421142578,
        "High": 254.5233612060547,
        "Low": 235.1289520263672,
        "Close": 253.99917602539062,
        "Adj Close": 137.80946350097656,
        "Volume": 3980501.0
    },
    "GILD": {
        "Open": 2.210937976837158,
        "High": 2.238281011581421,
        "Low": 2.066406011581421,
        "Close": 2.222656011581421,
        "Adj Close": 1.5441936254501343,
        "Volume": 51056000.0
    },
    "GM": {
        "Open": null,
        "High": null,
        "Low": null,
        "Close": null,
        "Adj Close": null,
        "Volume": null
    },
    "GOOG": {
        "Open": null,
        "High": null,
        "Low": null,