{
    "AAPL": {
        "Open": 0.3080359995365143,
        "High": 0.3169640004634857,
        "Low": 0.3035709857940674,
        "Close": 0.3091520071029663,
        "Adj Close": 0.2593674659729004,
        "Volume": 121340800.0
    },
    "ABBV": {
        "Open": null,
        "High": null,
        "Low": null,
        "Close": null,
        "Adj Close": null,
        "Volume": null
    },
    "ABT": {
        "Open": 9.314693450927734,
        "High": 9.511087417602539,
        "Low": 9.314693450927734,
        "Close": 9.511087417602539,
        "Adj Close": 4.553613662719727,
        "Volume": 1450209.0
    },
    "ACN": {
        "Open": null,
        "High": null,
        "Low": null,
        "Close": null,
        "Adj Close": null,
        "Volume": null
    },
    "ADBE": {
        "Open": 5.4375,
        "High": 5.492187976837158,
        "Low": 5.15625,
        "Close": 5.234375,
        "Adj Close": 5.104298114776611,
        "Volume": 10344800.0
    },
    "AIG": {
        "Open": 444.4444580078125,
        "High": 447.40740966796875,
        "Low": 443.2592468261719,
        "Close": 443.8518371582031,
        "Adj Close": 258.5496826171875,
        "Volume": 45246.0
    },
    "AMD": {
        "Open": 9.0,
        "High": 9.125,
        "Low": 8.625,
        "Close": 8.6875,
        "Adj Close": 8.6875,
        "Volume": 1527600.0
    },
    "AMGN": {
        "Open": 14.09375,
        "High": 14.15625,
        "Low": 13.78125,
        "Close": 13.859375,
        "Adj Close": 9.374321937561035,
        "Volume": 2890800.0
    },
    "AMT": {
        "Open": null,
        "High": null,
        "Low": null,
        "Close": null,
        "Adj Close": null,
        "Volume": null
    },
    "AMZN": {
        "Open": null,
        "High": null,
        "Low": null,
        "Close": null,
        "Adj Close": null,
        "Volume": null
    },
    "AVGO": {
        "Open": null,
        "High": null,
        "Low": null,
        "Close": null,
        "Adj Close": null,
        "Volume": null
    },
    "AXP": {
        "Open": 11.962432861328125,
        "High": 12.035374641418457,
        "Low": 11.962432861328125,
        "Close": 11.962432861328125,
        "Adj Close": 8.038652420043945,
        "Volume": 1040558.0
    },
    "BA": {
        "Open": 39.875,
        "High": 40.25,
        "Low": 39.875,
        "Close": 40.125,
        "Adj Close": 24.64794158935547,
        "Volume": 2094200.0
    },
    "BAC": {
        "Open": 16.40625,
        "High": 16.65625,
        "Low": 16.375,
        "Close": 16.65625,
        "Adj Close": 7.695042133331299,
        "Volume": 1634400.0
    },
    "BK": {
        "Open": 12.189950942993164,
        "High": 12.322450637817383,
        "Low": 12.189950942993164,
        "Close": 12.289325714111328,
        "Adj Close": 6.14272928237915,
        "Volume": 531700.0
    },
    "BKNG": {
        "Open": null,
        "High": null,
        "Low": null,
        "Close": null,
        "Adj Close": null,
        "Volume": null
    },
    "BLK": {
        "Open": null,
        "High": null,
        "Low": null,
        "Close": null,
        "Adj Close": null,
        "Volume": null
    },
    "BMY": {
        "Open": 19.660144805908203,
        "High": 20.017059326171875,
        "Low": 19.660144805908203,
        "Close": 19.95757484436035,
        "Adj Close": 6.993259429931641,
        "Volume": 1418820.0
    },
    "BRK-B": {
        "Open": null,
        "High": null,
        "Low": null,
        "Close": null,
        "Adj Close": null,
        "Volume": null
    },
    "C": {
        "Open": 100.625,
        "High": 101.04166412353516,
        "Low": 99.79166412353516,
        "Close": 100.41666412353516,
        "Adj Close": 49.889747619628906,
        "Volume": 80880.0
    },
    "CAT": {
        "Open": 15.25,
        "High": 15.28125,
        "Low": 15.09375,
        "Close": 15.1875,
        "Adj Close": 7.188077449798584,
        "Volume": 1199600.0
    },
    "CL": {
        "Open": 8.953125,
        "High": 9.0,
        "Low": 8.9375,
        "Close": 9.0,
        "Adj Close": 4.781773567199707,
        "Volume": 827200.0
    },
    "CMCSA": {
        "Open": 3.026397943496704,
        "High": 3.0459229946136475,
        "Low": 3.026397943496704,
        "Close": 3.026397943496704,
        "Adj Close": 2.029311418533325,
        "Volume": 238154.0
    },
    "COF": {
        "Open": 7.9166669845581055,
        "High": 8.041666984558105,
        "Low": 7.9166669845581055,
        "Close": 8.041666984558105,
        "Adj Close": 5.6763763427734375,
        "Volume": 157500.0
    },
    "COP": {
        "Open": 13.24524974822998,
        "High": 13.292895317077637,
        "Low": 13.19760513305664,
        "Close": 13.19760513305664,
        "Adj Close": 5.112259387969971,
        "Volume": 771858.0
    },
    "COST": {
        "Open": 8.1875,
        "High": 8.1875,
        "Low": 8.0,
        "Close": 8.1875,
        "Adj Close": 5.462430953979492,
        "Volume": 333400.0
    },
    "CRM": {
        "Open": null,
        "High": null,
        "Low": null,
        "Close": null,
        "Adj Close": null,
        "Volume": null
    },
    "CSCO": {
        "Open": 3.9791669845581055,
        "High": 3.993056058883667,
        "Low": 3.9166669845581055,
        "Close": 3.934027910232544,
        "Adj Close": 2.5455169677734375,
        "Volume": 26875800.0
    },
    "CVS": {
        "Open": 7.75,
        "High": 7.84375,
        "Low": 7.75,
        "Close": 7.84375,
        "Adj Close": 4.189611434936523,
        "Volume": 115600.0
    },
    "CVX": {
        "Open": 27.75,
        "High": 28.0,
        "Low": 27.6875,
        "Close": 27.8125,
        "Adj Close": 9.33510971069336,
        "Volume": 765800.0
    },
    "DE": {
        "Open": 18.25,
        "High": 18.4375,
        "Low": 18.25,
        "Close": 18.3125,
        "Adj Close": 10.220963478088379,
        "Volume": 518000.0
    },
    "DHR": {
        "Open": 2.6254639625549316,
        "High": 2.677973985671997,
        "Low": 2.6254639625549316,
        "Close": 2.6674718856811523,
        "Adj Close": 1.568027377128601,
        "Volume": 364221.0
    },
    "DIS": {
        "Open": 20.305458068847656,
        "High": 20.46987533569336,
        "Low": 20.305458068847656,
        "Close": 20.387666702270508,
        "Adj Close": 15.176630973815918,
        "Volume": 1542727.0
    },
    "DUK": {
        "Open": 41.5123291015625,
        "High": 41.73024368286133,
        "Low": 41.5123291015625,
        "Close": 41.73024368286133,
        "Adj Close": 10.794589042663574,
        "Volume": 60116.0
    },
    "EMR": {
        "Open": 20.0625,
        "High": 20.28125,
        "Low": 20.03125,
        "Close": 20.28125,
        "Adj Close": 9.157208442687988,
        "Volume": 288400.0
    },
    "FDX": {
        "Open": 18.75,
        "High": 18.90625,
        "Low": 18.75,
        "Close": 18.90625,
        "Adj Close": 15.138087272644043,
        "Volume": 229600.0
    },
    "GD": {
        "Open": 14.90625,
        "High": 15.1875,
        "Low": 14.875,
        "Close": 15.15625,
        "Adj Close": 8.127694129943848,
        "Volume": 397200.0
    },
    "GE": {
        "Open": 58.50767135620117,
        "High": 58.80720138549805,
        "Low": 57.80877685546875,
        "Close": 58.607513427734375,
        "Adj Close": 29.709177017211914,
        "Volume": 906303.0
    },
    "GILD": {
        "Open": 1.0859379768371582,
        "High": 1.09375,
        "Low": 1.0703129768371582,
        "Close": 1.074218988418579,
        "Adj Close": 0.7463151216506958,
        "Volume": 1852800.0
    },
    "GM": {
        "Open": null,
        "High": null,
        "Low": null,
        "Close": null,
        "Adj Close": null,
        "Volume": null
    },
    "GOOG": {
        "Open": null,
        "High": null,
        "Low": null,
        "Close": null,
        "Adj Close": null,
        "Volume": null
    },