{
    "AAPL": {
        "Open": 0.2901790142059326,
        "High": 0.31026801466941833,
        "Low": 0.2879459857940674,
        "Close": 0.3058040142059326,
        "Adj Close": 0.2565585672855377,
        "Volume": 365433600.0
    },
    "ABBV": {
        "Open": null,
        "High": null,
        "Low": null,
        "Close": null,
        "Adj Close": null,
        "Volume": null
    },
    "ABT": {
        "Open": 9.286637306213379,
        "High": 9.314693450927734,
        "Low": 8.978017807006836,
        "Close": 9.006073951721191,
        "Adj Close": 4.333469390869141,
        "Volume": 7287578.0
    },
    "ACN": {
        "Open": null,
        "High": null,
        "Low": null,
        "Close": null,
        "Adj Close": null,
        "Volume": null
    },
    "ADBE": {
        "Open": 4.71875,
        "High": 4.875,
        "Low": 4.59375,
        "Close": 4.8125,
        "Adj Close": 4.692907333374023,
        "Volume": 33356800.0
    },
    "AIG": {
        "Open": 437.9259338378906,
        "High": 438.5185241699219,
        "Low": 427.8518371582031,
        "Close": 427.8518371582031,
        "Adj Close": 249.22947692871094,
        "Volume": 194801.0
    },
    "AMD": {
        "Open": 8.25,
        "High": 8.8125,
        "Low": 8.125,
        "Close": 8.8125,
        "Adj Close": 8.8125,
        "Volume": 4235600.0
    },
    "AMGN": {
        "Open": 13.5,
        "High": 13.8125,
        "Low": 13.1875,
        "Close": 13.1875,
        "Adj Close": 8.919877052307129,
        "Volume": 10809600.0
    },
    "AMT": {
        "Open": null,
        "High": null,
        "Low": null,
        "Close": null,
        "Adj Close": null,
        "Volume": null
    },
    "AMZN": {
        "Open": null,
        "High": null,
        "Low": null,
        "Close": null,
        "Adj Close": null,
        "Volume": null
    },
    "AVGO": {
        "Open": null,
        "High": null,
        "Low": null,
        "Close": null,
        "Adj Close": null,
        "Volume": null
    },
    "AXP": {
        "Open": 11.707138061523438,
        "High": 11.743608474731445,
        "Low": 11.305957794189453,
        "Close": 11.378899574279785,
        "Adj Close": 7.646520614624023,
        "Volume": 8414258.0
    },
    "BA": {
        "Open": 39.5625,
        "High": 39.5625,
        "Low": 38.1875,
        "Close": 38.375,
        "Adj Close": 23.572956085205078,
        "Volume": 2397200.0
    },
    "BAC": {
        "Open": 16.5,
        "High": 16.625,
        "Low": 16.28125,
        "Close": 16.3125,
        "Adj Close": 7.536233425140381,
        "Volume": 6672000.0
    },
    "BK": {
        "Open": 11.891826629638672,
        "High": 11.991202354431152,
        "Low": 11.527454376220703,
        "Close": 11.659953117370605,
        "Adj Close": 5.828141212463379,
        "Volume": 4663792.0
    },
    "BKNG": {
        "Open": null,
        "High": null,
        "Low": null,
        "Close": null,
        "Adj Close": null,
        "Volume": null
    },
    "BLK": {
        "Open": null,
        "High": null,
        "Low": null,
        "Close": null,
        "Adj Close": null,
        "Volume": null
    },
    "BMY": {
        "Open": 19.779115676879883,
        "High": 19.83860206604004,
        "Low": 19.57091522216797,
        "Close": 19.68988609313965,
        "Adj Close": 6.899458408355713,
        "Volume": 3996314.0
    },
    "BRK-B": {
        "Open": null,
        "High": null,
        "Low": null,
        "Close": null,
        "Adj Close": null,
        "Volume": null
    },
    "C": {
        "Open": 97.08333587646484,
        "High": 97.91666412353516,
        "Low": 95.41666412353516,
        "Close": 95.83333587646484,
        "Adj Close": 47.61262893676758,
        "Volume": 845100.0
    },
    "CAT": {
        "Open": 14.78125,
        "High": 15.15625,
        "Low": 14.53125,
        "Close": 14.625,
        "Adj Close": 6.921850681304932,
        "Volume": 4288800.0
    },
    "CL": {
        "Open": 8.8125,
        "High": 8.8125,
        "Low": 8.609375,
        "Close": 8.609375,
        "Adj Close": 4.574229717254639,
        "Volume": 4810400.0
    },
    "CMCSA": {
        "Open": 3.0068728923797607,
        "High": 3.026397943496704,
        "Low": 2.967823028564453,
        "Close": 3.0068728923797607,
        "Adj Close": 2.0162205696105957,
        "Volume": 1158762.0
    },
    "COF": {
        "Open": 7.875,
        "High": 7.875,
        "Low": 7.5,
        "Close": 7.5,
        "Adj Close": 5.294027328491211,
        "Volume": 802200.0
    },
    "COP": {
        "Open": 13.007025718688965,
        "High": 13.054671287536621,
        "Low": 12.62586784362793,
        "Close": 12.62586784362793,
        "Adj Close": 4.890787124633789,
        "Volume": 1154901.0
    },
    "COST": {
        "Open": 8.0,
        "High": 8.125,
        "Low": 7.96875,
        "Close": 8.0625,
        "Adj Close": 5.379036903381348,
        "Volume": 1423200.0
    },
    "CRM": {
        "Open": null,
        "High": null,
        "Low": null,
        "Close": null,
        "Adj Close": null,
        "Volume": null
    },
    "CSCO": {
        "Open": 3.555556058883667,
        "High": 3.8333330154418945,
        "Low": 3.5486109256744385,
        "Close": 3.7083330154418945,
        "Adj Close": 2.3994832038879395,
        "Volume": 219997800.0
    },
    "CVS": {
        "Open": 7.75,
        "High": 7.78125,
        "Low": 7.4375,
        "Close": 7.5,
        "Adj Close": 4.0060038566589355,
        "Volume": 1324800.0
    },
    "CVX": {
        "Open": 27.375,
        "High": 27.5,
        "Low": 26.1875,
        "Close": 26.5,
        "Adj Close": 8.894574165344238,
        "Volume": 3195200.0
    },
    "DE": {
        "Open": 17.5,
        "High": 17.5,
        "Low": 16.5,
        "Close": 16.5625,
        "Adj Close": 9.244217872619629,
        "Volume": 2275200.0
    },
    "DHR": {
        "Open": 2.593959093093872,
        "High": 2.6149630546569824,
        "Low": 2.5204460620880127,
        "Close": 2.5309479236602783,
        "Adj Close": 1.4877734184265137,
        "Volume": 916505.0
    },
    "DIS": {
        "Open": 20.141042709350586,
        "High": 20.141042709350586,
        "Low": 19.524478912353516,
        "Close": 19.606687545776367,
        "Adj Close": 14.595270156860352,
        "Volume": 5429498.0
    },
    "DUK": {
        "Open": 41.5123291015625,
        "High": 41.73024368286133,
        "Low": 41.29441833496094,
        "Close": 41.29441833496094,
        "Adj Close": 10.681855201721191,
        "Volume": 339701.0
    },
    "EMR": {
        "Open": 20.0625,
        "High": 20.09375,
        "Low": 19.65625,
        "Close": 19.71875,
        "Adj Close": 8.903236389160156,
        "Volume": 1760400.0
    },
    "FDX": {
        "Open": 18.65625,
        "High": 18.71875,
        "Low": 18.1875,
        "Close": 18.1875,
        "Adj Close": 14.562593460083008,
        "Volume": 548000.0
    },
    "GD": {
        "Open": 15.0625,
        "High": 15.09375,
        "Low": 14.75,
        "Close": 14.75,
        "Adj Close": 7.9098381996154785,
        "Volume": 587600.0
    },
    "GE": {
        "Open": 57.10987854003906,
        "High": 57.30956268310547,
        "Low": 55.811927795410156,
        "Close": 56.21129608154297,
        "Adj Close": 28.494476318359375,
        "Volume": 3476102.0
    },
    "GILD": {
        "Open": 1.0703129768371582,
        "High": 1.140625,
        "Low": 1.0625,
        "Close": 1.066406011581421,
        "Adj Close": 0.7408871650695801,
        "Volume": 26000000.0
    },
    "GM": {
        "Open": null,
        "High": null,
        "Low": null,
        "Close": null,
        "Adj Close": null,
        "Volume": null
    },
    "GOOG": {
        "Open": null,
        "High": null,
        "Low": null,
        "Close": null,
        "Adj Close": null,
        "Volume": null
    },
    "GOOGL": {
        "Open": null,
        "High": null,