{
    "AAPL": {
        "Open": 0.2935270071029663,
        "High": 0.297991007566452,
        "Low": 0.27120500802993774,
        "Close": 0.2851560115814209,
        "Adj Close": 0.23923565447330475,
        "Volume": 698387200.0
    },
    "ABBV": {
        "Open": null,
        "High": null,
        "Low": null,
        "Close": null,
        "Adj Close": null,
        "Volume": null
    },
    "ABT": {
        "Open": 8.75356674194336,
        "High": 8.781622886657715,
        "Low": 8.613286018371582,
        "Close": 8.781622886657715,
        "Adj Close": 4.2254719734191895,
        "Volume": 7941174.0
    },
    "ACN": {
        "Open": null,
        "High": null,
        "Low": null,
        "Close": null,
        "Adj Close": null,
        "Volume": null
    },
    "ADBE": {
        "Open": 4.484375,
        "High": 4.578125,
        "Low": 4.375,
        "Close": 4.453125,
        "Adj Close": 4.3484416007995605,
        "Volume": 16428800.0
    },
    "AIG": {
        "Open": 443.8518371582031,
        "High": 448.0,
        "Low": 442.0740661621094,
        "Close": 447.40740966796875,
        "Adj Close": 260.6208801269531,
        "Volume": 184106.0
    },
    "AMD": {
        "Open": 9.5,
        "High": 9.5625,
        "Low": 9.3125,
        "Close": 9.4375,
        "Adj Close": 9.4375,
        "Volume": 1662400.0
    },
    "AMGN": {
        "Open": 14.125,
        "High": 14.375,
        "Low": 14.03125,
        "Close": 14.34375,
        "Adj Close": 9.701947212219238,
        "Volume": 14798400.0
    },
    "AMT": {
        "Open": null,
        "High": null,
        "Low": null,
        "Close": null,
        "Adj Close": null,
        "Volume": null
    },
    "AMZN": {
        "Open": null,
        "High": null,
        "Low": null,
        "Close": null,
        "Adj Close": null,
        "Volume": null
    },
    "AVGO": {
        "Open": null,
        "High": null,
        "Low": null,
        "Close": null,
        "Adj Close": null,
        "Volume": null
    },
    "AXP": {
        "Open": 11.925963401794434,
        "High": 12.181258201599121,
        "Low": 11.780078887939453,
        "Close": 12.181258201599121,
        "Adj Close": 8.18570327758789,
        "Volume": 7600594.0
    },
    "BA": {
        "Open": 38.8125,
        "High": 39.375,
        "Low": 38.8125,
        "Close": 39.375,
        "Adj Close": 24.187240600585938,
        "Volume": 2360400.0
    },
    "BAC": {
        "Open": 16.75,
        "High": 16.75,
        "Low": 16.3125,
        "Close": 16.46875,
        "Adj Close": 7.608415603637695,
        "Volume": 3342400.0
    },
    "BK": {
        "Open": 12.488075256347656,
        "High": 12.488075256347656,
        "Low": 12.189950942993164,
        "Close": 12.322450637817383,
        "Adj Close": 6.212155818939209,
        "Volume": 2310953.0
    },
    "BKNG": {
        "Open": null,
        "High": null,
        "Low": null,
        "Close": null,
        "Adj Close": null,
        "Volume": null
    },
    "BLK": {
        "Open": null,
        "High": null,
        "Low": null,
        "Close": null,
        "Adj Close": null,
        "Volume": null
    },
    "BMY": {
        "Open": 20.10628890991211,
        "High": 20.10628890991211,
        "Low": 19.779115676879883,
        "Close": 19.927831649780273,
        "Adj Close": 6.982835292816162,
        "Volume": 3081394.0
    },
    "BRK-B": {
        "Open": null,
        "High": null,
        "Low": null,
        "Close": null,
        "Adj Close": null,
        "Volume": null
    },
    "C": {
        "Open": 103.125,
        "High": 103.125,
        "Low": 100.41666412353516,
        "Close": 101.04166412353516,
        "Adj Close": 50.20026779174805,
        "Volume": 637920.0
    },
    "CAT": {
        "Open": 14.03125,
        "High": 15.25,
        "Low": 14.03125,
        "Close": 14.8125,
        "Adj Close": 7.056116104125977,
        "Volume": 17313600.0
    },
    "CL": {
        "Open": 8.75,
        "High": 8.96875,
        "Low": 8.75,
        "Close": 8.9375,
        "Adj Close": 4.74856424331665,
        "Volume": 2611200.0
    },
    "CMCSA": {
        "Open": 3.163074016571045,
        "High": 3.1825990676879883,
        "Low": 3.124023914337158,
        "Close": 3.172837018966675,
        "Adj Close": 2.127504587173462,
        "Volume": 868111.0
    },
    "COF": {
        "Open": 8.25,
        "High": 8.25,
        "Low": 8.083333015441895,
        "Close": 8.166666984558105,
        "Adj Close": 5.764608383178711,
        "Volume": 1306800.0
    },
    "COP": {
        "Open": 12.292353630065918,
        "High": 12.292353630065918,
        "Low": 12.149419784545898,
        "Close": 12.197065353393555,
        "Adj Close": 4.724688529968262,
        "Volume": 1643936.0
    },
    "COST": {
        "Open": 7.5625,
        "High": 7.6875,
        "Low": 7.4375,
        "Close": 7.5,
        "Adj Close": 5.003754615783691,
        "Volume": 2764800.0
    },
    "CRM": {
        "Open": null,
        "High": null,
        "Low": null,
        "Close": null,
        "Adj Close": null,
        "Volume": null
    },
    "CSCO": {
        "Open": 3.944443941116333,
        "High": 4.0,
        "Low": 3.881943941116333,
        "Close": 3.9375,
        "Adj Close": 2.547764539718628,
        "Volume": 98676000.0
    },
    "CVS": {
        "Open": 7.3125,
        "High": 7.375,
        "Low": 7.125,
        "Close": 7.15625,
        "Adj Close": 3.8223960399627686,
        "Volume": 1364800.0
    },
    "CVX": {
        "Open": 26.8125,
        "High": 26.875,
        "Low": 26.3125,
        "Close": 26.6875,
        "Adj Close": 8.957508087158203,
        "Volume": 2497600.0
    },
    "DE": {
        "Open": 17.375,
        "High": 17.4375,
        "Low": 17.125,
        "Close": 17.4375,
        "Adj Close": 9.732588768005371,
        "Volume": 2136400.0
    },
    "DHR": {
        "Open": 2.541450023651123,
        "High": 2.541450023651123,
        "Low": 2.5204460620880127,
        "Close": 2.5309479236602783,
        "Adj Close": 1.4877734184265137,
        "Volume": 1504496.0
    },
    "DIS": {
        "Open": 19.565582275390625,
        "High": 19.729999542236328,
        "Low": 19.524478912353516,
        "Close": 19.64779281616211,
        "Adj Close": 14.625873565673828,
        "Volume": 3621287.0
    },
    "DUK": {
        "Open": 41.73024368286133,
        "High": 41.94815444946289,
        "Low": 41.40337371826172,
        "Close": 41.83919906616211,
        "Adj Close": 10.822772979736328,
        "Volume": 343716.0
    },
    "EMR": {
        "Open": 19.71875,
        "High": 20.21875,
        "Low": 19.65625,
        "Close": 20.125,
        "Adj Close": 9.086664199829102,
        "Volume": 1183200.0
    },
    "FDX": {
        "Open": 17.40625,
        "High": 17.4375,
        "Low": 17.28125,
        "Close": 17.40625,
        "Adj Close": 13.937057495117188,
        "Volume": 419200.0
    },
    "GD": {
        "Open": 14.75,
        "High": 14.9375,
        "Low": 14.75,
        "Close": 14.875,
        "Adj Close": 8.02724552154541,
        "Volume": 264800.0
    },
    "GE": {
        "Open": 57.40940475463867,
        "High": 58.008460998535156,
        "Low": 56.71051025390625,
        "Close": 57.90861892700195,
        "Adj Close": 29.354881286621094,
        "Volume": 3393346.0
    },
    "GILD": {
        "Open": 1.171875,
        "High": 1.2265629768371582,
        "Low": 1.1640629768371582,
        "Close": 1.21875,
        "Adj Close": 0.8467283844947815,
        "Volume": 16409600.0
    },
    "GM": {
        "Open": null,
        "High": null,
        "Low": null,
        "Close": null,
        "Adj Close": null,
        "Volume": null
    },
    "GOOG": {
        "Open": null,
        "High": null,
        "Low": null,
        "Close": null,
        "Adj Close": null,
        "Volume": null
    },
    "GOOGL": {
        "Open": null,
        "High": null,
        "Low": null,