{
    "AAPL": {
        "Open": 0.2767859995365143,
        "High": 0.28348198533058167,
        "Low": 0.2622770071029663,
        "Close": 0.266741007566452,
        "Adj Close": 0.2237861603498459,
        "Volume": 829225600.0
    },
    "ABBV": {
        "Open": null,
        "High": null,
        "Low": null,
        "Close": null,
        "Adj Close": null,
        "Volume": null
    },
    "ABT": {
        "Open": 8.725510597229004,
        "High": 8.865792274475098,
        "Low": 8.725510597229004,
        "Close": 8.75356674194336,
        "Adj Close": 4.211971282958984,
        "Volume": 9987951.0
    },
    "ACN": {
        "Open": null,
        "High": null,
        "Low": null,
        "Close": null,
        "Adj Close": null,
        "Volume": null
    },
    "ADBE": {
        "Open": 4.46875,
        "High": 4.671875,
        "Low": 4.40625,
        "Close": 4.640625,
        "Adj Close": 4.531530857086182,
        "Volume": 22993600.0
    },
    "AIG": {
        "Open": 446.8148193359375,
        "High": 449.1851806640625,
        "Low": 442.6666564941406,
        "Close": 446.8148193359375,
        "Adj Close": 260.2755432128906,
        "Volume": 242620.0
    },
    "AMD": {
        "Open": 9.1875,
        "High": 9.375,
        "Low": 9.125,
        "Close": 9.3125,
        "Adj Close": 9.3125,
        "Volume": 2052800.0
    },
    "AMGN": {
        "Open": 14.09375,
        "High": 14.40625,
        "Low": 13.875,
        "Close": 14.375,
        "Adj Close": 9.723087310791016,
        "Volume": 13246400.0
    },
    "AMT": {
        "Open": null,
        "High": null,
        "Low": null,
        "Close": null,
        "Adj Close": null,
        "Volume": null
    },
    "AMZN": {
        "Open": null,
        "High": null,
        "Low": null,
        "Close": null,
        "Adj Close": null,
        "Volume": null
    },
    "AVGO": {
        "Open": null,
        "High": null,
        "Low": null,
        "Close": null,
        "Adj Close": null,
        "Volume": null
    },
    "AXP": {
        "Open": 12.071846008300781,
        "High": 12.509495735168457,
        "Low": 12.035374641418457,
        "Close": 12.509495735168457,
        "Adj Close": 8.40627384185791,
        "Volume": 7755512.0
    },
    "BA": {
        "Open": 39.25,
        "High": 39.25,
        "Low": 38.1875,
        "Close": 39.1875,
        "Adj Close": 24.072059631347656,
        "Volume": 2845600.0
    },
    "BAC": {
        "Open": 16.46875,
        "High": 16.75,
        "Low": 16.3125,
        "Close": 16.6875,
        "Adj Close": 7.709474563598633,
        "Volume": 4556000.0
    },
    "BK": {
        "Open": 12.355575561523438,
        "High": 12.653698921203613,
        "Low": 12.355575561523438,
        "Close": 12.653698921203613,
        "Adj Close": 6.379146099090576,
        "Volume": 3224919.0
    },
    "BKNG": {
        "Open": null,
        "High": null,
        "Low": null,
        "Close": null,
        "Adj Close": null,
        "Volume": null
    },
    "BLK": {
        "Open": null,
        "High": null,
        "Low": null,
        "Close": null,
        "Adj Close": null,
        "Volume": null
    },
    "BMY": {
        "Open": 19.83860206604004,
        "High": 20.165775299072266,
        "Low": 19.83860206604004,
        "Close": 20.136032104492188,
        "Adj Close": 7.0557861328125,
        "Volume": 5186929.0
    },
    "BRK-B": {
        "Open": null,
        "High": null,
        "Low": null,
        "Close": null,
        "Adj Close": null,
        "Volume": null
    },
    "C": {
        "Open": 99.79166412353516,
        "High": 102.29166412353516,
        "Low": 99.79166412353516,
        "Close": 102.29166412353516,
        "Adj Close": 50.82132339477539,
        "Volume": 600000.0
    },
    "CAT": {
        "Open": 14.8125,
        "High": 14.90625,
        "Low": 14.59375,
        "Close": 14.75,
        "Adj Close": 7.026344299316406,
        "Volume": 7396000.0
    },
    "CL": {
        "Open": 8.890625,
        "High": 8.921875,
        "Low": 8.828125,
        "Close": 8.890625,
        "Adj Close": 4.723657608032227,
        "Volume": 2926400.0
    },
    "CMCSA": {
        "Open": 3.1435489654541016,
        "High": 3.163074016571045,
        "Low": 3.124023914337158,
        "Close": 3.124023914337158,
        "Adj Close": 2.094773530960083,
        "Volume": 1262474.0
    },
    "COF": {
        "Open": 8.166666984558105,
        "High": 8.375,
        "Low": 8.125,
        "Close": 8.333333015441895,
        "Adj Close": 5.8822526931762695,
        "Volume": 1419000.0
    },
    "COP": {
        "Open": 12.101775169372559,
        "High": 12.244709968566895,
        "Low": 12.101775169372559,
        "Close": 12.197065353393555,
        "Adj Close": 4.724688529968262,
        "Volume": 1073570.0
    },
    "COST": {
        "Open": 7.5,
        "High": 7.5,
        "Low": 7.3125,
        "Close": 7.375,
        "Adj Close": 4.920359134674072,
        "Volume": 3011600.0
    },
    "CRM": {
        "Open": null,
        "High": null,
        "Low": null,
        "Close": null,
        "Adj Close": null,
        "Volume": null
    },
    "CSCO": {
        "Open": 3.965277910232544,
        "High": 4.222221851348877,
        "Low": 3.909722089767456,
        "Close": 4.2083330154418945,
        "Adj Close": 2.723008394241333,
        "Volume": 142225200.0
    },
    "CVS": {
        "Open": 7.125,
        "High": 7.15625,
        "Low": 7.0625,
        "Close": 7.0625,
        "Adj Close": 3.786871910095215,
        "Volume": 1527200.0
    },
    "CVX": {
        "Open": 26.75,
        "High": 27.1875,
        "Low": 26.625,
        "Close": 27.0,
        "Adj Close": 9.062395095825195,
        "Volume": 2663600.0
    },
    "DE": {
        "Open": 16.8125,
        "High": 17.3125,
        "Low": 16.8125,
        "Close": 17.3125,
        "Adj Close": 9.662822723388672,
        "Volume": 2203200.0
    },
    "DHR": {
        "Open": 2.5309479236602783,
        "High": 2.562453031539917,
        "Low": 2.5204460620880127,
        "Close": 2.541450023651123,
        "Adj Close": 1.4939463138580322,
        "Volume": 1723505.0
    },
    "DIS": {
        "Open": 19.64779281616211,
        "High": 19.77110481262207,
        "Low": 19.565582275390625,
        "Close": 19.729999542236328,
        "Adj Close": 14.687064170837402,
        "Volume": 4490421.0
    },
    "DUK": {
        "Open": 41.62128829956055,
        "High": 41.73024368286133,
        "Low": 41.40337371826172,
        "Close": 41.40337371826172,
        "Adj Close": 10.710037231445312,
        "Volume": 396489.0
    },
    "EMR": {
        "Open": 20.0625,
        "High": 20.15625,
        "Low": 19.9375,
        "Close": 20.09375,
        "Adj Close": 9.072551727294922,
        "Volume": 1356000.0
    },
    "FDX": {
        "Open": 17.375,
        "High": 17.6875,
        "Low": 17.375,
        "Close": 17.53125,
        "Adj Close": 14.03714370727539,
        "Volume": 1039200.0
    },
    "GD": {
        "Open": 14.84375,
        "High": 15.03125,
        "Low": 14.84375,
        "Close": 14.90625,
        "Adj Close": 8.04411506652832,
        "Volume": 545600.0
    },
    "GE": {
        "Open": 57.90861892700195,
        "High": 59.60594177246094,
        "Low": 57.90861892700195,
        "Close": 59.30641174316406,
        "Adj Close": 30.063467025756836,
        "Volume": 5266047.0
    },
    "GILD": {
        "Open": 1.15625,
        "High": 1.222656011581421,
        "Low": 1.140625,
        "Close": 1.1875,
        "Adj Close": 0.8250170946121216,
        "Volume": 43993600.0
    },
    "GM": {
        "Open": null,
        "High": null,
        "Low": null,
        "Close": null,
        "Adj Close": null,
        "Volume": null
    },
    "GOOG": {
        "Open": null,
        "High": null,
        "Low": null,
        "Close": null,
        "Adj Close": null,
        "Volume": null
    },