{
    "AAPL": {
        "Open": 0.28348198533058167,
        "High": 0.2857140004634857,
        "Low": 0.2689729928970337,
        "Close": 0.2700890004634857,
        "Adj Close": 0.22659501433372498,
        "Volume": 445200000.0
    },
    "ABBV": {
        "Open": null,
        "High": null,
        "Low": null,
        "Close": null,
        "Adj Close": null,
        "Volume": null
    },
    "ABT": {
        "Open": 8.865792274475098,
        "High": 8.949960708618164,
        "Low": 8.809679985046387,
        "Close": 8.89384937286377,
        "Adj Close": 4.279470920562744,
        "Volume": 6020037.0
    },
    "ACN": {
        "Open": null,
        "High": null,
        "Low": null,
        "Close": null,
        "Adj Close": null,
        "Volume": null
    },
    "ADBE": {
        "Open": 5.15625,
        "High": 5.21875,
        "Low": 4.859375,
        "Close": 4.890625,
        "Adj Close": 4.775654315948486,
        "Volume": 11569600.0
    },
    "AIG": {
        "Open": 433.77777099609375,
        "High": 437.3333435058594,
        "Low": 420.7407531738281,
        "Close": 423.7037048339844,
        "Adj Close": 246.8131103515625,
        "Volume": 264600.0
    },
    "AMD": {
        "Open": 10.4375,
        "High": 10.4375,
        "Low": 10.1875,
        "Close": 10.25,
        "Adj Close": 10.25,
        "Volume": 4347000.0
    },
    "AMGN": {
        "Open": 14.4375,
        "High": 14.75,
        "Low": 14.28125,
        "Close": 14.5,
        "Adj Close": 9.807637214660645,
        "Volume": 8240400.0
    },
    "AMT": {
        "Open": null,
        "High": null,
        "Low": null,
        "Close": null,
        "Adj Close": null,
        "Volume": null
    },
    "AMZN": {
        "Open": null,
        "High": null,
        "Low": null,
        "Close": null,
        "Adj Close": null,
        "Volume": null
    },
    "AVGO": {
        "Open": null,
        "High": null,
        "Low": null,
        "Close": null,
        "Adj Close": null,
        "Volume": null
    },
    "AXP": {
        "Open": 11.962432861328125,
        "High": 12.144787788391113,
        "Low": 11.816550254821777,
        "Close": 11.88949203491211,
        "Adj Close": 7.989637851715088,
        "Volume": 8004341.0
    },
    "BA": {
        "Open": 38.5,
        "High": 39.375,
        "Low": 38.4375,
        "Close": 38.5,
        "Adj Close": 23.649749755859375,
        "Volume": 3407000.0
    },
    "BAC": {
        "Open": 16.75,
        "High": 16.96875,
        "Low": 16.6875,
        "Close": 16.75,
        "Adj Close": 7.7383527755737305,
        "Volume": 4171600.0
    },
    "BK": {
        "Open": 13.084322929382324,
        "High": 13.084322929382324,
        "Low": 12.852449417114258,
        "Close": 12.951823234558105,
        "Adj Close": 6.529438018798828,
        "Volume": 4771717.0
    },
    "BKNG": {
        "Open": null,
        "High": null,
        "Low": null,
        "Close": null,
        "Adj Close": null,
        "Volume": null
    },
    "BLK": {
        "Open": null,
        "High": null,
        "Low": null,
        "Close": null,
        "Adj Close": null,
        "Volume": null
    },
    "BMY": {
        "Open": 20.55243492126465,
        "High": 20.611921310424805,
        "Low": 20.403718948364258,
        "Close": 20.463205337524414,
        "Adj Close": 7.170433044433594,
        "Volume": 3398275.0
    },
    "BRK-B": {
        "Open": null,
        "High": null,
        "Low": null,
        "Close": null,
        "Adj Close": null,
        "Volume": null
    },
    "C": {
        "Open": 103.33333587646484,
        "High": 103.54166412353516,
        "Low": 101.45833587646484,
        "Close": 101.66666412353516,
        "Adj Close": 50.51077651977539,
        "Volume": 473820.0
    },
    "CAT": {
        "Open": 15.46875,
        "High": 15.46875,
        "Low": 15.09375,
        "Close": 15.15625,
        "Adj Close": 7.219859600067139,
        "Volume": 2800400.0
    },
    "CL": {
        "Open": 8.875,
        "High": 8.984375,
        "Low": 8.734375,
        "Close": 8.90625,
        "Adj Close": 4.7633280754089355,
        "Volume": 2940000.0
    },
    "CMCSA": {
        "Open": 2.967823028564453,
        "High": 2.9873480796813965,
        "Low": 2.92877197265625,
        "Close": 2.92877197265625,
        "Adj Close": 1.9638512134552002,
        "Volume": 2865535.0
    },
    "COF": {
        "Open": 8.583333015441895,
        "High": 8.875,
        "Low": 8.5,
        "Close": 8.875,
        "Adj Close": 6.264599323272705,
        "Volume": 1086900.0
    },
    "COP": {
        "Open": 12.054130554199219,
        "High": 12.387643814086914,
        "Low": 12.054130554199219,
        "Close": 12.292353630065918,
        "Adj Close": 4.761599063873291,
        "Volume": 1975820.0
    },
    "COST": {
        "Open": 7.5625,
        "High": 7.5625,
        "Low": 7.4375,
        "Close": 7.4375,
        "Adj Close": 4.962056636810303,
        "Volume": 1388400.0
    },
    "CRM": {
        "Open": null,
        "High": null,
        "Low": null,
        "Close": null,
        "Adj Close": null,
        "Volume": null
    },
    "CSCO": {
        "Open": 4.548611164093018,
        "High": 4.586805820465088,
        "Low": 4.375,
        "Close": 4.402778148651123,
        "Adj Close": 2.8488242626190186,
        "Volume": 126628200.0
    },
    "CVS": {
        "Open": 7.125,
        "High": 7.125,
        "Low": 7.03125,
        "Close": 7.09375,
        "Adj Close": 3.80362868309021,
        "Volume": 2809200.0
    },
    "CVX": {
        "Open": 25.875,
        "High": 26.25,
        "Low": 25.875,
        "Close": 26.1875,
        "Adj Close": 8.789687156677246,
        "Volume": 2623800.0
    },
    "DE": {
        "Open": 17.8125,
        "High": 17.875,
        "Low": 17.4375,
        "Close": 17.625,
        "Adj Close": 9.83724594116211,
        "Volume": 1278000.0
    },
    "DHR": {
        "Open": 2.6674718856811523,
        "High": 2.6674718856811523,
        "Low": 2.6359660625457764,
        "Close": 2.6674718856811523,
        "Adj Close": 1.568027377128601,
        "Volume": 302327.0
    },
    "DIS": {
        "Open": 19.976625442504883,
        "High": 20.099937438964844,
        "Low": 19.77110481262207,
        "Close": 19.81220817565918,
        "Adj Close": 14.748260498046875,
        "Volume": 4881500.0
    },
    "DUK": {
        "Open": 42.2750244140625,
        "High": 42.49293899536133,
        "Low": 42.16606903076172,
        "Close": 42.16606903076172,
        "Adj Close": 10.907331466674805,
        "Volume": 395916.0
    },
    "EMR": {
        "Open": 20.21875,
        "High": 20.59375,
        "Low": 20.1875,
        "Close": 20.5,
        "Adj Close": 9.255972862243652,
        "Volume": 2918800.0
    },
    "FDX": {
        "Open": 17.875,
        "High": 18.09375,
        "Low": 17.84375,
        "Close": 17.84375,
        "Adj Close": 14.287360191345215,
        "Volume": 593600.0
    },
    "GD": {
        "Open": 14.625,
        "High": 14.6875,
        "Low": 14.59375,
        "Close": 14.625,
        "Adj Close": 7.892334938049316,
        "Volume": 449600.0
    },
    "GE": {
        "Open": 58.90704345703125,
        "High": 60.10515213012695,
        "Low": 58.607513427734375,
        "Close": 59.70578384399414,
        "Adj Close": 30.265893936157227,
        "Volume": 2724543.0
    },
    "GILD": {
        "Open": 1.2265629768371582,
        "High": 1.328125,
        "Low": 1.2265629768371582,
        "Close": 1.308593988418579,
        "Adj Close": 0.9091473817825317,
        "Volume": 24761600.0
    },
    "GM": {
        "Open": null,
        "High": null,
        "Low": null,
        "Close": null,
        "Adj Close": null,
        "Volume": null
    },
    "GOOG": {
        "Open": null,
        "High": null,
        "Low": null,
        "Close": null,
        "Adj Close": null,
        "Volume": null
    },