{
    "AAPL": {
        "Open": 0.2589290142059326,
        "High": 0.265625,
        "Low": 0.2566959857940674,
        "Close": 0.26004499197006226,
        "Adj Close": 0.21816842257976532,
        "Volume": 332595200.0
    },
    "ABBV": {
        "Open": null,
        "High": null,
        "Low": null,
        "Close": null,
        "Adj Close": null,
        "Volume": null
    },
    "ABT": {
        "Open": 9.006073951721191,
        "High": 9.118298530578613,
        "Low": 8.978017807006836,
        "Close": 9.006073951721191,
        "Adj Close": 4.333469390869141,
        "Volume": 4796159.0
    },
    "ACN": {
        "Open": null,
        "High": null,
        "Low": null,
        "Close": null,
        "Adj Close": null,
        "Volume": null
    },
    "ADBE": {
        "Open": 4.953125,
        "High": 4.953125,
        "Low": 4.765625,
        "Close": 4.8125,
        "Adj Close": 4.699367523193359,
        "Volume": 5736000.0
    },
    "AIG": {
        "Open": 429.629638671875,
        "High": 436.1481628417969,
        "Low": 429.03704833984375,
        "Close": 435.5555419921875,
        "Adj Close": 253.71694946289062,
        "Volume": 112978.0
    },
    "AMD": {
        "Open": 10.125,
        "High": 10.125,
        "Low": 9.9375,
        "Close": 10.0,
        "Adj Close": 10.0,
        "Volume": 1075400.0
    },
    "AMGN": {
        "Open": 14.875,
        "High": 14.9375,
        "Low": 14.59375,
        "Close": 14.71875,
        "Adj Close": 9.95560073852539,
        "Volume": 5600000.0
    },
    "AMT": {
        "Open": null,
        "High": null,
        "Low": null,
        "Close": null,
        "Adj Close": null,
        "Volume": null
    },
    "AMZN": {
        "Open": null,
        "High": null,
        "Low": null,
        "Close": null,
        "Adj Close": null,
        "Volume": null
    },
    "AVGO": {
        "Open": null,
        "High": null,
        "Low": null,
        "Close": null,
        "Adj Close": null,
        "Volume": null
    },
    "AXP": {
        "Open": 12.837733268737793,
        "High": 12.94714641571045,
        "Low": 12.655379295349121,
        "Close": 12.691849708557129,
        "Adj Close": 8.528814315795898,
        "Volume": 8015309.0
    },
    "BA": {
        "Open": 38.375,
        "High": 38.875,
        "Low": 38.3125,
        "Close": 38.5625,
        "Adj Close": 23.68814468383789,
        "Volume": 2240800.0
    },
    "BAC": {
        "Open": 16.78125,
        "High": 17.125,
        "Low": 16.625,
        "Close": 17.125,
        "Adj Close": 7.9116010665893555,
        "Volume": 2331200.0
    },
    "BK": {
        "Open": 13.018073081970215,
        "High": 13.3824462890625,
        "Low": 13.018073081970215,
        "Close": 13.316197395324707,
        "Adj Close": 6.713130950927734,
        "Volume": 2157367.0
    },
    "BKNG": {
        "Open": null,
        "High": null,
        "Low": null,
        "Close": null,
        "Adj Close": null,
        "Volume": null
    },
    "BLK": {
        "Open": null,
        "High": null,
        "Low": null,
        "Close": null,
        "Adj Close": null,
        "Volume": null
    },
    "BMY": {
        "Open": 20.641664505004883,
        "High": 20.79037857055664,
        "Low": 20.611921310424805,
        "Close": 20.760635375976562,
        "Adj Close": 7.274656295776367,
        "Volume": 2993138.0
    },
    "BRK-B": {
        "Open": null,
        "High": null,
        "Low": null,
        "Close": null,
        "Adj Close": null,
        "Volume": null
    },
    "C": {
        "Open": 101.45833587646484,
        "High": 104.16666412353516,
        "Low": 101.25,
        "Close": 103.75,
        "Adj Close": 51.54584503173828,
        "Volume": 354360.0
    },
    "CAT": {
        "Open": 15.5625,
        "High": 15.96875,
        "Low": 15.5625,
        "Close": 15.9375,
        "Adj Close": 7.592026710510254,
        "Volume": 4029200.0
    },
    "CL": {
        "Open": 8.9375,
        "High": 8.96875,
        "Low": 8.921875,
        "Close": 8.96875,
        "Adj Close": 4.796756744384766,
        "Volume": 2680800.0
    },
    "CMCSA": {
        "Open": 2.8311469554901123,
        "High": 2.8311469554901123,
        "Low": 2.792095899581909,
        "Close": 2.8311469554901123,
        "Adj Close": 1.8983901739120483,
        "Volume": 3069759.0
    },
    "COF": {
        "Open": 8.791666984558105,
        "High": 8.791666984558105,
        "Low": 8.541666984558105,
        "Close": 8.666666984558105,
        "Adj Close": 6.117544651031494,
        "Volume": 431700.0
    },
    "COP": {
        "Open": 12.43528938293457,
        "High": 12.673513412475586,
        "Low": 12.387643814086914,
        "Close": 12.62586784362793,
        "Adj Close": 4.890787124633789,
        "Volume": 1155163.0
    },
    "COST": {
        "Open": 7.5625,
        "High": 7.625,
        "Low": 7.476562976837158,
        "Close": 7.5625,
        "Adj Close": 5.045452117919922,
        "Volume": 1350200.0
    },
    "CRM": {
        "Open": null,
        "High": null,
        "Low": null,
        "Close": null,
        "Adj Close": null,
        "Volume": null
    },
    "CSCO": {
        "Open": 4.5208330154418945,
        "High": 4.555555820465088,
        "Low": 4.465278148651123,
        "Close": 4.506944179534912,
        "Adj Close": 2.916224479675293,
        "Volume": 50391000.0
    },
    "CVS": {
        "Open": 7.0625,
        "High": 7.09375,
        "Low": 6.9375,
        "Close": 6.96875,
        "Adj Close": 3.736604690551758,
        "Volume": 1657200.0
    },
    "CVX": {
        "Open": 26.375,
        "High": 26.5,
        "Low": 26.1875,
        "Close": 26.3125,
        "Adj Close": 8.831644058227539,
        "Volume": 1403200.0
    },
    "DE": {
        "Open": 17.875,
        "High": 18.3125,
        "Low": 17.8125,
        "Close": 18.125,
        "Adj Close": 10.116313934326172,
        "Volume": 1783400.0
    },
    "DHR": {
        "Open": 2.698976993560791,
        "High": 2.7094790935516357,
        "Low": 2.6674718856811523,
        "Close": 2.698976993560791,
        "Adj Close": 1.5865464210510254,
        "Volume": 608226.0
    },
    "DIS": {
        "Open": 20.099937438964844,
        "High": 20.428770065307617,
        "Low": 20.099937438964844,
        "Close": 20.305458068847656,
        "Adj Close": 15.115442276000977,
        "Volume": 3801014.0
    },
    "DUK": {
        "Open": 42.60189437866211,
        "High": 43.25563049316406,
        "Low": 42.60189437866211,
        "Close": 43.25563049316406,
        "Adj Close": 11.18917179107666,
        "Volume": 176447.0
    },
    "EMR": {
        "Open": 20.71875,
        "High": 20.84375,
        "Low": 20.65625,
        "Close": 20.84375,
        "Adj Close": 9.411182403564453,
        "Volume": 1520000.0
    },
    "FDX": {
        "Open": 17.78125,
        "High": 17.875,
        "Low": 17.5625,
        "Close": 17.59375,
        "Adj Close": 14.087185859680176,
        "Volume": 253200.0
    },
    "GD": {
        "Open": 14.59375,
        "High": 14.625,
        "Low": 14.5625,
        "Close": 14.625,
        "Adj Close": 7.892334938049316,
        "Volume": 399200.0
    },
    "GE": {
        "Open": 60.204994201660156,
        "High": 60.40467834472656,
        "Low": 59.50609588623047,
        "Close": 59.805625915527344,
        "Adj Close": 30.31651496887207,
        "Volume": 1489847.0
    },
    "GILD": {
        "Open": 1.3125,
        "High": 1.328125,
        "Low": 1.2734379768371582,
        "Close": 1.2734379768371582,
        "Adj Close": 0.8847230076789856,
        "Volume": 15129600.0
    },
    "GM": {
        "Open": null,
        "High": null,
        "Low": null,
        "Close": null,
        "Adj Close": null,
        "Volume": null
    },
    "GOOG": {
        "Open": null,
        "High": null,
        "Low": null,
        "Close": null,
        "Adj Close": null,
        "Volume": null
    },