{
    "AAPL": {
        "Open": 0.9363840222358704,
        "High": 1.004464030265808,
        "Low": 0.9079239964485168,
        "Close": 0.9994419813156128,
        "Adj Close": 0.8384959101676941,
        "Volume": 535796800.0
    },
    "ABBV": {
        "Open": null,
        "High": null,
        "Low": null,
        "Close": null,
        "Adj Close": null,
        "Volume": null
    },
    "ABT": {
        "Open": 15.823756217956543,
        "High": 16.160432815551758,
        "Low": 15.599306106567383,
        "Close": 15.711530685424805,
        "Adj Close": 8.093057632446289,
        "Volume": 10635087.0
    },
    "ACN": {
        "Open": null,
        "High": null,
        "Low": null,
        "Close": null,
        "Adj Close": null,
        "Volume": null
    },
    "ADBE": {
        "Open": 16.8125,
        "High": 16.875,
        "Low": 16.0625,
        "Close": 16.390625,
        "Adj Close": 16.274675369262695,
        "Volume": 7384400.0
    },
    "AIG": {
        "Open": 1428.3333740234375,
        "High": 1432.5,
        "Low": 1373.3333740234375,
        "Close": 1385.8333740234375,
        "Adj Close": 816.5015869140625,
        "Volume": 166575.0
    },
    "AMD": {
        "Open": 14.96875,
        "High": 15.59375,
        "Low": 14.6875,
        "Close": 15.5,
        "Adj Close": 15.5,
        "Volume": 7843200.0
    },
    "AMGN": {
        "Open": 70.0,
        "High": 70.0,
        "Low": 62.875,
        "Close": 62.9375,
        "Adj Close": 42.57020950317383,
        "Volume": 22914900.0
    },
    "AMT": {
        "Open": 30.5,
        "High": 30.625,
        "Low": 29.0,
        "Close": 29.3125,
        "Adj Close": 21.43265724182129,
        "Volume": 433900.0
    },
    "AMZN": {
        "Open": 4.074999809265137,
        "High": 4.478125095367432,
        "Low": 3.9523439407348633,
        "Close": 4.46875,
        "Adj Close": 4.46875,
        "Volume": 322352000.0
    },
    "AVGO": {
        "Open": null,
        "High": null,
        "Low": null,
        "Close": null,
        "Adj Close": null,
        "Volume": null
    },
    "AXP": {
        "Open": 47.9956169128418,
        "High": 47.9956169128418,
        "Low": 45.51559829711914,
        "Close": 45.880306243896484,
        "Adj Close": 32.25192642211914,
        "Volume": 6471267.0
    },
    "BA": {
        "Open": 41.4375,
        "High": 41.6875,
        "Low": 39.8125,
        "Close": 40.1875,
        "Adj Close": 25.940288543701172,
        "Volume": 2638200.0
    },
    "BAC": {
        "Open": 25.125,
        "High": 25.125,
        "Low": 24.0,
        "Close": 24.21875,
        "Adj Close": 12.426229476928711,
        "Volume": 13705800.0
    },
    "BK": {
        "Open": 40.544837951660156,
        "High": 40.677337646484375,
        "Low": 38.55734634399414,
        "Close": 39.219844818115234,
        "Adj Close": 21.460630416870117,
        "Volume": 2569067.0
    },
    "BKNG": {
        "Open": 315.0,
        "High": 318.0,
        "Low": 288.0,
        "Close": 307.5,
        "Adj Close": 302.5494689941406,
        "Volume": 847700.0
    },
    "BLK": {
        "Open": 17.4375,
        "High": 17.5,
        "Low": 16.625,
        "Close": 16.625,
        "Adj Close": 9.949152946472168,
        "Volume": 64600.0
    },
    "BMY": {
        "Open": 61.15167236328125,
        "High": 61.74653244018555,
        "Low": 60.55681228637695,
        "Close": 61.33013153076172,
        "Adj Close": 23.166316986083984,
        "Volume": 3568588.0
    },
    "BRK-B": {
        "Open": 36.5,
        "High": 36.58000183105469,
        "Low": 34.81999969482422,
        "Close": 35.29999923706055,
        "Adj Close": 35.29999923706055,
        "Volume": 875000.0
    },
    "C": {
        "Open": 417.1875,
        "High": 417.1875,
        "Low": 390.0,
        "Close": 397.5,
        "Adj Close": 206.69082641601562,
        "Volume": 1681920.0
    },
    "CAT": {
        "Open": 23.84375,
        "High": 24.5,
        "Low": 23.84375,
        "Close": 24.3125,
        "Adj Close": 12.544700622558594,
        "Volume": 5055000.0
    },
    "CL": {
        "Open": 32.0,
        "High": 32.0,
        "Low": 31.0,
        "Close": 31.125,
        "Adj Close": 17.671403884887695,
        "Volume": 2434800.0
    },
    "CMCSA": {
        "Open": 15.131990432739258,
        "High": 15.307716369628906,
        "Low": 14.116682052612305,
        "Close": 14.60481071472168,
        "Adj Close": 9.910318374633789,
        "Volume": 2490058.0
    },
    "COF": {
        "Open": 48.125,
        "High": 48.1875,
        "Low": 45.125,
        "Close": 46.1875,
        "Adj Close": 33.436256408691406,
        "Volume": 886900.0
    },
    "COP": {
        "Open": 17.723859786987305,
        "High": 17.77150535583496,
        "Low": 17.247411727905273,
        "Close": 17.2712345123291,
        "Adj Close": 7.564846992492676,
        "Volume": 1862219.0
    },
    "COST": {
        "Open": 45.53125,
        "High": 45.53125,
        "Low": 43.96875,
        "Close": 44.5,
        "Adj Close": 29.688949584960938,
        "Volume": 6057400.0
    },
    "CRM": {
        "Open": null,
        "High": null,
        "Low": null,
        "Close": null,
        "Adj Close": null,
        "Volume": null
    },
    "CSCO": {
        "Open": 54.96875,
        "High": 55.125,
        "Low": 51.78125,
        "Close": 54.03125,
        "Adj Close": 34.960994720458984,
        "Volume": 53076000.0
    },
    "CVS": {
        "Open": 20.0,
        "High": 20.09375,
        "Low": 18.46875,
        "Close": 18.90625,
        "Adj Close": 11.9550142288208,
        "Volume": 6503000.0
    },
    "CVX": {
        "Open": 42.9375,
        "High": 42.9375,
        "Low": 41.28125,
        "Close": 41.8125,
        "Adj Close": 15.87528133392334,
        "Volume": 4387600.0
    },
    "DE": {
        "Open": 21.8125,
        "High": 21.90625,
        "Low": 21.28125,
        "Close": 21.4375,
        "Adj Close": 12.952567100524902,
        "Volume": 2691200.0
    },
    "DHR": {
        "Open": 8.06542682647705,
        "High": 8.128437995910645,
        "Low": 7.729366779327393,
        "Close": 7.813382148742676,
        "Adj Close": 4.624375820159912,
        "Volume": 1663396.0
    },
    "DIS": {
        "Open": 28.855125427246094,
        "High": 29.533344268798828,
        "Low": 28.361875534057617,
        "Close": 29.47168731689453,
        "Adj Close": 22.583423614501953,
        "Volume": 8402230.0
    },
    "DUK": {
        "Open": 43.58250045776367,
        "High": 43.63697814941406,
        "Low": 41.8936767578125,
        "Close": 42.05711364746094,
        "Adj Close": 12.829920768737793,
        "Volume": 1302013.0
    },
    "EMR": {
        "Open": 28.4375,
        "High": 28.78125,
        "Low": 28.15625,
        "Close": 28.78125,
        "Adj Close": 14.139822959899902,
        "Volume": 2246800.0
    },
    "FDX": {
        "Open": 42.375,
        "High": 43.625,
        "Low": 41.0,
        "Close": 42.9375,
        "Adj Close": 34.37974166870117,
        "Volume": 1734000.0
    },
    "GD": {
        "Open": 26.0625,
        "High": 26.0625,
        "Low": 24.5,
        "Close": 24.53125,
        "Adj Close": 14.270927429199219,
        "Volume": 1925600.0
    },
    "GE": {
        "Open": 244.414306640625,
        "High": 245.5125732421875,
        "Low": 238.32391357421875,
        "Close": 239.6218719482422,
        "Adj Close": 129.62643432617188,
        "Volume": 4605131.0
    },
    "GILD": {
        "Open": 1.785156011581421,
        "High": 1.800781011581421,
        "Low": 1.7167969942092896,
        "Close": 1.7597659826278687,
        "Adj Close": 1.2225995063781738,
        "Volume": 54070400.0
    },
    "GM": {
        "Open": null,
        "High": null,
        "Low": null,
        "Close": null,
        "Adj Close": null,
        "Volume": null
    },
    "GOOG": {
        "Open": null,
        "High": null,
        "Low": null,