{
    "AAPL": {
        "Open": 0.9263389706611633,
        "High": 0.9871649742126465,
        "Low": 0.919642984867096,
        "Close": 0.9285709857940674,
        "Adj Close": 0.7790377736091614,
        "Volume": 778321600.0
    },
    "ABBV": {
        "Open": null,
        "High": null,
        "Low": null,
        "Close": null,
        "Adj Close": null,
        "Volume": null
    },
    "ABT": {
        "Open": 15.066235542297363,
        "High": 15.402911186218262,
        "Low": 15.066235542297363,
        "Close": 15.234574317932129,
        "Adj Close": 7.847375869750977,
        "Volume": 11722632.0
    },
    "ACN": {
        "Open": null,
        "High": null,
        "Low": null,
        "Close": null,
        "Adj Close": null,
        "Volume": null
    },
    "ADBE": {
        "Open": 14.5625,
        "High": 15.6875,
        "Low": 14.5625,
        "Close": 15.3125,
        "Adj Close": 15.20417594909668,
        "Volume": 14927200.0
    },
    "AIG": {
        "Open": 1315.0,
        "High": 1332.5,
        "Low": 1288.3333740234375,
        "Close": 1318.125,
        "Adj Close": 776.609619140625,
        "Volume": 266580.0
    },
    "AMD": {
        "Open": 14.53125,
        "High": 15.0625,
        "Low": 14.0,
        "Close": 15.0,
        "Adj Close": 15.0,
        "Volume": 8204600.0
    },
    "AMGN": {
        "Open": 59.1875,
        "High": 60.6875,
        "Low": 58.25,
        "Close": 60.125,
        "Adj Close": 40.667869567871094,
        "Volume": 15071400.0
    },
    "AMT": {
        "Open": 29.0,
        "High": 29.875,
        "Low": 28.5625,
        "Close": 29.875,
        "Adj Close": 21.843952178955078,
        "Volume": 674000.0
    },
    "AMZN": {
        "Open": 3.5250000953674316,
        "High": 3.7562499046325684,
        "Low": 3.4000000953674316,
        "Close": 3.487499952316284,
        "Adj Close": 3.487499952316284,
        "Volume": 769148000.0
    },
    "AVGO": {
        "Open": null,
        "High": null,
        "Low": null,
        "Close": null,
        "Adj Close": null,
        "Volume": null
    },
    "AXP": {
        "Open": 43.910884857177734,
        "High": 44.6767692565918,
        "Low": 42.962642669677734,
        "Close": 42.962642669677734,
        "Adj Close": 30.245933532714844,
        "Volume": 8646293.0
    },
    "BA": {
        "Open": 41.375,
        "High": 43.3125,
        "Low": 41.375,
        "Close": 42.625,
        "Adj Close": 27.513641357421875,
        "Volume": 7631700.0
    },
    "BAC": {
        "Open": 22.53125,
        "High": 23.21875,
        "Low": 22.25,
        "Close": 23.03125,
        "Adj Close": 11.816934585571289,
        "Volume": 22855600.0
    },
    "BK": {
        "Open": 37.62984848022461,
        "High": 38.35859680175781,
        "Low": 36.702354431152344,
        "Close": 37.23234939575195,
        "Adj Close": 20.373104095458984,
        "Volume": 3077843.0
    },
    "BKNG": {
        "Open": 331.5,
        "High": 385.3125,
        "Low": 327.75,
        "Close": 359.625,
        "Adj Close": 353.8352966308594,
        "Volume": 1605417.0
    },
    "BLK": {
        "Open": 15.75,
        "High": 15.75,
        "Low": 15.0,
        "Close": 15.75,
        "Adj Close": 9.425512313842773,
        "Volume": 38100.0
    },
    "BMY": {
        "Open": 57.10662078857422,
        "High": 57.34456253051758,
        "Low": 55.678955078125,
        "Close": 56.09535598754883,
        "Adj Close": 21.276506423950195,
        "Volume": 7222700.0
    },
    "BRK-B": {
        "Open": 34.13999938964844,
        "High": 35.459999084472656,
        "Low": 33.900001525878906,
        "Close": 34.63999938964844,
        "Adj Close": 34.63999938964844,
        "Volume": 995000.0
    },
    "C": {
        "Open": 381.5625,
        "High": 390.0,
        "Low": 371.25,
        "Close": 388.125,
        "Adj Close": 201.81613159179688,
        "Volume": 1742547.0
    },
    "CAT": {
        "Open": 24.0,
        "High": 25.09375,
        "Low": 24.0,
        "Close": 24.5625,
        "Adj Close": 12.67369270324707,
        "Volume": 6398600.0
    },
    "CL": {
        "Open": 30.375,
        "High": 30.625,
        "Low": 28.875,
        "Close": 29.28125,
        "Adj Close": 16.624608993530273,
        "Volume": 3169400.0
    },
    "CMCSA": {
        "Open": 13.35520076751709,
        "High": 13.43330192565918,
        "Low": 12.769447326660156,
        "Close": 13.159950256347656,
        "Adj Close": 8.929885864257812,
        "Volume": 884436.0
    },
    "COF": {
        "Open": 43.3125,
        "High": 43.375,
        "Low": 41.75,
        "Close": 42.3125,
        "Adj Close": 30.631065368652344,
        "Volume": 1361900.0
    },
    "COP": {
        "Open": 17.033010482788086,
        "High": 17.128299713134766,
        "Low": 16.461273193359375,
        "Close": 16.62803077697754,
        "Adj Close": 7.283122539520264,
        "Volume": 4075997.0
    },
    "COST": {
        "Open": 42.21875,
        "High": 42.9375,
        "Low": 41.84375,
        "Close": 42.78125,
        "Adj Close": 28.542238235473633,
        "Volume": 7726400.0
    },
    "CRM": {
        "Open": null,
        "High": null,
        "Low": null,
        "Close": null,
        "Adj Close": null,
        "Volume": null
    },
    "CSCO": {
        "Open": 50.03125,
        "High": 52.25,
        "Low": 48.625,
        "Close": 50.84375,
        "Adj Close": 32.898521423339844,
        "Volume": 68524000.0
    },
    "CVS": {
        "Open": 18.8125,
        "High": 19.96875,
        "Low": 18.78125,
        "Close": 19.78125,
        "Adj Close": 12.508301734924316,
        "Volume": 5694000.0
    },
    "CVX": {
        "Open": 41.53125,
        "High": 43.28125,
        "Low": 41.53125,
        "Close": 42.5625,
        "Adj Close": 16.160037994384766,
        "Volume": 5567600.0
    },
    "DE": {
        "Open": 21.46875,
        "High": 22.21875,
        "Low": 21.21875,
        "Close": 21.90625,
        "Adj Close": 13.235784530639648,
        "Volume": 6213800.0
    },
    "DHR": {
        "Open": 7.603344917297363,
        "High": 7.7713751792907715,
        "Low": 7.4563188552856445,
        "Close": 7.613846778869629,
        "Adj Close": 4.5062785148620605,
        "Volume": 3220264.0
    },
    "DIS": {
        "Open": 31.198062896728516,
        "High": 32.67781448364258,
        "Low": 31.198062896728516,
        "Close": 32.49284362792969,
        "Adj Close": 24.89846420288086,
        "Volume": 19823822.0
    },
    "DUK": {
        "Open": 43.14667510986328,
        "High": 45.053409576416016,
        "Low": 42.71084976196289,
        "Close": 44.45415115356445,
        "Adj Close": 13.561162948608398,
        "Volume": 2237710.0
    },
    "EMR": {
        "Open": 28.4375,
        "High": 29.125,
        "Low": 28.40625,
        "Close": 28.96875,
        "Adj Close": 14.231945991516113,
        "Volume": 2190200.0
    },
    "FDX": {
        "Open": 41.875,
        "High": 43.25,
        "Low": 41.375,
        "Close": 42.4375,
        "Adj Close": 33.979373931884766,
        "Volume": 2239400.0
    },
    "GD": {
        "Open": 26.0,
        "High": 28.1875,
        "Low": 25.9375,
        "Close": 27.3125,
        "Adj Close": 15.888911247253418,
        "Volume": 3474800.0
    },
    "GE": {
        "Open": 229.6376190185547,
        "High": 234.82943725585938,
        "Low": 227.74061584472656,
        "Close": 229.6376190185547,
        "Adj Close": 124.22532653808594,
        "Volume": 5694973.0
    },
    "GILD": {
        "Open": 1.6796879768371582,
        "High": 1.683593988418579,
        "Low": 1.644531011581421,
        "Close": 1.6660159826278687,
        "Adj Close": 1.1574668884277344,
        "Volume": 24038400.0
    },
    "GM": {
        "Open": null,
        "High": null,
        "Low": null,
        "Close": null,
        "Adj Close": null,
        "Volume": null
    },
    "GOOG": {
        "Open": null,