{
    "AAPL": {
        "Open": 0.8565850257873535,
        "High": 0.8872770071029663,
        "Low": 0.8080360293388367,
        "Close": 0.828125,
        "Adj Close": 0.6947672963142395,
        "Volume": 441548800.0
    },
    "ABBV": {
        "Open": null,
        "High": null,
        "Low": null,
        "Close": null,
        "Adj Close": null,
        "Volume": null
    },
    "ABT": {
        "Open": 15.430968284606934,
        "High": 15.795700073242188,
        "Low": 15.430968284606934,
        "Close": 15.599306106567383,
        "Adj Close": 8.035252571105957,
        "Volume": 9533285.0
    },
    "ACN": {
        "Open": null,
        "High": null,
        "Low": null,
        "Close": null,
        "Adj Close": null,
        "Volume": null
    },
    "ADBE": {
        "Open": 16.796875,
        "High": 16.8125,
        "Low": 15.59375,
        "Close": 15.65625,
        "Adj Close": 15.545488357543945,
        "Volume": 9616000.0
    },
    "AIG": {
        "Open": 1436.6666259765625,
        "High": 1452.5,
        "Low": 1386.6666259765625,
        "Close": 1410.8333740234375,
        "Adj Close": 831.2314453125,
        "Volume": 194288.0
    },
    "AMD": {
        "Open": 17.5,
        "High": 17.96875,
        "Low": 16.96875,
        "Close": 17.25,
        "Adj Close": 17.25,
        "Volume": 6679800.0
    },
    "AMGN": {
        "Open": 72.0625,
        "High": 72.375,
        "Low": 64.125,
        "Close": 66.4375,
        "Adj Close": 44.937564849853516,
        "Volume": 14103100.0
    },
    "AMT": {
        "Open": 33.9375,
        "High": 37.5625,
        "Low": 33.8125,
        "Close": 36.5,
        "Adj Close": 26.68800163269043,
        "Volume": 2893100.0
    },
    "AMZN": {
        "Open": 3.34375,
        "High": 3.5,
        "Low": 3.25,
        "Close": 3.3375000953674316,
        "Adj Close": 3.3375000953674316,
        "Volume": 210654000.0
    },
    "AVGO": {
        "Open": null,
        "High": null,
        "Low": null,
        "Close": null,
        "Adj Close": null,
        "Volume": null
    },
    "AXP": {
        "Open": 45.04147720336914,
        "High": 46.68266677856445,
        "Low": 44.85912322998047,
        "Close": 45.51559829711914,
        "Adj Close": 32.043209075927734,
        "Volume": 7158460.0
    },
    "BA": {
        "Open": 43.6875,
        "High": 43.9375,
        "Low": 42.75,
        "Close": 42.875,
        "Adj Close": 27.675018310546875,
        "Volume": 2450000.0
    },
    "BAC": {
        "Open": 22.78125,
        "High": 23.46875,
        "Low": 22.78125,
        "Close": 23.0,
        "Adj Close": 11.800909042358398,
        "Volume": 11064400.0
    },
    "BK": {
        "Open": 37.62984848022461,
        "High": 37.961097717285156,
        "Low": 37.166099548339844,
        "Close": 37.43109893798828,
        "Adj Close": 20.481861114501953,
        "Volume": 1678686.0
    },
    "BKNG": {
        "Open": 322.5,
        "High": 342.0,
        "Low": 311.25,
        "Close": 316.875,
        "Adj Close": 311.7735595703125,
        "Volume": 842983.0
    },
    "BLK": {
        "Open": 16.125,
        "High": 16.875,
        "Low": 16.0,
        "Close": 16.4375,
        "Adj Close": 9.836945533752441,
        "Volume": 39700.0
    },
    "BMY": {
        "Open": 64.48289489746094,
        "High": 64.72083282470703,
        "Low": 63.29317092895508,
        "Close": 63.59060287475586,
        "Adj Close": 24.1193790435791,
        "Volume": 5687572.0
    },
    "BRK-B": {
        "Open": 35.79999923706055,
        "High": 35.959999084472656,
        "Low": 35.29999923706055,
        "Close": 35.58000183105469,
        "Adj Close": 35.58000183105469,
        "Volume": 725000.0
    },
    "C": {
        "Open": 400.3125,
        "High": 407.8125,
        "Low": 396.5625,
        "Close": 398.4375,
        "Adj Close": 207.17835998535156,
        "Volume": 996653.0
    },
    "CAT": {
        "Open": 25.78125,
        "High": 26.59375,
        "Low": 25.375,
        "Close": 25.375,
        "Adj Close": 13.092916488647461,
        "Volume": 3945600.0
    },
    "CL": {
        "Open": 31.5,
        "High": 32.40625,
        "Low": 31.46875,
        "Close": 31.96875,
        "Adj Close": 18.15044403076172,
        "Volume": 3850800.0
    },
    "CMCSA": {
        "Open": 15.151515007019043,
        "High": 15.229616165161133,
        "Low": 13.43330192565918,
        "Close": 13.569977760314941,
        "Adj Close": 9.20811939239502,
        "Volume": 2255745.0
    },
    "COF": {
        "Open": 44.75,
        "High": 45.5,
        "Low": 43.25,
        "Close": 43.5,
        "Adj Close": 31.4907283782959,
        "Volume": 1511400.0
    },
    "COP": {
        "Open": 17.152122497558594,
        "High": 17.247411727905273,
        "Low": 16.9615421295166,
        "Close": 17.128299713134766,
        "Adj Close": 7.502239227294922,
        "Volume": 1113973.0
    },
    "COST": {
        "Open": 47.125,
        "High": 47.5625,
        "Low": 45.75,
        "Close": 45.8125,
        "Adj Close": 30.564605712890625,
        "Volume": 2955000.0
    },
    "CRM": {
        "Open": null,
        "High": null,
        "Low": null,
        "Close": null,
        "Adj Close": null,
        "Volume": null
    },
    "CSCO": {
        "Open": 54.0625,
        "High": 54.8125,
        "Low": 52.5,
        "Close": 53.25,
        "Adj Close": 34.45549011230469,
        "Volume": 43210200.0
    },
    "CVS": {
        "Open": 18.8125,
        "High": 19.4375,
        "Low": 18.71875,
        "Close": 18.84375,
        "Adj Close": 11.915492057800293,
        "Volume": 6508400.0
    },
    "CVX": {
        "Open": 43.9375,
        "High": 44.4375,
        "Low": 43.46875,
        "Close": 43.53125,
        "Adj Close": 16.527851104736328,
        "Volume": 2791200.0
    },
    "DE": {
        "Open": 23.21875,
        "High": 23.6875,
        "Low": 23.1875,
        "Close": 23.46875,
        "Adj Close": 14.17984390258789,
        "Volume": 3176400.0
    },
    "DHR": {
        "Open": 7.897397041320801,
        "High": 7.939404010772705,
        "Low": 7.697862148284912,
        "Close": 7.718864917755127,
        "Adj Close": 4.568431854248047,
        "Volume": 2106770.0
    },
    "DIS": {
        "Open": 35.390689849853516,
        "High": 36.253875732421875,
        "Low": 34.77412414550781,
        "Close": 35.760623931884766,
        "Adj Close": 27.402481079101562,
        "Volume": 20134820.0
    },
    "DUK": {
        "Open": 46.19744873046875,
        "High": 46.68775177001953,
        "Low": 45.870582580566406,
        "Close": 46.19744873046875,
        "Adj Close": 14.092967987060547,
        "Volume": 1090116.0
    },
    "EMR": {
        "Open": 29.375,
        "High": 30.0,
        "Low": 29.3125,
        "Close": 29.4375,
        "Adj Close": 14.462231636047363,
        "Volume": 1895000.0
    },
    "FDX": {
        "Open": 45.9375,
        "High": 46.5625,
        "Low": 45.5,
        "Close": 45.625,
        "Adj Close": 36.53159713745117,
        "Volume": 1055100.0
    },
    "GD": {
        "Open": 27.75,
        "High": 27.78125,
        "Low": 27.3125,
        "Close": 27.5,
        "Adj Close": 15.997993469238281,
        "Volume": 798400.0
    },
    "GE": {
        "Open": 241.21934509277344,
        "High": 243.91510009765625,
        "Low": 240.62030029296875,
        "Close": 242.01808166503906,
        "Adj Close": 130.92276000976562,
        "Volume": 3155597.0
    },
    "GILD": {
        "Open": 2.322266101837158,
        "High": 2.324218988418579,
        "Low": 2.070312976837158,
        "Close": 2.106445074081421,
        "Adj Close": 1.4634555578231812,
        "Volume": 46502400.0
    },
    "GM": {
        "Open": null,
        "High": null,
        "Low": null,
        "Close": null,
        "Adj Close": null,
        "Volume": null
    },
    "GOOG": {
        "Open": null,
        "High": null,
        "Low": null,