{
    "AAPL": {
        "Open": 0.9430800080299377,
        "High": 0.970982015132904,
        "Low": 0.9229909777641296,
        "Close": 0.9514510035514832,
        "Adj Close": 0.7982332110404968,
        "Volume": 597643200.0
    },
    "ABBV": {
        "Open": null,
        "High": null,
        "Low": null,
        "Close": null,
        "Adj Close": null,
        "Volume": null
    },
    "ABT": {
        "Open": 14.75761604309082,
        "High": 15.010123252868652,
        "Low": 14.75761604309082,
        "Close": 14.841785430908203,
        "Adj Close": 7.682633399963379,
        "Volume": 16849822.0
    },
    "ACN": {
        "Open": null,
        "High": null,
        "Low": null,
        "Close": null,
        "Adj Close": null,
        "Volume": null
    },
    "ADBE": {
        "Open": 15.929688453674316,
        "High": 16.09375,
        "Low": 15.625,
        "Close": 15.78125,
        "Adj Close": 15.669607162475586,
        "Volume": 4559200.0
    },
    "AIG": {
        "Open": 1448.3333740234375,
        "High": 1465.8333740234375,
        "Low": 1410.8333740234375,
        "Close": 1416.6666259765625,
        "Adj Close": 834.6677856445312,
        "Volume": 237038.0
    },
    "AMD": {
        "Open": 19.875,
        "High": 21.5,
        "Low": 19.40625,
        "Close": 19.59375,
        "Adj Close": 19.59375,
        "Volume": 8924400.0
    },
    "AMGN": {
        "Open": 70.0,
        "High": 72.9375,
        "Low": 69.875,
        "Close": 72.0,
        "Adj Close": 48.69999694824219,
        "Volume": 12070900.0
    },
    "AMT": {
        "Open": 39.0,
        "High": 39.375,
        "Low": 38.5,
        "Close": 39.0,
        "Adj Close": 28.515954971313477,
        "Volume": 469400.0
    },
    "AMZN": {
        "Open": 3.206249952316284,
        "High": 3.375,
        "Low": 3.1500000953674316,
        "Close": 3.340625047683716,
        "Adj Close": 3.340625047683716,
        "Volume": 164910000.0
    },
    "AVGO": {
        "Open": null,
        "High": null,
        "Low": null,
        "Close": null,
        "Adj Close": null,
        "Volume": null
    },
    "AXP": {
        "Open": 44.78618240356445,
        "High": 45.1508903503418,
        "Low": 43.400291442871094,
        "Close": 43.45499801635742,
        "Adj Close": 30.592567443847656,
        "Volume": 6608706.0
    },
    "BA": {
        "Open": 45.25,
        "High": 48.125,
        "Low": 45.25,
        "Close": 47.625,
        "Adj Close": 30.741060256958008,
        "Volume": 11463600.0
    },
    "BAC": {
        "Open": 23.9375,
        "High": 24.59375,
        "Low": 23.34375,
        "Close": 24.0,
        "Adj Close": 12.31398868560791,
        "Volume": 15468400.0
    },
    "BK": {
        "Open": 39.749839782714844,
        "High": 41.00858688354492,
        "Low": 39.286094665527344,
        "Close": 39.35234451293945,
        "Adj Close": 21.6257266998291,
        "Volume": 2153688.0
    },
    "BKNG": {
        "Open": 354.0,
        "High": 377.25,
        "Low": 349.875,
        "Close": 374.625,
        "Adj Close": 368.5938720703125,
        "Volume": 710433.0
    },
    "BLK": {
        "Open": 18.0,
        "High": 18.375,
        "Low": 17.9375,
        "Close": 18.25,
        "Adj Close": 10.92162799835205,
        "Volume": 34500.0
    },
    "BMY": {
        "Open": 62.162933349609375,
        "High": 62.876766204833984,
        "Low": 60.61629867553711,
        "Close": 60.97321319580078,
        "Adj Close": 23.12664031982422,
        "Volume": 4188481.0
    },
    "BRK-B": {
        "Open": 34.099998474121094,
        "High": 34.2599983215332,
        "Low": 33.540000915527344,
        "Close": 34.18000030517578,
        "Adj Close": 34.18000030517578,
        "Volume": 885000.0
    },
    "C": {
        "Open": 435.0,
        "High": 450.9375,
        "Low": 434.0625,
        "Close": 448.125,
        "Adj Close": 233.01466369628906,
        "Volume": 1955293.0
    },
    "CAT": {
        "Open": 24.96875,
        "High": 25.34375,
        "Low": 24.65625,
        "Close": 24.65625,
        "Adj Close": 12.802167892456055,
        "Volume": 3424600.0
    },
    "CL": {
        "Open": 31.5,
        "High": 31.625,
        "Low": 30.5625,
        "Close": 30.75,
        "Adj Close": 17.4585018157959,
        "Volume": 2470200.0
    },
    "CMCSA": {
        "Open": 15.307716369628906,
        "High": 16.244922637939453,
        "Low": 15.26866626739502,
        "Close": 16.069196701049805,
        "Adj Close": 10.90400505065918,
        "Volume": 1945248.0
    },
    "COF": {
        "Open": 43.75,
        "High": 43.8125,
        "Low": 42.75,
        "Close": 43.375,
        "Adj Close": 31.40021324157715,
        "Volume": 1942600.0
    },
    "COP": {
        "Open": 17.08065414428711,
        "High": 17.08065414428711,
        "Low": 16.62803077697754,
        "Close": 16.79478645324707,
        "Adj Close": 7.356161594390869,
        "Volume": 1476290.0
    },
    "COST": {
        "Open": 51.9375,
        "High": 53.125,
        "Low": 50.125,
        "Close": 51.875,
        "Adj Close": 34.60929870605469,
        "Volume": 4130500.0
    },
    "CRM": {
        "Open": null,
        "High": null,
        "Low": null,
        "Close": null,
        "Adj Close": null,
        "Volume": null
    },
    "CSCO": {
        "Open": 55.84375,
        "High": 56.5,
        "Low": 54.53125,
        "Close": 56.15625,
        "Adj Close": 36.33597946166992,
        "Volume": 45597000.0
    },
    "CVS": {
        "Open": 17.96875,
        "High": 18.125,
        "Low": 17.71875,
        "Close": 17.90625,
        "Adj Close": 11.322683334350586,
        "Volume": 4270800.0
    },
    "CVX": {
        "Open": 44.5,
        "High": 44.5,
        "Low": 43.875,
        "Close": 43.96875,
        "Adj Close": 16.693958282470703,
        "Volume": 5027000.0
    },
    "DE": {
        "Open": 23.5,
        "High": 23.90625,
        "Low": 22.6875,
        "Close": 23.1875,
        "Adj Close": 14.009916305541992,
        "Volume": 2004000.0
    },
    "DHR": {
        "Open": 7.3723039627075195,
        "High": 7.435315132141113,
        "Low": 7.2672858238220215,
        "Close": 7.330296993255615,
        "Adj Close": 4.338459014892578,
        "Volume": 3265494.0
    },
    "DIS": {
        "Open": 34.03424835205078,
        "High": 34.465843200683594,
        "Low": 33.602657318115234,
        "Close": 34.28087615966797,
        "Adj Close": 26.26858901977539,
        "Volume": 6551343.0
    },
    "DUK": {
        "Open": 47.06909942626953,
        "High": 47.9952278137207,
        "Low": 46.79670715332031,
        "Close": 47.9952278137207,
        "Adj Close": 14.64140510559082,
        "Volume": 1162967.0
    },
    "EMR": {
        "Open": 30.21875,
        "High": 31.1875,
        "Low": 30.1875,
        "Close": 30.84375,
        "Adj Close": 15.153099060058594,
        "Volume": 2323600.0
    },
    "FDX": {
        "Open": 43.9375,
        "High": 45.875,
        "Low": 43.8125,
        "Close": 44.25,
        "Adj Close": 35.430660247802734,
        "Volume": 1876500.0
    },
    "GD": {
        "Open": 25.625,
        "High": 25.8125,
        "Low": 25.0625,
        "Close": 25.375,
        "Adj Close": 14.826478958129883,
        "Volume": 1348800.0
    },
    "GE": {
        "Open": 234.0306854248047,
        "High": 241.1195068359375,
        "Low": 233.63131713867188,
        "Close": 237.57510375976562,
        "Adj Close": 128.51922607421875,
        "Volume": 3098569.0
    },
    "GILD": {
        "Open": 2.121093988418579,
        "High": 2.121093988418579,
        "Low": 1.871093988418579,
        "Close": 1.964843988418579,
        "Adj Close": 1.3650778532028198,
        "Volume": 81686400.0
    },
    "GM": {
        "Open": null,
        "High": null,
        "Low": null,
        "Close": null,
        "Adj Close": null,
        "Volume": null
    },
    "GOOG": {
        "Open": null,