{
    "AAPL": {
        "Open": 0.9681919813156128,
        "High": 1.0066959857940674,
        "Low": 0.9386159777641296,
        "Close": 0.9486610293388367,
        "Adj Close": 0.795892596244812,
        "Volume": 440876800.0
    },
    "ABBV": {
        "Open": null,
        "High": null,
        "Low": null,
        "Close": null,
        "Adj Close": null,
        "Volume": null
    },
    "ABT": {
        "Open": 13.747589111328125,
        "High": 13.859814643859863,
        "Low": 13.467025756835938,
        "Close": 13.467025756835938,
        "Adj Close": 6.971008777618408,
        "Volume": 20606554.0
    },
    "ACN": {
        "Open": null,
        "High": null,
        "Low": null,
        "Close": null,
        "Adj Close": null,
        "Volume": null
    },
    "ADBE": {
        "Open": 15.773438453674316,
        "High": 15.875,
        "Low": 15.03125,
        "Close": 15.140625,
        "Adj Close": 15.033516883850098,
        "Volume": 5895600.0
    },
    "AIG": {
        "Open": 1385.8333740234375,
        "High": 1396.6666259765625,
        "Low": 1338.3333740234375,
        "Close": 1354.1666259765625,
        "Adj Close": 797.84423828125,
        "Volume": 168660.0
    },
    "AMD": {
        "Open": 18.625,
        "High": 19.21875,
        "Low": 16.90625,
        "Close": 17.25,
        "Adj Close": 17.25,
        "Volume": 10269800.0
    },
    "AMGN": {
        "Open": 75.875,
        "High": 76.5,
        "Low": 69.125,
        "Close": 69.25,
        "Adj Close": 46.83992385864258,
        "Volume": 9853500.0
    },
    "AMT": {
        "Open": 43.125,
        "High": 44.625,
        "Low": 41.8125,
        "Close": 42.0,
        "Adj Close": 30.709470748901367,
        "Volume": 2161100.0
    },
    "AMZN": {
        "Open": 3.378124952316284,
        "High": 3.668750047683716,
        "Low": 3.375,
        "Close": 3.5062499046325684,
        "Adj Close": 3.5062499046325684,
        "Volume": 583404000.0
    },
    "AVGO": {
        "Open": null,
        "High": null,
        "Low": null,
        "Close": null,
        "Adj Close": null,
        "Volume": null
    },
    "AXP": {
        "Open": 45.005008697509766,
        "High": 46.0991325378418,
        "Low": 43.94735336303711,
        "Close": 44.348533630371094,
        "Adj Close": 31.221614837646484,
        "Volume": 10029933.0
    },
    "BA": {
        "Open": 45.6875,
        "High": 46.1875,
        "Low": 43.625,
        "Close": 44.3125,
        "Adj Close": 28.602901458740234,
        "Volume": 3306200.0
    },
    "BAC": {
        "Open": 22.875,
        "High": 23.125,
        "Low": 22.25,
        "Close": 22.28125,
        "Adj Close": 11.43213176727295,
        "Volume": 12614800.0
    },
    "BK": {
        "Open": 39.021095275878906,
        "High": 39.551090240478516,
        "Low": 37.89484786987305,
        "Close": 38.42484664916992,
        "Adj Close": 21.116018295288086,
        "Volume": 1068023.0
    },
    "BKNG": {
        "Open": 383.625,
        "High": 386.625,
        "Low": 357.0,
        "Close": 359.625,
        "Adj Close": 353.8352966308594,
        "Volume": 401500.0
    },
    "BLK": {
        "Open": 17.5,
        "High": 17.5,
        "Low": 17.0,
        "Close": 17.125,
        "Adj Close": 10.248372077941895,
        "Volume": 10700.0
    },
    "BMY": {
        "Open": 59.961952209472656,
        "High": 60.0809211730957,
        "Low": 55.203067779541016,
        "Close": 55.85741424560547,
        "Adj Close": 21.186250686645508,
        "Volume": 5113278.0
    },
    "BRK-B": {
        "Open": 34.70000076293945,
        "High": 34.79999923706055,
        "Low": 33.7599983215332,
        "Close": 34.0,
        "Adj Close": 34.0,
        "Volume": 660000.0
    },
    "C": {
        "Open": 427.5,
        "High": 427.5,
        "Low": 409.6875,
        "Close": 413.90625,
        "Adj Close": 215.22158813476562,
        "Volume": 1143213.0
    },
    "CAT": {
        "Open": 23.625,
        "High": 23.625,
        "Low": 22.53125,
        "Close": 22.65625,
        "Adj Close": 11.763721466064453,
        "Volume": 5385600.0
    },
    "CL": {
        "Open": 31.375,
        "High": 31.5,
        "Low": 30.25,
        "Close": 30.34375,
        "Adj Close": 17.272361755371094,
        "Volume": 3024800.0
    },
    "CMCSA": {
        "Open": 15.620119094848633,
        "High": 15.756794929504395,
        "Low": 15.053889274597168,
        "Close": 15.151515007019043,
        "Adj Close": 10.281295776367188,
        "Volume": 648203.0
    },
    "COF": {
        "Open": 41.3125,
        "High": 41.5,
        "Low": 40.875,
        "Close": 41.125,
        "Adj Close": 29.77140235900879,
        "Volume": 1058900.0
    },
    "COP": {
        "Open": 16.41362762451172,
        "High": 16.461273193359375,
        "Low": 15.818069458007812,
        "Close": 15.913357734680176,
        "Adj Close": 6.970088481903076,
        "Volume": 2305079.0
    },
    "COST": {
        "Open": 48.1875,
        "High": 51.25,
        "Low": 46.5,
        "Close": 47.0,
        "Adj Close": 31.356843948364258,
        "Volume": 5005500.0
    },
    "CRM": {
        "Open": null,
        "High": null,
        "Low": null,
        "Close": null,
        "Adj Close": null,
        "Volume": null
    },
    "CSCO": {
        "Open": 57.875,
        "High": 57.875,
        "Low": 54.25,
        "Close": 54.53125,
        "Adj Close": 35.28451919555664,
        "Volume": 43787800.0
    },
    "CVS": {
        "Open": 17.375,
        "High": 17.59375,
        "Low": 17.03125,
        "Close": 17.21875,
        "Adj Close": 10.905616760253906,
        "Volume": 6917600.0
    },
    "CVX": {
        "Open": 44.75,
        "High": 45.1875,
        "Low": 43.96875,
        "Close": 44.40625,
        "Adj Close": 16.860069274902344,
        "Volume": 3536600.0
    },
    "DE": {
        "Open": 22.125,
        "High": 22.4375,
        "Low": 21.90625,
        "Close": 22.4375,
        "Adj Close": 13.556767463684082,
        "Volume": 1653400.0
    },
    "DHR": {
        "Open": 6.889218807220459,
        "High": 6.889218807220459,
        "Low": 6.374628067016602,
        "Close": 6.385129928588867,
        "Adj Close": 3.779057502746582,
        "Volume": 5063390.0
    },
    "DIS": {
        "Open": 32.30787658691406,
        "High": 33.54100036621094,
        "Low": 31.937938690185547,
        "Close": 32.8627815246582,
        "Adj Close": 25.18194007873535,
        "Volume": 8343031.0
    },
    "DUK": {
        "Open": 49.46613693237305,
        "High": 50.22883224487305,
        "Low": 49.193748474121094,
        "Close": 49.90196228027344,
        "Adj Close": 15.223067283630371,
        "Volume": 1261171.0
    },
    "EMR": {
        "Open": 30.15625,
        "High": 30.15625,
        "Low": 28.875,
        "Close": 29.0625,
        "Adj Close": 14.277997970581055,
        "Volume": 2503800.0
    },
    "FDX": {
        "Open": 41.6875,
        "High": 41.75,
        "Low": 40.25,
        "Close": 41.0,
        "Adj Close": 32.82841491699219,
        "Volume": 1742000.0
    },
    "GD": {
        "Open": 24.8125,
        "High": 25.0,
        "Low": 22.875,
        "Close": 23.21875,
        "Adj Close": 13.566594123840332,
        "Volume": 1681600.0
    },
    "GE": {
        "Open": 232.13368225097656,
        "High": 233.13211059570312,
        "Low": 217.9560546875,
        "Close": 220.6518096923828,
        "Adj Close": 119.36438751220703,
        "Volume": 5658102.0
    },
    "GILD": {
        "Open": 2.001952886581421,
        "High": 2.001952886581421,
        "Low": 1.730468988418579,
        "Close": 1.7324219942092896,
        "Adj Close": 1.20360267162323,
        "Volume": 51062400.0
    },
    "GM": {
        "Open": null,
        "High": null,
        "Low": null,
        "Close": null,
        "Adj Close": null,
        "Volume": null
    },
    "GOOG": {
        "Open": null,
        "High": null,