{
    "AAPL": {
        "Open": 0.4135040044784546,
        "High": 0.41964301466941833,
        "Low": 0.3984380066394806,
        "Close": 0.41964301466941833,
        "Adj Close": 0.35206541419029236,
        "Volume": 579297600.0
    },
    "ABBV": {
        "Open": null,
        "High": null,
        "Low": null,
        "Close": null,
        "Adj Close": null,
        "Volume": null
    },
    "ABT": {
        "Open": 21.5472412109375,
        "High": 21.687524795532227,
        "Low": 21.07028579711914,
        "Close": 21.5472412109375,
        "Adj Close": 11.007525444030762,
        "Volume": 4396516.0
    },
    "ACN": {
        "Open": null,
        "High": null,
        "Low": null,
        "Close": null,
        "Adj Close": null,
        "Volume": null
    },
    "ADBE": {
        "Open": 7.953125,
        "High": 7.96875,
        "Low": 7.703125,
        "Close": 7.90625,
        "Adj Close": 7.839173793792725,
        "Volume": 4782400.0
    },
    "AIG": {
        "Open": 1238.0,
        "High": 1258.6666259765625,
        "Low": 1202.0,
        "Close": 1258.6666259765625,
        "Adj Close": 740.4474487304688,
        "Volume": 360113.0
    },
    "AMD": {
        "Open": 8.375,
        "High": 8.71875,
        "Low": 8.25,
        "Close": 8.65625,
        "Adj Close": 8.65625,
        "Volume": 3249200.0
    },
    "AMGN": {
        "Open": 30.375,
        "High": 31.25,
        "Low": 30.0625,
        "Close": 31.21875,
        "Adj Close": 21.116008758544922,
        "Volume": 9366800.0
    },
    "AMT": {
        "Open": 22.0,
        "High": 22.0625,
        "Low": 20.75,
        "Close": 21.0,
        "Adj Close": 15.354735374450684,
        "Volume": 562100.0
    },
    "AMZN": {
        "Open": 3.596874952316284,
        "High": 3.706249952316284,
        "Low": 3.346874952316284,
        "Close": 3.6624999046325684,
        "Adj Close": 3.6624999046325684,
        "Volume": 554196000.0
    },
    "AVGO": {
        "Open": null,
        "High": null,
        "Low": null,
        "Close": null,
        "Adj Close": null,
        "Volume": null
    },
    "AXP": {
        "Open": 37.23672103881836,
        "High": 38.0755500793457,
        "Low": 36.70789337158203,
        "Close": 37.747314453125,
        "Adj Close": 26.44538688659668,
        "Volume": 6345824.0
    },
    "BA": {
        "Open": 43.125,
        "High": 44.25,
        "Low": 42.75,
        "Close": 44.125,
        "Adj Close": 28.214099884033203,
        "Volume": 3084600.0
    },
    "BAC": {
        "Open": 35.34375,
        "High": 35.96875,
        "Low": 34.15625,
        "Close": 35.46875,
        "Adj Close": 17.781784057617188,
        "Volume": 8095800.0
    },
    "BK": {
        "Open": 40.677337646484375,
        "High": 41.07483673095703,
        "Low": 40.08108901977539,
        "Close": 40.809837341308594,
        "Adj Close": 22.147308349609375,
        "Volume": 1793875.0
    },
    "BKNG": {
        "Open": 847.125,
        "High": 912.0,
        "Low": 720.75,
        "Close": 907.125,
        "Adj Close": 892.5210571289062,
        "Volume": 1264033.0
    },
    "BLK": {
        "Open": null,
        "High": null,
        "Low": null,
        "Close": null,
        "Adj Close": null,
        "Volume": null
    },
    "BMY": {
        "Open": 63.65008544921875,
        "High": 64.83980560302734,
        "Low": 62.69831085205078,
        "Close": 64.5423812866211,
        "Adj Close": 24.226394653320312,
        "Volume": 4612530.0
    },
    "BRK-B": {
        "Open": 49.70000076293945,
        "High": 50.0,
        "Low": 49.220001220703125,
        "Close": 49.900001525878906,
        "Adj Close": 49.900001525878906,
        "Volume": 665000.0
    },
    "C": {
        "Open": 361.5625,
        "High": 367.5,
        "Low": 349.0625,
        "Close": 363.75,
        "Adj Close": 188.0703582763672,
        "Volume": 2100720.0
    },
    "CAT": {
        "Open": 32.625,
        "High": 32.625,
        "Low": 32.0625,
        "Close": 32.5625,
        "Adj Close": 16.609169006347656,
        "Volume": 2484200.0
    },
    "CL": {
        "Open": 24.984375,
        "High": 25.03125,
        "Low": 24.40625,
        "Close": 24.734375,
        "Adj Close": 13.96078872680664,
        "Volume": 5980400.0
    },
    "CMCSA": {
        "Open": 10.855982780456543,
        "High": 11.461261749267578,
        "Low": 10.563104629516602,
        "Close": 11.451499938964844,
        "Adj Close": 7.770592212677002,
        "Volume": 9988400.0
    },
    "COF": {
        "Open": 56.45833206176758,
        "High": 57.375,
        "Low": 56.0625,
        "Close": 57.27083206176758,
        "Adj Close": 41.388893127441406,
        "Volume": 1199100.0
    },
    "COP": {
        "Open": 19.582006454467773,
        "High": 19.653474807739258,
        "Low": 18.914979934692383,
        "Close": 19.39142608642578,
        "Adj Close": 8.376421928405762,
        "Volume": 1473928.0
    },
    "COST": {
        "Open": 41.5,
        "High": 41.5625,
        "Low": 39.375,
        "Close": 40.9375,
        "Adj Close": 27.312162399291992,
        "Volume": 10701600.0
    },
    "CRM": {
        "Open": null,
        "High": null,
        "Low": null,
        "Close": null,
        "Adj Close": null,
        "Volume": null
    },
    "CSCO": {
        "Open": 27.03125,
        "High": 27.984375,
        "Low": 26.1875,
        "Close": 27.7421875,
        "Adj Close": 17.95062255859375,
        "Volume": 71366000.0
    },
    "CVS": {
        "Open": 23.59375,
        "High": 23.75,
        "Low": 22.65625,
        "Close": 23.0,
        "Adj Close": 14.506810188293457,
        "Volume": 2475800.0
    },
    "CVX": {
        "Open": 50.15625,
        "High": 50.375,
        "Low": 48.78125,
        "Close": 50.03125,
        "Adj Close": 18.624067306518555,
        "Volume": 2908200.0
    },
    "DE": {
        "Open": 21.875,
        "High": 22.09375,
        "Low": 21.5,
        "Close": 21.9375,
        "Adj Close": 13.038322448730469,
        "Volume": 1951600.0
    },
    "DHR": {
        "Open": 11.384014129638672,
        "High": 11.51003646850586,
        "Low": 11.184477806091309,
        "Close": 11.342005729675293,
        "Adj Close": 6.7069878578186035,
        "Volume": 2039520.0
    },
    "DIS": {
        "Open": 29.964937210083008,
        "High": 29.964937210083008,
        "Low": 29.163406372070312,
        "Close": 29.65665626525879,
        "Adj Close": 22.482275009155273,
        "Volume": 9723163.0
    },
    "DUK": {
        "Open": 47.94075012207031,
        "High": 48.049705505371094,
        "Low": 47.6138801574707,
        "Close": 47.88627243041992,
        "Adj Close": 14.17442512512207,
        "Volume": 1088625.0
    },
    "EMR": {
        "Open": 33.5,
        "High": 34.46875,
        "Low": 33.4375,
        "Close": 34.375,
        "Adj Close": 16.620168685913086,
        "Volume": 3298800.0
    },
    "FDX": {
        "Open": 56.4375,
        "High": 56.46875,
        "Low": 54.03125,
        "Close": 55.96875,
        "Adj Close": 44.81377410888672,
        "Volume": 1538000.0
    },
    "GD": {
        "Open": 36.09375,
        "High": 37.03125,
        "Low": 36.03125,
        "Close": 36.75,
        "Adj Close": 21.220516204833984,
        "Volume": 575600.0
    },
    "GE": {
        "Open": 167.63546752929688,
        "High": 175.12364196777344,
        "Low": 167.63546752929688,
        "Close": 174.12522888183594,
        "Adj Close": 93.38555145263672,
        "Volume": 3895513.0
    },
    "GILD": {
        "Open": 1.390625,
        "High": 1.4140629768371582,
        "Low": 1.3828129768371582,
        "Close": 1.402343988418579,
        "Adj Close": 0.9742804765701294,
        "Volume": 7529600.0
    },
    "GM": {
        "Open": null,
        "High": null,
        "Low": null,
        "Close": null,
        "Adj Close": null,
        "Volume": null
    },
    "GOOG": {
        "Open": null,