{
    "AAPL": {
        "Open": 0.3984380066394806,
        "High": 0.4095979928970337,
        "Low": 0.3816959857940674,
        "Close": 0.4095979928970337,
        "Adj Close": 0.34363794326782227,
        "Volume": 434716800.0
    },
    "ABBV": {
        "Open": null,
        "High": null,
        "Low": null,
        "Close": null,
        "Adj Close": null,
        "Volume": null
    },
    "ABT": {
        "Open": 21.210567474365234,
        "High": 21.435016632080078,
        "Low": 20.986116409301758,
        "Close": 21.04222869873047,
        "Adj Close": 10.749536514282227,
        "Volume": 5292705.0
    },
    "ACN": {
        "Open": null,
        "High": null,
        "Low": null,
        "Close": null,
        "Adj Close": null,
        "Volume": null
    },
    "ADBE": {
        "Open": 8.140625,
        "High": 8.5,
        "Low": 7.9375,
        "Close": 8.492188453674316,
        "Adj Close": 8.420143127441406,
        "Volume": 9484000.0
    },
    "AIG": {
        "Open": 1250.0,
        "High": 1268.6666259765625,
        "Low": 1226.6666259765625,
        "Close": 1266.0,
        "Adj Close": 744.7615356445312,
        "Volume": 229434.0
    },
    "AMD": {
        "Open": 8.6875,
        "High": 9.03125,
        "Low": 8.6875,
        "Close": 8.8125,
        "Adj Close": 8.8125,
        "Volume": 2461400.0
    },
    "AMGN": {
        "Open": 30.78125,
        "High": 32.25,
        "Low": 30.75,
        "Close": 31.8125,
        "Adj Close": 21.517614364624023,
        "Volume": 7011800.0
    },
    "AMT": {
        "Open": 23.0625,
        "High": 23.5,
        "Low": 21.75,
        "Close": 21.9375,
        "Adj Close": 16.040218353271484,
        "Volume": 393400.0
    },
    "AMZN": {
        "Open": 3.518749952316284,
        "High": 3.5999999046325684,
        "Low": 3.2750000953674316,
        "Close": 3.409374952316284,
        "Adj Close": 3.409374952316284,
        "Volume": 333080000.0
    },
    "AVGO": {
        "Open": null,
        "High": null,
        "Low": null,
        "Close": null,
        "Adj Close": null,
        "Volume": null
    },
    "AXP": {
        "Open": 38.768497467041016,
        "High": 39.38850021362305,
        "Low": 38.33084487915039,
        "Close": 39.29732131958008,
        "Adj Close": 27.531282424926758,
        "Volume": 6523363.0
    },
    "BA": {
        "Open": 44.9375,
        "High": 45.875,
        "Low": 44.75,
        "Close": 45.75,
        "Adj Close": 29.253150939941406,
        "Volume": 4543600.0
    },
    "BAC": {
        "Open": 34.34375,
        "High": 35.40625,
        "Low": 34.34375,
        "Close": 35.15625,
        "Adj Close": 17.625118255615234,
        "Volume": 5759000.0
    },
    "BK": {
        "Open": 40.1473388671875,
        "High": 41.5385856628418,
        "Low": 40.08108901977539,
        "Close": 40.743587493896484,
        "Adj Close": 22.111351013183594,
        "Volume": 2086706.0
    },
    "BKNG": {
        "Open": 865.5,
        "High": 865.875,
        "Low": 777.75,
        "Close": 783.9375,
        "Adj Close": 771.3167724609375,
        "Volume": 569683.0
    },
    "BLK": {
        "Open": null,
        "High": null,
        "Low": null,
        "Close": null,
        "Adj Close": null,
        "Volume": null
    },
    "BMY": {
        "Open": 64.06649017333984,
        "High": 64.60186767578125,
        "Low": 63.41214370727539,
        "Close": 64.24494934082031,
        "Adj Close": 24.1147403717041,
        "Volume": 2980320.0
    },
    "BRK-B": {
        "Open": 49.599998474121094,
        "High": 49.97999954223633,
        "Low": 49.540000915527344,
        "Close": 49.599998474121094,
        "Adj Close": 49.599998474121094,
        "Volume": 360000.0
    },
    "C": {
        "Open": 349.375,
        "High": 356.875,
        "Low": 347.5,
        "Close": 350.625,
        "Adj Close": 181.2843475341797,
        "Volume": 1540940.0
    },
    "CAT": {
        "Open": 32.6875,
        "High": 32.8125,
        "Low": 31.21875,
        "Close": 31.59375,
        "Adj Close": 16.115036010742188,
        "Volume": 3418800.0
    },
    "CL": {
        "Open": 24.75,
        "High": 24.875,
        "Low": 24.09375,
        "Close": 24.34375,
        "Adj Close": 13.740316390991211,
        "Volume": 2873600.0
    },
    "CMCSA": {
        "Open": 11.441737174987793,
        "High": 11.55888843536377,
        "Low": 11.246484756469727,
        "Close": 11.402687072753906,
        "Adj Close": 7.7374677658081055,
        "Volume": 1576813.0
    },
    "COF": {
        "Open": 56.4375,
        "High": 56.97916793823242,
        "Low": 55.91666793823242,
        "Close": 56.45833206176758,
        "Adj Close": 40.80171203613281,
        "Volume": 1094100.0
    },
    "COP": {
        "Open": 19.296138763427734,
        "High": 19.486717224121094,
        "Low": 19.010269165039062,
        "Close": 19.200847625732422,
        "Adj Close": 8.294102668762207,
        "Volume": 2224273.0
    },
    "COST": {
        "Open": 40.5,
        "High": 41.0,
        "Low": 38.5625,
        "Close": 39.46875,
        "Adj Close": 26.332265853881836,
        "Volume": 9041400.0
    },
    "CRM": {
        "Open": null,
        "High": null,
        "Low": null,
        "Close": null,
        "Adj Close": null,
        "Volume": null
    },
    "CSCO": {
        "Open": 27.0625,
        "High": 27.40625,
        "Low": 26.21875,
        "Close": 27.125,
        "Adj Close": 17.551267623901367,
        "Volume": 63440800.0
    },
    "CVS": {
        "Open": 23.46875,
        "High": 24.21875,
        "Low": 23.4375,
        "Close": 24.09375,
        "Adj Close": 15.196671485900879,
        "Volume": 2335600.0
    },
    "CVX": {
        "Open": 48.59375,
        "High": 48.96875,
        "Low": 47.03125,
        "Close": 47.4375,
        "Adj Close": 17.658544540405273,
        "Volume": 3757400.0
    },
    "DE": {
        "Open": 22.0,
        "High": 22.4375,
        "Low": 21.5,
        "Close": 21.65625,
        "Adj Close": 12.87115478515625,
        "Volume": 3896800.0
    },
    "DHR": {
        "Open": 11.405017852783203,
        "High": 11.405017852783203,
        "Low": 11.17397689819336,
        "Close": 11.36301040649414,
        "Adj Close": 6.7194108963012695,
        "Volume": 4155812.0
    },
    "DIS": {
        "Open": 29.47168731689453,
        "High": 30.08824920654297,
        "Low": 29.47168731689453,
        "Close": 29.594999313354492,
        "Adj Close": 22.43553352355957,
        "Volume": 5128839.0
    },
    "DUK": {
        "Open": 48.3765754699707,
        "High": 48.540008544921875,
        "Low": 47.77731704711914,
        "Close": 47.88627243041992,
        "Adj Close": 14.17442512512207,
        "Volume": 1998967.0
    },
    "EMR": {
        "Open": 34.375,
        "High": 35.1875,
        "Low": 34.3125,
        "Close": 35.03125,
        "Adj Close": 16.93746566772461,
        "Volume": 2365400.0
    },
    "FDX": {
        "Open": 55.0,
        "High": 56.4375,
        "Low": 54.9375,
        "Close": 55.625,
        "Adj Close": 44.538516998291016,
        "Volume": 1276000.0
    },
    "GD": {
        "Open": 36.90625,
        "High": 37.3125,
        "Low": 36.5,
        "Close": 37.0,
        "Adj Close": 21.364877700805664,
        "Volume": 618200.0
    },
    "GE": {
        "Open": 173.12680053710938,
        "High": 176.5214385986328,
        "Low": 173.12680053710938,
        "Close": 175.62286376953125,
        "Adj Close": 94.1887435913086,
        "Volume": 3630157.0
    },
    "GILD": {
        "Open": 1.4140629768371582,
        "High": 1.421875,
        "Low": 1.3984379768371582,
        "Close": 1.4140629768371582,
        "Adj Close": 0.9824221730232239,
        "Volume": 4796800.0
    },
    "GM": {
        "Open": null,
        "High": null,
        "Low": null,
        "Close": null,
        "Adj Close": null,
        "Volume": null
    },
    "GOOG": {
        "Open": null,