{
    "AAPL": {
        "Open": 0.390625,
        "High": 0.3989959955215454,
        "Low": 0.3839290142059326,
        "Close": 0.39620500802993774,
        "Adj Close": 0.3324018716812134,
        "Volume": 210761600.0
    },
    "ABBV": {
        "Open": null,
        "High": null,
        "Low": null,
        "Close": null,
        "Adj Close": null,
        "Volume": null
    },
    "ABT": {
        "Open": 21.743635177612305,
        "High": 22.192537307739258,
        "Low": 21.575298309326172,
        "Close": 22.108367919921875,
        "Adj Close": 11.294177055358887,
        "Volume": 3367336.0
    },
    "ACN": {
        "Open": null,
        "High": null,
        "Low": null,
        "Close": null,
        "Adj Close": null,
        "Volume": null
    },
    "ADBE": {
        "Open": 8.9375,
        "High": 9.203125,
        "Low": 8.9375,
        "Close": 9.203125,
        "Adj Close": 9.125045776367188,
        "Volume": 4980800.0
    },
    "AIG": {
        "Open": 1247.3333740234375,
        "High": 1257.3333740234375,
        "Low": 1235.3333740234375,
        "Close": 1247.3333740234375,
        "Adj Close": 733.7807006835938,
        "Volume": 143316.0
    },
    "AMD": {
        "Open": 9.3125,
        "High": 9.46875,
        "Low": 9.1875,
        "Close": 9.4375,
        "Adj Close": 9.4375,
        "Volume": 1731600.0
    },
    "AMGN": {
        "Open": 30.15625,
        "High": 30.25,
        "Low": 28.5,
        "Close": 29.53125,
        "Adj Close": 19.974609375,
        "Volume": 11028400.0
    },
    "AMT": {
        "Open": 24.0625,
        "High": 24.375,
        "Low": 23.75,
        "Close": 24.3125,
        "Adj Close": 17.77677345275879,
        "Volume": 109800.0
    },
    "AMZN": {
        "Open": 3.25,
        "High": 3.450000047683716,
        "Low": 3.0374999046325684,
        "Close": 3.440624952316284,
        "Adj Close": 3.440624952316284,
        "Volume": 417164000.0
    },
    "AVGO": {
        "Open": null,
        "High": null,
        "Low": null,
        "Close": null,
        "Adj Close": null,
        "Volume": null
    },
    "AXP": {
        "Open": 35.012001037597656,
        "High": 35.777889251708984,
        "Low": 34.57434844970703,
        "Close": 35.486122131347656,
        "Adj Close": 24.86121368408203,
        "Volume": 7481321.0
    },
    "BA": {
        "Open": 43.0,
        "High": 43.0,
        "Low": 41.875,
        "Close": 42.5,
        "Adj Close": 27.26292610168457,
        "Volume": 2160000.0
    },
    "BAC": {
        "Open": 34.0,
        "High": 34.59375,
        "Low": 33.5,
        "Close": 34.28125,
        "Adj Close": 17.186458587646484,
        "Volume": 6300200.0
    },
    "BK": {
        "Open": 38.9548454284668,
        "High": 39.021095275878906,
        "Low": 38.2923469543457,
        "Close": 38.68984603881836,
        "Adj Close": 20.996795654296875,
        "Volume": 927740.0
    },
    "BKNG": {
        "Open": 789.0,
        "High": 793.875,
        "Low": 744.0,
        "Close": 790.5,
        "Adj Close": 777.7735595703125,
        "Volume": 341400.0
    },
    "BLK": {
        "Open": null,
        "High": null,
        "Low": null,
        "Close": null,
        "Adj Close": null,
        "Volume": null
    },
    "BMY": {
        "Open": 63.65008544921875,
        "High": 65.19672393798828,
        "Low": 62.9957389831543,
        "Close": 64.48289489746094,
        "Adj Close": 24.20406723022461,
        "Volume": 2643581.0
    },
    "BRK-B": {
        "Open": 47.0,
        "High": 47.099998474121094,
        "Low": 46.060001373291016,
        "Close": 46.939998626708984,
        "Adj Close": 46.939998626708984,
        "Volume": 1220000.0
    },
    "C": {
        "Open": 349.375,
        "High": 352.8125,
        "Low": 337.5,
        "Close": 350.0,
        "Adj Close": 180.96116638183594,
        "Volume": 1973620.0
    },
    "CAT": {
        "Open": 30.5,
        "High": 31.125,
        "Low": 30.40625,
        "Close": 30.5625,
        "Adj Close": 15.58902645111084,
        "Volume": 2233600.0
    },
    "CL": {
        "Open": 23.6875,
        "High": 24.15625,
        "Low": 23.328125,
        "Close": 24.078125,
        "Adj Close": 13.590394973754883,
        "Volume": 2330000.0
    },
    "CMCSA": {
        "Open": 11.519838333129883,
        "High": 11.578413009643555,
        "Low": 10.992658615112305,
        "Close": 11.55888843536377,
        "Adj Close": 7.843462944030762,
        "Volume": 1104345.0
    },
    "COF": {
        "Open": 56.4375,
        "High": 57.3125,
        "Low": 55.33333206176758,
        "Close": 57.08333206176758,
        "Adj Close": 41.27336502075195,
        "Volume": 1209300.0
    },
    "COP": {
        "Open": 19.010269165039062,
        "High": 19.343782424926758,
        "Low": 18.795867919921875,
        "Close": 19.1532039642334,
        "Adj Close": 8.273526191711426,
        "Volume": 856337.0
    },
    "COST": {
        "Open": 39.625,
        "High": 39.8125,
        "Low": 39.0,
        "Close": 39.5,
        "Adj Close": 26.35309600830078,
        "Volume": 4232400.0
    },
    "CRM": {
        "Open": null,
        "High": null,
        "Low": null,
        "Close": null,
        "Adj Close": null,
        "Volume": null
    },
    "CSCO": {
        "Open": 28.703125,
        "High": 29.125,
        "Low": 28.203125,
        "Close": 29.109375,
        "Adj Close": 18.83526039123535,
        "Volume": 43317200.0
    },
    "CVS": {
        "Open": 23.25,
        "High": 23.5,
        "Low": 22.09375,
        "Close": 23.0,
        "Adj Close": 14.506810188293457,
        "Volume": 2244600.0
    },
    "CVX": {
        "Open": 47.21875,
        "High": 48.0625,
        "Low": 47.0625,
        "Close": 47.9375,
        "Adj Close": 17.84467315673828,
        "Volume": 1773400.0
    },
    "DE": {
        "Open": 20.21875,
        "High": 21.1875,
        "Low": 20.125,
        "Close": 20.40625,
        "Adj Close": 12.128238677978516,
        "Volume": 2459600.0
    },
    "DHR": {
        "Open": 11.058456420898438,
        "High": 11.058456420898438,
        "Low": 10.806411743164062,
        "Close": 10.827415466308594,
        "Adj Close": 6.402692794799805,
        "Volume": 2244246.0
    },
    "DIS": {
        "Open": 28.978437423706055,
        "High": 28.978437423706055,
        "Low": 28.485187530517578,
        "Close": 28.60849952697754,
        "Adj Close": 21.68768882751465,
        "Volume": 6411455.0
    },
    "DUK": {
        "Open": 48.15866470336914,
        "High": 49.193748474121094,
        "Low": 47.9952278137207,
        "Close": 49.030311584472656,
        "Adj Close": 14.65898609161377,
        "Volume": 1843745.0
    },
    "EMR": {
        "Open": 33.21875,
        "High": 33.5,
        "Low": 33.0625,
        "Close": 33.34375,
        "Adj Close": 16.195768356323242,
        "Volume": 1412200.0
    },
    "FDX": {
        "Open": 59.625,
        "High": 60.3125,
        "Low": 58.0,
        "Close": 59.8125,
        "Adj Close": 47.89141082763672,
        "Volume": 1237300.0
    },
    "GD": {
        "Open": 33.4375,
        "High": 34.0,
        "Low": 31.625,
        "Close": 32.625,
        "Adj Close": 18.83863067626953,
        "Volume": 7599000.0
    },
    "GE": {
        "Open": 168.4342041015625,
        "High": 170.43106079101562,
        "Low": 167.03640747070312,
        "Close": 169.73216247558594,
        "Adj Close": 91.02944946289062,
        "Volume": 2488233.0
    },
    "GILD": {
        "Open": 1.4375,
        "High": 1.4609379768371582,
        "Low": 1.4375,
        "Close": 1.453125,
        "Adj Close": 1.0095607042312622,
        "Volume": 1926400.0
    },
    "GM": {
        "Open": null,
        "High": null,
        "Low": null,
        "Close": null,
        "Adj Close": null,
        "Volume": null
    },
    "GOOG": {
        "Open": null,
        "High": null,
        "Low": null,
        "Close": null,