{
    "AAPL": {
        "Open": 0.389508992433548,
        "High": 0.39564698934555054,
        "Low": 0.373883992433548,
        "Close": 0.3744420111179352,
        "Adj Close": 0.3141435384750366,
        "Volume": 260926400.0
    },
    "ABBV": {
        "Open": null,
        "High": null,
        "Low": null,
        "Close": null,
        "Adj Close": null,
        "Volume": null
    },
    "ABT": {
        "Open": 21.04222869873047,
        "High": 21.12639808654785,
        "Low": 20.20054054260254,
        "Close": 20.228595733642578,
        "Adj Close": 10.333885192871094,
        "Volume": 6046324.0
    },
    "ACN": {
        "Open": null,
        "High": null,
        "Low": null,
        "Close": null,
        "Adj Close": null,
        "Volume": null
    },
    "ADBE": {
        "Open": 9.8125,
        "High": 9.929688453674316,
        "Low": 9.46875,
        "Close": 9.851563453674316,
        "Adj Close": 9.767984390258789,
        "Volume": 9307200.0
    },
    "AIG": {
        "Open": 1240.0,
        "High": 1246.6666259765625,
        "Low": 1194.6666259765625,
        "Close": 1215.3333740234375,
        "Adj Close": 714.9554443359375,
        "Volume": 192141.0
    },
    "AMD": {
        "Open": 10.25,
        "High": 10.25,
        "Low": 9.40625,
        "Close": 9.53125,
        "Adj Close": 9.53125,
        "Volume": 3274800.0
    },
    "AMGN": {
        "Open": 30.75,
        "High": 31.4375,
        "Low": 30.0,
        "Close": 30.09375,
        "Adj Close": 20.355072021484375,
        "Volume": 9967600.0
    },
    "AMT": {
        "Open": 24.125,
        "High": 24.125,
        "Low": 22.625,
        "Close": 22.75,
        "Adj Close": 16.634300231933594,
        "Volume": 348400.0
    },
    "AMZN": {
        "Open": 3.215625047683716,
        "High": 3.234375,
        "Low": 2.9000000953674316,
        "Close": 2.9375,
        "Adj Close": 2.9375,
        "Volume": 285076000.0
    },
    "AVGO": {
        "Open": null,
        "High": null,
        "Low": null,
        "Close": null,
        "Adj Close": null,
        "Volume": null
    },
    "AXP": {
        "Open": 35.012001037597656,
        "High": 35.012001037597656,
        "Low": 34.00905227661133,
        "Close": 34.081993103027344,
        "Adj Close": 23.877485275268555,
        "Volume": 6321833.0
    },
    "BA": {
        "Open": 44.9375,
        "High": 45.8125,
        "Low": 44.375,
        "Close": 44.375,
        "Adj Close": 28.465709686279297,
        "Volume": 3034600.0
    },
    "BAC": {
        "Open": 33.21875,
        "High": 33.21875,
        "Low": 32.25,
        "Close": 32.8125,
        "Adj Close": 16.450103759765625,
        "Volume": 9043200.0
    },
    "BK": {
        "Open": 36.96735382080078,
        "High": 37.62984848022461,
        "Low": 36.702354431152344,
        "Close": 36.83485412597656,
        "Adj Close": 19.990108489990234,
        "Volume": 1339345.0
    },
    "BKNG": {
        "Open": 829.5,
        "High": 833.25,
        "Low": 726.75,
        "Close": 752.0625,
        "Adj Close": 739.9548950195312,
        "Volume": 314600.0
    },
    "BLK": {
        "Open": null,
        "High": null,
        "Low": null,
        "Close": null,
        "Adj Close": null,
        "Volume": null
    },
    "BMY": {
        "Open": 65.07775115966797,
        "High": 65.07775115966797,
        "Low": 61.627559661865234,
        "Close": 62.04396438598633,
        "Adj Close": 23.28860092163086,
        "Volume": 3363288.0
    },
    "BRK-B": {
        "Open": 48.5,
        "High": 48.5,
        "Low": 47.41999816894531,
        "Close": 48.02000045776367,
        "Adj Close": 48.02000045776367,
        "Volume": 440000.0
    },
    "C": {
        "Open": 334.375,
        "High": 334.6875,
        "Low": 320.625,
        "Close": 325.625,
        "Adj Close": 168.35845947265625,
        "Volume": 2462260.0
    },
    "CAT": {
        "Open": 29.8125,
        "High": 30.34375,
        "Low": 29.40625,
        "Close": 29.59375,
        "Adj Close": 15.094902992248535,
        "Volume": 1917800.0
    },
    "CL": {
        "Open": 23.828125,
        "High": 24.0,
        "Low": 23.296875,
        "Close": 23.421875,
        "Adj Close": 13.219982147216797,
        "Volume": 3148400.0
    },
    "CMCSA": {
        "Open": 11.578413009643555,
        "High": 11.705326080322266,
        "Low": 11.20743465423584,
        "Close": 11.324585914611816,
        "Adj Close": 7.684473037719727,
        "Volume": 761518.0
    },
    "COF": {
        "Open": 52.66666793823242,
        "High": 52.6875,
        "Low": 46.0625,
        "Close": 48.6875,
        "Adj Close": 35.20287322998047,
        "Volume": 6651900.0
    },
    "COP": {
        "Open": 19.53436279296875,
        "High": 19.844053268432617,
        "Low": 19.462894439697266,
        "Close": 19.653474807739258,
        "Adj Close": 8.489622116088867,
        "Volume": 3066705.0
    },
    "COST": {
        "Open": 37.625,
        "High": 39.46875,
        "Low": 36.8125,
        "Close": 38.875,
        "Adj Close": 25.936124801635742,
        "Volume": 5835600.0
    },
    "CRM": {
        "Open": null,
        "High": null,
        "Low": null,
        "Close": null,
        "Adj Close": null,
        "Volume": null
    },
    "CSCO": {
        "Open": 28.453125,
        "High": 28.46875,
        "Low": 27.0,
        "Close": 27.34375,
        "Adj Close": 17.69281578063965,
        "Volume": 53234000.0
    },
    "CVS": {
        "Open": 24.8125,
        "High": 25.25,
        "Low": 24.78125,
        "Close": 24.96875,
        "Adj Close": 15.748562812805176,
        "Volume": 2876200.0
    },
    "CVX": {
        "Open": 46.875,
        "High": 47.875,
        "Low": 45.46875,
        "Close": 45.9375,
        "Adj Close": 17.209667205810547,
        "Volume": 2957000.0
    },
    "DE": {
        "Open": 20.03125,
        "High": 20.53125,
        "Low": 19.40625,
        "Close": 19.65625,
        "Adj Close": 11.68248176574707,
        "Volume": 2433000.0
    },
    "DHR": {
        "Open": 10.543865203857422,
        "High": 10.606876373291016,
        "Low": 10.291820526123047,
        "Close": 10.291820526123047,
        "Adj Close": 6.085972785949707,
        "Volume": 1465812.0
    },
    "DIS": {
        "Open": 29.163406372070312,
        "High": 29.65665626525879,
        "Low": 29.163406372070312,
        "Close": 29.47168731689453,
        "Adj Close": 22.342052459716797,
        "Volume": 5753675.0
    },
    "DUK": {
        "Open": 50.61017990112305,
        "High": 52.08108901977539,
        "Low": 50.61017990112305,
        "Close": 51.75421905517578,
        "Adj Close": 15.473380088806152,
        "Volume": 1088969.0
    },
    "EMR": {
        "Open": 33.375,
        "High": 34.25,
        "Low": 33.375,
        "Close": 33.65625,
        "Adj Close": 16.347564697265625,
        "Volume": 1736000.0
    },
    "FDX": {
        "Open": 55.3125,
        "High": 56.5625,
        "Low": 52.25,
        "Close": 53.0,
        "Adj Close": 42.43670654296875,
        "Volume": 2086500.0
    },
    "GD": {
        "Open": 32.8125,
        "High": 32.8125,
        "Low": 31.96875,
        "Close": 32.0,
        "Adj Close": 18.477741241455078,
        "Volume": 1492800.0
    },
    "GE": {
        "Open": 167.93499755859375,
        "High": 168.4342041015625,
        "Low": 163.84144592285156,
        "Close": 165.33909606933594,
        "Adj Close": 88.6734390258789,
        "Volume": 3152780.0
    },
    "GILD": {
        "Open": 1.421875,
        "High": 1.4453129768371582,
        "Low": 1.3671879768371582,
        "Close": 1.3671879768371582,
        "Adj Close": 0.9498555660247803,
        "Volume": 14819200.0
    },
    "GM": {
        "Open": null,
        "High": null,
        "Low": null,
        "Close": null,
        "Adj Close": null,
        "Volume": null
    },
    "GOOG": {
        "Open": null,
        "High": null,
        "Low": null,