{
    "AAPL": {
        "Open": 0.3710939884185791,
        "High": 0.3789060115814209,
        "Low": 0.36551299691200256,
        "Close": 0.3705359995365143,
        "Adj Close": 0.3108665347099304,
        "Volume": 366508800.0
    },
    "ABBV": {
        "Open": null,
        "High": null,
        "Low": null,
        "Close": null,
        "Adj Close": null,
        "Volume": null
    },
    "ABT": {
        "Open": 20.3408203125,
        "High": 20.789722442626953,
        "Low": 20.0041446685791,
        "Close": 20.0041446685791,
        "Adj Close": 10.219223022460938,
        "Volume": 5093775.0
    },
    "ACN": {
        "Open": null,
        "High": null,
        "Low": null,
        "Close": null,
        "Adj Close": null,
        "Volume": null
    },
    "ADBE": {
        "Open": 9.84375,
        "High": 9.921875,
        "Low": 9.5,
        "Close": 9.546875,
        "Adj Close": 9.465883255004883,
        "Volume": 20623200.0
    },
    "AIG": {
        "Open": 1217.3333740234375,
        "High": 1224.6666259765625,
        "Low": 1194.6666259765625,
        "Close": 1196.0,
        "Adj Close": 703.5822143554688,
        "Volume": 208884.0
    },
    "AMD": {
        "Open": 9.5625,
        "High": 9.625,
        "Low": 9.21875,
        "Close": 9.21875,
        "Adj Close": 9.21875,
        "Volume": 3496600.0
    },
    "AMGN": {
        "Open": 30.15625,
        "High": 31.46875,
        "Low": 29.90625,
        "Close": 30.1875,
        "Adj Close": 20.418485641479492,
        "Volume": 10597800.0
    },
    "AMT": {
        "Open": 22.875,
        "High": 23.1875,
        "Low": 22.5625,
        "Close": 22.625,
        "Adj Close": 16.542903900146484,
        "Volume": 303500.0
    },
    "AMZN": {
        "Open": 2.9312500953674316,
        "High": 3.028125047683716,
        "Low": 2.784374952316284,
        "Close": 2.789062976837158,
        "Adj Close": 2.789062976837158,
        "Volume": 310204000.0
    },
    "AVGO": {
        "Open": null,
        "High": null,
        "Low": null,
        "Close": null,
        "Adj Close": null,
        "Volume": null
    },
    "AXP": {
        "Open": 34.081993103027344,
        "High": 35.08494186401367,
        "Low": 33.407283782958984,
        "Close": 33.407283782958984,
        "Adj Close": 23.404802322387695,
        "Volume": 4988233.0
    },
    "BA": {
        "Open": 44.375,
        "High": 44.5625,
        "Low": 43.0,
        "Close": 43.0625,
        "Adj Close": 27.62375831604004,
        "Volume": 2982400.0
    },
    "BAC": {
        "Open": 32.25,
        "High": 32.75,
        "Low": 31.0625,
        "Close": 31.375,
        "Adj Close": 15.729433059692383,
        "Volume": 10687600.0
    },
    "BK": {
        "Open": 36.901100158691406,
        "High": 37.36485290527344,
        "Low": 35.7086067199707,
        "Close": 35.90735626220703,
        "Adj Close": 19.486753463745117,
        "Volume": 1357553.0
    },
    "BKNG": {
        "Open": 726.0,
        "High": 776.25,
        "Low": 618.0,
        "Close": 624.0,
        "Adj Close": 613.9541625976562,
        "Volume": 540600.0
    },
    "BLK": {
        "Open": null,
        "High": null,
        "Low": null,
        "Close": null,
        "Adj Close": null,
        "Volume": null
    },
    "BMY": {
        "Open": 62.162933349609375,
        "High": 63.352657318115234,
        "Low": 61.627559661865234,
        "Close": 61.627559661865234,
        "Adj Close": 23.13229751586914,
        "Volume": 3647598.0
    },
    "BRK-B": {
        "Open": 47.91999816894531,
        "High": 48.18000030517578,
        "Low": 47.279998779296875,
        "Close": 47.47999954223633,
        "Adj Close": 47.47999954223633,
        "Volume": 355000.0
    },
    "C": {
        "Open": 323.4375,
        "High": 329.375,
        "Low": 310.9375,
        "Close": 313.75,
        "Adj Close": 162.21868896484375,
        "Volume": 2577040.0
    },
    "CAT": {
        "Open": 29.59375,
        "High": 30.125,
        "Low": 29.25,
        "Close": 29.34375,
        "Adj Close": 14.967379570007324,
        "Volume": 1661800.0
    },
    "CL": {
        "Open": 22.75,
        "High": 23.734375,
        "Low": 22.75,
        "Close": 23.625,
        "Adj Close": 13.334632873535156,
        "Volume": 6269200.0
    },
    "CMCSA": {
        "Open": 11.402687072753906,
        "High": 11.441737174987793,
        "Low": 10.582630157470703,
        "Close": 10.680255889892578,
        "Adj Close": 7.247252464294434,
        "Volume": 959660.0
    },
    "COF": {
        "Open": 49.33333206176758,
        "High": 50.60416793823242,
        "Low": 48.875,
        "Close": 49.375,
        "Adj Close": 35.69996643066406,
        "Volume": 2770200.0
    },
    "COP": {
        "Open": 19.72494125366211,
        "High": 20.177566528320312,
        "Low": 19.6058292388916,
        "Close": 19.6058292388916,
        "Adj Close": 8.469039916992188,
        "Volume": 2938412.0
    },
    "COST": {
        "Open": 38.59375,
        "High": 39.25,
        "Low": 36.96875,
        "Close": 37.03125,
        "Adj Close": 24.706037521362305,
        "Volume": 3683400.0
    },
    "CRM": {
        "Open": null,
        "High": null,
        "Low": null,
        "Close": null,
        "Adj Close": null,
        "Volume": null
    },
    "CSCO": {
        "Open": 27.421875,
        "High": 27.421875,
        "Low": 26.03125,
        "Close": 26.09375,
        "Adj Close": 16.884002685546875,
        "Volume": 64752000.0
    },
    "CVS": {
        "Open": 25.0625,
        "High": 25.09375,
        "Low": 24.46875,
        "Close": 24.65625,
        "Adj Close": 15.551453590393066,
        "Volume": 3599200.0
    },
    "CVX": {
        "Open": 46.0,
        "High": 46.9375,
        "Low": 45.5,
        "Close": 45.5,
        "Adj Close": 17.045764923095703,
        "Volume": 1849600.0
    },
    "DE": {
        "Open": 19.65625,
        "High": 19.75,
        "Low": 19.28125,
        "Close": 19.3125,
        "Adj Close": 11.478174209594727,
        "Volume": 1667400.0
    },
    "DHR": {
        "Open": 10.302322387695312,
        "High": 10.407341003417969,
        "Low": 10.16579818725586,
        "Close": 10.16579818725586,
        "Adj Close": 6.011445999145508,
        "Volume": 1580078.0
    },
    "DIS": {
        "Open": 29.47168731689453,
        "High": 30.026594161987305,
        "Low": 29.34837532043457,
        "Close": 29.47168731689453,
        "Adj Close": 22.342052459716797,
        "Volume": 7103599.0
    },
    "DUK": {
        "Open": 52.08108901977539,
        "High": 52.898258209228516,
        "Low": 51.972129821777344,
        "Close": 52.407955169677734,
        "Adj Close": 15.66883373260498,
        "Volume": 1489818.0
    },
    "EMR": {
        "Open": 33.4375,
        "High": 33.5625,
        "Low": 33.0625,
        "Close": 33.09375,
        "Adj Close": 16.07433319091797,
        "Volume": 1514600.0
    },
    "FDX": {
        "Open": 53.875,
        "High": 55.9375,
        "Low": 53.125,
        "Close": 54.75,
        "Adj Close": 43.837913513183594,
        "Volume": 1782100.0
    },
    "GD": {
        "Open": 32.0,
        "High": 32.21875,
        "Low": 31.78125,
        "Close": 31.8125,
        "Adj Close": 18.36945915222168,
        "Volume": 1251800.0
    },
    "GE": {
        "Open": 166.2376708984375,
        "High": 167.7353057861328,
        "Low": 163.04270935058594,
        "Close": 163.54193115234375,
        "Adj Close": 87.70960235595703,
        "Volume": 3307461.0
    },
    "GILD": {
        "Open": 1.3671879768371582,
        "High": 1.3828129768371582,
        "Low": 1.354491949081421,
        "Close": 1.355468988418579,
        "Adj Close": 0.941713809967041,
        "Volume": 5728000.0
    },
    "GM": {
        "Open": null,
        "High": null,
        "Low": null,
        "Close": null,
        "Adj Close": null,
        "Volume": null
    },
    "GOOG": {
        "Open": null,