{
    "AAPL": {
        "Open": 0.37276801466941833,
        "High": 0.39620500802993774,
        "Low": 0.3683040142059326,
        "Close": 0.39341500401496887,
        "Adj Close": 0.330061137676239,
        "Volume": 437550400.0
    },
    "ABBV": {
        "Open": null,
        "High": null,
        "Low": null,
        "Close": null,
        "Adj Close": null,
        "Volume": null
    },
    "ABT": {
        "Open": 20.116371154785156,
        "High": 20.284709930419922,
        "Low": 19.86386489868164,
        "Close": 19.976089477539062,
        "Adj Close": 10.204887390136719,
        "Volume": 6696356.0
    },
    "ACN": {
        "Open": null,
        "High": null,
        "Low": null,
        "Close": null,
        "Adj Close": null,
        "Volume": null
    },
    "ADBE": {
        "Open": 9.5625,
        "High": 9.570313453674316,
        "Low": 8.46875,
        "Close": 9.195313453674316,
        "Adj Close": 9.117302894592285,
        "Volume": 24132800.0
    },
    "AIG": {
        "Open": 1196.0,
        "High": 1204.0,
        "Low": 1171.3333740234375,
        "Close": 1204.0,
        "Adj Close": 708.2885131835938,
        "Volume": 327216.0
    },
    "AMD": {
        "Open": 9.25,
        "High": 9.65625,
        "Low": 9.21875,
        "Close": 9.65625,
        "Adj Close": 9.65625,
        "Volume": 2273600.0
    },
    "AMGN": {
        "Open": 30.9375,
        "High": 31.0625,
        "Low": 29.5,
        "Close": 30.6875,
        "Adj Close": 20.756675720214844,
        "Volume": 8854200.0
    },
    "AMT": {
        "Open": 22.5,
        "High": 22.6875,
        "Low": 21.5,
        "Close": 22.5,
        "Adj Close": 16.451501846313477,
        "Volume": 635600.0
    },
    "AMZN": {
        "Open": 2.82968807220459,
        "High": 3.046875,
        "Low": 2.612499952316284,
        "Close": 3.023437976837158,
        "Adj Close": 3.023437976837158,
        "Volume": 423172000.0
    },
    "AVGO": {
        "Open": null,
        "High": null,
        "Low": null,
        "Close": null,
        "Adj Close": null,
        "Volume": null
    },
    "AXP": {
        "Open": 33.553165435791016,
        "High": 35.61376953125,
        "Low": 33.553165435791016,
        "Close": 34.88435363769531,
        "Adj Close": 24.43960189819336,
        "Volume": 6427739.0
    },
    "BA": {
        "Open": 43.0625,
        "High": 43.4375,
        "Low": 40.0,
        "Close": 41.3125,
        "Adj Close": 26.501174926757812,
        "Volume": 5324100.0
    },
    "BAC": {
        "Open": 31.5,
        "High": 33.0,
        "Low": 30.75,
        "Close": 33.0,
        "Adj Close": 16.544109344482422,
        "Volume": 9871200.0
    },
    "BK": {
        "Open": 35.90735626220703,
        "High": 38.42484664916992,
        "Low": 35.642356872558594,
        "Close": 38.35859680175781,
        "Adj Close": 20.81702995300293,
        "Volume": 2096329.0
    },
    "BKNG": {
        "Open": 651.0,
        "High": 690.0,
        "Low": 582.0,
        "Close": 682.6875,
        "Adj Close": 671.69677734375,
        "Volume": 691100.0
    },
    "BLK": {
        "Open": null,
        "High": null,
        "Low": null,
        "Close": null,
        "Adj Close": null,
        "Volume": null
    },
    "BMY": {
        "Open": 63.76905822753906,
        "High": 63.76905822753906,
        "Low": 62.103450775146484,
        "Close": 63.29317092895508,
        "Adj Close": 23.75748634338379,
        "Volume": 4291131.0
    },
    "BRK-B": {
        "Open": 47.2400016784668,
        "High": 47.68000030517578,
        "Low": 46.68000030517578,
        "Close": 47.0,
        "Adj Close": 47.0,
        "Volume": 675000.0
    },
    "C": {
        "Open": 315.0,
        "High": 325.625,
        "Low": 313.4375,
        "Close": 323.4375,
        "Adj Close": 167.22763061523438,
        "Volume": 2322120.0
    },
    "CAT": {
        "Open": 29.34375,
        "High": 29.46875,
        "Low": 28.625,
        "Close": 28.90625,
        "Adj Close": 14.744221687316895,
        "Volume": 2123200.0
    },
    "CL": {
        "Open": 23.6875,
        "High": 24.8125,
        "Low": 23.625,
        "Close": 24.515625,
        "Adj Close": 13.83732795715332,
        "Volume": 4568000.0
    },
    "CMCSA": {
        "Open": 10.875508308410645,
        "High": 11.129335403442383,
        "Low": 10.582630157470703,
        "Close": 11.012184143066406,
        "Adj Close": 7.4724884033203125,
        "Volume": 1832573.0
    },
    "COF": {
        "Open": 49.3125,
        "High": 50.375,
        "Low": 46.875,
        "Close": 48.0,
        "Adj Close": 34.705772399902344,
        "Volume": 3318300.0
    },
    "COP": {
        "Open": 19.70111846923828,
        "High": 20.20138931274414,
        "Low": 19.70111846923828,
        "Close": 19.98698616027832,
        "Adj Close": 8.633683204650879,
        "Volume": 2385623.0
    },
    "COST": {
        "Open": 37.03125,
        "High": 37.0625,
        "Low": 35.6875,
        "Close": 36.75,
        "Adj Close": 24.518388748168945,
        "Volume": 4629400.0
    },
    "CRM": {
        "Open": null,
        "High": null,
        "Low": null,
        "Close": null,
        "Adj Close": null,
        "Volume": null
    },
    "CSCO": {
        "Open": 26.34375,
        "High": 27.515625,
        "Low": 25.9375,
        "Close": 27.28125,
        "Adj Close": 17.65237045288086,
        "Volume": 80338400.0
    },
    "CVS": {
        "Open": 24.4375,
        "High": 24.46875,
        "Low": 23.9375,
        "Close": 24.25,
        "Adj Close": 15.295228004455566,
        "Volume": 2561000.0
    },
    "CVX": {
        "Open": 46.09375,
        "High": 47.21875,
        "Low": 46.09375,
        "Close": 47.03125,
        "Adj Close": 17.619421005249023,
        "Volume": 2155400.0
    },
    "DE": {
        "Open": 19.65625,
        "High": 19.6875,
        "Low": 19.03125,
        "Close": 19.625,
        "Adj Close": 11.663908004760742,
        "Volume": 1956400.0
    },
    "DHR": {
        "Open": 10.207805633544922,
        "High": 10.228809356689453,
        "Low": 10.060779571533203,
        "Close": 10.197303771972656,
        "Adj Close": 6.030080318450928,
        "Volume": 2767963.0
    },
    "DIS": {
        "Open": 29.47168731689453,
        "High": 30.026594161987305,
        "Low": 29.34837532043457,
        "Close": 29.594999313354492,
        "Adj Close": 22.43553352355957,
        "Volume": 6228485.0
    },
    "DUK": {
        "Open": 52.68034744262695,
        "High": 53.3885612487793,
        "Low": 52.57139205932617,
        "Close": 53.334083557128906,
        "Adj Close": 15.945723533630371,
        "Volume": 1788906.0
    },
    "EMR": {
        "Open": 33.0625,
        "High": 33.0625,
        "Low": 32.15625,
        "Close": 32.3125,
        "Adj Close": 15.694872856140137,
        "Volume": 2009800.0
    },
    "FDX": {
        "Open": 55.0,
        "High": 55.6875,
        "Low": 53.9375,
        "Close": 55.3125,
        "Adj Close": 44.28830337524414,
        "Volume": 1214100.0
    },
    "GD": {
        "Open": 31.84375,
        "High": 32.25,
        "Low": 31.75,
        "Close": 32.25,
        "Adj Close": 18.62209701538086,
        "Volume": 1915000.0
    },
    "GE": {
        "Open": 165.33909606933594,
        "High": 165.43893432617188,
        "Low": 162.14413452148438,
        "Close": 164.7400360107422,
        "Adj Close": 88.35212707519531,
        "Volume": 4021211.0
    },
    "GILD": {
        "Open": 1.355468988418579,
        "High": 1.359375,
        "Low": 1.308593988418579,
        "Close": 1.3378909826278687,
        "Adj Close": 0.9295015931129456,
        "Volume": 7817600.0
    },
    "GM": {
        "Open": null,
        "High": null,
        "Low": null,
        "Close": null,
        "Adj Close": null,
        "Volume": null
    },
    "GOOG": {
        "Open": null,
        "High": null,
        "Low": null,
        "Close": null,