{
    "AAPL": {
        "Open": 0.20089299976825714,
        "High": 0.2109380066394806,
        "Low": 0.1908479928970337,
        "Close": 0.20982100069522858,
        "Adj Close": 0.17603228986263275,
        "Volume": 546436800.0
    },
    "ABBV": {
        "Open": null,
        "High": null,
        "Low": null,
        "Close": null,
        "Adj Close": null,
        "Volume": null
    },
    "ABT": {
        "Open": 12.064210891723633,
        "High": 12.12032413482666,
        "Low": 11.8117036819458,
        "Close": 11.839760780334473,
        "Adj Close": 5.790994167327881,
        "Volume": 12144775.0
    },
    "ACN": {
        "Open": null,
        "High": null,
        "Low": null,
        "Close": null,
        "Adj Close": null,
        "Volume": null
    },
    "ADBE": {
        "Open": 5.234375,
        "High": 5.296875,
        "Low": 5.078125,
        "Close": 5.09375,
        "Adj Close": 4.995093822479248,
        "Volume": 3803200.0
    },
    "AIG": {
        "Open": 535.7036743164062,
        "High": 535.7036743164062,
        "Low": 523.8518676757812,
        "Close": 525.629638671875,
        "Adj Close": 307.31744384765625,
        "Volume": 368044.0
    },
    "AMD": {
        "Open": 13.4375,
        "High": 13.4375,
        "Low": 12.875,
        "Close": 13.0,
        "Adj Close": 13.0,
        "Volume": 2432000.0
    },
    "AMGN": {
        "Open": 14.59375,
        "High": 14.59375,
        "Low": 14.28125,
        "Close": 14.34375,
        "Adj Close": 9.701947212219238,
        "Volume": 7814400.0
    },
    "AMT": {
        "Open": null,
        "High": null,
        "Low": null,
        "Close": null,
        "Adj Close": null,
        "Volume": null
    },
    "AMZN": {
        "Open": null,
        "High": null,
        "Low": null,
        "Close": null,
        "Adj Close": null,
        "Volume": null
    },
    "AVGO": {
        "Open": null,
        "High": null,
        "Low": null,
        "Close": null,
        "Adj Close": null,
        "Volume": null
    },
    "AXP": {
        "Open": 16.484817504882812,
        "High": 16.52128791809082,
        "Low": 16.193050384521484,
        "Close": 16.375404357910156,
        "Adj Close": 11.161870002746582,
        "Volume": 7574546.0
    },
    "BA": {
        "Open": 51.75,
        "High": 52.6875,
        "Low": 51.75,
        "Close": 52.6875,
        "Adj Close": 32.77914047241211,
        "Volume": 6055000.0
    },
    "BAC": {
        "Open": 25.0625,
        "High": 25.09375,
        "Low": 24.59375,
        "Close": 24.71875,
        "Adj Close": 11.74697208404541,
        "Volume": 6423600.0
    },
    "BK": {
        "Open": 19.079923629760742,
        "High": 19.079923629760742,
        "Low": 18.48367691040039,
        "Close": 18.682424545288086,
        "Adj Close": 9.655570030212402,
        "Volume": 2443406.0
    },
    "BKNG": {
        "Open": null,
        "High": null,
        "Low": null,
        "Close": null,
        "Adj Close": null,
        "Volume": null
    },
    "BLK": {
        "Open": null,
        "High": null,
        "Low": null,
        "Close": null,
        "Adj Close": null,
        "Volume": null
    },
    "BMY": {
        "Open": 26.382068634033203,
        "High": 26.887699127197266,
        "Low": 25.99540901184082,
        "Close": 26.768728256225586,
        "Adj Close": 9.614255905151367,
        "Volume": 7741729.0
    },
    "BRK-B": {
        "Open": 22.200000762939453,
        "High": 22.200000762939453,
        "Low": 22.059999465942383,
        "Close": 22.059999465942383,
        "Adj Close": 22.059999465942383,
        "Volume": 190000.0
    },
    "C": {
        "Open": 154.1666717529297,
        "High": 154.1666717529297,
        "Low": 150.8333282470703,
        "Close": 150.8333282470703,
        "Adj Close": 75.95315551757812,
        "Volume": 765960.0
    },
    "CAT": {
        "Open": 18.78125,
        "High": 19.03125,
        "Low": 18.78125,
        "Close": 18.875,
        "Adj Close": 9.142274856567383,
        "Volume": 4808400.0
    },
    "CL": {
        "Open": 11.625,
        "High": 11.625,
        "Low": 11.453125,
        "Close": 11.53125,
        "Adj Close": 6.2732768058776855,
        "Volume": 6204000.0
    },
    "CMCSA": {
        "Open": 2.635895013809204,
        "High": 2.674945116043091,
        "Low": 2.635895013809204,
        "Close": 2.674945116043091,
        "Adj Close": 1.8027408123016357,
        "Volume": 1387313.0
    },
    "COF": {
        "Open": 11.75,
        "High": 11.75,
        "Low": 11.625,
        "Close": 11.75,
        "Adj Close": 8.38721752166748,
        "Volume": 490200.0
    },
    "COP": {
        "Open": 17.437990188598633,
        "High": 17.437990188598633,
        "Low": 17.009187698364258,
        "Close": 17.152122497558594,
        "Adj Close": 6.864048480987549,
        "Volume": 2476924.0
    },
    "COST": {
        "Open": 12.5,
        "High": 12.625,
        "Low": 12.3125,
        "Close": 12.3125,
        "Adj Close": 8.214495658874512,
        "Volume": 5823000.0
    },
    "CRM": {
        "Open": null,
        "High": null,
        "Low": null,
        "Close": null,
        "Adj Close": null,
        "Volume": null
    },
    "CSCO": {
        "Open": 7.361111164093018,
        "High": 7.361111164093018,
        "Low": 7.1666669845581055,
        "Close": 7.222221851348877,
        "Adj Close": 4.673149108886719,
        "Volume": 73972800.0
    },
    "CVS": {
        "Open": 10.5,
        "High": 10.5,
        "Low": 10.15625,
        "Close": 10.1875,
        "Adj Close": 6.348531723022461,
        "Volume": 1866400.0
    },
    "CVX": {
        "Open": 34.0,
        "High": 34.0,
        "Low": 32.6875,
        "Close": 32.9375,
        "Adj Close": 11.448114395141602,
        "Volume": 4710200.0
    },
    "DE": {
        "Open": 21.75,
        "High": 21.75,
        "Low": 21.0625,
        "Close": 21.3125,
        "Adj Close": 12.069005012512207,
        "Volume": 2315400.0
    },
    "DHR": {
        "Open": 3.770167112350464,
        "High": 3.8279271125793457,
        "Low": 3.738661050796509,
        "Close": 3.822675943374634,
        "Adj Close": 2.251314163208008,
        "Volume": 2086536.0
    },
    "DIS": {
        "Open": 23.799312591552734,
        "High": 24.25145721435547,
        "Low": 23.676000595092773,
        "Close": 23.799312591552734,
        "Adj Close": 17.811763763427734,
        "Volume": 9672985.0
    },
    "DUK": {
        "Open": 41.83919906616211,
        "High": 41.83919906616211,
        "Low": 39.66007614135742,
        "Close": 39.66007614135742,
        "Adj Close": 10.698420524597168,
        "Volume": 1302587.0
    },
    "EMR": {
        "Open": 25.0,
        "High": 25.09375,
        "Low": 24.75,
        "Close": 24.75,
        "Adj Close": 11.434895515441895,
        "Volume": 2796000.0
    },
    "FDX": {
        "Open": 21.875,
        "High": 21.875,
        "Low": 21.4375,
        "Close": 21.5625,
        "Adj Close": 17.264936447143555,
        "Volume": 1163400.0
    },
    "GD": {
        "Open": 18.375,
        "High": 18.375,
        "Low": 17.59375,
        "Close": 17.78125,
        "Adj Close": 9.784663200378418,
        "Volume": 1153200.0
    },
    "GE": {
        "Open": 83.66796875,
        "High": 83.76781463623047,
        "Low": 81.57128143310547,
        "Close": 81.6711196899414,
        "Adj Close": 42.083335876464844,
        "Volume": 8439422.0
    },
    "GILD": {
        "Open": 0.8476560115814209,
        "High": 0.8476560115814209,
        "Low": 0.796875,
        "Close": 0.8085939884185791,
        "Adj Close": 0.5617718696594238,
        "Volume": 5289600.0
    },
    "GM": {
        "Open": null,
        "High": null,
        "Low": null,
        "Close": null,
        "Adj Close": null,
        "Volume": null
    },
    "GOOG": {
        "Open": null,
        "High": null,
        "Low": null,
        "Close": null,