{
    "AAPL": {
        "Open": 0.1595979928970337,
        "High": 0.16127200424671173,
        "Low": 0.15736599266529083,
        "Close": 0.16071400046348572,
        "Adj Close": 0.13483324646949768,
        "Volume": 222432000.0
    },
    "ABBV": {
        "Open": null,
        "High": null,
        "Low": null,
        "Close": null,
        "Adj Close": null,
        "Volume": null
    },
    "ABT": {
        "Open": 12.456998825073242,
        "High": 12.765619277954102,
        "Low": 12.316718101501465,
        "Close": 12.541168212890625,
        "Adj Close": 6.190919399261475,
        "Volume": 5030955.0
    },
    "ACN": {
        "Open": null,
        "High": null,
        "Low": null,
        "Close": null,
        "Adj Close": null,
        "Volume": null
    },
    "ADBE": {
        "Open": 4.96875,
        "High": 5.125,
        "Low": 4.9375,
        "Close": 5.09375,
        "Adj Close": 5.007299900054932,
        "Volume": 9355200.0
    },
    "AIG": {
        "Open": 554.6666870117188,
        "High": 555.25927734375,
        "Low": 539.8518676757812,
        "Close": 541.629638671875,
        "Adj Close": 316.9326477050781,
        "Volume": 306450.0
    },
    "AMD": {
        "Open": 20.375,
        "High": 20.625,
        "Low": 19.5,
        "Close": 19.75,
        "Adj Close": 19.75,
        "Volume": 11784000.0
    },
    "AMGN": {
        "Open": 14.4375,
        "High": 14.53125,
        "Low": 14.125,
        "Close": 14.25,
        "Adj Close": 9.638540267944336,
        "Volume": 5306000.0
    },
    "AMT": {
        "Open": null,
        "High": null,
        "Low": null,
        "Close": null,
        "Adj Close": null,
        "Volume": null
    },
    "AMZN": {
        "Open": null,
        "High": null,
        "Low": null,
        "Close": null,
        "Adj Close": null,
        "Volume": null
    },
    "AVGO": {
        "Open": null,
        "High": null,
        "Low": null,
        "Close": null,
        "Adj Close": null,
        "Volume": null
    },
    "AXP": {
        "Open": 17.506000518798828,
        "High": 17.615413665771484,
        "Low": 16.922466278076172,
        "Close": 17.068349838256836,
        "Adj Close": 11.723431587219238,
        "Volume": 5192505.0
    },
    "BA": {
        "Open": 49.8125,
        "High": 49.8125,
        "Low": 49.0625,
        "Close": 49.125,
        "Adj Close": 30.64284324645996,
        "Volume": 2676600.0
    },
    "BAC": {
        "Open": 27.9375,
        "High": 28.0625,
        "Low": 27.1875,
        "Close": 27.9375,
        "Adj Close": 13.347358703613281,
        "Volume": 4425800.0
    },
    "BK": {
        "Open": 19.27867317199707,
        "High": 19.34492301940918,
        "Low": 18.61617660522461,
        "Close": 18.814924240112305,
        "Adj Close": 9.788634300231934,
        "Volume": 1508119.0
    },
    "BKNG": {
        "Open": null,
        "High": null,
        "Low": null,
        "Close": null,
        "Adj Close": null,
        "Volume": null
    },
    "BLK": {
        "Open": null,
        "High": null,
        "Low": null,
        "Close": null,
        "Adj Close": null,
        "Volume": null
    },
    "BMY": {
        "Open": 29.50508689880371,
        "High": 29.50508689880371,
        "Low": 28.850740432739258,
        "Close": 28.850740432739258,
        "Adj Close": 10.498112678527832,
        "Volume": 4547914.0
    },
    "BRK-B": {
        "Open": 24.299999237060547,
        "High": 24.299999237060547,
        "Low": 24.059999465942383,
        "Close": 24.100000381469727,
        "Adj Close": 24.100000381469727,
        "Volume": 100000.0
    },
    "C": {
        "Open": 165.8333282470703,
        "High": 165.8333282470703,
        "Low": 156.25,
        "Close": 157.5,
        "Adj Close": 79.544189453125,
        "Volume": 684840.0
    },
    "CAT": {
        "Open": 19.75,
        "High": 20.0,
        "Low": 19.5625,
        "Close": 19.59375,
        "Adj Close": 9.539641380310059,
        "Volume": 2036000.0
    },
    "CL": {
        "Open": 12.875,
        "High": 13.21875,
        "Low": 12.6875,
        "Close": 12.953125,
        "Adj Close": 7.081432819366455,
        "Volume": 5074400.0
    },
    "CMCSA": {
        "Open": 2.5187439918518066,
        "High": 2.5577940940856934,
        "Low": 2.401592969894409,
        "Close": 2.401592969894409,
        "Adj Close": 1.6205132007598877,
        "Volume": 4055667.0
    },
    "COF": {
        "Open": 12.166666984558105,
        "High": 12.166666984558105,
        "Low": 11.5,
        "Close": 11.5,
        "Adj Close": 8.225371360778809,
        "Volume": 1222800.0
    },
    "COP": {
        "Open": 15.341621398925781,
        "High": 15.67513370513916,
        "Low": 15.341621398925781,
        "Close": 15.4845552444458,
        "Adj Close": 6.241722106933594,
        "Volume": 1373445.0
    },
    "COST": {
        "Open": 14.0625,
        "High": 14.1875,
        "Low": 13.25,
        "Close": 13.4375,
        "Adj Close": 8.965055465698242,
        "Volume": 2928200.0
    },
    "CRM": {
        "Open": null,
        "High": null,
        "Low": null,
        "Close": null,
        "Adj Close": null,
        "Volume": null
    },
    "CSCO": {
        "Open": 5.430555820465088,
        "High": 5.472221851348877,
        "Low": 5.222221851348877,
        "Close": 5.277778148651123,
        "Adj Close": 3.4149932861328125,
        "Volume": 99843300.0
    },
    "CVS": {
        "Open": 11.40625,
        "High": 11.4375,
        "Low": 11.25,
        "Close": 11.265625,
        "Adj Close": 7.024997711181641,
        "Volume": 2751600.0
    },
    "CVX": {
        "Open": 34.125,
        "High": 34.25,
        "Low": 33.4375,
        "Close": 33.5,
        "Adj Close": 11.736321449279785,
        "Volume": 3680000.0
    },
    "DE": {
        "Open": 21.75,
        "High": 22.1875,
        "Low": 21.75,
        "Close": 21.9375,
        "Adj Close": 12.539862632751465,
        "Volume": 1573600.0
    },
    "DHR": {
        "Open": 3.4341070652008057,
        "High": 3.4341070652008057,
        "Low": 3.2765800952911377,
        "Close": 3.3395910263061523,
        "Adj Close": 1.9690202474594116,
        "Volume": 7721253.0
    },
    "DIS": {
        "Open": 23.799312591552734,
        "High": 24.29256248474121,
        "Low": 23.38827133178711,
        "Close": 23.799312591552734,
        "Adj Close": 17.840259552001953,
        "Volume": 4245312.0
    },
    "DUK": {
        "Open": 38.46155548095703,
        "High": 39.0063362121582,
        "Low": 38.46155548095703,
        "Close": 38.67947006225586,
        "Adj Close": 10.556190490722656,
        "Volume": 595193.0
    },
    "EMR": {
        "Open": 23.1875,
        "High": 23.375,
        "Low": 23.0625,
        "Close": 23.0625,
        "Adj Close": 10.710195541381836,
        "Volume": 1127200.0
    },
    "FDX": {
        "Open": 26.25,
        "High": 26.25,
        "Low": 25.375,
        "Close": 25.375,
        "Adj Close": 20.317577362060547,
        "Volume": 1246600.0
    },
    "GD": {
        "Open": 16.25,
        "High": 16.59375,
        "Low": 16.25,
        "Close": 16.3125,
        "Adj Close": 9.028029441833496,
        "Volume": 779600.0
    },
    "GE": {
        "Open": 78.47616577148438,
        "High": 79.27490234375,
        "Low": 78.07678985595703,
        "Close": 78.07678985595703,
        "Adj Close": 40.63930892944336,
        "Volume": 4272356.0
    },
    "GILD": {
        "Open": 0.7304689884185791,
        "High": 0.7304689884185791,
        "Low": 0.703125,
        "Close": 0.71875,
        "Adj Close": 0.4993526339530945,
        "Volume": 3321600.0
    },
    "GM": {
        "Open": null,
        "High": null,
        "Low": null,
        "Close": null,
        "Adj Close": null,
        "Volume": null
    },
    "GOOG": {
        "Open": null,
        "High": null,
        "Low": null,
        "Close": null,
        "Adj Close": null,