{
    "AAPL": {
        "Open": 0.17075900733470917,
        "High": 0.1752229928970337,
        "Low": 0.16964299976825714,
        "Close": 0.171875,
        "Adj Close": 0.14419695734977722,
        "Volume": 475249600.0
    },
    "ABBV": {
        "Open": null,
        "High": null,
        "Low": null,
        "Close": null,
        "Adj Close": null,
        "Volume": null
    },
    "ABT": {
        "Open": 12.456998825073242,
        "High": 12.821730613708496,
        "Low": 12.400886535644531,
        "Close": 12.821730613708496,
        "Adj Close": 6.3294172286987305,
        "Volume": 4448198.0
    },
    "ACN": {
        "Open": null,
        "High": null,
        "Low": null,
        "Close": null,
        "Adj Close": null,
        "Volume": null
    },
    "ADBE": {
        "Open": 5.234375,
        "High": 5.4375,
        "Low": 5.1875,
        "Close": 5.375,
        "Adj Close": 5.283775329589844,
        "Volume": 18067200.0
    },
    "AIG": {
        "Open": 544.0,
        "High": 552.2963256835938,
        "Low": 542.8148193359375,
        "Close": 547.5555419921875,
        "Adj Close": 320.4001770019531,
        "Volume": 243886.0
    },
    "AMD": {
        "Open": 19.0,
        "High": 19.9375,
        "Low": 18.75,
        "Close": 19.8125,
        "Adj Close": 19.8125,
        "Volume": 7040000.0
    },
    "AMGN": {
        "Open": 14.125,
        "High": 14.34375,
        "Low": 14.125,
        "Close": 14.28125,
        "Adj Close": 9.65967845916748,
        "Volume": 4719600.0
    },
    "AMT": {
        "Open": null,
        "High": null,
        "Low": null,
        "Close": null,
        "Adj Close": null,
        "Volume": null
    },
    "AMZN": {
        "Open": null,
        "High": null,
        "Low": null,
        "Close": null,
        "Adj Close": null,
        "Volume": null
    },
    "AVGO": {
        "Open": null,
        "High": null,
        "Low": null,
        "Close": null,
        "Adj Close": null,
        "Volume": null
    },
    "AXP": {
        "Open": 17.250703811645508,
        "High": 17.615413665771484,
        "Low": 17.068349838256836,
        "Close": 17.360116958618164,
        "Adj Close": 11.923828125,
        "Volume": 5701131.0
    },
    "BA": {
        "Open": 47.9375,
        "High": 49.1875,
        "Low": 47.625,
        "Close": 49.0,
        "Adj Close": 30.564855575561523,
        "Volume": 3791600.0
    },
    "BAC": {
        "Open": 27.0,
        "High": 28.0625,
        "Low": 27.0,
        "Close": 27.9375,
        "Adj Close": 13.347358703613281,
        "Volume": 4819000.0
    },
    "BK": {
        "Open": 18.748674392700195,
        "High": 19.14617347717285,
        "Low": 18.5499267578125,
        "Close": 19.013673782348633,
        "Adj Close": 9.892032623291016,
        "Volume": 2107367.0
    },
    "BKNG": {
        "Open": null,
        "High": null,
        "Low": null,
        "Close": null,
        "Adj Close": null,
        "Volume": null
    },
    "BLK": {
        "Open": null,
        "High": null,
        "Low": null,
        "Close": null,
        "Adj Close": null,
        "Volume": null
    },
    "BMY": {
        "Open": 29.326629638671875,
        "High": 30.75429344177246,
        "Low": 29.148170471191406,
        "Close": 30.694807052612305,
        "Adj Close": 11.169121742248535,
        "Volume": 5052234.0
    },
    "BRK-B": {
        "Open": 24.100000381469727,
        "High": 24.479999542236328,
        "Low": 23.940000534057617,
        "Close": 24.479999542236328,
        "Adj Close": 24.479999542236328,
        "Volume": 115000.0
    },
    "C": {
        "Open": 157.0833282470703,
        "High": 161.25,
        "Low": 157.0833282470703,
        "Close": 160.0,
        "Adj Close": 80.80674743652344,
        "Volume": 712380.0
    },
    "CAT": {
        "Open": 19.3125,
        "High": 19.875,
        "Low": 19.09375,
        "Close": 19.78125,
        "Adj Close": 9.630934715270996,
        "Volume": 1886000.0
    },
    "CL": {
        "Open": 12.6875,
        "High": 12.90625,
        "Low": 12.421875,
        "Close": 12.890625,
        "Adj Close": 7.047266960144043,
        "Volume": 5984000.0
    },
    "CMCSA": {
        "Open": 2.4211180210113525,
        "High": 2.4211180210113525,
        "Low": 2.343018054962158,
        "Close": 2.382067918777466,
        "Adj Close": 1.6073377132415771,
        "Volume": 3816232.0
    },
    "COF": {
        "Open": 11.333333015441895,
        "High": 11.541666984558105,
        "Low": 11.291666984558105,
        "Close": 11.416666984558105,
        "Adj Close": 8.165769577026367,
        "Volume": 1377900.0
    },
    "COP": {
        "Open": 15.103397369384766,
        "High": 15.246331214904785,
        "Low": 14.91281795501709,
        "Close": 14.91281795501709,
        "Adj Close": 6.011258125305176,
        "Volume": 2314786.0
    },
    "COST": {
        "Open": 14.1875,
        "High": 14.75,
        "Low": 14.1875,
        "Close": 14.625,
        "Adj Close": 9.757319450378418,
        "Volume": 4409600.0
    },
    "CRM": {
        "Open": null,
        "High": null,
        "Low": null,
        "Close": null,
        "Adj Close": null,
        "Volume": null
    },
    "CSCO": {
        "Open": 5.347221851348877,
        "High": 5.75,
        "Low": 5.3333330154418945,
        "Close": 5.652778148651123,
        "Adj Close": 3.657636880874634,
        "Volume": 138881700.0
    },
    "CVS": {
        "Open": 11.0625,
        "High": 11.34375,
        "Low": 11.0625,
        "Close": 11.3125,
        "Adj Close": 7.054227352142334,
        "Volume": 2430800.0
    },
    "CVX": {
        "Open": 32.125,
        "High": 32.625,
        "Low": 31.875,
        "Close": 32.5,
        "Adj Close": 11.385976791381836,
        "Volume": 3060000.0
    },
    "DE": {
        "Open": 21.875,
        "High": 22.25,
        "Low": 21.6875,
        "Close": 22.25,
        "Adj Close": 12.71849536895752,
        "Volume": 1358200.0
    },
    "DHR": {
        "Open": 3.350092887878418,
        "High": 3.4236059188842773,
        "Low": 3.3395910263061523,
        "Close": 3.4131040573120117,
        "Adj Close": 2.0123629570007324,
        "Volume": 2247221.0
    },
    "DIS": {
        "Open": 23.881521224975586,
        "High": 24.25145721435547,
        "Low": 23.63489532470703,
        "Close": 24.25145721435547,
        "Adj Close": 18.1791934967041,
        "Volume": 3582058.0
    },
    "DUK": {
        "Open": 38.24364471435547,
        "High": 38.46155548095703,
        "Low": 38.13468933105469,
        "Close": 38.24364471435547,
        "Adj Close": 10.437249183654785,
        "Volume": 259967.0
    },
    "EMR": {
        "Open": 22.875,
        "High": 23.625,
        "Low": 22.75,
        "Close": 23.625,
        "Adj Close": 10.971419334411621,
        "Volume": 1942400.0
    },
    "FDX": {
        "Open": 25.25,
        "High": 26.625,
        "Low": 25.1875,
        "Close": 26.625,
        "Adj Close": 21.318439483642578,
        "Volume": 959800.0
    },
    "GD": {
        "Open": 16.0,
        "High": 16.59375,
        "Low": 15.96875,
        "Close": 16.34375,
        "Adj Close": 9.045324325561523,
        "Volume": 1266000.0
    },
    "GE": {
        "Open": 78.07678985595703,
        "High": 80.77253723144531,
        "Low": 77.9769515991211,
        "Close": 80.5728530883789,
        "Adj Close": 41.93851852416992,
        "Volume": 4604505.0
    },
    "GILD": {
        "Open": 0.7421879768371582,
        "High": 0.8085939884185791,
        "Low": 0.7304689884185791,
        "Close": 0.8085939884185791,
        "Adj Close": 0.5617718696594238,
        "Volume": 12179200.0
    },
    "GM": {
        "Open": null,
        "High": null,
        "Low": null,
        "Close": null,
        "Adj Close": null,
        "Volume": null
    },
    "GOOG": {
        "Open": null,
        "High": null,
        "Low": null,
        "Close": null,