{
    "AAPL": {
        "Open": 0.1640630066394806,
        "High": 0.1685270071029663,
        "Low": 0.16071400046348572,
        "Close": 0.16741099953651428,
        "Adj Close": 0.1404518187046051,
        "Volume": 112358400.0
    },
    "ABBV": {
        "Open": null,
        "High": null,
        "Low": null,
        "Close": null,
        "Adj Close": null,
        "Volume": null
    },
    "ABT": {
        "Open": 12.260604858398438,
        "High": 12.428942680358887,
        "Low": 12.064210891723633,
        "Close": 12.34477424621582,
        "Adj Close": 6.123164176940918,
        "Volume": 5096448.0
    },
    "ACN": {
        "Open": null,
        "High": null,
        "Low": null,
        "Close": null,
        "Adj Close": null,
        "Volume": null
    },
    "ADBE": {
        "Open": 5.15625,
        "High": 5.328125,
        "Low": 5.15625,
        "Close": 5.28125,
        "Adj Close": 5.191616535186768,
        "Volume": 9820000.0
    },
    "AIG": {
        "Open": 540.4444580078125,
        "High": 543.4074096679688,
        "Low": 533.3333129882812,
        "Close": 542.2222290039062,
        "Adj Close": 317.279541015625,
        "Volume": 204019.0
    },
    "AMD": {
        "Open": 19.25,
        "High": 19.375,
        "Low": 18.5625,
        "Close": 19.125,
        "Adj Close": 19.125,
        "Volume": 5571000.0
    },
    "AMGN": {
        "Open": 14.0625,
        "High": 14.15625,
        "Low": 13.90625,
        "Close": 14.0,
        "Adj Close": 9.469443321228027,
        "Volume": 4366000.0
    },
    "AMT": {
        "Open": null,
        "High": null,
        "Low": null,
        "Close": null,
        "Adj Close": null,
        "Volume": null
    },
    "AMZN": {
        "Open": null,
        "High": null,
        "Low": null,
        "Close": null,
        "Adj Close": null,
        "Volume": null
    },
    "AVGO": {
        "Open": null,
        "High": null,
        "Low": null,
        "Close": null,
        "Adj Close": null,
        "Volume": null
    },
    "AXP": {
        "Open": 16.995407104492188,
        "High": 17.250703811645508,
        "Low": 16.885995864868164,
        "Close": 16.958938598632812,
        "Adj Close": 11.64828109741211,
        "Volume": 2398492.0
    },
    "BA": {
        "Open": 50.1875,
        "High": 50.4375,
        "Low": 49.25,
        "Close": 50.375,
        "Adj Close": 31.422544479370117,
        "Volume": 2189800.0
    },
    "BAC": {
        "Open": 27.5,
        "High": 27.8125,
        "Low": 27.3125,
        "Close": 27.8125,
        "Adj Close": 13.287635803222656,
        "Volume": 3715800.0
    },
    "BK": {
        "Open": 17.953678131103516,
        "High": 18.284927368164062,
        "Low": 17.688678741455078,
        "Close": 18.284927368164062,
        "Adj Close": 9.512894630432129,
        "Volume": 1648120.0
    },
    "BKNG": {
        "Open": null,
        "High": null,
        "Low": null,
        "Close": null,
        "Adj Close": null,
        "Volume": null
    },
    "BLK": {
        "Open": null,
        "High": null,
        "Low": null,
        "Close": null,
        "Adj Close": null,
        "Volume": null
    },
    "BMY": {
        "Open": 27.779991149902344,
        "High": 27.898963928222656,
        "Low": 27.244617462158203,
        "Close": 27.898963928222656,
        "Adj Close": 10.151777267456055,
        "Volume": 3796478.0
    },
    "BRK-B": {
        "Open": 24.5,
        "High": 24.84000015258789,
        "Low": 24.459999084472656,
        "Close": 24.760000228881836,
        "Adj Close": 24.760000228881836,
        "Volume": 55000.0
    },
    "C": {
        "Open": 157.0833282470703,
        "High": 161.6666717529297,
        "Low": 156.25,
        "Close": 161.25,
        "Adj Close": 81.43809509277344,
        "Volume": 464280.0
    },
    "CAT": {
        "Open": 19.21875,
        "High": 19.96875,
        "Low": 19.125,
        "Close": 19.84375,
        "Adj Close": 9.661360740661621,
        "Volume": 1275200.0
    },
    "CL": {
        "Open": 12.4375,
        "High": 12.671875,
        "Low": 12.3125,
        "Close": 12.609375,
        "Adj Close": 6.893505573272705,
        "Volume": 2383200.0
    },
    "CMCSA": {
        "Open": 2.245392084121704,
        "High": 2.3039679527282715,
        "Low": 2.245392084121704,
        "Close": 2.2942049503326416,
        "Adj Close": 1.5480515956878662,
        "Volume": 1992943.0
    },
    "COF": {
        "Open": 11.125,
        "High": 11.166666984558105,
        "Low": 11.041666984558105,
        "Close": 11.041666984558105,
        "Adj Close": 7.8975510597229,
        "Volume": 456900.0
    },
    "COP": {
        "Open": 14.484015464782715,
        "High": 14.626949310302734,
        "Low": 14.388725280761719,
        "Close": 14.484015464782715,
        "Adj Close": 5.838409900665283,
        "Volume": 2451475.0
    },
    "COST": {
        "Open": 14.0,
        "High": 14.0625,
        "Low": 13.4375,
        "Close": 13.625,
        "Adj Close": 9.09014892578125,
        "Volume": 3091800.0
    },
    "CRM": {
        "Open": null,
        "High": null,
        "Low": null,
        "Close": null,
        "Adj Close": null,
        "Volume": null
    },
    "CSCO": {
        "Open": 5.722221851348877,
        "High": 5.9166669845581055,
        "Low": 5.5833330154418945,
        "Close": 5.9166669845581055,
        "Adj Close": 3.8283872604370117,
        "Volume": 80044200.0
    },
    "CVS": {
        "Open": 11.5,
        "High": 11.6875,
        "Low": 11.5,
        "Close": 11.6875,
        "Adj Close": 7.288064479827881,
        "Volume": 2910000.0
    },
    "CVX": {
        "Open": 31.125,
        "High": 32.0,
        "Low": 30.875,
        "Close": 31.9375,
        "Adj Close": 11.188910484313965,
        "Volume": 2885200.0
    },
    "DE": {
        "Open": 21.0,
        "High": 22.25,
        "Low": 21.0,
        "Close": 22.0625,
        "Adj Close": 12.611310958862305,
        "Volume": 1809800.0
    },
    "DHR": {
        "Open": 3.402601957321167,
        "High": 3.4131040573120117,
        "Low": 3.3921000957489014,
        "Close": 3.4131040573120117,
        "Adj Close": 2.0123629570007324,
        "Volume": 999823.0
    },
    "DIS": {
        "Open": 23.717103958129883,
        "High": 23.717103958129883,
        "Low": 23.141645431518555,
        "Close": 23.38827133178711,
        "Adj Close": 17.563522338867188,
        "Volume": 4347187.0
    },
    "DUK": {
        "Open": 37.37199401855469,
        "High": 37.48094940185547,
        "Low": 36.9361686706543,
        "Close": 36.9361686706543,
        "Adj Close": 10.080416679382324,
        "Volume": 805713.0
    },
    "EMR": {
        "Open": 22.875,
        "High": 23.0625,
        "Low": 22.6875,
        "Close": 22.8125,
        "Adj Close": 10.594090461730957,
        "Volume": 1009000.0
    },
    "FDX": {
        "Open": 25.25,
        "High": 25.375,
        "Low": 24.75,
        "Close": 25.375,
        "Adj Close": 20.317577362060547,
        "Volume": 336400.0
    },
    "GD": {
        "Open": 16.0,
        "High": 16.15625,
        "Low": 15.78125,
        "Close": 16.09375,
        "Adj Close": 8.9641695022583,
        "Volume": 970000.0
    },
    "GE": {
        "Open": 78.1766357421875,
        "High": 80.07363891601562,
        "Low": 77.57758331298828,
        "Close": 79.87395477294922,
        "Adj Close": 41.574729919433594,
        "Volume": 2768988.0
    },
    "GILD": {
        "Open": 0.8046879768371582,
        "High": 0.828125,
        "Low": 0.7890629768371582,
        "Close": 0.8203129768371582,
        "Adj Close": 0.5699136853218079,
        "Volume": 4163200.0
    },
    "GM": {
        "Open": null,
        "High": null,
        "Low": null,
        "Close": null,
        "Adj Close": null,
        "Volume": null
    },
    "GOOG": {
        "Open": null,
        "High": null,
        "Low": null,
        "Close": null,