{
    "AAPL": {
        "Open": 0.16629500687122345,
        "High": 0.16629500687122345,
        "Low": 0.16071400046348572,
        "Close": 0.16071400046348572,
        "Adj Close": 0.13483324646949768,
        "Volume": 89152000.0
    },
    "ABBV": {
        "Open": null,
        "High": null,
        "Low": null,
        "Close": null,
        "Adj Close": null,
        "Volume": null
    },
    "ABT": {
        "Open": 13.018125534057617,
        "High": 13.214520454406738,
        "Low": 12.962013244628906,
        "Close": 13.186463356018066,
        "Adj Close": 6.54065465927124,
        "Volume": 5047885.0
    },
    "ACN": {
        "Open": null,
        "High": null,
        "Low": null,
        "Close": null,
        "Adj Close": null,
        "Volume": null
    },
    "ADBE": {
        "Open": 5.046875,
        "High": 5.140625,
        "Low": 4.984375,
        "Close": 4.984375,
        "Adj Close": 4.899781227111816,
        "Volume": 7554400.0
    },
    "AIG": {
        "Open": 564.1481323242188,
        "High": 564.74072265625,
        "Low": 557.0370483398438,
        "Close": 562.370361328125,
        "Adj Close": 329.06884765625,
        "Volume": 183916.0
    },
    "AMD": {
        "Open": 18.375,
        "High": 18.4375,
        "Low": 17.5,
        "Close": 17.75,
        "Adj Close": 17.75,
        "Volume": 4446800.0
    },
    "AMGN": {
        "Open": 14.40625,
        "High": 14.40625,
        "Low": 14.15625,
        "Close": 14.1875,
        "Adj Close": 9.596268653869629,
        "Volume": 6574000.0
    },
    "AMT": {
        "Open": null,
        "High": null,
        "Low": null,
        "Close": null,
        "Adj Close": null,
        "Volume": null
    },
    "AMZN": {
        "Open": null,
        "High": null,
        "Low": null,
        "Close": null,
        "Adj Close": null,
        "Volume": null
    },
    "AVGO": {
        "Open": null,
        "High": null,
        "Low": null,
        "Close": null,
        "Adj Close": null,
        "Volume": null
    },
    "AXP": {
        "Open": 17.506000518798828,
        "High": 17.65188217163086,
        "Low": 17.104820251464844,
        "Close": 17.104820251464844,
        "Adj Close": 11.748473167419434,
        "Volume": 2487947.0
    },
    "BA": {
        "Open": 49.8125,
        "High": 50.0,
        "Low": 49.1875,
        "Close": 49.375,
        "Adj Close": 30.798782348632812,
        "Volume": 1435200.0
    },
    "BAC": {
        "Open": 28.0,
        "High": 28.25,
        "Low": 27.5,
        "Close": 27.6875,
        "Adj Close": 13.227917671203613,
        "Volume": 2821200.0
    },
    "BK": {
        "Open": 19.14617347717285,
        "High": 19.27867317199707,
        "Low": 18.814924240112305,
        "Close": 18.947423934936523,
        "Adj Close": 9.924664497375488,
        "Volume": 1589818.0
    },
    "BKNG": {
        "Open": null,
        "High": null,
        "Low": null,
        "Close": null,
        "Adj Close": null,
        "Volume": null
    },
    "BLK": {
        "Open": null,
        "High": null,
        "Low": null,
        "Close": null,
        "Adj Close": null,
        "Volume": null
    },
    "BMY": {
        "Open": 28.731767654418945,
        "High": 28.850740432739258,
        "Low": 27.95844841003418,
        "Close": 28.493824005126953,
        "Adj Close": 10.368232727050781,
        "Volume": 2610065.0
    },
    "BRK-B": {
        "Open": 25.31999969482422,
        "High": 25.360000610351562,
        "Low": 25.18000030517578,
        "Close": 25.18000030517578,
        "Adj Close": 25.18000030517578,
        "Volume": 90000.0
    },
    "C": {
        "Open": 166.6666717529297,
        "High": 167.5,
        "Low": 159.5833282470703,
        "Close": 161.25,
        "Adj Close": 81.43809509277344,
        "Volume": 384720.0
    },
    "CAT": {
        "Open": 21.03125,
        "High": 21.28125,
        "Low": 20.90625,
        "Close": 21.0625,
        "Adj Close": 10.303437232971191,
        "Volume": 1665200.0
    },
    "CL": {
        "Open": 13.421875,
        "High": 13.5625,
        "Low": 13.421875,
        "Close": 13.484375,
        "Adj Close": 7.37186861038208,
        "Volume": 2533600.0
    },
    "CMCSA": {
        "Open": 2.323493003845215,
        "High": 2.323493003845215,
        "Low": 2.2649168968200684,
        "Close": 2.2844419479370117,
        "Adj Close": 1.5414631366729736,
        "Volume": 2480135.0
    },
    "COF": {
        "Open": 11.583333015441895,
        "High": 11.791666984558105,
        "Low": 11.583333015441895,
        "Close": 11.75,
        "Adj Close": 8.40418529510498,
        "Volume": 1240800.0
    },
    "COP": {
        "Open": 14.769883155822754,
        "High": 14.86517333984375,
        "Low": 14.674593925476074,
        "Close": 14.817527770996094,
        "Adj Close": 5.972845077514648,
        "Volume": 2637749.0
    },
    "COST": {
        "Open": 14.0,
        "High": 14.375,
        "Low": 13.9375,
        "Close": 14.25,
        "Adj Close": 9.507133483886719,
        "Volume": 2902200.0
    },
    "CRM": {
        "Open": null,
        "High": null,
        "Low": null,
        "Close": null,
        "Adj Close": null,
        "Volume": null
    },
    "CSCO": {
        "Open": 5.361111164093018,
        "High": 5.375,
        "Low": 5.2083330154418945,
        "Close": 5.256944179534912,
        "Adj Close": 3.401512622833252,
        "Volume": 104471100.0
    },
    "CVS": {
        "Open": 12.34375,
        "High": 12.375,
        "Low": 12.0,
        "Close": 12.125,
        "Adj Close": 7.56519889831543,
        "Volume": 2628800.0
    },
    "CVX": {
        "Open": 32.1875,
        "High": 33.0,
        "Low": 32.125,
        "Close": 32.375,
        "Adj Close": 11.342187881469727,
        "Volume": 2702600.0
    },
    "DE": {
        "Open": 21.9375,
        "High": 22.1875,
        "Low": 21.5,
        "Close": 21.8125,
        "Adj Close": 12.46841049194336,
        "Volume": 718200.0
    },
    "DHR": {
        "Open": 3.6441450119018555,
        "High": 3.738661050796509,
        "Low": 3.6441450119018555,
        "Close": 3.738661050796509,
        "Adj Close": 2.2043111324310303,
        "Volume": 1236686.0
    },
    "DIS": {
        "Open": 25.237958908081055,
        "High": 25.60789680480957,
        "Low": 25.07354164123535,
        "Close": 25.279062271118164,
        "Adj Close": 18.983415603637695,
        "Volume": 4290015.0
    },
    "DUK": {
        "Open": 37.91677474975586,
        "High": 37.91677474975586,
        "Low": 37.15407943725586,
        "Close": 37.37199401855469,
        "Adj Close": 10.199357032775879,
        "Volume": 483795.0
    },
    "EMR": {
        "Open": 24.125,
        "High": 24.125,
        "Low": 23.5625,
        "Close": 23.75,
        "Adj Close": 11.02946949005127,
        "Volume": 607600.0
    },
    "FDX": {
        "Open": 26.8125,
        "High": 26.875,
        "Low": 25.625,
        "Close": 25.875,
        "Adj Close": 20.717924118041992,
        "Volume": 344000.0
    },
    "GD": {
        "Open": 17.3125,
        "High": 17.65625,
        "Low": 17.21875,
        "Close": 17.5625,
        "Adj Close": 9.782261848449707,
        "Volume": 1057600.0
    },
    "GE": {
        "Open": 83.96749877929688,
        "High": 84.06733703613281,
        "Low": 82.7693862915039,
        "Close": 83.36843872070312,
        "Adj Close": 43.393646240234375,
        "Volume": 2560033.0
    },
    "GILD": {
        "Open": 0.75,
        "High": 0.7617189884185791,
        "Low": 0.6679689884185791,
        "Close": 0.6757810115814209,
        "Adj Close": 0.4694998562335968,
        "Volume": 8912000.0
    },
    "GM": {
        "Open": null,
        "High": null,
        "Low": null,
        "Close": null,
        "Adj Close": null,
        "Volume": null
    },
    "GOOG": {
        "Open": null,
        "High": null,
        "Low": null,
        "Close": null,