{
    "AAPL": {
        "Open": 0.1640630066394806,
        "High": 0.16517899930477142,
        "Low": 0.16182999312877655,
        "Close": 0.16182999312877655,
        "Adj Close": 0.13576962053775787,
        "Volume": 54488000.0
    },
    "ABBV": {
        "Open": null,
        "High": null,
        "Low": null,
        "Close": null,
        "Adj Close": null,
        "Volume": null
    },
    "ABT": {
        "Open": 13.55119514465332,
        "High": 13.663420677185059,
        "Low": 13.410914421081543,
        "Close": 13.438969612121582,
        "Adj Close": 6.665897846221924,
        "Volume": 4950313.0
    },
    "ACN": {
        "Open": null,
        "High": null,
        "Low": null,
        "Close": null,
        "Adj Close": null,
        "Volume": null
    },
    "ADBE": {
        "Open": 4.96875,
        "High": 5.1875,
        "Low": 4.953125,
        "Close": 5.03125,
        "Adj Close": 4.945858955383301,
        "Volume": 9067200.0
    },
    "AIG": {
        "Open": 566.5184936523438,
        "High": 567.111083984375,
        "Low": 557.629638671875,
        "Close": 559.4074096679688,
        "Adj Close": 327.3352966308594,
        "Volume": 134768.0
    },
    "AMD": {
        "Open": 18.75,
        "High": 19.625,
        "Low": 18.6875,
        "Close": 18.75,
        "Adj Close": 18.75,
        "Volume": 4750200.0
    },
    "AMGN": {
        "Open": 14.40625,
        "High": 14.9375,
        "Low": 14.34375,
        "Close": 14.78125,
        "Adj Close": 9.997872352600098,
        "Volume": 7340800.0
    },
    "AMT": {
        "Open": null,
        "High": null,
        "Low": null,
        "Close": null,
        "Adj Close": null,
        "Volume": null
    },
    "AMZN": {
        "Open": null,
        "High": null,
        "Low": null,
        "Close": null,
        "Adj Close": null,
        "Volume": null
    },
    "AVGO": {
        "Open": null,
        "High": null,
        "Low": null,
        "Close": null,
        "Adj Close": null,
        "Volume": null
    },
    "AXP": {
        "Open": 17.724824905395508,
        "High": 18.12600326538086,
        "Low": 17.65188217163086,
        "Close": 17.870708465576172,
        "Adj Close": 12.274529457092285,
        "Volume": 3424654.0
    },
    "BA": {
        "Open": 50.4375,
        "High": 51.4375,
        "Low": 50.3125,
        "Close": 50.75,
        "Adj Close": 31.65646743774414,
        "Volume": 2560800.0
    },
    "BAC": {
        "Open": 28.4375,
        "High": 28.5,
        "Low": 28.1875,
        "Close": 28.375,
        "Adj Close": 13.556370735168457,
        "Volume": 3893400.0
    },
    "BK": {
        "Open": 19.41117286682129,
        "High": 19.4774227142334,
        "Low": 19.21242332458496,
        "Close": 19.27867317199707,
        "Adj Close": 10.098175048828125,
        "Volume": 1442647.0
    },
    "BKNG": {
        "Open": null,
        "High": null,
        "Low": null,
        "Close": null,
        "Adj Close": null,
        "Volume": null
    },
    "BLK": {
        "Open": null,
        "High": null,
        "Low": null,
        "Close": null,
        "Adj Close": null,
        "Volume": null
    },
    "BMY": {
        "Open": 30.21891975402832,
        "High": 30.21891975402832,
        "Low": 29.743030548095703,
        "Close": 29.862003326416016,
        "Adj Close": 10.866082191467285,
        "Volume": 4419313.0
    },
    "BRK-B": {
        "Open": 25.299999237060547,
        "High": 25.360000610351562,
        "Low": 25.15999984741211,
        "Close": 25.200000762939453,
        "Adj Close": 25.200000762939453,
        "Volume": 100000.0
    },
    "C": {
        "Open": 167.5,
        "High": 167.9166717529297,
        "Low": 165.8333282470703,
        "Close": 166.6666717529297,
        "Adj Close": 84.17376708984375,
        "Volume": 372000.0
    },
    "CAT": {
        "Open": 21.75,
        "High": 22.4375,
        "Low": 21.6875,
        "Close": 22.28125,
        "Adj Close": 10.899629592895508,
        "Volume": 2754000.0
    },
    "CL": {
        "Open": 13.609375,
        "High": 13.609375,
        "Low": 13.375,
        "Close": 13.5,
        "Adj Close": 7.417755603790283,
        "Volume": 4258400.0
    },
    "CMCSA": {
        "Open": 2.323493003845215,
        "High": 2.323493003845215,
        "Low": 2.3039679527282715,
        "Close": 2.323493003845215,
        "Adj Close": 1.5678132772445679,
        "Volume": 3350807.0
    },
    "COF": {
        "Open": 11.666666984558105,
        "High": 11.666666984558105,
        "Low": 11.541666984558105,
        "Close": 11.541666984558105,
        "Adj Close": 8.255175590515137,
        "Volume": 575100.0
    },
    "COP": {
        "Open": 14.626949310302734,
        "High": 14.769883155822754,
        "Low": 14.388725280761719,
        "Close": 14.769883155822754,
        "Adj Close": 5.953639984130859,
        "Volume": 3373139.0
    },
    "COST": {
        "Open": 14.6875,
        "High": 14.75,
        "Low": 14.4375,
        "Close": 14.625,
        "Adj Close": 9.757319450378418,
        "Volume": 4599000.0
    },
    "CRM": {
        "Open": null,
        "High": null,
        "Low": null,
        "Close": null,
        "Adj Close": null,
        "Volume": null
    },
    "CSCO": {
        "Open": 5.2916669845581055,
        "High": 5.4583330154418945,
        "Low": 5.25,
        "Close": 5.402778148651123,
        "Adj Close": 3.495875120162964,
        "Volume": 105604200.0
    },
    "CVS": {
        "Open": 12.125,
        "High": 12.1875,
        "Low": 11.9375,
        "Close": 12.0,
        "Adj Close": 7.487205982208252,
        "Volume": 4501600.0
    },
    "CVX": {
        "Open": 33.4375,
        "High": 33.8125,
        "Low": 33.125,
        "Close": 33.3125,
        "Adj Close": 11.67063045501709,
        "Volume": 2097000.0
    },
    "DE": {
        "Open": 22.625,
        "High": 23.375,
        "Low": 22.5625,
        "Close": 23.1875,
        "Adj Close": 13.254384994506836,
        "Volume": 2535800.0
    },
    "DHR": {
        "Open": 3.875185966491699,
        "High": 3.8856871128082275,
        "Low": 3.759665012359619,
        "Close": 3.770167112350464,
        "Adj Close": 2.2228877544403076,
        "Volume": 567757.0
    },
    "DIS": {
        "Open": 25.73120880126953,
        "High": 26.183353424072266,
        "Low": 25.73120880126953,
        "Close": 26.018938064575195,
        "Adj Close": 19.539037704467773,
        "Volume": 6824126.0
    },
    "DUK": {
        "Open": 37.37199401855469,
        "High": 37.91677474975586,
        "Low": 37.37199401855469,
        "Close": 37.6988639831543,
        "Adj Close": 10.288569450378418,
        "Volume": 745597.0
    },
    "EMR": {
        "Open": 24.8125,
        "High": 24.9375,
        "Low": 24.5,
        "Close": 24.625,
        "Adj Close": 11.435821533203125,
        "Volume": 679000.0
    },
    "FDX": {
        "Open": 27.25,
        "High": 27.25,
        "Low": 26.625,
        "Close": 26.6875,
        "Adj Close": 21.368488311767578,
        "Volume": 986600.0
    },
    "GD": {
        "Open": 18.0625,
        "High": 18.21875,
        "Low": 17.875,
        "Close": 17.96875,
        "Adj Close": 10.008536338806152,
        "Volume": 1017600.0
    },
    "GE": {
        "Open": 85.46513366699219,
        "High": 86.0641860961914,
        "Low": 84.7662353515625,
        "Close": 85.56497955322266,
        "Adj Close": 44.53694534301758,
        "Volume": 3752537.0
    },
    "GILD": {
        "Open": 0.7148439884185791,
        "High": 0.71875,
        "Low": 0.6914060115814209,
        "Close": 0.7109379768371582,
        "Adj Close": 0.493925005197525,
        "Volume": 6934400.0
    },
    "GM": {
        "Open": null,
        "High": null,
        "Low": null,
        "Close": null,
        "Adj Close": null,
        "Volume": null
    },
    "GOOG": {
        "Open": null,
        "High": null,
        "Low": null,