{
    "AAPL": {
        "Open": 0.16517899930477142,
        "High": 0.16517899930477142,
        "Low": 0.15848200023174286,
        "Close": 0.1595979928970337,
        "Adj Close": 0.13389700651168823,
        "Volume": 74939200.0
    },
    "ABBV": {
        "Open": null,
        "High": null,
        "Low": null,
        "Close": null,
        "Adj Close": null,
        "Volume": null
    },
    "ABT": {
        "Open": 13.438969612121582,
        "High": 13.438969612121582,
        "Low": 13.242575645446777,
        "Close": 13.32674503326416,
        "Adj Close": 6.610236167907715,
        "Volume": 3366890.0
    },
    "ACN": {
        "Open": null,
        "High": null,
        "Low": null,
        "Close": null,
        "Adj Close": null,
        "Volume": null
    },
    "ADBE": {
        "Open": 5.078125,
        "High": 5.15625,
        "Low": 5.03125,
        "Close": 5.078125,
        "Adj Close": 4.991940975189209,
        "Volume": 7268800.0
    },
    "AIG": {
        "Open": 561.7777709960938,
        "High": 565.3333129882812,
        "Low": 558.2222290039062,
        "Close": 561.7777709960938,
        "Adj Close": 328.7223205566406,
        "Volume": 133502.0
    },
    "AMD": {
        "Open": 19.375,
        "High": 20.75,
        "Low": 18.8125,
        "Close": 20.75,
        "Adj Close": 20.75,
        "Volume": 6882200.0
    },
    "AMGN": {
        "Open": 14.84375,
        "High": 14.875,
        "Low": 14.4375,
        "Close": 14.46875,
        "Adj Close": 9.786498069763184,
        "Volume": 6917600.0
    },
    "AMT": {
        "Open": null,
        "High": null,
        "Low": null,
        "Close": null,
        "Adj Close": null,
        "Volume": null
    },
    "AMZN": {
        "Open": null,
        "High": null,
        "Low": null,
        "Close": null,
        "Adj Close": null,
        "Volume": null
    },
    "AVGO": {
        "Open": null,
        "High": null,
        "Low": null,
        "Close": null,
        "Adj Close": null,
        "Volume": null
    },
    "AXP": {
        "Open": 17.943649291992188,
        "High": 18.527183532714844,
        "Low": 17.542470932006836,
        "Close": 18.417770385742188,
        "Adj Close": 12.650283813476562,
        "Volume": 5267908.0
    },
    "BA": {
        "Open": 50.8125,
        "High": 51.25,
        "Low": 50.8125,
        "Close": 50.9375,
        "Adj Close": 31.773414611816406,
        "Volume": 2261000.0
    },
    "BAC": {
        "Open": 28.5625,
        "High": 28.8125,
        "Low": 28.4375,
        "Close": 28.4375,
        "Adj Close": 13.586238861083984,
        "Volume": 3577400.0
    },
    "BK": {
        "Open": 19.34492301940918,
        "High": 19.543672561645508,
        "Low": 19.013673782348633,
        "Close": 19.013673782348633,
        "Adj Close": 9.959369659423828,
        "Volume": 1885668.0
    },
    "BKNG": {
        "Open": null,
        "High": null,
        "Low": null,
        "Close": null,
        "Adj Close": null,
        "Volume": null
    },
    "BLK": {
        "Open": null,
        "High": null,
        "Low": null,
        "Close": null,
        "Adj Close": null,
        "Volume": null
    },
    "BMY": {
        "Open": 30.278406143188477,
        "High": 30.337892532348633,
        "Low": 29.08868408203125,
        "Close": 29.743030548095703,
        "Adj Close": 10.82279109954834,
        "Volume": 3595380.0
    },
    "BRK-B": {
        "Open": 25.239999771118164,
        "High": 25.299999237060547,
        "Low": 25.079999923706055,
        "Close": 25.139999389648438,
        "Adj Close": 25.139999389648438,
        "Volume": 115000.0
    },
    "C": {
        "Open": 167.0833282470703,
        "High": 169.1666717529297,
        "Low": 163.3333282470703,
        "Close": 163.75,
        "Adj Close": 82.70074462890625,
        "Volume": 284130.0
    },
    "CAT": {
        "Open": 22.28125,
        "High": 22.65625,
        "Low": 21.78125,
        "Close": 21.8125,
        "Adj Close": 10.670320510864258,
        "Volume": 3488800.0
    },
    "CL": {
        "Open": 13.625,
        "High": 13.65625,
        "Low": 13.296875,
        "Close": 13.3125,
        "Adj Close": 7.314729690551758,
        "Volume": 3128800.0
    },
    "CMCSA": {
        "Open": 2.3039679527282715,
        "High": 2.343018054962158,
        "Low": 2.3039679527282715,
        "Close": 2.323493003845215,
        "Adj Close": 1.5678132772445679,
        "Volume": 2443003.0
    },
    "COF": {
        "Open": 11.541666984558105,
        "High": 11.583333015441895,
        "Low": 11.458333015441895,
        "Close": 11.5,
        "Adj Close": 8.225371360778809,
        "Volume": 345300.0
    },
    "COP": {
        "Open": 14.86517333984375,
        "High": 15.151041984558105,
        "Low": 14.86517333984375,
        "Close": 15.151041984558105,
        "Adj Close": 6.107284069061279,
        "Volume": 1876911.0
    },
    "COST": {
        "Open": 14.6875,
        "High": 14.78125,
        "Low": 14.5625,
        "Close": 14.6875,
        "Adj Close": 9.799015045166016,
        "Volume": 2951800.0
    },
    "CRM": {
        "Open": null,
        "High": null,
        "Low": null,
        "Close": null,
        "Adj Close": null,
        "Volume": null
    },
    "CSCO": {
        "Open": 5.444444179534912,
        "High": 5.597221851348877,
        "Low": 5.361111164093018,
        "Close": 5.368055820465088,
        "Adj Close": 3.4734082221984863,
        "Volume": 124620300.0
    },
    "CVS": {
        "Open": 12.15625,
        "High": 12.5,
        "Low": 12.15625,
        "Close": 12.4375,
        "Adj Close": 7.760173797607422,
        "Volume": 7239600.0
    },
    "CVX": {
        "Open": 33.9375,
        "High": 33.9375,
        "Low": 32.875,
        "Close": 33.125,
        "Adj Close": 11.604940414428711,
        "Volume": 2386800.0
    },
    "DE": {
        "Open": 23.25,
        "High": 23.3125,
        "Low": 22.625,
        "Close": 22.6875,
        "Adj Close": 12.968579292297363,
        "Volume": 2046400.0
    },
    "DHR": {
        "Open": 3.770167112350464,
        "High": 3.875185966491699,
        "Low": 3.738661050796509,
        "Close": 3.8646841049194336,
        "Adj Close": 2.2786147594451904,
        "Volume": 667739.0
    },
    "DIS": {
        "Open": 26.018938064575195,
        "High": 26.265562057495117,
        "Low": 25.566791534423828,
        "Close": 25.73120880126953,
        "Adj Close": 19.322961807250977,
        "Volume": 4221591.0
    },
    "DUK": {
        "Open": 37.6988639831543,
        "High": 37.91677474975586,
        "Low": 37.15407943725586,
        "Close": 37.263038635253906,
        "Adj Close": 10.169626235961914,
        "Volume": 554466.0
    },
    "EMR": {
        "Open": 24.75,
        "High": 24.9375,
        "Low": 24.3125,
        "Close": 24.625,
        "Adj Close": 11.435821533203125,
        "Volume": 742400.0
    },
    "FDX": {
        "Open": 26.6875,
        "High": 26.9375,
        "Low": 26.5625,
        "Close": 26.625,
        "Adj Close": 21.318439483642578,
        "Volume": 1055000.0
    },
    "GD": {
        "Open": 18.0,
        "High": 18.0625,
        "Low": 17.40625,
        "Close": 17.59375,
        "Adj Close": 9.799665451049805,
        "Volume": 820800.0
    },
    "GE": {
        "Open": 85.864501953125,
        "High": 86.16403198242188,
        "Low": 84.5665512084961,
        "Close": 85.16560363769531,
        "Adj Close": 44.329105377197266,
        "Volume": 2948395.0
    },
    "GILD": {
        "Open": 0.7226560115814209,
        "High": 0.7226560115814209,
        "Low": 0.6958010196685791,
        "Close": 0.6958010196685791,
        "Adj Close": 0.48340868949890137,
        "Volume": 1734400.0
    },
    "GM": {
        "Open": null,
        "High": null,
        "Low": null,
        "Close": null,
        "Adj Close": null,
        "Volume": null
    },
    "GOOG": {
        "Open": null,
        "High": null,