{
    "AAPL": {
        "Open": 0.16071400046348572,
        "High": 0.16071400046348572,
        "Low": 0.15625,
        "Close": 0.15792399644851685,
        "Adj Close": 0.1324925273656845,
        "Volume": 51755200.0
    },
    "ABBV": {
        "Open": null,
        "High": null,
        "Low": null,
        "Close": null,
        "Adj Close": null,
        "Volume": null
    },
    "ABT": {
        "Open": 13.523138999938965,
        "High": 13.635363578796387,
        "Low": 13.270631790161133,
        "Close": 13.607308387756348,
        "Adj Close": 6.749397277832031,
        "Volume": 7673854.0
    },
    "ACN": {
        "Open": null,
        "High": null,
        "Low": null,
        "Close": null,
        "Adj Close": null,
        "Volume": null
    },
    "ADBE": {
        "Open": 4.84375,
        "High": 4.96875,
        "Low": 4.796875,
        "Close": 4.8125,
        "Adj Close": 4.730823993682861,
        "Volume": 14372800.0
    },
    "AIG": {
        "Open": 581.9259033203125,
        "High": 602.6666870117188,
        "Low": 579.5555419921875,
        "Close": 601.4815063476562,
        "Adj Close": 351.9546813964844,
        "Volume": 233318.0
    },
    "AMD": {
        "Open": 21.0,
        "High": 21.375,
        "Low": 20.9375,
        "Close": 21.3125,
        "Adj Close": 21.3125,
        "Volume": 4004400.0
    },
    "AMGN": {
        "Open": 14.5,
        "High": 14.59375,
        "Low": 14.375,
        "Close": 14.53125,
        "Adj Close": 9.828774452209473,
        "Volume": 6030800.0
    },
    "AMT": {
        "Open": null,
        "High": null,
        "Low": null,
        "Close": null,
        "Adj Close": null,
        "Volume": null
    },
    "AMZN": {
        "Open": null,
        "High": null,
        "Low": null,
        "Close": null,
        "Adj Close": null,
        "Volume": null
    },
    "AVGO": {
        "Open": null,
        "High": null,
        "Low": null,
        "Close": null,
        "Adj Close": null,
        "Volume": null
    },
    "AXP": {
        "Open": 19.1107177734375,
        "High": 19.54836654663086,
        "Low": 19.03777503967285,
        "Close": 19.51189613342285,
        "Adj Close": 13.401782989501953,
        "Volume": 6559008.0
    },
    "BA": {
        "Open": 47.875,
        "High": 48.75,
        "Low": 47.875,
        "Close": 48.125,
        "Adj Close": 30.019058227539062,
        "Volume": 11618400.0
    },
    "BAC": {
        "Open": 29.875,
        "High": 30.3125,
        "Low": 29.6875,
        "Close": 29.9375,
        "Adj Close": 14.302876472473145,
        "Volume": 6683400.0
    },
    "BK": {
        "Open": 20.471168518066406,
        "High": 21.266164779663086,
        "Low": 20.338668823242188,
        "Close": 21.133665084838867,
        "Adj Close": 11.069818496704102,
        "Volume": 5131530.0
    },
    "BKNG": {
        "Open": null,
        "High": null,
        "Low": null,
        "Close": null,
        "Adj Close": null,
        "Volume": null
    },
    "BLK": {
        "Open": null,
        "High": null,
        "Low": null,
        "Close": null,
        "Adj Close": null,
        "Volume": null
    },
    "BMY": {
        "Open": 30.456863403320312,
        "High": 31.34915542602539,
        "Low": 29.980976104736328,
        "Close": 31.230182647705078,
        "Adj Close": 11.363923072814941,
        "Volume": 5342428.0
    },
    "BRK-B": {
        "Open": 25.399999618530273,
        "High": 25.700000762939453,
        "Low": 25.399999618530273,
        "Close": 25.459999084472656,
        "Adj Close": 25.459999084472656,
        "Volume": 190000.0
    },
    "C": {
        "Open": 176.25,
        "High": 184.1666717529297,
        "Low": 174.1666717529297,
        "Close": 183.3333282470703,
        "Adj Close": 92.59107208251953,
        "Volume": 1067700.0
    },
    "CAT": {
        "Open": 22.0625,
        "High": 22.375,
        "Low": 21.90625,
        "Close": 21.96875,
        "Adj Close": 10.746756553649902,
        "Volume": 1990400.0
    },
    "CL": {
        "Open": 13.875,
        "High": 13.984375,
        "Low": 13.6875,
        "Close": 13.984375,
        "Adj Close": 7.683901309967041,
        "Volume": 3309600.0
    },
    "CMCSA": {
        "Open": 2.382067918777466,
        "High": 2.4992189407348633,
        "Low": 2.382067918777466,
        "Close": 2.4601690769195557,
        "Adj Close": 1.660037875175476,
        "Volume": 2950682.0
    },
    "COF": {
        "Open": 11.541666984558105,
        "High": 11.833333015441895,
        "Low": 11.458333015441895,
        "Close": 11.625,
        "Adj Close": 8.314778327941895,
        "Volume": 1572900.0
    },
    "COP": {
        "Open": 14.86517333984375,
        "High": 15.05575180053711,
        "Low": 14.674593925476074,
        "Close": 14.960461616516113,
        "Adj Close": 6.030460357666016,
        "Volume": 1193992.0
    },
    "COST": {
        "Open": 14.75,
        "High": 14.8125,
        "Low": 14.125,
        "Close": 14.375,
        "Adj Close": 9.590529441833496,
        "Volume": 2602000.0
    },
    "CRM": {
        "Open": null,
        "High": null,
        "Low": null,
        "Close": null,
        "Adj Close": null,
        "Volume": null
    },
    "CSCO": {
        "Open": 5.347221851348877,
        "High": 5.5625,
        "Low": 5.277778148651123,
        "Close": 5.555555820465088,
        "Adj Close": 3.59472918510437,
        "Volume": 112164300.0
    },
    "CVS": {
        "Open": 12.25,
        "High": 12.28125,
        "Low": 12.15625,
        "Close": 12.28125,
        "Adj Close": 7.662688255310059,
        "Volume": 3670400.0
    },
    "CVX": {
        "Open": 33.5,
        "High": 33.9375,
        "Low": 33.1875,
        "Close": 33.9375,
        "Adj Close": 11.889585494995117,
        "Volume": 1930600.0
    },
    "DE": {
        "Open": 22.5625,
        "High": 22.8125,
        "Low": 22.5,
        "Close": 22.75,
        "Adj Close": 13.004304885864258,
        "Volume": 1106600.0
    },
    "DHR": {
        "Open": 3.7491629123687744,
        "High": 3.843679904937744,
        "Low": 3.7491629123687744,
        "Close": 3.812174081802368,
        "Adj Close": 2.247654914855957,
        "Volume": 1165270.0
    },
    "DIS": {
        "Open": 25.73120880126953,
        "High": 26.594396591186523,
        "Low": 25.73120880126953,
        "Close": 26.55329132080078,
        "Adj Close": 19.940305709838867,
        "Volume": 6760568.0
    },
    "DUK": {
        "Open": 38.02573013305664,
        "High": 38.13468933105469,
        "Low": 37.6988639831543,
        "Close": 38.02573013305664,
        "Adj Close": 10.377767562866211,
        "Volume": 952905.0
    },
    "EMR": {
        "Open": 25.0,
        "High": 25.375,
        "Low": 24.4375,
        "Close": 25.3125,
        "Adj Close": 11.755090713500977,
        "Volume": 1462000.0
    },
    "FDX": {
        "Open": 26.125,
        "High": 26.25,
        "Low": 26.125,
        "Close": 26.25,
        "Adj Close": 21.018178939819336,
        "Volume": 951400.0
    },
    "GD": {
        "Open": 17.25,
        "High": 17.65625,
        "Low": 17.25,
        "Close": 17.625,
        "Adj Close": 9.817070007324219,
        "Volume": 709200.0
    },
    "GE": {
        "Open": 86.66324615478516,
        "High": 88.46040344238281,
        "Low": 86.36371612548828,
        "Close": 88.36056518554688,
        "Adj Close": 45.99208450317383,
        "Volume": 3715729.0
    },
    "GILD": {
        "Open": 0.703125,
        "High": 0.703125,
        "Low": 0.6835939884185791,
        "Close": 0.6894530057907104,
        "Adj Close": 0.47899848222732544,
        "Volume": 1846400.0
    },
    "GM": {
        "Open": null,
        "High": null,
        "Low": null,
        "Close": null,
        "Adj Close": null,
        "Volume": null
    },
    "GOOG": {
        "Open": null,
        "High": null,
        "Low": null,
        "Close": null,