{
    "AAPL": {
        "Open": 0.4966520071029663,
        "High": 0.517857015132904,
        "Low": 0.4955359995365143,
        "Close": 0.49776801466941833,
        "Adj Close": 0.4176096022129059,
        "Volume": 362443200.0
    },
    "ABBV": {
        "Open": null,
        "High": null,
        "Low": null,
        "Close": null,
        "Adj Close": null,
        "Volume": null
    },
    "ABT": {
        "Open": 19.1343994140625,
        "High": 19.4710750579834,
        "Low": 18.966062545776367,
        "Close": 19.44301986694336,
        "Adj Close": 9.973057746887207,
        "Volume": 7957881.0
    },
    "ACN": {
        "Open": null,
        "High": null,
        "Low": null,
        "Close": null,
        "Adj Close": null,
        "Volume": null
    },
    "ADBE": {
        "Open": 10.671875,
        "High": 10.96875,
        "Low": 10.5,
        "Close": 10.671875,
        "Adj Close": 10.587516784667969,
        "Volume": 3297600.0
    },
    "AIG": {
        "Open": 1240.8333740234375,
        "High": 1254.1666259765625,
        "Low": 1227.5,
        "Close": 1235.8333740234375,
        "Adj Close": 727.3777465820312,
        "Volume": 142170.0
    },
    "AMD": {
        "Open": 8.59375,
        "High": 8.625,
        "Low": 8.34375,
        "Close": 8.5,
        "Adj Close": 8.5,
        "Volume": 1881000.0
    },
    "AMGN": {
        "Open": 38.3125,
        "High": 40.0,
        "Low": 38.3125,
        "Close": 39.375,
        "Adj Close": 26.6328067779541,
        "Volume": 14186400.0
    },
    "AMT": {
        "Open": 23.0,
        "High": 23.3125,
        "Low": 22.3125,
        "Close": 22.875,
        "Adj Close": 16.72569465637207,
        "Volume": 196100.0
    },
    "AMZN": {
        "Open": 2.4593749046325684,
        "High": 2.5531249046325684,
        "Low": 2.348438024520874,
        "Close": 2.3499999046325684,
        "Adj Close": 2.3499999046325684,
        "Volume": 339356000.0
    },
    "AVGO": {
        "Open": null,
        "High": null,
        "Low": null,
        "Close": null,
        "Adj Close": null,
        "Volume": null
    },
    "AXP": {
        "Open": 38.51319885253906,
        "High": 39.60732650756836,
        "Low": 37.874961853027344,
        "Close": 37.94790267944336,
        "Adj Close": 26.633140563964844,
        "Volume": 8751857.0
    },
    "BA": {
        "Open": 45.375,
        "High": 46.5,
        "Low": 45.0,
        "Close": 45.8125,
        "Adj Close": 29.387840270996094,
        "Volume": 2641100.0
    },
    "BAC": {
        "Open": 33.625,
        "High": 33.625,
        "Low": 32.71875,
        "Close": 32.78125,
        "Adj Close": 16.551971435546875,
        "Volume": 7311400.0
    },
    "BK": {
        "Open": 39.749839782714844,
        "High": 40.1473388671875,
        "Low": 39.219844818115234,
        "Close": 39.35234451293945,
        "Adj Close": 21.4367733001709,
        "Volume": 1085759.0
    },
    "BKNG": {
        "Open": 451.875,
        "High": 485.25,
        "Low": 438.0,
        "Close": 465.0,
        "Adj Close": 457.5138854980469,
        "Volume": 324467.0
    },
    "BLK": {
        "Open": null,
        "High": null,
        "Low": null,
        "Close": null,
        "Adj Close": null,
        "Volume": null
    },
    "BMY": {
        "Open": 61.86550521850586,
        "High": 64.1259765625,
        "Low": 61.86550521850586,
        "Close": 63.47163009643555,
        "Adj Close": 23.899158477783203,
        "Volume": 2777121.0
    },
    "BRK-B": {
        "Open": 42.29999923706055,
        "High": 42.79999923706055,
        "Low": 41.560001373291016,
        "Close": 41.560001373291016,
        "Adj Close": 41.560001373291016,
        "Volume": 945000.0
    },
    "C": {
        "Open": 337.03125,
        "High": 344.0625,
        "Low": 330.0,
        "Close": 330.9375,
        "Adj Close": 171.61033630371094,
        "Volume": 1262547.0
    },
    "CAT": {
        "Open": 29.3125,
        "High": 29.46875,
        "Low": 29.1875,
        "Close": 29.28125,
        "Adj Close": 15.017523765563965,
        "Volume": 2118000.0
    },
    "CL": {
        "Open": 24.25,
        "High": 24.5,
        "Low": 23.84375,
        "Close": 24.0,
        "Adj Close": 13.58886432647705,
        "Volume": 1801000.0
    },
    "CMCSA": {
        "Open": 11.031708717346191,
        "High": 11.129335403442383,
        "Low": 10.81693172454834,
        "Close": 10.89503288269043,
        "Adj Close": 7.39299201965332,
        "Volume": 469907.0
    },
    "COF": {
        "Open": 46.4375,
        "High": 47.625,
        "Low": 45.875,
        "Close": 45.9375,
        "Adj Close": 33.21451950073242,
        "Volume": 525000.0
    },
    "COP": {
        "Open": 19.6058292388916,
        "High": 19.963165283203125,
        "Low": 19.200847625732422,
        "Close": 19.248493194580078,
        "Adj Close": 8.370144844055176,
        "Volume": 1111612.0
    },
    "COST": {
        "Open": 37.5,
        "High": 38.375,
        "Low": 36.3125,
        "Close": 36.84375,
        "Adj Close": 24.580951690673828,
        "Volume": 3896800.0
    },
    "CRM": {
        "Open": null,
        "High": null,
        "Low": null,
        "Close": null,
        "Adj Close": null,
        "Volume": null
    },
    "CSCO": {
        "Open": 30.84375,
        "High": 32.0,
        "Low": 30.625,
        "Close": 30.90625,
        "Adj Close": 19.997928619384766,
        "Volume": 28405600.0
    },
    "CVS": {
        "Open": 24.375,
        "High": 25.34375,
        "Low": 24.375,
        "Close": 24.75,
        "Adj Close": 15.628654479980469,
        "Volume": 2078800.0
    },
    "CVX": {
        "Open": 45.65625,
        "High": 46.28125,
        "Low": 45.46875,
        "Close": 45.625,
        "Adj Close": 17.092588424682617,
        "Volume": 1705000.0
    },
    "DE": {
        "Open": 19.15625,
        "High": 19.625,
        "Low": 19.125,
        "Close": 19.40625,
        "Adj Close": 11.597878456115723,
        "Volume": 1384600.0
    },
    "DHR": {
        "Open": 9.546189308166504,
        "High": 9.703717231750488,
        "Low": 9.441169738769531,
        "Close": 9.546189308166504,
        "Adj Close": 5.64650297164917,
        "Volume": 1532467.0
    },
    "DIS": {
        "Open": 27.190406799316406,
        "High": 27.498687744140625,
        "Low": 26.82046890258789,
        "Close": 26.82046890258789,
        "Adj Close": 20.33220863342285,
        "Volume": 3526812.0
    },
    "DUK": {
        "Open": 46.19744873046875,
        "High": 46.57879638671875,
        "Low": 46.03401565551758,
        "Close": 46.19744873046875,
        "Adj Close": 13.812030792236328,
        "Volume": 1625882.0
    },
    "EMR": {
        "Open": 30.0,
        "High": 30.3125,
        "Low": 29.75,
        "Close": 30.03125,
        "Adj Close": 14.586812019348145,
        "Volume": 1177400.0
    },
    "FDX": {
        "Open": 45.5,
        "High": 45.5,
        "Low": 44.3125,
        "Close": 44.75,
        "Adj Close": 35.830997467041016,
        "Volume": 943100.0
    },
    "GD": {
        "Open": 32.375,
        "High": 33.625,
        "Low": 32.1875,
        "Close": 33.5,
        "Adj Close": 19.412023544311523,
        "Volume": 2792200.0
    },
    "GE": {
        "Open": 172.62759399414062,
        "High": 175.62286376953125,
        "Low": 171.92869567871094,
        "Close": 172.32806396484375,
        "Adj Close": 92.70966339111328,
        "Volume": 2593712.0
    },
    "GILD": {
        "Open": 2.390625,
        "High": 2.441406011581421,
        "Low": 2.316406011581421,
        "Close": 2.349608898162842,
        "Adj Close": 1.6323941946029663,
        "Volume": 50784000.0
    },
    "GM": {
        "Open": null,
        "High": null,
        "Low": null,
        "Close": null,
        "Adj Close": null,
        "Volume": null
    },
    "GOOG": {
        "Open": null,
        "High": null,
        "Low": null,
        "Close": null,