{
    "AAPL": {
        "Open": 0.5273439884185791,
        "High": 0.5479909777641296,
        "Low": 0.5234379768371582,
        "Close": 0.5357139706611633,
        "Adj Close": 0.4494447708129883,
        "Volume": 666108800.0
    },
    "ABBV": {
        "Open": null,
        "High": null,
        "Low": null,
        "Close": null,
        "Adj Close": null,
        "Volume": null
    },
    "ABT": {
        "Open": 18.74161148071289,
        "High": 18.853836059570312,
        "Low": 18.517160415649414,
        "Close": 18.517160415649414,
        "Adj Close": 9.498153686523438,
        "Volume": 7560912.0
    },
    "ACN": {
        "Open": null,
        "High": null,
        "Low": null,
        "Close": null,
        "Adj Close": null,
        "Volume": null
    },
    "ADBE": {
        "Open": 10.867188453674316,
        "High": 10.929688453674316,
        "Low": 10.578125,
        "Close": 10.75,
        "Adj Close": 10.66502571105957,
        "Volume": 3567200.0
    },
    "AIG": {
        "Open": 1139.1666259765625,
        "High": 1150.8333740234375,
        "Low": 1128.3333740234375,
        "Close": 1133.3333740234375,
        "Adj Close": 667.049072265625,
        "Volume": 137505.0
    },
    "AMD": {
        "Open": 9.53125,
        "High": 9.53125,
        "Low": 9.25,
        "Close": 9.25,
        "Adj Close": 9.25,
        "Volume": 2439200.0
    },
    "AMGN": {
        "Open": 38.5,
        "High": 40.0,
        "Low": 38.5,
        "Close": 39.75,
        "Adj Close": 26.886457443237305,
        "Volume": 12242600.0
    },
    "AMT": {
        "Open": 20.5,
        "High": 20.5625,
        "Low": 19.625,
        "Close": 20.125,
        "Adj Close": 14.714960098266602,
        "Volume": 747200.0
    },
    "AMZN": {
        "Open": 2.2750000953674316,
        "High": 2.393749952316284,
        "Low": 2.234375,
        "Close": 2.293750047683716,
        "Adj Close": 2.293750047683716,
        "Volume": 262816000.0
    },
    "AVGO": {
        "Open": null,
        "High": null,
        "Low": null,
        "Close": null,
        "Adj Close": null,
        "Volume": null
    },
    "AXP": {
        "Open": 37.56495666503906,
        "High": 38.586143493652344,
        "Low": 37.45554733276367,
        "Close": 37.85672378540039,
        "Adj Close": 26.56914520263672,
        "Volume": 5777219.0
    },
    "BA": {
        "Open": 46.046875,
        "High": 46.25,
        "Low": 45.5625,
        "Close": 45.75,
        "Adj Close": 29.43720245361328,
        "Volume": 1326400.0
    },
    "BAC": {
        "Open": 31.15625,
        "High": 31.34375,
        "Low": 30.3125,
        "Close": 30.3125,
        "Adj Close": 15.305445671081543,
        "Volume": 7456800.0
    },
    "BK": {
        "Open": 38.35859680175781,
        "High": 39.021095275878906,
        "Low": 38.2923469543457,
        "Close": 38.62359619140625,
        "Adj Close": 21.039793014526367,
        "Volume": 1152363.0
    },
    "BKNG": {
        "Open": 408.75,
        "High": 426.75,
        "Low": 401.625,
        "Close": 403.875,
        "Adj Close": 397.3728942871094,
        "Volume": 820100.0
    },
    "BLK": {
        "Open": null,
        "High": null,
        "Low": null,
        "Close": null,
        "Adj Close": null,
        "Volume": null
    },
    "BMY": {
        "Open": 63.174198150634766,
        "High": 64.95877838134766,
        "Low": 62.876766204833984,
        "Close": 63.94751739501953,
        "Adj Close": 24.078340530395508,
        "Volume": 3444820.0
    },
    "BRK-B": {
        "Open": 42.79999923706055,
        "High": 43.29999923706055,
        "Low": 42.47999954223633,
        "Close": 42.65999984741211,
        "Adj Close": 42.65999984741211,
        "Volume": 340000.0
    },
    "C": {
        "Open": 328.125,
        "High": 335.625,
        "Low": 325.78125,
        "Close": 330.46875,
        "Adj Close": 171.3673095703125,
        "Volume": 979427.0
    },
    "CAT": {
        "Open": 30.5,
        "High": 31.40625,
        "Low": 30.5,
        "Close": 30.5,
        "Adj Close": 15.64259147644043,
        "Volume": 4357000.0
    },
    "CL": {
        "Open": 24.71875,
        "High": 24.75,
        "Low": 24.125,
        "Close": 24.34375,
        "Adj Close": 13.78349494934082,
        "Volume": 3929400.0
    },
    "CMCSA": {
        "Open": 10.074976921081543,
        "High": 10.172601699829102,
        "Low": 9.372071266174316,
        "Close": 9.41112232208252,
        "Adj Close": 6.386063575744629,
        "Volume": 887637.0
    },
    "COF": {
        "Open": 40.75,
        "High": 41.9375,
        "Low": 40.5625,
        "Close": 40.625,
        "Adj Close": 29.393617630004883,
        "Volume": 790200.0
    },
    "COP": {
        "Open": 19.939342498779297,
        "High": 20.272855758666992,
        "Low": 19.867874145507812,
        "Close": 19.98698616027832,
        "Adj Close": 8.691277503967285,
        "Volume": 949737.0
    },
    "COST": {
        "Open": 38.0625,
        "High": 38.4375,
        "Low": 37.3125,
        "Close": 37.5,
        "Adj Close": 25.018766403198242,
        "Volume": 6217600.0
    },
    "CRM": {
        "Open": null,
        "High": null,
        "Low": null,
        "Close": null,
        "Adj Close": null,
        "Volume": null
    },
    "CSCO": {
        "Open": 31.53125,
        "High": 31.71875,
        "Low": 30.8125,
        "Close": 30.84375,
        "Adj Close": 19.957494735717773,
        "Volume": 43322200.0
    },
    "CVS": {
        "Open": 22.53125,
        "High": 22.875,
        "Low": 22.375,
        "Close": 22.5,
        "Adj Close": 14.207867622375488,
        "Volume": 3256800.0
    },
    "CVX": {
        "Open": 47.75,
        "High": 48.46875,
        "Low": 47.21875,
        "Close": 48.03125,
        "Adj Close": 17.994043350219727,
        "Volume": 1760200.0
    },
    "DE": {
        "Open": 20.75,
        "High": 21.1875,
        "Low": 20.0625,
        "Close": 20.34375,
        "Adj Close": 12.158167839050293,
        "Volume": 5572600.0
    },
    "DHR": {
        "Open": 9.787731170654297,
        "High": 9.787731170654297,
        "Low": 9.609199523925781,
        "Close": 9.640705108642578,
        "Adj Close": 5.702411651611328,
        "Volume": 3776713.0
    },
    "DIS": {
        "Open": 25.52568817138672,
        "High": 26.018938064575195,
        "Low": 25.52568817138672,
        "Close": 25.77231216430664,
        "Adj Close": 19.53761100769043,
        "Volume": 5058996.0
    },
    "DUK": {
        "Open": 47.2325325012207,
        "High": 47.2325325012207,
        "Low": 46.19744873046875,
        "Close": 46.30640411376953,
        "Adj Close": 13.9859037399292,
        "Volume": 678598.0
    },
    "EMR": {
        "Open": 31.03125,
        "High": 31.25,
        "Low": 30.46875,
        "Close": 30.5,
        "Adj Close": 14.891937255859375,
        "Volume": 1358200.0
    },
    "FDX": {
        "Open": 41.0,
        "High": 42.25,
        "Low": 41.0,
        "Close": 41.75,
        "Adj Close": 33.42890548706055,
        "Volume": 1410300.0
    },
    "GD": {
        "Open": 31.59375,
        "High": 31.875,
        "Low": 30.84375,
        "Close": 30.875,
        "Adj Close": 17.89093017578125,
        "Volume": 1537000.0
    },
    "GE": {
        "Open": 170.0316925048828,
        "High": 170.33120727539062,
        "Low": 167.83514404296875,
        "Close": 167.83514404296875,
        "Adj Close": 90.29254913330078,
        "Volume": 2109824.0
    },
    "GILD": {
        "Open": 2.253906011581421,
        "High": 2.304687976837158,
        "Low": 2.25,
        "Close": 2.263672113418579,
        "Adj Close": 1.5726892948150635,
        "Volume": 23955200.0
    },
    "GM": {
        "Open": null,
        "High": null,
        "Low": null,
        "Close": null,
        "Adj Close": null,
        "Volume": null
    },
    "GOOG": {
        "Open": null,
        "High": null,
        "Low": null,