{
    "AAPL": {
        "Open": 0.5390629768371582,
        "High": 0.5424110293388367,
        "Low": 0.5351560115814209,
        "Close": 0.5390629768371582,
        "Adj Close": 0.4522545039653778,
        "Volume": 502264000.0
    },
    "ABBV": {
        "Open": null,
        "High": null,
        "Low": null,
        "Close": null,
        "Adj Close": null,
        "Volume": null
    },
    "ABT": {
        "Open": 19.583301544189453,
        "High": 19.89192008972168,
        "Low": 19.44301986694336,
        "Close": 19.83580780029297,
        "Adj Close": 10.174528121948242,
        "Volume": 5997538.0
    },
    "ACN": {
        "Open": null,
        "High": null,
        "Low": null,
        "Close": null,
        "Adj Close": null,
        "Volume": null
    },
    "ADBE": {
        "Open": 12.85546875,
        "High": 13.15625,
        "Low": 12.703125,
        "Close": 12.882813453674316,
        "Adj Close": 12.780983924865723,
        "Volume": 6102400.0
    },
    "AIG": {
        "Open": 1295.8333740234375,
        "High": 1345.8333740234375,
        "Low": 1293.3333740234375,
        "Close": 1327.5,
        "Adj Close": 781.3299560546875,
        "Volume": 282413.0
    },
    "AMD": {
        "Open": 9.5625,
        "High": 9.59375,
        "Low": 9.28125,
        "Close": 9.375,
        "Adj Close": 9.375,
        "Volume": 2463200.0
    },
    "AMGN": {
        "Open": 41.5625,
        "High": 41.625,
        "Low": 40.15625,
        "Close": 40.4375,
        "Adj Close": 27.35148048400879,
        "Volume": 8088800.0
    },
    "AMT": {
        "Open": 23.875,
        "High": 24.1875,
        "Low": 23.125,
        "Close": 23.6875,
        "Adj Close": 17.319786071777344,
        "Volume": 463300.0
    },
    "AMZN": {
        "Open": 2.9000000953674316,
        "High": 3.137500047683716,
        "Low": 2.898437976837158,
        "Close": 3.00156307220459,
        "Adj Close": 3.00156307220459,
        "Volume": 500200000.0
    },
    "AVGO": {
        "Open": null,
        "High": null,
        "Low": null,
        "Close": null,
        "Adj Close": null,
        "Volume": null
    },
    "AXP": {
        "Open": 42.70734786987305,
        "High": 43.94735336303711,
        "Low": 42.452049255371094,
        "Close": 43.144996643066406,
        "Adj Close": 30.2806396484375,
        "Volume": 11421456.0
    },
    "BA": {
        "Open": 45.9375,
        "High": 46.375,
        "Low": 44.75,
        "Close": 45.125,
        "Adj Close": 29.035070419311523,
        "Volume": 3204500.0
    },
    "BAC": {
        "Open": 32.96875,
        "High": 33.78125,
        "Low": 32.65625,
        "Close": 33.4375,
        "Adj Close": 16.883331298828125,
        "Volume": 8093400.0
    },
    "BK": {
        "Open": 40.41233825683594,
        "High": 40.94233703613281,
        "Low": 39.88233947753906,
        "Close": 40.41233825683594,
        "Adj Close": 22.014184951782227,
        "Volume": 1837649.0
    },
    "BKNG": {
        "Open": 401.25,
        "High": 417.0,
        "Low": 394.5,
        "Close": 405.75,
        "Adj Close": 399.2177429199219,
        "Volume": 309367.0
    },
    "BLK": {
        "Open": null,
        "High": null,
        "Low": null,
        "Close": null,
        "Adj Close": null,
        "Volume": null
    },
    "BMY": {
        "Open": 69.122802734375,
        "High": 69.77715301513672,
        "Low": 68.94434356689453,
        "Close": 69.47972106933594,
        "Adj Close": 26.16140365600586,
        "Volume": 3118903.0
    },
    "BRK-B": {
        "Open": 41.0,
        "High": 41.060001373291016,
        "Low": 40.439998626708984,
        "Close": 40.880001068115234,
        "Adj Close": 40.880001068115234,
        "Volume": 1025000.0
    },
    "C": {
        "Open": 363.75,
        "High": 378.28125,
        "Low": 361.875,
        "Close": 367.5,
        "Adj Close": 190.57020568847656,
        "Volume": 1914187.0
    },
    "CAT": {
        "Open": 31.46875,
        "High": 31.9375,
        "Low": 31.25,
        "Close": 31.5,
        "Adj Close": 16.155458450317383,
        "Volume": 2166800.0
    },
    "CL": {
        "Open": 25.6875,
        "High": 26.875,
        "Low": 25.5625,
        "Close": 26.09375,
        "Adj Close": 14.774354934692383,
        "Volume": 3024600.0
    },
    "CMCSA": {
        "Open": 9.938301086425781,
        "High": 9.957825660705566,
        "Low": 9.528271675109863,
        "Close": 9.684473991394043,
        "Adj Close": 6.5715484619140625,
        "Volume": 2217333.0
    },
    "COF": {
        "Open": 46.875,
        "High": 47.125,
        "Low": 45.5625,
        "Close": 46.6875,
        "Adj Close": 33.78005599975586,
        "Volume": 1259200.0
    },
    "COP": {
        "Open": 20.225210189819336,
        "High": 20.225210189819336,
        "Low": 19.867874145507812,
        "Close": 20.20138931274414,
        "Adj Close": 8.784506797790527,
        "Volume": 927174.0
    },
    "COST": {
        "Open": 39.78125,
        "High": 40.84375,
        "Low": 39.4375,
        "Close": 40.71875,
        "Adj Close": 27.166217803955078,
        "Volume": 2878400.0
    },
    "CRM": {
        "Open": null,
        "High": null,
        "Low": null,
        "Close": null,
        "Adj Close": null,
        "Volume": null
    },
    "CSCO": {
        "Open": 32.53125,
        "High": 33.5,
        "Low": 32.53125,
        "Close": 33.1875,
        "Adj Close": 21.474018096923828,
        "Volume": 37240600.0
    },
    "CVS": {
        "Open": 21.9375,
        "High": 21.9375,
        "Low": 20.96875,
        "Close": 21.34375,
        "Adj Close": 13.477733612060547,
        "Volume": 3961600.0
    },
    "CVX": {
        "Open": 47.875,
        "High": 48.21875,
        "Low": 47.5625,
        "Close": 47.96875,
        "Adj Close": 18.086320877075195,
        "Volume": 2035600.0
    },
    "DE": {
        "Open": 21.15625,
        "High": 21.3125,
        "Low": 20.9375,
        "Close": 21.0,
        "Adj Close": 12.550366401672363,
        "Volume": 1760600.0
    },
    "DHR": {
        "Open": 10.01877212524414,
        "High": 10.071282386779785,
        "Low": 9.924256324768066,
        "Close": 10.050277709960938,
        "Adj Close": 5.944665908813477,
        "Volume": 1784208.0
    },
    "DIS": {
        "Open": 29.594999313354492,
        "High": 29.718313217163086,
        "Low": 29.286718368530273,
        "Close": 29.410030364990234,
        "Adj Close": 22.295312881469727,
        "Volume": 6310390.0
    },
    "DUK": {
        "Open": 48.594486236572266,
        "High": 50.28330993652344,
        "Low": 48.594486236572266,
        "Close": 49.793006896972656,
        "Adj Close": 15.038961410522461,
        "Volume": 1790398.0
    },
    "EMR": {
        "Open": 31.125,
        "High": 32.53125,
        "Low": 31.0625,
        "Close": 32.0,
        "Adj Close": 15.624326705932617,
        "Volume": 2185000.0
    },
    "FDX": {
        "Open": 41.375,
        "High": 42.6875,
        "Low": 41.3125,
        "Close": 41.9375,
        "Adj Close": 33.57902145385742,
        "Volume": 2269900.0
    },
    "GD": {
        "Open": 31.0,
        "High": 31.125,
        "Low": 30.75,
        "Close": 30.96875,
        "Adj Close": 17.94524574279785,
        "Volume": 1825800.0
    },
    "GE": {
        "Open": 184.70852661132812,
        "High": 188.3028564453125,
        "Low": 184.6086883544922,
        "Close": 186.30599975585938,
        "Adj Close": 100.22953796386719,
        "Volume": 2998286.0
    },
    "GILD": {
        "Open": 2.59375,
        "High": 2.609375,
        "Low": 2.5625,
        "Close": 2.5869140625,
        "Adj Close": 1.7972625494003296,
        "Volume": 23548800.0
    },
    "GM": {
        "Open": null,
        "High": null,
        "Low": null,
        "Close": null,
        "Adj Close": null,
        "Volume": null
    },
    "GOOG": {
        "Open": null,
        "High": null,
        "Low": null,