{
    "AAPL": {
        "Open": 0.3007810115814209,
        "High": 0.30970999598503113,
        "Low": 0.29910698533058167,
        "Close": 0.30747801065444946,
        "Adj Close": 0.2579629719257355,
        "Volume": 594966400.0
    },
    "ABBV": {
        "Open": null,
        "High": null,
        "Low": null,
        "Close": null,
        "Adj Close": null,
        "Volume": null
    },
    "ABT": {
        "Open": 20.088314056396484,
        "High": 20.228595733642578,
        "Low": 19.751638412475586,
        "Close": 19.751638412475586,
        "Adj Close": 9.990131378173828,
        "Volume": 4271322.0
    },
    "ACN": {
        "Open": null,
        "High": null,
        "Low": null,
        "Close": null,
        "Adj Close": null,
        "Volume": null
    },
    "ADBE": {
        "Open": 4.851562976837158,
        "High": 4.96875,
        "Low": 4.851562976837158,
        "Close": 4.914062976837158,
        "Adj Close": 4.855168342590332,
        "Volume": 7216000.0
    },
    "AIG": {
        "Open": 1073.77783203125,
        "High": 1074.22216796875,
        "Low": 1054.6666259765625,
        "Close": 1061.77783203125,
        "Adj Close": 623.4799194335938,
        "Volume": 130767.0
    },
    "AMD": {
        "Open": 8.21875,
        "High": 8.75,
        "Low": 8.125,
        "Close": 8.6875,
        "Adj Close": 8.6875,
        "Volume": 6520000.0
    },
    "AMGN": {
        "Open": 17.453125,
        "High": 18.09375,
        "Low": 17.34375,
        "Close": 17.71875,
        "Adj Close": 11.984758377075195,
        "Volume": 18042400.0
    },
    "AMT": {
        "Open": 26.625,
        "High": 27.0,
        "Low": 26.25,
        "Close": 26.9375,
        "Adj Close": 19.696102142333984,
        "Volume": 225800.0
    },
    "AMZN": {
        "Open": 0.9666669964790344,
        "High": 0.9781249761581421,
        "Low": 0.9145830273628235,
        "Close": 0.9375,
        "Adj Close": 0.9375,
        "Volume": 352200000.0
    },
    "AVGO": {
        "Open": null,
        "High": null,
        "Low": null,
        "Close": null,
        "Adj Close": null,
        "Volume": null
    },
    "AXP": {
        "Open": 34.57434844970703,
        "High": 34.61082077026367,
        "Low": 33.42551803588867,
        "Close": 33.42551803588867,
        "Adj Close": 23.24810791015625,
        "Volume": 3403747.0
    },
    "BA": {
        "Open": 48.625,
        "High": 49.6875,
        "Low": 48.625,
        "Close": 49.3125,
        "Adj Close": 31.193885803222656,
        "Volume": 4386300.0
    },
    "BAC": {
        "Open": 43.78125,
        "High": 43.8125,
        "Low": 43.0,
        "Close": 43.0,
        "Adj Close": 21.125335693359375,
        "Volume": 3854000.0
    },
    "BK": {
        "Open": 35.443607330322266,
        "High": 35.47673416137695,
        "Low": 34.71486282348633,
        "Close": 34.71486282348633,
        "Adj Close": 18.531818389892578,
        "Volume": 1799441.0
    },
    "BKNG": {
        "Open": null,
        "High": null,
        "Low": null,
        "Close": null,
        "Adj Close": null,
        "Volume": null
    },
    "BLK": {
        "Open": null,
        "High": null,
        "Low": null,
        "Close": null,
        "Adj Close": null,
        "Volume": null
    },
    "BMY": {
        "Open": 58.05839538574219,
        "High": 58.1773681640625,
        "Low": 57.46353530883789,
        "Close": 57.731224060058594,
        "Adj Close": 21.44322967529297,
        "Volume": 2600819.0
    },
    "BRK-B": {
        "Open": 51.439998626708984,
        "High": 51.459999084472656,
        "Low": 50.900001525878906,
        "Close": 50.97999954223633,
        "Adj Close": 50.97999954223633,
        "Volume": 380000.0
    },
    "C": {
        "Open": 360.625,
        "High": 360.9375,
        "Low": 351.25,
        "Close": 351.875,
        "Adj Close": 179.73924255371094,
        "Volume": 974560.0
    },
    "CAT": {
        "Open": 27.71875,
        "High": 27.71875,
        "Low": 25.5625,
        "Close": 26.0,
        "Adj Close": 12.955299377441406,
        "Volume": 10785400.0
    },
    "CL": {
        "Open": 24.015625,
        "High": 24.28125,
        "Low": 23.96875,
        "Close": 24.046875,
        "Adj Close": 13.405877113342285,
        "Volume": 2165600.0
    },
    "CMCSA": {
        "Open": 7.49765682220459,
        "High": 7.595283031463623,
        "Low": 7.400031089782715,
        "Close": 7.507420063018799,
        "Adj Close": 5.087266445159912,
        "Volume": 4921217.0
    },
    "COF": {
        "Open": 42.85416793823242,
        "High": 42.85416793823242,
        "Low": 42.1875,
        "Close": 42.375,
        "Adj Close": 30.557689666748047,
        "Volume": 916200.0
    },
    "COP": {
        "Open": 18.319419860839844,
        "High": 18.53382110595703,
        "Low": 18.033550262451172,
        "Close": 18.057373046875,
        "Adj Close": 7.560889720916748,
        "Volume": 1287392.0
    },
    "COST": {
        "Open": 32.25,
        "High": 32.4375,
        "Low": 31.59375,
        "Close": 31.90625,
        "Adj Close": 21.28681182861328,
        "Volume": 1630800.0
    },
    "CRM": {
        "Open": null,
        "High": null,
        "Low": null,
        "Close": null,
        "Adj Close": null,
        "Volume": null
    },
    "CSCO": {
        "Open": 15.916666984558105,
        "High": 16.010417938232422,
        "Low": 15.6875,
        "Close": 15.927083015441895,
        "Adj Close": 10.305641174316406,
        "Volume": 38209800.0
    },
    "CVS": {
        "Open": 21.96875,
        "High": 22.5,
        "Low": 21.90625,
        "Close": 22.15625,
        "Adj Close": 13.901948928833008,
        "Volume": 1689800.0
    },
    "CVX": {
        "Open": 41.09375,
        "High": 41.71875,
        "Low": 40.78125,
        "Close": 41.46875,
        "Adj Close": 15.088116645812988,
        "Volume": 2436000.0
    },
    "DE": {
        "Open": 24.46875,
        "High": 24.875,
        "Low": 24.09375,
        "Close": 24.46875,
        "Adj Close": 14.257380485534668,
        "Volume": 3031400.0
    },
    "DHR": {
        "Open": 7.2042741775512695,
        "High": 7.31979513168335,
        "Low": 7.2042741775512695,
        "Close": 7.309292793273926,
        "Adj Close": 4.318050861358643,
        "Volume": 921861.0
    },
    "DIS": {
        "Open": 39.33668899536133,
        "High": 39.768280029296875,
        "Low": 38.658470153808594,
        "Close": 38.84343719482422,
        "Adj Close": 29.3458251953125,
        "Volume": 8710492.0
    },
    "DUK": {
        "Open": 50.71913528442383,
        "High": 50.71913528442383,
        "Low": 50.119876861572266,
        "Close": 50.501220703125,
        "Adj Close": 14.541986465454102,
        "Volume": 576263.0
    },
    "EMR": {
        "Open": 31.5,
        "High": 31.78125,
        "Low": 31.25,
        "Close": 31.375,
        "Adj Close": 14.935344696044922,
        "Volume": 1372200.0
    },
    "FDX": {
        "Open": 33.09375,
        "High": 33.125,
        "Low": 32.53125,
        "Close": 32.78125,
        "Adj Close": 26.247699737548828,
        "Volume": 982400.0
    },
    "GD": {
        "Open": 22.9375,
        "High": 23.25,
        "Low": 22.84375,
        "Close": 22.875,
        "Adj Close": 13.055811882019043,
        "Volume": 1108000.0
    },
    "GE": {
        "Open": 151.5608367919922,
        "High": 151.8603515625,
        "Low": 149.46414184570312,
        "Close": 150.26287841796875,
        "Adj Close": 79.73677825927734,
        "Volume": 2937190.0
    },
    "GILD": {
        "Open": 0.7578129768371582,
        "High": 0.765625,
        "Low": 0.7382810115814209,
        "Close": 0.7539060115814209,
        "Adj Close": 0.523777186870575,
        "Volume": 17433600.0
    },
    "GM": {
        "Open": null,
        "High": null,
        "Low": null,
        "Close": null,
        "Adj Close": null,
        "Volume": null
    },