{
    "AAPL": {
        "Open": 0.3013390004634857,
        "High": 0.3203130066394806,
        "Low": 0.3007810115814209,
        "Close": 0.313616007566452,
        "Adj Close": 0.2631126344203949,
        "Volume": 447720000.0
    },
    "ABBV": {
        "Open": null,
        "High": null,
        "Low": null,
        "Close": null,
        "Adj Close": null,
        "Volume": null
    },
    "ABT": {
        "Open": 19.1343994140625,
        "High": 19.274681091308594,
        "Low": 19.022174835205078,
        "Close": 19.218568801879883,
        "Adj Close": 9.720511436462402,
        "Volume": 2432831.0
    },
    "ACN": {
        "Open": null,
        "High": null,
        "Low": null,
        "Close": null,
        "Adj Close": null,
        "Volume": null
    },
    "ADBE": {
        "Open": 4.671875,
        "High": 4.6875,
        "Low": 4.5,
        "Close": 4.507812976837158,
        "Adj Close": 4.453786373138428,
        "Volume": 7403200.0
    },
    "AIG": {
        "Open": 1059.5555419921875,
        "High": 1074.6666259765625,
        "Low": 1050.22216796875,
        "Close": 1063.111083984375,
        "Adj Close": 624.2628784179688,
        "Volume": 149963.0
    },
    "AMD": {
        "Open": 8.21875,
        "High": 8.25,
        "Low": 7.8125,
        "Close": 7.84375,
        "Adj Close": 7.84375,
        "Volume": 2266800.0
    },
    "AMGN": {
        "Open": 18.53125,
        "High": 18.75,
        "Low": 18.234375,
        "Close": 18.734375,
        "Adj Close": 12.671719551086426,
        "Volume": 16183200.0
    },
    "AMT": {
        "Open": 26.375,
        "High": 26.75,
        "Low": 26.25,
        "Close": 26.25,
        "Adj Close": 19.19342803955078,
        "Volume": 268000.0
    },
    "AMZN": {
        "Open": 1.0041669607162476,
        "High": 1.0125000476837158,
        "Low": 0.8958330154418945,
        "Close": 0.8984379768371582,
        "Adj Close": 0.8984379768371582,
        "Volume": 392892000.0
    },
    "AVGO": {
        "Open": null,
        "High": null,
        "Low": null,
        "Close": null,
        "Adj Close": null,
        "Volume": null
    },
    "AXP": {
        "Open": 33.1519889831543,
        "High": 33.26139831542969,
        "Low": 32.6778678894043,
        "Close": 32.896690368652344,
        "Adj Close": 22.880300521850586,
        "Volume": 4312007.0
    },
    "BA": {
        "Open": 39.0,
        "High": 39.375,
        "Low": 38.5625,
        "Close": 38.75,
        "Adj Close": 24.51230239868164,
        "Volume": 7578000.0
    },
    "BAC": {
        "Open": 40.1875,
        "High": 40.40625,
        "Low": 39.25,
        "Close": 39.6875,
        "Adj Close": 19.49795913696289,
        "Volume": 4615800.0
    },
    "BK": {
        "Open": 33.986114501953125,
        "High": 34.25111389160156,
        "Low": 33.32361602783203,
        "Close": 33.68798828125,
        "Adj Close": 18.06144905090332,
        "Volume": 958872.0
    },
    "BKNG": {
        "Open": null,
        "High": null,
        "Low": null,
        "Close": null,
        "Adj Close": null,
        "Volume": null
    },
    "BLK": {
        "Open": null,
        "High": null,
        "Low": null,
        "Close": null,
        "Adj Close": null,
        "Volume": null
    },
    "BMY": {
        "Open": 54.60820388793945,
        "High": 55.17332458496094,
        "Low": 54.31077575683594,
        "Close": 54.69743347167969,
        "Adj Close": 20.31638526916504,
        "Volume": 2565727.0
    },
    "BRK-B": {
        "Open": 46.220001220703125,
        "High": 46.720001220703125,
        "Low": 45.91999816894531,
        "Close": 45.959999084472656,
        "Adj Close": 45.959999084472656,
        "Volume": 470000.0
    },
    "C": {
        "Open": 331.875,
        "High": 335.0,
        "Low": 326.875,
        "Close": 331.25,
        "Adj Close": 169.20384216308594,
        "Volume": 715140.0
    },
    "CAT": {
        "Open": 24.40625,
        "High": 24.75,
        "Low": 24.0,
        "Close": 24.53125,
        "Adj Close": 12.294384002685547,
        "Volume": 2047400.0
    },
    "CL": {
        "Open": 24.0,
        "High": 24.28125,
        "Low": 23.875,
        "Close": 24.078125,
        "Adj Close": 13.462267875671387,
        "Volume": 2663200.0
    },
    "CMCSA": {
        "Open": 6.71665096282959,
        "High": 7.029053211212158,
        "Low": 6.71665096282959,
        "Close": 7.009528160095215,
        "Adj Close": 4.749876976013184,
        "Volume": 2535192.0
    },
    "COF": {
        "Open": 36.6875,
        "High": 36.83333206176758,
        "Low": 36.45833206176758,
        "Close": 36.70833206176758,
        "Adj Close": 26.471302032470703,
        "Volume": 963600.0
    },
    "COP": {
        "Open": 17.48563575744629,
        "High": 17.533281326293945,
        "Low": 17.318878173828125,
        "Close": 17.39034652709961,
        "Adj Close": 7.281590938568115,
        "Volume": 1619275.0
    },
    "COST": {
        "Open": 29.9375,
        "High": 30.1875,
        "Low": 28.8125,
        "Close": 28.8125,
        "Adj Close": 19.222753524780273,
        "Volume": 3113000.0
    },
    "CRM": {
        "Open": null,
        "High": null,
        "Low": null,
        "Close": null,
        "Adj Close": null,
        "Volume": null
    },
    "CSCO": {
        "Open": 16.125,
        "High": 16.260417938232422,
        "Low": 15.65625,
        "Close": 15.666666984558105,
        "Adj Close": 10.137140274047852,
        "Volume": 55468800.0
    },
    "CVS": {
        "Open": 21.09375,
        "High": 21.75,
        "Low": 20.25,
        "Close": 20.46875,
        "Adj Close": 12.859923362731934,
        "Volume": 2851000.0
    },
    "CVX": {
        "Open": 42.75,
        "High": 42.9375,
        "Low": 42.28125,
        "Close": 42.78125,
        "Adj Close": 15.565656661987305,
        "Volume": 3903200.0
    },
    "DE": {
        "Open": 21.75,
        "High": 21.78125,
        "Low": 21.03125,
        "Close": 21.375,
        "Adj Close": 12.45473861694336,
        "Volume": 2428000.0
    },
    "DHR": {
        "Open": 7.13076114654541,
        "High": 7.24628210067749,
        "Low": 6.910222053527832,
        "Close": 6.920723915100098,
        "Adj Close": 4.088497161865234,
        "Volume": 1615786.0
    },
    "DIS": {
        "Open": 34.897438049316406,
        "High": 35.26737594604492,
        "Low": 34.58915710449219,
        "Close": 34.897438049316406,
        "Adj Close": 26.401018142700195,
        "Volume": 4166751.0
    },
    "DUK": {
        "Open": 50.77361297607422,
        "High": 50.99152374267578,
        "Low": 50.33778762817383,
        "Close": 50.33778762817383,
        "Adj Close": 14.494926452636719,
        "Volume": 586589.0
    },
    "EMR": {
        "Open": 30.375,
        "High": 30.625,
        "Low": 30.125,
        "Close": 30.125,
        "Adj Close": 14.340313911437988,
        "Volume": 1243800.0
    },
    "FDX": {
        "Open": 30.75,
        "High": 31.375,
        "Low": 30.71875,
        "Close": 30.875,
        "Adj Close": 24.721372604370117,
        "Volume": 952200.0
    },
    "GD": {
        "Open": 22.78125,
        "High": 23.1875,
        "Low": 22.78125,
        "Close": 23.0,
        "Adj Close": 13.127156257629395,
        "Volume": 304800.0
    },
    "GE": {
        "Open": 146.16934204101562,
        "High": 146.56871032714844,
        "Low": 142.57501220703125,
        "Close": 142.97438049316406,
        "Adj Close": 75.86919403076172,
        "Volume": 2553899.0
    },
    "GILD": {
        "Open": 0.6914060115814209,
        "High": 0.6992189884185791,
        "Low": 0.6640629768371582,
        "Close": 0.6875,
        "Adj Close": 0.47764161229133606,
        "Volume": 6800000.0
    },
    "GM": {
        "Open": null,
        "High": null,
        "Low": null,
        "Close": null,
        "Adj Close": null,
        "Volume": null
    },
    "GOOG": {
        "Open": null,