{
    "AAPL": {
        "Open": 0.327008992433548,
        "High": 0.328125,
        "Low": 0.3080359995365143,
        "Close": 0.3091520071029663,
        "Adj Close": 0.2593674659729004,
        "Volume": 183108800.0
    },
    "ABBV": {
        "Open": null,
        "High": null,
        "Low": null,
        "Close": null,
        "Adj Close": null,
        "Volume": null
    },
    "ABT": {
        "Open": 19.274681091308594,
        "High": 19.302738189697266,
        "Low": 18.62938690185547,
        "Close": 18.68549919128418,
        "Adj Close": 9.45089340209961,
        "Volume": 3237909.0
    },
    "ACN": {
        "Open": null,
        "High": null,
        "Low": null,
        "Close": null,
        "Adj Close": null,
        "Volume": null
    },
    "ADBE": {
        "Open": 4.328125,
        "High": 4.328125,
        "Low": 4.03125,
        "Close": 4.039062976837158,
        "Adj Close": 3.9906551837921143,
        "Volume": 14546400.0
    },
    "AIG": {
        "Open": 1072.0,
        "High": 1076.4444580078125,
        "Low": 1063.111083984375,
        "Close": 1072.4444580078125,
        "Adj Close": 629.7434692382812,
        "Volume": 154139.0
    },
    "AMD": {
        "Open": 8.75,
        "High": 9.0625,
        "Low": 8.59375,
        "Close": 8.625,
        "Adj Close": 8.625,
        "Volume": 4956800.0
    },
    "AMGN": {
        "Open": 19.0,
        "High": 19.03125,
        "Low": 18.34375,
        "Close": 18.359375,
        "Adj Close": 12.418072700500488,
        "Volume": 9973200.0
    },
    "AMT": {
        "Open": 26.0,
        "High": 26.125,
        "Low": 24.0,
        "Close": 24.0,
        "Adj Close": 17.54827308654785,
        "Volume": 335600.0
    },
    "AMZN": {
        "Open": 0.9541670083999634,
        "High": 0.9593750238418579,
        "Low": 0.909375011920929,
        "Close": 0.9239580035209656,
        "Adj Close": 0.9239580035209656,
        "Volume": 268812000.0
    },
    "AVGO": {
        "Open": null,
        "High": null,
        "Low": null,
        "Close": null,
        "Adj Close": null,
        "Volume": null
    },
    "AXP": {
        "Open": 33.2431640625,
        "High": 33.29787063598633,
        "Low": 32.09433364868164,
        "Close": 32.2037467956543,
        "Adj Close": 22.398334503173828,
        "Volume": 4005598.0
    },
    "BA": {
        "Open": 39.125,
        "High": 39.25,
        "Low": 38.75,
        "Close": 38.8125,
        "Adj Close": 24.551837921142578,
        "Volume": 6369400.0
    },
    "BAC": {
        "Open": 40.5625,
        "High": 40.75,
        "Low": 39.53125,
        "Close": 39.875,
        "Adj Close": 19.590072631835938,
        "Volume": 3290200.0
    },
    "BK": {
        "Open": 33.72111511230469,
        "High": 34.18486404418945,
        "Low": 33.48924255371094,
        "Close": 33.919864654541016,
        "Adj Close": 18.185762405395508,
        "Volume": 1813781.0
    },
    "BKNG": {
        "Open": null,
        "High": null,
        "Low": null,
        "Close": null,
        "Adj Close": null,
        "Volume": null
    },
    "BLK": {
        "Open": null,
        "High": null,
        "Low": null,
        "Close": null,
        "Adj Close": null,
        "Volume": null
    },
    "BMY": {
        "Open": 55.768184661865234,
        "High": 55.88715744018555,
        "Low": 53.626686096191406,
        "Close": 54.2215461730957,
        "Adj Close": 20.13962173461914,
        "Volume": 2916019.0
    },
    "BRK-B": {
        "Open": 46.52000045776367,
        "High": 47.18000030517578,
        "Low": 46.29999923706055,
        "Close": 46.84000015258789,
        "Adj Close": 46.84000015258789,
        "Volume": 565000.0
    },
    "C": {
        "Open": 341.25,
        "High": 345.625,
        "Low": 329.0625,
        "Close": 336.25,
        "Adj Close": 172.08262634277344,
        "Volume": 876240.0
    },
    "CAT": {
        "Open": 25.03125,
        "High": 25.09375,
        "Low": 24.0625,
        "Close": 24.25,
        "Adj Close": 12.153425216674805,
        "Volume": 5211400.0
    },
    "CL": {
        "Open": 23.90625,
        "High": 24.0,
        "Low": 23.0,
        "Close": 23.0625,
        "Adj Close": 12.894417762756348,
        "Volume": 2649600.0
    },
    "CMCSA": {
        "Open": 7.302404880523682,
        "High": 7.536706924438477,
        "Low": 7.068103790283203,
        "Close": 7.068103790283203,
        "Adj Close": 4.789571285247803,
        "Volume": 4611361.0
    },
    "COF": {
        "Open": 38.60416793823242,
        "High": 39.0,
        "Low": 38.04166793823242,
        "Close": 38.6875,
        "Adj Close": 27.898550033569336,
        "Volume": 1144500.0
    },
    "COP": {
        "Open": 17.29505729675293,
        "High": 17.29505729675293,
        "Low": 16.747142791748047,
        "Close": 16.866254806518555,
        "Adj Close": 7.115170955657959,
        "Volume": 912744.0
    },
    "COST": {
        "Open": 29.75,
        "High": 30.0625,
        "Low": 28.375,
        "Close": 28.375,
        "Adj Close": 18.930866241455078,
        "Volume": 2828400.0
    },
    "CRM": {
        "Open": null,
        "High": null,
        "Low": null,
        "Close": null,
        "Adj Close": null,
        "Volume": null
    },
    "CSCO": {
        "Open": 16.489582061767578,
        "High": 16.666667938232422,
        "Low": 15.875,
        "Close": 15.958333015441895,
        "Adj Close": 10.325861930847168,
        "Volume": 60683400.0
    },
    "CVS": {
        "Open": 20.75,
        "High": 20.9375,
        "Low": 20.40625,
        "Close": 20.5,
        "Adj Close": 12.87955379486084,
        "Volume": 1185400.0
    },
    "CVX": {
        "Open": 42.40625,
        "High": 42.40625,
        "Low": 41.25,
        "Close": 41.3125,
        "Adj Close": 15.031270027160645,
        "Volume": 2920600.0
    },
    "DE": {
        "Open": 21.46875,
        "High": 21.625,
        "Low": 19.84375,
        "Close": 20.09375,
        "Adj Close": 11.708173751831055,
        "Volume": 3885400.0
    },
    "DHR": {
        "Open": 7.046747207641602,
        "High": 7.067749977111816,
        "Low": 6.857713222503662,
        "Close": 6.857713222503662,
        "Adj Close": 4.051275730133057,
        "Volume": 629651.0
    },
    "DIS": {
        "Open": 34.83578109741211,
        "High": 35.020748138427734,
        "Low": 33.78762435913086,
        "Close": 33.97259521484375,
        "Adj Close": 25.701353073120117,
        "Volume": 3859301.0
    },
    "DUK": {
        "Open": 50.44674301147461,
        "High": 50.66465759277344,
        "Low": 49.57509231567383,
        "Close": 49.793006896972656,
        "Adj Close": 14.338053703308105,
        "Volume": 1118224.0
    },
    "EMR": {
        "Open": 30.40625,
        "High": 30.5625,
        "Low": 29.5,
        "Close": 29.71875,
        "Adj Close": 14.146925926208496,
        "Volume": 2095800.0
    },
    "FDX": {
        "Open": 30.75,
        "High": 30.90625,
        "Low": 30.25,
        "Close": 30.34375,
        "Adj Close": 24.2960147857666,
        "Volume": 984600.0
    },
    "GD": {
        "Open": 24.375,
        "High": 24.375,
        "Low": 23.5,
        "Close": 23.78125,
        "Adj Close": 13.5730562210083,
        "Volume": 310000.0
    },
    "GE": {
        "Open": 145.86981201171875,
        "High": 148.06634521484375,
        "Low": 140.67800903320312,
        "Close": 142.87454223632812,
        "Adj Close": 75.81624603271484,
        "Volume": 3673413.0
    },
    "GILD": {
        "Open": 0.75,
        "High": 0.7734379768371582,
        "Low": 0.7304689884185791,
        "Close": 0.734375,
        "Adj Close": 0.5102081298828125,
        "Volume": 25305600.0
    },
    "GM": {
        "Open": null,
        "High": null,
        "Low": null,
        "Close": null,
        "Adj Close": null,
        "Volume": null
    },
    "GOOG": {
        "Open": null,
        "High": null,
        "Low": null,