{
    "AAPL": {
        "Open": 0.1640630066394806,
        "High": 0.17410700023174286,
        "Low": 0.1640630066394806,
        "Close": 0.171316996216774,
        "Adj Close": 0.14372879266738892,
        "Volume": 494670400.0
    },
    "ABBV": {
        "Open": null,
        "High": null,
        "Low": null,
        "Close": null,
        "Adj Close": null,
        "Volume": null
    },
    "ABT": {
        "Open": 16.146404266357422,
        "High": 16.146404266357422,
        "Low": 15.921953201293945,
        "Close": 16.090290069580078,
        "Adj Close": 8.078587532043457,
        "Volume": 4447307.0
    },
    "ACN": {
        "Open": null,
        "High": null,
        "Low": null,
        "Close": null,
        "Adj Close": null,
        "Volume": null
    },
    "ADBE": {
        "Open": 5.046875,
        "High": 5.132812976837158,
        "Low": 5.039062976837158,
        "Close": 5.078125,
        "Adj Close": 5.0131378173828125,
        "Volume": 11158400.0
    },
    "AIG": {
        "Open": 805.7777709960938,
        "High": 808.0,
        "Low": 801.7777709960938,
        "Close": 806.6666870117188,
        "Adj Close": 473.0990295410156,
        "Volume": 66488.0
    },
    "AMD": {
        "Open": 9.25,
        "High": 9.71875,
        "Low": 9.25,
        "Close": 9.5625,
        "Adj Close": 9.5625,
        "Volume": 3178600.0
    },
    "AMGN": {
        "Open": 13.515625,
        "High": 13.515625,
        "Low": 13.078125,
        "Close": 13.234375,
        "Adj Close": 8.951582908630371,
        "Volume": 7793600.0
    },
    "AMT": {
        "Open": null,
        "High": null,
        "Low": null,
        "Close": null,
        "Adj Close": null,
        "Volume": null
    },
    "AMZN": {
        "Open": 0.24583299458026886,
        "High": 0.24791699647903442,
        "Low": 0.23854200541973114,
        "Close": 0.2427079975605011,
        "Adj Close": 0.2427079975605011,
        "Volume": 52536000.0
    },
    "AVGO": {
        "Open": null,
        "High": null,
        "Low": null,
        "Close": null,
        "Adj Close": null,
        "Volume": null
    },
    "AXP": {
        "Open": 25.09193229675293,
        "High": 25.274288177490234,
        "Low": 24.690753936767578,
        "Close": 24.909578323364258,
        "Adj Close": 17.253063201904297,
        "Volume": 4103964.0
    },
    "BA": {
        "Open": 46.4375,
        "High": 47.25,
        "Low": 46.375,
        "Close": 46.375,
        "Adj Close": 29.168479919433594,
        "Volume": 3156500.0
    },
    "BAC": {
        "Open": 32.46875,
        "High": 32.625,
        "Low": 32.03125,
        "Close": 32.21875,
        "Adj Close": 15.661975860595703,
        "Volume": 3631000.0
    },
    "BK": {
        "Open": 30.044254302978516,
        "High": 30.342378616333008,
        "Low": 30.044254302978516,
        "Close": 30.243003845214844,
        "Adj Close": 16.079082489013672,
        "Volume": 1087552.0
    },
    "BKNG": {
        "Open": null,
        "High": null,
        "Low": null,
        "Close": null,
        "Adj Close": null,
        "Volume": null
    },
    "BLK": {
        "Open": null,
        "High": null,
        "Low": null,
        "Close": null,
        "Adj Close": null,
        "Volume": null
    },
    "BMY": {
        "Open": 46.6370735168457,
        "High": 46.84527587890625,
        "Low": 46.33964157104492,
        "Close": 46.607330322265625,
        "Adj Close": 17.18994903564453,
        "Volume": 4653401.0
    },
    "BRK-B": {
        "Open": 35.79999923706055,
        "High": 35.79999923706055,
        "Low": 35.65562438964844,
        "Close": 35.720001220703125,
        "Adj Close": 35.720001220703125,
        "Volume": 200000.0
    },
    "C": {
        "Open": 266.25,
        "High": 267.1875,
        "Low": 262.5,
        "Close": 265.625,
        "Adj Close": 135.40286254882812,
        "Volume": 538120.0
    },
    "CAT": {
        "Open": 25.46875,
        "High": 26.25,
        "Low": 25.46875,
        "Close": 26.25,
        "Adj Close": 13.022125244140625,
        "Volume": 2427000.0
    },
    "CL": {
        "Open": 19.46875,
        "High": 19.6875,
        "Low": 19.28125,
        "Close": 19.578125,
        "Adj Close": 10.881053924560547,
        "Volume": 3120400.0
    },
    "CMCSA": {
        "Open": 5.0082011222839355,
        "High": 5.066775798797607,
        "Low": 4.95938777923584,
        "Close": 5.057013034820557,
        "Adj Close": 3.4223885536193848,
        "Volume": 1124191.0
    },
    "COF": {
        "Open": 21.604167938232422,
        "High": 22.458332061767578,
        "Low": 21.583332061767578,
        "Close": 22.333332061767578,
        "Adj Close": 16.09195899963379,
        "Volume": 916800.0
    },
    "COP": {
        "Open": 17.128299713134766,
        "High": 17.128299713134766,
        "Low": 16.747142791748047,
        "Close": 16.770963668823242,
        "Adj Close": 6.97231388092041,
        "Volume": 2070006.0
    },
    "COST": {
        "Open": 23.125,
        "High": 23.15625,
        "Low": 22.25,
        "Close": 22.34375,
        "Adj Close": 14.907014846801758,
        "Volume": 2657000.0
    },
    "CRM": {
        "Open": null,
        "High": null,
        "Low": null,
        "Close": null,
        "Adj Close": null,
        "Volume": null
    },
    "CSCO": {
        "Open": 11.0625,
        "High": 11.0625,
        "Low": 10.5625,
        "Close": 10.666666984558105,
        "Adj Close": 6.901878356933594,
        "Volume": 55943400.0
    },
    "CVS": {
        "Open": 17.40625,
        "High": 17.875,
        "Low": 17.265625,
        "Close": 17.515625,
        "Adj Close": 10.973796844482422,
        "Volume": 4095200.0
    },
    "CVX": {
        "Open": 38.90625,
        "High": 39.03125,
        "Low": 38.125,
        "Close": 38.21875,
        "Adj Close": 13.697083473205566,
        "Volume": 2360600.0
    },
    "DE": {
        "Open": 27.15625,
        "High": 28.09375,
        "Low": 27.125,
        "Close": 27.8125,
        "Adj Close": 16.07988739013672,
        "Volume": 1781000.0
    },
    "DHR": {
        "Open": 5.818028926849365,
        "High": 5.828530788421631,
        "Low": 5.770771026611328,
        "Close": 5.797025203704834,
        "Adj Close": 3.4224276542663574,
        "Volume": 1210500.0
    },
    "DIS": {
        "Open": 35.698970794677734,
        "High": 36.04835510253906,
        "Low": 35.37013626098633,
        "Close": 35.41123962402344,
        "Adj Close": 26.713821411132812,
        "Volume": 2615915.0
    },
    "DUK": {
        "Open": 48.3765754699707,
        "High": 48.812400817871094,
        "Low": 48.21314239501953,
        "Close": 48.431053161621094,
        "Adj Close": 13.675361633300781,
        "Volume": 764068.0
    },
    "EMR": {
        "Open": 32.0,
        "High": 32.46875,
        "Low": 31.625,
        "Close": 32.40625,
        "Adj Close": 15.283734321594238,
        "Volume": 2232200.0
    },
    "FDX": {
        "Open": 33.21875,
        "High": 33.84375,
        "Low": 33.0625,
        "Close": 33.84375,
        "Adj Close": 27.098440170288086,
        "Volume": 785400.0
    },
    "GD": {
        "Open": 22.03125,
        "High": 22.125,
        "Low": 22.0,
        "Close": 22.125,
        "Adj Close": 12.505746841430664,
        "Volume": 488000.0
    },
    "GE": {
        "Open": 124.30384826660156,
        "High": 124.4036865234375,
        "Low": 122.10730743408203,
        "Close": 123.1057357788086,
        "Adj Close": 64.85440826416016,
        "Volume": 1819304.0
    },
    "GILD": {
        "Open": 1.238281011581421,
        "High": 1.25,
        "Low": 1.1796879768371582,
        "Close": 1.1875,
        "Adj Close": 0.8250170946121216,
        "Volume": 8585600.0
    },
    "GM": {
        "Open": null,
        "High": null,
        "Low": null,
        "Close": null,
        "Adj Close": null,
        "Volume": null
    },