{
    "AAPL": {
        "Open": 0.17075900733470917,
        "High": 0.17354899644851685,
        "Low": 0.17020100355148315,
        "Close": 0.17299099266529083,
        "Adj Close": 0.14513325691223145,
        "Volume": 203750400.0
    },
    "ABBV": {
        "Open": null,
        "High": null,
        "Low": null,
        "Close": null,
        "Adj Close": null,
        "Volume": null
    },
    "ABT": {
        "Open": 16.32876968383789,
        "High": 16.581275939941406,
        "Low": 16.244600296020508,
        "Close": 16.581275939941406,
        "Adj Close": 8.325102806091309,
        "Volume": 6313198.0
    },
    "ACN": {
        "Open": null,
        "High": null,
        "Low": null,
        "Close": null,
        "Adj Close": null,
        "Volume": null
    },
    "ADBE": {
        "Open": 4.9375,
        "High": 5.1875,
        "Low": 4.828125,
        "Close": 5.15625,
        "Adj Close": 5.090261936187744,
        "Volume": 24822400.0
    },
    "AIG": {
        "Open": 826.2222290039062,
        "High": 847.5555419921875,
        "Low": 820.4444580078125,
        "Close": 844.888916015625,
        "Adj Close": 495.5157775878906,
        "Volume": 152114.0
    },
    "AMD": {
        "Open": 9.53125,
        "High": 9.59375,
        "Low": 9.3125,
        "Close": 9.5,
        "Adj Close": 9.5,
        "Volume": 2163600.0
    },
    "AMGN": {
        "Open": 13.59375,
        "High": 13.84375,
        "Low": 13.5625,
        "Close": 13.75,
        "Adj Close": 9.300345420837402,
        "Volume": 7297600.0
    },
    "AMT": {
        "Open": null,
        "High": null,
        "Low": null,
        "Close": null,
        "Adj Close": null,
        "Volume": null
    },
    "AMZN": {
        "Open": 0.2635419964790344,
        "High": 0.2651039958000183,
        "Low": 0.2593750059604645,
        "Close": 0.26302099227905273,
        "Adj Close": 0.26302099227905273,
        "Volume": 60720000.0
    },
    "AVGO": {
        "Open": null,
        "High": null,
        "Low": null,
        "Close": null,
        "Adj Close": null,
        "Volume": null
    },
    "AXP": {
        "Open": 25.34722900390625,
        "High": 26.113117218017578,
        "Low": 25.073698043823242,
        "Close": 25.857820510864258,
        "Adj Close": 17.909841537475586,
        "Volume": 4264709.0
    },
    "BA": {
        "Open": 49.1875,
        "High": 49.4375,
        "Low": 48.5,
        "Close": 49.25,
        "Adj Close": 31.066247940063477,
        "Volume": 3043600.0
    },
    "BAC": {
        "Open": 32.4375,
        "High": 32.8125,
        "Low": 31.84375,
        "Close": 32.59375,
        "Adj Close": 15.844267845153809,
        "Volume": 3837400.0
    },
    "BK": {
        "Open": 30.14362907409668,
        "High": 30.57425308227539,
        "Low": 30.07737922668457,
        "Close": 30.2761287689209,
        "Adj Close": 16.096698760986328,
        "Volume": 1306232.0
    },
    "BKNG": {
        "Open": null,
        "High": null,
        "Low": null,
        "Close": null,
        "Adj Close": null,
        "Volume": null
    },
    "BLK": {
        "Open": null,
        "High": null,
        "Low": null,
        "Close": null,
        "Adj Close": null,
        "Volume": null
    },
    "BMY": {
        "Open": 47.11296081542969,
        "High": 47.469879150390625,
        "Low": 46.6370735168457,
        "Close": 47.142704010009766,
        "Adj Close": 17.387409210205078,
        "Volume": 4750903.0
    },
    "BRK-B": {
        "Open": 36.060001373291016,
        "High": 36.060001373291016,
        "Low": 35.7400016784668,
        "Close": 35.880001068115234,
        "Adj Close": 35.880001068115234,
        "Volume": 145000.0
    },
    "C": {
        "Open": 270.625,
        "High": 277.5,
        "Low": 266.25,
        "Close": 274.375,
        "Adj Close": 139.86318969726562,
        "Volume": 489680.0
    },
    "CAT": {
        "Open": 25.6875,
        "High": 26.375,
        "Low": 25.4375,
        "Close": 26.0,
        "Adj Close": 12.898100852966309,
        "Volume": 2861200.0
    },
    "CL": {
        "Open": 19.9375,
        "High": 20.421875,
        "Low": 19.8125,
        "Close": 20.28125,
        "Adj Close": 11.271842956542969,
        "Volume": 3589200.0
    },
    "CMCSA": {
        "Open": 5.271790027618408,
        "High": 5.330366134643555,
        "Low": 5.154638767242432,
        "Close": 5.310840129852295,
        "Adj Close": 3.5941665172576904,
        "Volume": 1825850.0
    },
    "COF": {
        "Open": 22.291667938232422,
        "High": 22.3125,
        "Low": 21.9375,
        "Close": 22.0,
        "Adj Close": 15.85177993774414,
        "Volume": 643500.0
    },
    "COP": {
        "Open": 17.414169311523438,
        "High": 17.723859786987305,
        "Low": 17.318878173828125,
        "Close": 17.604747772216797,
        "Adj Close": 7.318943023681641,
        "Volume": 2040884.0
    },
    "COST": {
        "Open": 22.4375,
        "High": 23.0625,
        "Low": 22.1875,
        "Close": 22.6875,
        "Adj Close": 15.136354446411133,
        "Volume": 2025200.0
    },
    "CRM": {
        "Open": null,
        "High": null,
        "Low": null,
        "Close": null,
        "Adj Close": null,
        "Volume": null
    },
    "CSCO": {
        "Open": 10.71875,
        "High": 10.979166984558105,
        "Low": 10.6875,
        "Close": 10.875,
        "Adj Close": 7.036685466766357,
        "Volume": 45181800.0
    },
    "CVS": {
        "Open": 18.15625,
        "High": 18.75,
        "Low": 18.140625,
        "Close": 18.609375,
        "Adj Close": 11.65904712677002,
        "Volume": 2225200.0
    },
    "CVX": {
        "Open": 37.90625,
        "High": 38.6875,
        "Low": 37.625,
        "Close": 38.6875,
        "Adj Close": 13.865078926086426,
        "Volume": 1889600.0
    },
    "DE": {
        "Open": 27.90625,
        "High": 28.46875,
        "Low": 27.6875,
        "Close": 28.34375,
        "Adj Close": 16.38703155517578,
        "Volume": 878000.0
    },
    "DHR": {
        "Open": 5.797025203704834,
        "High": 5.839033126831055,
        "Low": 5.723512172698975,
        "Close": 5.839033126831055,
        "Adj Close": 3.4472286701202393,
        "Volume": 1166460.0
    },
    "DIS": {
        "Open": 36.31553268432617,
        "High": 36.31553268432617,
        "Low": 35.801727294921875,
        "Close": 36.212772369384766,
        "Adj Close": 27.3184871673584,
        "Volume": 4164724.0
    },
    "DUK": {
        "Open": 47.17805480957031,
        "High": 47.83179473876953,
        "Low": 46.96014404296875,
        "Close": 47.77731704711914,
        "Adj Close": 13.625022888183594,
        "Volume": 656112.0
    },
    "EMR": {
        "Open": 31.3125,
        "High": 32.09375,
        "Low": 31.28125,
        "Close": 31.90625,
        "Adj Close": 15.047932624816895,
        "Volume": 1142800.0
    },
    "FDX": {
        "Open": 33.5625,
        "High": 34.375,
        "Low": 33.5,
        "Close": 34.28125,
        "Adj Close": 27.448734283447266,
        "Volume": 1079800.0
    },
    "GD": {
        "Open": 21.9375,
        "High": 22.09375,
        "Low": 21.765625,
        "Close": 21.890625,
        "Adj Close": 12.373273849487305,
        "Volume": 512400.0
    },
    "GE": {
        "Open": 124.2040023803711,
        "High": 126.10100555419922,
        "Low": 122.50668334960938,
        "Close": 125.40210723876953,
        "Adj Close": 66.06417846679688,
        "Volume": 3425459.0
    },
    "GILD": {
        "Open": 1.167968988418579,
        "High": 1.175781011581421,
        "Low": 1.15625,
        "Close": 1.167968988418579,
        "Adj Close": 0.8114479780197144,
        "Volume": 1331200.0
    },
    "GM": {
        "Open": null,
        "High": null,
        "Low": null,
        "Close": null,
        "Adj Close": null,
        "Volume": null
    },
    "GOOG": {
        "Open": null,
        "High": null,