{
    "AAPL": {
        "Open": 0.18638400733470917,
        "High": 0.186941996216774,
        "Low": 0.17857100069522858,
        "Close": 0.18247799575328827,
        "Adj Close": 0.15309245884418488,
        "Volume": 399660800.0
    },
    "ABBV": {
        "Open": null,
        "High": null,
        "Low": null,
        "Close": null,
        "Adj Close": null,
        "Volume": null
    },
    "ABT": {
        "Open": 16.623361587524414,
        "High": 16.693500518798828,
        "Low": 16.553220748901367,
        "Close": 16.553220748901367,
        "Adj Close": 8.311014175415039,
        "Volume": 5271542.0
    },
    "ACN": {
        "Open": null,
        "High": null,
        "Low": null,
        "Close": null,
        "Adj Close": null,
        "Volume": null
    },
    "ADBE": {
        "Open": 5.484375,
        "High": 5.5,
        "Low": 5.4375,
        "Close": 5.484375,
        "Adj Close": 5.414188385009766,
        "Volume": 5407200.0
    },
    "AIG": {
        "Open": 837.7777709960938,
        "High": 837.7777709960938,
        "Low": 827.5555419921875,
        "Close": 830.2222290039062,
        "Adj Close": 486.9137878417969,
        "Volume": 132680.0
    },
    "AMD": {
        "Open": 9.65625,
        "High": 9.90625,
        "Low": 9.5625,
        "Close": 9.75,
        "Adj Close": 9.75,
        "Volume": 3591000.0
    },
    "AMGN": {
        "Open": 13.75,
        "High": 13.796875,
        "Low": 13.59375,
        "Close": 13.75,
        "Adj Close": 9.300345420837402,
        "Volume": 6699200.0
    },
    "AMT": {
        "Open": null,
        "High": null,
        "Low": null,
        "Close": null,
        "Adj Close": null,
        "Volume": null
    },
    "AMZN": {
        "Open": 0.2554689943790436,
        "High": 0.2645829916000366,
        "Low": 0.25416699051856995,
        "Close": 0.26145800948143005,
        "Adj Close": 0.26145800948143005,
        "Volume": 88728000.0
    },
    "AVGO": {
        "Open": null,
        "High": null,
        "Low": null,
        "Close": null,
        "Adj Close": null,
        "Volume": null
    },
    "AXP": {
        "Open": 25.56605339050293,
        "High": 25.620759963989258,
        "Low": 25.201345443725586,
        "Close": 25.292522430419922,
        "Adj Close": 17.518301010131836,
        "Volume": 4496058.0
    },
    "BA": {
        "Open": 51.625,
        "High": 51.625,
        "Low": 50.25,
        "Close": 50.8125,
        "Adj Close": 32.05181884765625,
        "Volume": 4816900.0
    },
    "BAC": {
        "Open": 32.5,
        "High": 32.5625,
        "Low": 32.125,
        "Close": 32.21875,
        "Adj Close": 15.661975860595703,
        "Volume": 2958800.0
    },
    "BK": {
        "Open": 30.408628463745117,
        "High": 30.408628463745117,
        "Low": 30.01112937927246,
        "Close": 30.07737922668457,
        "Adj Close": 15.991023063659668,
        "Volume": 1101136.0
    },
    "BKNG": {
        "Open": null,
        "High": null,
        "Low": null,
        "Close": null,
        "Adj Close": null,
        "Volume": null
    },
    "BLK": {
        "Open": null,
        "High": null,
        "Low": null,
        "Close": null,
        "Adj Close": null,
        "Volume": null
    },
    "BMY": {
        "Open": 47.469879150390625,
        "High": 47.52936553955078,
        "Low": 46.16118621826172,
        "Close": 46.51810073852539,
        "Adj Close": 17.15704345703125,
        "Volume": 5343268.0
    },
    "BRK-B": {
        "Open": 36.68000030517578,
        "High": 36.68000030517578,
        "Low": 36.459999084472656,
        "Close": 36.599998474121094,
        "Adj Close": 36.599998474121094,
        "Volume": 190000.0
    },
    "C": {
        "Open": 278.75,
        "High": 278.75,
        "Low": 273.125,
        "Close": 275.625,
        "Adj Close": 140.50039672851562,
        "Volume": 503660.0
    },
    "CAT": {
        "Open": 26.375,
        "High": 26.375,
        "Low": 25.75,
        "Close": 25.9375,
        "Adj Close": 12.86709976196289,
        "Volume": 1873800.0
    },
    "CL": {
        "Open": 20.125,
        "High": 20.125,
        "Low": 19.5625,
        "Close": 19.5625,
        "Adj Close": 10.8723783493042,
        "Volume": 2685200.0
    },
    "CMCSA": {
        "Open": 5.086300849914551,
        "High": 5.144876956939697,
        "Low": 5.066775798797607,
        "Close": 5.115589141845703,
        "Adj Close": 3.462031126022339,
        "Volume": 1066573.0
    },
    "COF": {
        "Open": 23.166667938232422,
        "High": 23.395832061767578,
        "Low": 23.020832061767578,
        "Close": 23.354167938232422,
        "Adj Close": 16.8275146484375,
        "Volume": 579000.0
    },
    "COP": {
        "Open": 17.96208381652832,
        "High": 18.033550262451172,
        "Low": 17.723859786987305,
        "Close": 17.914438247680664,
        "Adj Close": 7.447696685791016,
        "Volume": 1144144.0
    },
    "COST": {
        "Open": 23.4375,
        "High": 23.4375,
        "Low": 22.75,
        "Close": 22.875,
        "Adj Close": 15.261457443237305,
        "Volume": 1593800.0
    },
    "CRM": {
        "Open": null,
        "High": null,
        "Low": null,
        "Close": null,
        "Adj Close": null,
        "Volume": null
    },
    "CSCO": {
        "Open": 10.958333015441895,
        "High": 11.041666984558105,
        "Low": 10.895833015441895,
        "Close": 10.90625,
        "Adj Close": 7.056903839111328,
        "Volume": 43772400.0
    },
    "CVS": {
        "Open": 18.546875,
        "High": 18.546875,
        "Low": 17.984375,
        "Close": 18.09375,
        "Adj Close": 11.336006164550781,
        "Volume": 1512000.0
    },
    "CVX": {
        "Open": 39.34375,
        "High": 39.5625,
        "Low": 38.8125,
        "Close": 39.1875,
        "Adj Close": 14.155777931213379,
        "Volume": 3548800.0
    },
    "DE": {
        "Open": 27.96875,
        "High": 28.21875,
        "Low": 27.59375,
        "Close": 27.96875,
        "Adj Close": 16.17021942138672,
        "Volume": 1309000.0
    },
    "DHR": {
        "Open": 5.92304801940918,
        "High": 5.9282989501953125,
        "Low": 5.886291027069092,
        "Close": 5.886291027069092,
        "Adj Close": 3.4751296043395996,
        "Volume": 734394.0
    },
    "DIS": {
        "Open": 37.77473068237305,
        "High": 37.98025131225586,
        "Low": 37.32258224487305,
        "Close": 37.54865646362305,
        "Adj Close": 28.326261520385742,
        "Volume": 3732894.0
    },
    "DUK": {
        "Open": 47.83179473876953,
        "High": 47.83179473876953,
        "Low": 47.28701400756836,
        "Close": 47.28701400756836,
        "Adj Close": 13.485208511352539,
        "Volume": 844605.0
    },
    "EMR": {
        "Open": 31.84375,
        "High": 31.84375,
        "Low": 31.1875,
        "Close": 31.5,
        "Adj Close": 14.925668716430664,
        "Volume": 1127000.0
    },
    "FDX": {
        "Open": 33.75,
        "High": 33.75,
        "Low": 32.875,
        "Close": 32.875,
        "Adj Close": 26.322769165039062,
        "Volume": 842000.0
    },
    "GD": {
        "Open": 22.21875,
        "High": 22.21875,
        "Low": 21.609375,
        "Close": 21.875,
        "Adj Close": 12.364441871643066,
        "Volume": 708000.0
    },
    "GE": {
        "Open": 124.70321655273438,
        "High": 125.00273895263672,
        "Low": 124.00431823730469,
        "Close": 124.30384826660156,
        "Adj Close": 65.48564147949219,
        "Volume": 1854359.0
    },
    "GILD": {
        "Open": 1.125,
        "High": 1.125,
        "Low": 1.109375,
        "Close": 1.113281011581421,
        "Adj Close": 0.7734535932540894,
        "Volume": 3721600.0
    },
    "GM": {
        "Open": null,
        "High": null,
        "Low": null,
        "Close": null,
        "Adj Close": null,
        "Volume": null
    },
    "GOOG": {
        "Open": null,