{
    "AAPL": {
        "Open": 0.19029000401496887,
        "High": 0.203125,
        "Low": 0.186941996216774,
        "Close": 0.1992190033197403,
        "Adj Close": 0.16713759303092957,
        "Volume": 712667200.0
    },
    "ABBV": {
        "Open": null,
        "High": null,
        "Low": null,
        "Close": null,
        "Adj Close": null,
        "Volume": null
    },
    "ABT": {
        "Open": 16.889896392822266,
        "High": 16.946008682250977,
        "Low": 16.707529067993164,
        "Close": 16.77766990661621,
        "Adj Close": 8.423707962036133,
        "Volume": 4704825.0
    },
    "ACN": {
        "Open": null,
        "High": null,
        "Low": null,
        "Close": null,
        "Adj Close": null,
        "Volume": null
    },
    "ADBE": {
        "Open": 5.25,
        "High": 5.421875,
        "Low": 5.226562976837158,
        "Close": 5.34375,
        "Adj Close": 5.275363922119141,
        "Volume": 6876800.0
    },
    "AIG": {
        "Open": 846.2222290039062,
        "High": 860.0,
        "Low": 840.888916015625,
        "Close": 853.7777709960938,
        "Adj Close": 500.72894287109375,
        "Volume": 71170.0
    },
    "AMD": {
        "Open": 10.625,
        "High": 10.875,
        "Low": 10.53125,
        "Close": 10.875,
        "Adj Close": 10.875,
        "Volume": 5526000.0
    },
    "AMGN": {
        "Open": 13.265625,
        "High": 13.4375,
        "Low": 13.09375,
        "Close": 13.328125,
        "Adj Close": 9.014993667602539,
        "Volume": 7748800.0
    },
    "AMT": {
        "Open": null,
        "High": null,
        "Low": null,
        "Close": null,
        "Adj Close": null,
        "Volume": null
    },
    "AMZN": {
        "Open": 0.2734380066394806,
        "High": 0.27708300948143005,
        "Low": 0.26302099227905273,
        "Close": 0.2744790017604828,
        "Adj Close": 0.2744790017604828,
        "Volume": 134904000.0
    },
    "AVGO": {
        "Open": null,
        "High": null,
        "Low": null,
        "Close": null,
        "Adj Close": null,
        "Volume": null
    },
    "AXP": {
        "Open": 25.58428955078125,
        "High": 26.04017448425293,
        "Low": 25.58428955078125,
        "Close": 25.967233657836914,
        "Adj Close": 17.98560905456543,
        "Volume": 3096653.0
    },
    "BA": {
        "Open": 50.375,
        "High": 51.75,
        "Low": 50.375,
        "Close": 51.25,
        "Adj Close": 32.32780075073242,
        "Volume": 4188400.0
    },
    "BAC": {
        "Open": 33.5,
        "High": 34.4375,
        "Low": 33.375,
        "Close": 34.4375,
        "Adj Close": 16.740537643432617,
        "Volume": 5734600.0
    },
    "BK": {
        "Open": 30.20987892150879,
        "High": 30.541128158569336,
        "Low": 30.07737922668457,
        "Close": 30.309253692626953,
        "Adj Close": 16.114309310913086,
        "Volume": 1697177.0
    },
    "BKNG": {
        "Open": null,
        "High": null,
        "Low": null,
        "Close": null,
        "Adj Close": null,
        "Volume": null
    },
    "BLK": {
        "Open": null,
        "High": null,
        "Low": null,
        "Close": null,
        "Adj Close": null,
        "Volume": null
    },
    "BMY": {
        "Open": 48.27294158935547,
        "High": 48.421653747558594,
        "Low": 47.55910873413086,
        "Close": 47.55910873413086,
        "Adj Close": 17.54098892211914,
        "Volume": 4640163.0
    },
    "BRK-B": {
        "Open": 36.599998474121094,
        "High": 36.959999084472656,
        "Low": 36.599998474121094,
        "Close": 36.91999816894531,
        "Adj Close": 36.91999816894531,
        "Volume": 115000.0
    },
    "C": {
        "Open": 278.75,
        "High": 281.5625,
        "Low": 277.8125,
        "Close": 280.0,
        "Adj Close": 142.7305145263672,
        "Volume": 432240.0
    },
    "CAT": {
        "Open": 26.28125,
        "High": 26.75,
        "Low": 26.0625,
        "Close": 26.5625,
        "Adj Close": 13.17714786529541,
        "Volume": 1477800.0
    },
    "CL": {
        "Open": 19.71875,
        "High": 19.921875,
        "Low": 19.640625,
        "Close": 19.71875,
        "Adj Close": 10.959217071533203,
        "Volume": 2954400.0
    },
    "CMCSA": {
        "Open": 5.174163818359375,
        "High": 5.271790027618408,
        "Low": 5.164402008056641,
        "Close": 5.2327399253845215,
        "Adj Close": 3.5413119792938232,
        "Volume": 1549284.0
    },
    "COF": {
        "Open": 22.5625,
        "High": 22.5625,
        "Low": 22.25,
        "Close": 22.479167938232422,
        "Adj Close": 16.197044372558594,
        "Volume": 608700.0
    },
    "COP": {
        "Open": 17.48563575744629,
        "High": 17.86679458618164,
        "Low": 17.36652374267578,
        "Close": 17.77150535583496,
        "Adj Close": 7.388273239135742,
        "Volume": 1564967.0
    },
    "COST": {
        "Open": 24.75,
        "High": 24.96875,
        "Low": 24.40625,
        "Close": 24.875,
        "Adj Close": 16.595787048339844,
        "Volume": 4810200.0
    },
    "CRM": {
        "Open": null,
        "High": null,
        "Low": null,
        "Close": null,
        "Adj Close": null,
        "Volume": null
    },
    "CSCO": {
        "Open": 10.895833015441895,
        "High": 11.15625,
        "Low": 10.802083015441895,
        "Close": 11.125,
        "Adj Close": 7.198444843292236,
        "Volume": 51615000.0
    },
    "CVS": {
        "Open": 18.453125,
        "High": 18.546875,
        "Low": 18.375,
        "Close": 18.453125,
        "Adj Close": 11.56116008758545,
        "Volume": 1640800.0
    },
    "CVX": {
        "Open": 39.4375,
        "High": 39.96875,
        "Low": 39.15625,
        "Close": 39.75,
        "Adj Close": 14.35897445678711,
        "Volume": 2837000.0
    },
    "DE": {
        "Open": 27.5625,
        "High": 27.78125,
        "Low": 27.46875,
        "Close": 27.53125,
        "Adj Close": 15.91727352142334,
        "Volume": 1286400.0
    },
    "DHR": {
        "Open": 6.049069881439209,
        "High": 6.164589881896973,
        "Low": 6.049069881439209,
        "Close": 6.122582912445068,
        "Adj Close": 3.614628553390503,
        "Volume": 1658040.0
    },
    "DIS": {
        "Open": 36.808780670166016,
        "High": 36.87043762207031,
        "Low": 36.5004997253418,
        "Close": 36.582706451416016,
        "Adj Close": 27.59756088256836,
        "Volume": 4203649.0
    },
    "DUK": {
        "Open": 47.77731704711914,
        "High": 48.26762008666992,
        "Low": 47.72283935546875,
        "Close": 47.88627243041992,
        "Adj Close": 13.65610122680664,
        "Volume": 381116.0
    },
    "EMR": {
        "Open": 31.59375,
        "High": 31.96875,
        "Low": 31.28125,
        "Close": 31.96875,
        "Adj Close": 15.147772789001465,
        "Volume": 1174800.0
    },
    "FDX": {
        "Open": 33.0,
        "High": 33.65625,
        "Low": 32.78125,
        "Close": 33.625,
        "Adj Close": 26.92327308654785,
        "Volume": 716000.0
    },
    "GD": {
        "Open": 21.4375,
        "High": 22.0,
        "Low": 21.25,
        "Close": 21.375,
        "Adj Close": 12.081815719604492,
        "Volume": 1706800.0
    },
    "GE": {
        "Open": 123.40526580810547,
        "High": 123.90447235107422,
        "Low": 122.60652160644531,
        "Close": 123.20558166503906,
        "Adj Close": 64.90702819824219,
        "Volume": 2236712.0
    },
    "GILD": {
        "Open": 1.140625,
        "High": 1.160156011581421,
        "Low": 1.128906011581421,
        "Close": 1.15625,
        "Adj Close": 0.8033064007759094,
        "Volume": 11401600.0
    },
    "GM": {
        "Open": null,
        "High": null,
        "Low": null,
        "Close": null,
        "Adj Close": null,
        "Volume": null
    },
    "GOOG": {
        "Open": null,
        "High": null,
        "Low": null,