{
    "AAPL": {
        "Open": 0.4453130066394806,
        "High": 0.4464290142059326,
        "Low": 0.39620500802993774,
        "Close": 0.3984380066394806,
        "Adj Close": 0.33427518606185913,
        "Volume": 2038120000.0
    },
    "ABBV": {
        "Open": null,
        "High": null,
        "Low": null,
        "Close": null,
        "Adj Close": null,
        "Volume": null
    },
    "ABT": {
        "Open": 21.46307373046875,
        "High": 21.715579986572266,
        "Low": 21.294734954833984,
        "Close": 21.659467697143555,
        "Adj Close": 11.317960739135742,
        "Volume": 6516138.0
    },
    "ACN": {
        "Open": null,
        "High": null,
        "Low": null,
        "Close": null,
        "Adj Close": null,
        "Volume": null
    },
    "ADBE": {
        "Open": 41.125,
        "High": 42.546875,
        "Low": 40.84375,
        "Close": 40.859375,
        "Adj Close": 40.59527587890625,
        "Volume": 12944400.0
    },
    "AIG": {
        "Open": 1925.0,
        "High": 1931.25,
        "Low": 1903.75,
        "Close": 1921.25,
        "Adj Close": 1133.581787109375,
        "Volume": 169505.0
    },
    "AMD": {
        "Open": 24.0,
        "High": 25.4375,
        "Low": 23.4375,
        "Close": 23.6875,
        "Adj Close": 23.6875,
        "Volume": 8826500.0
    },
    "AMGN": {
        "Open": 67.96875,
        "High": 69.0,
        "Low": 66.5,
        "Close": 66.75,
        "Adj Close": 45.148948669433594,
        "Volume": 5578400.0
    },
    "AMT": {
        "Open": 38.0,
        "High": 38.25,
        "Low": 37.375,
        "Close": 37.875,
        "Adj Close": 27.6933650970459,
        "Volume": 620600.0
    },
    "AMZN": {
        "Open": 1.837499976158142,
        "High": 1.8624999523162842,
        "Low": 1.75,
        "Close": 1.7531249523162842,
        "Adj Close": 1.7531249523162842,
        "Volume": 107598000.0
    },
    "AVGO": {
        "Open": null,
        "High": null,
        "Low": null,
        "Close": null,
        "Adj Close": null,
        "Volume": null
    },
    "AXP": {
        "Open": 54.65154266357422,
        "High": 54.87036895751953,
        "Low": 53.72153854370117,
        "Close": 53.83095169067383,
        "Adj Close": 38.02067184448242,
        "Volume": 3933737.0
    },
    "BA": {
        "Open": 59.0,
        "High": 60.3125,
        "Low": 59.0,
        "Close": 59.875,
        "Adj Close": 39.03537368774414,
        "Volume": 5017300.0
    },
    "BAC": {
        "Open": 26.6875,
        "High": 27.25,
        "Low": 26.40625,
        "Close": 27.09375,
        "Adj Close": 14.32396411895752,
        "Volume": 9244800.0
    },
    "BK": {
        "Open": 61.08225631713867,
        "High": 61.61225509643555,
        "Low": 60.22100830078125,
        "Close": 60.35350799560547,
        "Adj Close": 33.38521957397461,
        "Volume": 2314255.0
    },
    "BKNG": {
        "Open": 65.25,
        "High": 67.125,
        "Low": 59.25,
        "Close": 59.25,
        "Adj Close": 58.2961311340332,
        "Volume": 651983.0
    },
    "BLK": {
        "Open": 33.375,
        "High": 36.0,
        "Low": 33.375,
        "Close": 35.0,
        "Adj Close": 20.945589065551758,
        "Volume": 105500.0
    },
    "BMY": {
        "Open": 53.41848373413086,
        "High": 55.14358139038086,
        "Low": 53.3589973449707,
        "Close": 53.89437484741211,
        "Adj Close": 20.604978561401367,
        "Volume": 3939263.0
    },
    "BRK-B": {
        "Open": 41.400001525878906,
        "High": 41.560001373291016,
        "Low": 40.15999984741211,
        "Close": 40.15999984741211,
        "Adj Close": 40.15999984741211,
        "Volume": 430000.0
    },
    "C": {
        "Open": 555.625,
        "High": 571.25,
        "Low": 555.0,
        "Close": 568.75,
        "Adj Close": 298.1006164550781,
        "Volume": 1459220.0
    },
    "CAT": {
        "Open": 17.125,
        "High": 18.0,
        "Low": 17.09375,
        "Close": 17.53125,
        "Adj Close": 9.264975547790527,
        "Volume": 4416200.0
    },
    "CL": {
        "Open": 23.899999618530273,
        "High": 23.899999618530273,
        "Low": 23.100000381469727,
        "Close": 23.25,
        "Adj Close": 13.308273315429688,
        "Volume": 2678800.0
    },
    "CMCSA": {
        "Open": 13.550453186035156,
        "High": 13.862854957580566,
        "Low": 12.984224319458008,
        "Close": 13.12090015411377,
        "Adj Close": 8.90339183807373,
        "Volume": 1390835.0
    },
    "COF": {
        "Open": 71.375,
        "High": 73.25,
        "Low": 70.0,
        "Close": 71.0,
        "Adj Close": 51.49311828613281,
        "Volume": 1763400.0
    },
    "COP": {
        "Open": 24.155906677246094,
        "High": 24.37030792236328,
        "Low": 23.98914909362793,
        "Close": 24.251195907592773,
        "Adj Close": 10.868870735168457,
        "Volume": 1565229.0
    },
    "COST": {
        "Open": 33.25,
        "High": 34.25,
        "Low": 33.125,
        "Close": 33.828125,
        "Adj Close": 22.569013595581055,
        "Volume": 4915900.0
    },
    "CRM": {
        "Open": null,
        "High": null,
        "Low": null,
        "Close": null,
        "Adj Close": null,
        "Volume": null
    },
    "CSCO": {
        "Open": 57.0,
        "High": 59.375,
        "Low": 55.9375,
        "Close": 56.25,
        "Adj Close": 36.396644592285156,
        "Volume": 65208200.0
    },
    "CVS": {
        "Open": 23.34375,
        "High": 23.78125,
        "Low": 23.25,
        "Close": 23.625,
        "Adj Close": 15.003515243530273,
        "Volume": 2958800.0
    },
    "CVX": {
        "Open": 43.59375,
        "High": 43.875,
        "Low": 43.21875,
        "Close": 43.4375,
        "Adj Close": 16.880285263061523,
        "Volume": 2425200.0
    },
    "DE": {
        "Open": 16.25,
        "High": 17.5,
        "Low": 16.1875,
        "Close": 17.125,
        "Adj Close": 10.540657997131348,
        "Volume": 1978800.0
    },
    "DHR": {
        "Open": 8.31747055053711,
        "High": 8.47499942779541,
        "Low": 8.254460334777832,
        "Close": 8.380481719970703,
        "Adj Close": 4.965278625488281,
        "Volume": 2074633.0
    },
    "DIS": {
        "Open": 38.96675109863281,
        "High": 39.58331298828125,
        "Low": 38.720123291015625,
        "Close": 38.78178024291992,
        "Adj Close": 29.717529296875,
        "Volume": 4723568.0
    },
    "DUK": {
        "Open": 75.83354949951172,
        "High": 76.37833404541016,
        "Low": 74.74398803710938,
        "Close": 74.85294342041016,
        "Adj Close": 23.473201751708984,
        "Volume": 3295474.0
    },
    "EMR": {
        "Open": 33.6875,
        "High": 34.09375,
        "Low": 33.375,
        "Close": 33.875,
        "Adj Close": 16.96622085571289,
        "Volume": 2679800.0
    },
    "FDX": {
        "Open": 43.20000076293945,
        "High": 44.75,
        "Low": 43.20000076293945,
        "Close": 44.04999923706055,
        "Adj Close": 35.270503997802734,
        "Volume": 971500.0
    },
    "GD": {
        "Open": 31.28125,
        "High": 31.84375,
        "Low": 31.15625,
        "Close": 31.28125,
        "Adj Close": 18.459562301635742,
        "Volume": 2648800.0
    },
    "GE": {
        "Open": 280.9566345214844,
        "High": 286.9471740722656,
        "Low": 280.3575744628906,
        "Close": 283.0533447265625,
        "Adj Close": 154.33705139160156,
        "Volume": 2551833.0
    },
    "GILD": {
        "Open": 3.322266101837158,
        "High": 3.460937976837158,
        "Low": 3.175781011581421,
        "Close": 3.224608898162842,
        "Adj Close": 2.2403016090393066,
        "Volume": 19843200.0
    },
    "GM": {
        "Open": null,
        "High": null,
        "Low": null,
        "Close": null,
        "Adj Close": null,
        "Volume": null
    },
    "GOOG": {
        "Open": null,
        "High": null,