{
    "AAPL": {
        "Open": 0.359375,
        "High": 0.375,
        "Low": 0.34151801466941833,
        "Close": 0.3504459857940674,
        "Adj Close": 0.2940116822719574,
        "Volume": 1198422400.0
    },
    "ABBV": {
        "Open": null,
        "High": null,
        "Low": null,
        "Close": null,
        "Adj Close": null,
        "Volume": null
    },
    "ABT": {
        "Open": 22.108367919921875,
        "High": 22.781719207763672,
        "Low": 22.052255630493164,
        "Close": 22.473100662231445,
        "Adj Close": 11.788776397705078,
        "Volume": 12761837.0
    },
    "ACN": {
        "Open": null,
        "High": null,
        "Low": null,
        "Close": null,
        "Adj Close": null,
        "Volume": null
    },
    "ADBE": {
        "Open": 35.0,
        "High": 37.875,
        "Low": 34.984375,
        "Close": 37.671875,
        "Adj Close": 37.42837905883789,
        "Volume": 14562000.0
    },
    "AIG": {
        "Open": 1856.25,
        "High": 1886.25,
        "Low": 1832.5,
        "Close": 1882.5,
        "Adj Close": 1110.71826171875,
        "Volume": 206040.0
    },
    "AMD": {
        "Open": 22.25,
        "High": 23.625,
        "Low": 21.125,
        "Close": 23.5,
        "Adj Close": 23.5,
        "Volume": 12706100.0
    },
    "AMGN": {
        "Open": 59.75,
        "High": 67.5625,
        "Low": 59.5,
        "Close": 65.6875,
        "Adj Close": 44.43028259277344,
        "Volume": 7110600.0
    },
    "AMT": {
        "Open": 35.0,
        "High": 35.75,
        "Low": 34.625,
        "Close": 35.5625,
        "Adj Close": 26.002519607543945,
        "Volume": 632200.0
    },
    "AMZN": {
        "Open": 1.396875023841858,
        "High": 1.5125000476837158,
        "Low": 1.381250023841858,
        "Close": 1.390625,
        "Adj Close": 1.390625,
        "Volume": 157794000.0
    },
    "AVGO": {
        "Open": null,
        "High": null,
        "Low": null,
        "Close": null,
        "Adj Close": null,
        "Volume": null
    },
    "AXP": {
        "Open": 48.03208923339844,
        "High": 48.962093353271484,
        "Low": 47.32090759277344,
        "Close": 47.59443664550781,
        "Adj Close": 33.65961837768555,
        "Volume": 7036216.0
    },
    "BA": {
        "Open": 59.5625,
        "High": 61.25,
        "Low": 58.8125,
        "Close": 60.1875,
        "Adj Close": 39.2391242980957,
        "Volume": 2960800.0
    },
    "BAC": {
        "Open": 24.34375,
        "High": 24.375,
        "Low": 22.75,
        "Close": 23.53125,
        "Adj Close": 12.440534591674805,
        "Volume": 17528800.0
    },
    "BK": {
        "Open": 54.72228240966797,
        "High": 55.25227737426758,
        "Low": 52.469791412353516,
        "Close": 53.59603500366211,
        "Adj Close": 29.64726448059082,
        "Volume": 2826426.0
    },
    "BKNG": {
        "Open": 39.75,
        "High": 40.5,
        "Low": 32.0625,
        "Close": 32.625,
        "Adj Close": 32.099761962890625,
        "Volume": 963400.0
    },
    "BLK": {
        "Open": 37.625,
        "High": 37.625,
        "Low": 36.0,
        "Close": 36.0625,
        "Adj Close": 21.581432342529297,
        "Volume": 32600.0
    },
    "BMY": {
        "Open": 55.203067779541016,
        "High": 55.85741424560547,
        "Low": 54.191802978515625,
        "Close": 55.55998229980469,
        "Adj Close": 21.334089279174805,
        "Volume": 5396432.0
    },
    "BRK-B": {
        "Open": 38.0,
        "High": 38.18000030517578,
        "Low": 37.0,
        "Close": 37.400001525878906,
        "Adj Close": 37.400001525878906,
        "Volume": 705000.0
    },
    "C": {
        "Open": 500.625,
        "High": 504.375,
        "Low": 481.875,
        "Close": 495.0,
        "Adj Close": 259.44580078125,
        "Volume": 2250900.0
    },
    "CAT": {
        "Open": 16.6875,
        "High": 17.0,
        "Low": 16.28125,
        "Close": 16.625,
        "Adj Close": 8.786039352416992,
        "Volume": 3741000.0
    },
    "CL": {
        "Open": 25.375,
        "High": 25.475000381469727,
        "Low": 25.075000762939453,
        "Close": 25.079999923706055,
        "Adj Close": 14.355769157409668,
        "Volume": 2483400.0
    },
    "CMCSA": {
        "Open": 12.925647735595703,
        "High": 13.277100563049316,
        "Low": 12.828022003173828,
        "Close": 12.828022003173828,
        "Adj Close": 8.704648971557617,
        "Volume": 469907.0
    },
    "COF": {
        "Open": 63.0,
        "High": 65.6875,
        "Low": 62.125,
        "Close": 65.375,
        "Adj Close": 47.4135627746582,
        "Volume": 2046200.0
    },
    "COP": {
        "Open": 24.727642059326172,
        "High": 25.13262367248535,
        "Low": 24.441774368286133,
        "Close": 24.58470916748047,
        "Adj Close": 11.018348693847656,
        "Volume": 1919675.0
    },
    "COST": {
        "Open": 32.625,
        "High": 32.75,
        "Low": 29.9375,
        "Close": 30.625,
        "Adj Close": 20.431991577148438,
        "Volume": 16752800.0
    },
    "CRM": {
        "Open": null,
        "High": null,
        "Low": null,
        "Close": null,
        "Adj Close": null,
        "Volume": null
    },
    "CSCO": {
        "Open": 48.75,
        "High": 53.375,
        "Low": 48.21875,
        "Close": 51.1875,
        "Adj Close": 33.12092971801758,
        "Volume": 93499900.0
    },
    "CVS": {
        "Open": 22.84375,
        "High": 23.875,
        "Low": 22.8125,
        "Close": 23.40625,
        "Adj Close": 14.86459732055664,
        "Volume": 4483200.0
    },
    "CVX": {
        "Open": 44.46875,
        "High": 44.46875,
        "Low": 43.03125,
        "Close": 43.3125,
        "Adj Close": 16.83171844482422,
        "Volume": 6095200.0
    },
    "DE": {
        "Open": 16.625,
        "High": 17.5,
        "Low": 16.625,
        "Close": 17.0,
        "Adj Close": 10.463722229003906,
        "Volume": 1548400.0
    },
    "DHR": {
        "Open": 8.748046875,
        "High": 9.031598091125488,
        "Low": 8.748046875,
        "Close": 8.926579475402832,
        "Adj Close": 5.288832664489746,
        "Volume": 6535153.0
    },
    "DIS": {
        "Open": 40.816436767578125,
        "High": 41.001407623291016,
        "Low": 39.52165603637695,
        "Close": 39.768280029296875,
        "Adj Close": 30.473451614379883,
        "Volume": 5266396.0
    },
    "DUK": {
        "Open": 73.8723373413086,
        "High": 74.47159576416016,
        "Low": 71.96560668945312,
        "Close": 73.05516815185547,
        "Adj Close": 22.909433364868164,
        "Volume": 1567372.0
    },
    "EMR": {
        "Open": 32.25,
        "High": 32.46875,
        "Low": 31.125,
        "Close": 31.125,
        "Adj Close": 15.588896751403809,
        "Volume": 2168600.0
    },
    "FDX": {
        "Open": 43.099998474121094,
        "High": 43.25,
        "Low": 42.31999969482422,
        "Close": 42.619998931884766,
        "Adj Close": 34.12550354003906,
        "Volume": 842400.0
    },
    "GD": {
        "Open": 31.75,
        "High": 32.40625,
        "Low": 31.71875,
        "Close": 32.28125,
        "Adj Close": 19.12915802001953,
        "Volume": 4663600.0
    },
    "GE": {
        "Open": 271.9708251953125,
        "High": 276.4637451171875,
        "Low": 265.0816955566406,
        "Close": 271.37176513671875,
        "Adj Close": 147.9675750732422,
        "Volume": 3862586.0
    },
    "GILD": {
        "Open": 2.953125,
        "High": 3.105468988418579,
        "Low": 2.789062976837158,
        "Close": 2.927733898162842,
        "Adj Close": 2.0340476036071777,
        "Volume": 12457600.0
    },
    "GM": {
        "Open": null,
        "High": null,
        "Low": null,
        "Close": null,
        "Adj Close": null,
        "Volume": null
    },
    "GOOG": {
        "Open": null,
        "High": null,
        "Low": null,
        "Close": null,