{
    "AAPL": {
        "Open": 0.3404020071029663,
        "High": 0.3638390004634857,
        "Low": 0.33816999197006226,
        "Close": 0.3482140004634857,
        "Adj Close": 0.2921390235424042,
        "Volume": 791263200.0
    },
    "ABBV": {
        "Open": null,
        "High": null,
        "Low": null,
        "Close": null,
        "Adj Close": null,
        "Volume": null
    },
    "ABT": {
        "Open": 21.603355407714844,
        "High": 21.996143341064453,
        "Low": 21.603355407714844,
        "Close": 21.91197395324707,
        "Adj Close": 11.494425773620605,
        "Volume": 6189117.0
    },
    "ACN": {
        "Open": null,
        "High": null,
        "Low": null,
        "Close": null,
        "Adj Close": null,
        "Volume": null
    },
    "ADBE": {
        "Open": 34.0,
        "High": 35.15625,
        "Low": 33.875,
        "Close": 35.015625,
        "Adj Close": 34.7892951965332,
        "Volume": 6848000.0
    },
    "AIG": {
        "Open": 1880.0,
        "High": 1908.75,
        "Low": 1875.0,
        "Close": 1901.25,
        "Adj Close": 1121.781494140625,
        "Volume": 106995.0
    },
    "AMD": {
        "Open": 21.875,
        "High": 22.625,
        "Low": 21.4375,
        "Close": 22.125,
        "Adj Close": 22.125,
        "Volume": 12562100.0
    },
    "AMGN": {
        "Open": 67.5,
        "High": 69.5,
        "Low": 67.125,
        "Close": 68.75,
        "Adj Close": 46.50172424316406,
        "Volume": 4956500.0
    },
    "AMT": {
        "Open": 35.875,
        "High": 36.0,
        "Low": 35.1875,
        "Close": 35.875,
        "Adj Close": 26.23101234436035,
        "Volume": 944100.0
    },
    "AMZN": {
        "Open": 1.384374976158142,
        "High": 1.5625,
        "Low": 1.3562500476837158,
        "Close": 1.540624976158142,
        "Adj Close": 1.540624976158142,
        "Volume": 232438000.0
    },
    "AVGO": {
        "Open": null,
        "High": null,
        "Low": null,
        "Close": null,
        "Adj Close": null,
        "Volume": null
    },
    "AXP": {
        "Open": 48.524444580078125,
        "High": 49.78268814086914,
        "Low": 48.524444580078125,
        "Close": 49.07150650024414,
        "Adj Close": 34.70421600341797,
        "Volume": 2941392.0
    },
    "BA": {
        "Open": 58.4375,
        "High": 60.25,
        "Low": 57.8125,
        "Close": 60.0,
        "Adj Close": 39.11688995361328,
        "Volume": 3795000.0
    },
    "BAC": {
        "Open": 22.0625,
        "High": 22.34375,
        "Low": 21.75,
        "Close": 21.875,
        "Adj Close": 11.564905166625977,
        "Volume": 8862200.0
    },
    "BK": {
        "Open": 55.78227615356445,
        "High": 56.44477462768555,
        "Low": 54.987281799316406,
        "Close": 55.3847770690918,
        "Adj Close": 30.74404525756836,
        "Volume": 1258024.0
    },
    "BKNG": {
        "Open": 32.4375,
        "High": 40.5,
        "Low": 30.375,
        "Close": 32.53125,
        "Adj Close": 32.00751876831055,
        "Volume": 849500.0
    },
    "BLK": {
        "Open": 40.75,
        "High": 42.625,
        "Low": 40.75,
        "Close": 42.0625,
        "Adj Close": 25.172100067138672,
        "Volume": 59200.0
    },
    "BMY": {
        "Open": 57.34456253051758,
        "High": 58.05839538574219,
        "Low": 56.69021987915039,
        "Close": 57.879940032958984,
        "Adj Close": 22.224918365478516,
        "Volume": 5003798.0
    },
    "BRK-B": {
        "Open": 39.060001373291016,
        "High": 39.560001373291016,
        "Low": 38.91999816894531,
        "Close": 39.119998931884766,
        "Adj Close": 39.119998931884766,
        "Volume": 290000.0
    },
    "C": {
        "Open": 512.5,
        "High": 526.875,
        "Low": 507.5,
        "Close": 509.375,
        "Adj Close": 266.98028564453125,
        "Volume": 1032490.0
    },
    "CAT": {
        "Open": 15.25,
        "High": 15.59375,
        "Low": 15.1875,
        "Close": 15.34375,
        "Adj Close": 8.200328826904297,
        "Volume": 2370200.0
    },
    "CL": {
        "Open": 25.149999618530273,
        "High": 25.549999237060547,
        "Low": 25.075000762939453,
        "Close": 25.309999465942383,
        "Adj Close": 14.487410545349121,
        "Volume": 3057200.0
    },
    "CMCSA": {
        "Open": 12.535144805908203,
        "High": 13.374727249145508,
        "Low": 12.496094703674316,
        "Close": 13.081849098205566,
        "Adj Close": 8.876893043518066,
        "Volume": 910364.0
    },
    "COF": {
        "Open": 68.25,
        "High": 68.625,
        "Low": 67.5625,
        "Close": 68.375,
        "Adj Close": 49.58933639526367,
        "Volume": 1428500.0
    },
    "COP": {
        "Open": 24.298839569091797,
        "High": 24.942045211791992,
        "Low": 24.298839569091797,
        "Close": 24.87057876586914,
        "Adj Close": 11.146463394165039,
        "Volume": 1712937.0
    },
    "COST": {
        "Open": 33.75,
        "High": 35.0,
        "Low": 33.75,
        "Close": 34.3125,
        "Adj Close": 22.89217758178711,
        "Volume": 5402400.0
    },
    "CRM": {
        "Open": null,
        "High": null,
        "Low": null,
        "Close": null,
        "Adj Close": null,
        "Volume": null
    },
    "CSCO": {
        "Open": 57.625,
        "High": 59.4375,
        "Low": 56.75,
        "Close": 57.3125,
        "Adj Close": 37.084129333496094,
        "Volume": 51194000.0
    },
    "CVS": {
        "Open": 22.875,
        "High": 22.90625,
        "Low": 22.125,
        "Close": 22.15625,
        "Adj Close": 14.088521003723145,
        "Volume": 2700400.0
    },
    "CVX": {
        "Open": 41.15625,
        "High": 41.875,
        "Low": 41.125,
        "Close": 41.71875,
        "Adj Close": 16.21236228942871,
        "Volume": 5374800.0
    },
    "DE": {
        "Open": 16.1875,
        "High": 16.65625,
        "Low": 16.09375,
        "Close": 16.21875,
        "Adj Close": 9.982851028442383,
        "Volume": 1751200.0
    },
    "DHR": {
        "Open": 9.189126014709473,
        "High": 9.546189308166504,
        "Low": 9.105111122131348,
        "Close": 9.535687446594238,
        "Adj Close": 5.649717330932617,
        "Volume": 2402551.0
    },
    "DIS": {
        "Open": 34.465843200683594,
        "High": 36.68547058105469,
        "Low": 33.849281311035156,
        "Close": 35.88393783569336,
        "Adj Close": 27.496980667114258,
        "Volume": 6058794.0
    },
    "DUK": {
        "Open": 75.5611572265625,
        "High": 75.7790756225586,
        "Low": 74.09024810791016,
        "Close": 75.23429107666016,
        "Adj Close": 23.59278678894043,
        "Volume": 1691849.0
    },
    "EMR": {
        "Open": 33.0,
        "High": 33.5,
        "Low": 32.53125,
        "Close": 33.40625,
        "Adj Close": 16.731443405151367,
        "Volume": 1616600.0
    },
    "FDX": {
        "Open": 41.5,
        "High": 42.779998779296875,
        "Low": 41.29999923706055,
        "Close": 42.66999816894531,
        "Adj Close": 34.16554260253906,
        "Volume": 675500.0
    },
    "GD": {
        "Open": 32.5,
        "High": 33.375,
        "Low": 32.0,
        "Close": 33.34375,
        "Adj Close": 19.758785247802734,
        "Volume": 2713200.0
    },
    "GE": {
        "Open": 262.3859558105469,
        "High": 264.78216552734375,
        "Low": 247.40957641601562,
        "Close": 249.80580139160156,
        "Adj Close": 136.20858764648438,
        "Volume": 3755938.0
    },
    "GILD": {
        "Open": 2.835937976837158,
        "High": 2.875,
        "Low": 2.695312976837158,
        "Close": 2.765625,
        "Adj Close": 1.9214218854904175,
        "Volume": 20092800.0
    },
    "GM": {
        "Open": null,
        "High": null,
        "Low": null,
        "Close": null,
        "Adj Close": null,
        "Volume": null
    },
    "GOOG": {
        "Open": null,