{
    "AAPL": {
        "Open": 0.36188599467277527,
        "High": 0.3671880066394806,
        "Low": 0.3470979928970337,
        "Close": 0.3638390004634857,
        "Adj Close": 0.3052479326725006,
        "Volume": 551292000.0
    },
    "ABBV": {
        "Open": null,
        "High": null,
        "Low": null,
        "Close": null,
        "Adj Close": null,
        "Volume": null
    },
    "ABT": {
        "Open": 22.024198532104492,
        "High": 22.66949462890625,
        "Low": 21.85586166381836,
        "Close": 22.136425018310547,
        "Adj Close": 11.612165451049805,
        "Volume": 6999095.0
    },
    "ACN": {
        "Open": null,
        "High": null,
        "Low": null,
        "Close": null,
        "Adj Close": null,
        "Volume": null
    },
    "ADBE": {
        "Open": 34.8125,
        "High": 35.8125,
        "Low": 33.5,
        "Close": 35.140625,
        "Adj Close": 34.913482666015625,
        "Volume": 6264400.0
    },
    "AIG": {
        "Open": 1903.75,
        "High": 1922.5,
        "Low": 1896.25,
        "Close": 1908.75,
        "Adj Close": 1126.206298828125,
        "Volume": 112985.0
    },
    "AMD": {
        "Open": 22.1875,
        "High": 22.875,
        "Low": 21.5625,
        "Close": 21.875,
        "Adj Close": 21.875,
        "Volume": 5701300.0
    },
    "AMGN": {
        "Open": 68.9375,
        "High": 71.875,
        "Low": 68.1875,
        "Close": 70.9375,
        "Adj Close": 47.981319427490234,
        "Volume": 6250300.0
    },
    "AMT": {
        "Open": 35.625,
        "High": 35.6875,
        "Low": 35.0,
        "Close": 35.25,
        "Adj Close": 25.774028778076172,
        "Volume": 680500.0
    },
    "AMZN": {
        "Open": 1.484375,
        "High": 1.5187499523162842,
        "Low": 1.381250023841858,
        "Close": 1.5,
        "Adj Close": 1.5,
        "Volume": 203992000.0
    },
    "AVGO": {
        "Open": null,
        "High": null,
        "Low": null,
        "Close": null,
        "Adj Close": null,
        "Volume": null
    },
    "AXP": {
        "Open": 49.5091552734375,
        "High": 49.5091552734375,
        "Low": 47.26620101928711,
        "Close": 47.59443664550781,
        "Adj Close": 33.65961837768555,
        "Volume": 5033017.0
    },
    "BA": {
        "Open": 60.0625,
        "High": 62.0,
        "Low": 60.0625,
        "Close": 61.25,
        "Adj Close": 39.93181610107422,
        "Volume": 5692500.0
    },
    "BAC": {
        "Open": 21.78125,
        "High": 21.96875,
        "Low": 21.34375,
        "Close": 21.875,
        "Adj Close": 11.564905166625977,
        "Volume": 7581000.0
    },
    "BK": {
        "Open": 55.517276763916016,
        "High": 55.84852600097656,
        "Low": 54.92102813720703,
        "Close": 55.451026916503906,
        "Adj Close": 30.780820846557617,
        "Volume": 876230.0
    },
    "BKNG": {
        "Open": 31.96875,
        "High": 37.125,
        "Low": 31.875,
        "Close": 33.75,
        "Adj Close": 33.2066535949707,
        "Volume": 517083.0
    },
    "BLK": {
        "Open": 42.0625,
        "High": 42.0625,
        "Low": 40.3125,
        "Close": 41.375,
        "Adj Close": 24.760663986206055,
        "Volume": 96200.0
    },
    "BMY": {
        "Open": 57.82045364379883,
        "High": 59.842979431152344,
        "Low": 57.82045364379883,
        "Close": 59.01017379760742,
        "Adj Close": 22.65890884399414,
        "Volume": 6352118.0
    },
    "BRK-B": {
        "Open": 38.84000015258789,
        "High": 39.060001373291016,
        "Low": 38.459999084472656,
        "Close": 38.560001373291016,
        "Adj Close": 38.560001373291016,
        "Volume": 310000.0
    },
    "C": {
        "Open": 511.25,
        "High": 517.5,
        "Low": 498.125,
        "Close": 504.375,
        "Adj Close": 264.3594665527344,
        "Volume": 821740.0
    },
    "CAT": {
        "Open": 15.34375,
        "High": 15.9375,
        "Low": 15.34375,
        "Close": 15.71875,
        "Adj Close": 8.40074348449707,
        "Volume": 2725600.0
    },
    "CL": {
        "Open": 25.299999237060547,
        "High": 25.309999465942383,
        "Low": 24.670000076293945,
        "Close": 24.700000762939453,
        "Adj Close": 14.138249397277832,
        "Volume": 4272000.0
    },
    "CMCSA": {
        "Open": 13.101374626159668,
        "High": 13.413777351379395,
        "Low": 12.964698791503906,
        "Close": 13.12090015411377,
        "Adj Close": 8.90339183807373,
        "Volume": 626436.0
    },
    "COF": {
        "Open": 67.5,
        "High": 67.5625,
        "Low": 63.8125,
        "Close": 65.75,
        "Adj Close": 47.68553161621094,
        "Volume": 1628600.0
    },
    "COP": {
        "Open": 25.013511657714844,
        "High": 25.084978103637695,
        "Low": 24.322662353515625,
        "Close": 24.751466751098633,
        "Adj Close": 11.0930814743042,
        "Volume": 1581233.0
    },
    "COST": {
        "Open": 34.1875,
        "High": 34.3125,
        "Low": 33.125,
        "Close": 33.5625,
        "Adj Close": 22.391799926757812,
        "Volume": 5616100.0
    },
    "CRM": {
        "Open": null,
        "High": null,
        "Low": null,
        "Close": null,
        "Adj Close": null,
        "Volume": null
    },
    "CSCO": {
        "Open": 56.25,
        "High": 57.75,
        "Low": 54.9375,
        "Close": 55.875,
        "Adj Close": 36.15399169921875,
        "Volume": 45486800.0
    },
    "CVS": {
        "Open": 22.28125,
        "High": 22.34375,
        "Low": 21.78125,
        "Close": 22.25,
        "Adj Close": 14.148139953613281,
        "Volume": 4242600.0
    },
    "CVX": {
        "Open": 41.75,
        "High": 41.8125,
        "Low": 40.9375,
        "Close": 41.28125,
        "Adj Close": 16.042348861694336,
        "Volume": 4619800.0
    },
    "DE": {
        "Open": 16.28125,
        "High": 16.65625,
        "Low": 16.25,
        "Close": 16.53125,
        "Adj Close": 10.175200462341309,
        "Volume": 985000.0
    },
    "DHR": {
        "Open": 9.535687446594238,
        "High": 9.619702339172363,
        "Low": 9.472676277160645,
        "Close": 9.48317813873291,
        "Adj Close": 5.618607521057129,
        "Volume": 2497772.0
    },
    "DIS": {
        "Open": 35.88393783569336,
        "High": 36.19221878051758,
        "Low": 35.26737594604492,
        "Close": 35.698970794677734,
        "Adj Close": 27.355234146118164,
        "Volume": 3605778.0
    },
    "DUK": {
        "Open": 75.1798095703125,
        "High": 75.67011260986328,
        "Low": 73.92681884765625,
        "Close": 74.03577423095703,
        "Adj Close": 23.216951370239258,
        "Volume": 1608444.0
    },
    "EMR": {
        "Open": 33.5,
        "High": 34.53125,
        "Low": 33.4375,
        "Close": 33.53125,
        "Adj Close": 16.794052124023438,
        "Volume": 2280200.0
    },
    "FDX": {
        "Open": 42.41999816894531,
        "High": 42.41999816894531,
        "Low": 41.150001525878906,
        "Close": 41.380001068115234,
        "Adj Close": 33.13264846801758,
        "Volume": 529800.0
    },
    "GD": {
        "Open": 33.71875,
        "High": 34.46875,
        "Low": 33.40625,
        "Close": 34.0625,
        "Adj Close": 20.184701919555664,
        "Volume": 2464000.0
    },
    "GE": {
        "Open": 247.40957641601562,
        "High": 249.2067413330078,
        "Low": 234.82943725585938,
        "Close": 238.42376708984375,
        "Adj Close": 130.00242614746094,
        "Volume": 14877461.0
    },
    "GILD": {
        "Open": 2.818358898162842,
        "High": 3.09375,
        "Low": 2.792968988418579,
        "Close": 3.029297113418579,
        "Adj Close": 2.1046080589294434,
        "Volume": 20505600.0
    },
    "GM": {
        "Open": null,
        "High": null,
        "Low": null,
        "Close": null,
        "Adj Close": null,
        "Volume": null
    },