{
    "AAPL": {
        "Open": 0.36941999197006226,
        "High": 0.37276801466941833,
        "Low": 0.3359380066394806,
        "Close": 0.3370540142059326,
        "Adj Close": 0.28277620673179626,
        "Volume": 804451200.0
    },
    "ABBV": {
        "Open": null,
        "High": null,
        "Low": null,
        "Close": null,
        "Adj Close": null,
        "Volume": null
    },
    "ABT": {
        "Open": 22.22059440612793,
        "High": 22.529212951660156,
        "Low": 21.687524795532227,
        "Close": 22.108367919921875,
        "Adj Close": 11.597447395324707,
        "Volume": 8267749.0
    },
    "ACN": {
        "Open": null,
        "High": null,
        "Low": null,
        "Close": null,
        "Adj Close": null,
        "Volume": null
    },
    "ADBE": {
        "Open": 35.75,
        "High": 36.34375,
        "Low": 33.75,
        "Close": 33.796875,
        "Adj Close": 33.57842254638672,
        "Volume": 7648400.0
    },
    "AIG": {
        "Open": 1928.75,
        "High": 1950.0,
        "Low": 1920.0,
        "Close": 1950.0,
        "Adj Close": 1150.5447998046875,
        "Volume": 216555.0
    },
    "AMD": {
        "Open": 21.75,
        "High": 21.75,
        "Low": 19.9375,
        "Close": 20.1875,
        "Adj Close": 20.1875,
        "Volume": 8452500.0
    },
    "AMGN": {
        "Open": 71.75,
        "High": 72.625,
        "Low": 70.0,
        "Close": 71.375,
        "Adj Close": 48.27724838256836,
        "Volume": 5965700.0
    },
    "AMT": {
        "Open": 35.0,
        "High": 35.25,
        "Low": 34.875,
        "Close": 34.9375,
        "Adj Close": 25.5455322265625,
        "Volume": 840900.0
    },
    "AMZN": {
        "Open": 1.493749976158142,
        "High": 1.693750023841858,
        "Low": 1.4406249523162842,
        "Close": 1.478124976158142,
        "Adj Close": 1.478124976158142,
        "Volume": 273532000.0
    },
    "AVGO": {
        "Open": null,
        "High": null,
        "Low": null,
        "Close": null,
        "Adj Close": null,
        "Volume": null
    },
    "AXP": {
        "Open": 47.97738265991211,
        "High": 50.2203369140625,
        "Low": 47.86796951293945,
        "Close": 50.00151443481445,
        "Adj Close": 35.36194610595703,
        "Volume": 5099166.0
    },
    "BA": {
        "Open": 61.25,
        "High": 61.9375,
        "Low": 60.625,
        "Close": 61.0,
        "Adj Close": 39.76880645751953,
        "Volume": 4174700.0
    },
    "BAC": {
        "Open": 21.90625,
        "High": 22.6875,
        "Low": 21.71875,
        "Close": 22.25,
        "Adj Close": 11.763164520263672,
        "Volume": 8341200.0
    },
    "BK": {
        "Open": 55.451026916503906,
        "High": 57.43851852416992,
        "Low": 55.31852722167969,
        "Close": 57.23977279663086,
        "Adj Close": 31.773744583129883,
        "Volume": 1291515.0
    },
    "BKNG": {
        "Open": 34.875,
        "High": 36.0,
        "Low": 32.0625,
        "Close": 32.4375,
        "Adj Close": 31.915287017822266,
        "Volume": 359067.0
    },
    "BLK": {
        "Open": 41.25,
        "High": 41.25,
        "Low": 38.625,
        "Close": 39.5,
        "Adj Close": 23.63858413696289,
        "Volume": 122100.0
    },
    "BMY": {
        "Open": 59.01017379760742,
        "High": 59.18863296508789,
        "Low": 57.9989128112793,
        "Close": 58.83171463012695,
        "Adj Close": 22.590375900268555,
        "Volume": 5291366.0
    },
    "BRK-B": {
        "Open": 38.119998931884766,
        "High": 39.0,
        "Low": 38.02000045776367,
        "Close": 38.68000030517578,
        "Adj Close": 38.68000030517578,
        "Volume": 235000.0
    },
    "C": {
        "Open": 511.875,
        "High": 523.75,
        "Low": 509.375,
        "Close": 516.875,
        "Adj Close": 270.9112854003906,
        "Volume": 1043840.0
    },
    "CAT": {
        "Open": 15.78125,
        "High": 16.125,
        "Low": 15.78125,
        "Close": 15.9375,
        "Adj Close": 8.517654418945312,
        "Volume": 3443800.0
    },
    "CL": {
        "Open": 25.100000381469727,
        "High": 26.975000381469727,
        "Low": 25.100000381469727,
        "Close": 26.524999618530273,
        "Adj Close": 15.231595993041992,
        "Volume": 6049800.0
    },
    "CMCSA": {
        "Open": 13.159950256347656,
        "High": 13.199000358581543,
        "Low": 12.574195861816406,
        "Close": 13.003748893737793,
        "Adj Close": 8.82388973236084,
        "Volume": 539369.0
    },
    "COF": {
        "Open": 66.25,
        "High": 68.375,
        "Low": 64.125,
        "Close": 64.25,
        "Adj Close": 46.59764099121094,
        "Volume": 1976800.0
    },
    "COP": {
        "Open": 24.799110412597656,
        "High": 24.918222427368164,
        "Low": 24.036794662475586,
        "Close": 24.132083892822266,
        "Adj Close": 10.815484046936035,
        "Volume": 1604320.0
    },
    "COST": {
        "Open": 33.75,
        "High": 34.25,
        "Low": 33.5,
        "Close": 33.9375,
        "Adj Close": 22.641984939575195,
        "Volume": 3373600.0
    },
    "CRM": {
        "Open": null,
        "High": null,
        "Low": null,
        "Close": null,
        "Adj Close": null,
        "Volume": null
    },
    "CSCO": {
        "Open": 56.5625,
        "High": 57.25,
        "Low": 54.0625,
        "Close": 54.875,
        "Adj Close": 35.50695037841797,
        "Volume": 46524900.0
    },
    "CVS": {
        "Open": 22.28125,
        "High": 22.875,
        "Low": 22.21875,
        "Close": 22.875,
        "Adj Close": 14.545546531677246,
        "Volume": 3654000.0
    },
    "CVX": {
        "Open": 41.71875,
        "High": 41.71875,
        "Low": 41.0,
        "Close": 41.125,
        "Adj Close": 15.981627464294434,
        "Volume": 5664000.0
    },
    "DE": {
        "Open": 16.5,
        "High": 17.15625,
        "Low": 16.5,
        "Close": 17.125,
        "Adj Close": 10.540657997131348,
        "Volume": 1992600.0
    },
    "DHR": {
        "Open": 9.51468276977539,
        "High": 9.546189308166504,
        "Low": 9.283641815185547,
        "Close": 9.367656707763672,
        "Adj Close": 5.5501627922058105,
        "Volume": 2798910.0
    },
    "DIS": {
        "Open": 35.698970794677734,
        "High": 36.31553268432617,
        "Low": 35.08240509033203,
        "Close": 35.698970794677734,
        "Adj Close": 27.355234146118164,
        "Volume": 4140091.0
    },
    "DUK": {
        "Open": 74.19920349121094,
        "High": 74.85294342041016,
        "Low": 72.89173126220703,
        "Close": 73.65442657470703,
        "Adj Close": 23.097354888916016,
        "Volume": 1372110.0
    },
    "EMR": {
        "Open": 33.96875,
        "High": 34.125,
        "Low": 33.625,
        "Close": 33.875,
        "Adj Close": 16.96622085571289,
        "Volume": 1570200.0
    },
    "FDX": {
        "Open": 41.630001068115234,
        "High": 42.540000915527344,
        "Low": 41.45000076293945,
        "Close": 42.529998779296875,
        "Adj Close": 34.05344009399414,
        "Volume": 722800.0
    },
    "GD": {
        "Open": 34.09375,
        "High": 34.65625,
        "Low": 33.8125,
        "Close": 34.46875,
        "Adj Close": 20.425434112548828,
        "Volume": 1921800.0
    },
    "GE": {
        "Open": 242.01808166503906,
        "High": 255.7963409423828,
        "Low": 239.92140197753906,
        "Close": 255.7963409423828,
        "Adj Close": 139.47500610351562,
        "Volume": 9597475.0
    },
    "GILD": {
        "Open": 3.070312976837158,
        "High": 3.136718988418579,
        "Low": 2.648437976837158,
        "Close": 2.677733898162842,
        "Adj Close": 1.8603593111038208,
        "Volume": 52003200.0
    },
    "GM": {
        "Open": null,
        "High": null,
        "Low": null,
        "Close": null,
        "Adj Close": null,
        "Volume": null
    },