{
    "AAPL": {
        "Open": 0.3359380066394806,
        "High": 0.3370540142059326,
        "Low": 0.3125,
        "Close": 0.33035698533058167,
        "Adj Close": 0.2771577537059784,
        "Volume": 721851200.0
    },
    "ABBV": {
        "Open": null,
        "High": null,
        "Low": null,
        "Close": null,
        "Adj Close": null,
        "Volume": null
    },
    "ABT": {
        "Open": 23.11839485168457,
        "High": 23.595352172851562,
        "Low": 22.641437530517578,
        "Close": 22.922000885009766,
        "Adj Close": 12.024256706237793,
        "Volume": 10172402.0
    },
    "ACN": {
        "Open": null,
        "High": null,
        "Low": null,
        "Close": null,
        "Adj Close": null,
        "Volume": null
    },
    "ADBE": {
        "Open": 34.015625,
        "High": 36.28125,
        "Low": 32.0,
        "Close": 36.21875,
        "Adj Close": 35.98463439941406,
        "Volume": 8159800.0
    },
    "AIG": {
        "Open": 1950.0,
        "High": 1980.0,
        "Low": 1825.0,
        "Close": 1866.25,
        "Adj Close": 1101.1307373046875,
        "Volume": 424515.0
    },
    "AMD": {
        "Open": 19.125,
        "High": 20.625,
        "Low": 18.75,
        "Close": 20.3125,
        "Adj Close": 20.3125,
        "Volume": 6161100.0
    },
    "AMGN": {
        "Open": 68.0,
        "High": 68.8125,
        "Low": 65.0,
        "Close": 68.5,
        "Adj Close": 46.33262634277344,
        "Volume": 10354700.0
    },
    "AMT": {
        "Open": 33.5,
        "High": 33.875,
        "Low": 31.25,
        "Close": 32.0,
        "Adj Close": 23.397695541381836,
        "Volume": 1056800.0
    },
    "AMZN": {
        "Open": 1.609375,
        "High": 1.875,
        "Low": 1.5499999523162842,
        "Close": 1.84375,
        "Adj Close": 1.84375,
        "Volume": 356510000.0
    },
    "AVGO": {
        "Open": null,
        "High": null,
        "Low": null,
        "Close": null,
        "Adj Close": null,
        "Volume": null
    },
    "AXP": {
        "Open": 49.399742126464844,
        "High": 49.5091552734375,
        "Low": 46.44560623168945,
        "Close": 47.64914321899414,
        "Adj Close": 33.69829559326172,
        "Volume": 6869873.0
    },
    "BA": {
        "Open": 62.5625,
        "High": 63.625,
        "Low": 61.875,
        "Close": 63.0625,
        "Adj Close": 41.11346435546875,
        "Volume": 4459800.0
    },
    "BAC": {
        "Open": 22.09375,
        "High": 22.40625,
        "Low": 21.125,
        "Close": 21.6875,
        "Adj Close": 11.465771675109863,
        "Volume": 12509800.0
    },
    "BK": {
        "Open": 57.23977279663086,
        "High": 57.43851852416992,
        "Low": 54.059783935546875,
        "Close": 55.31852722167969,
        "Adj Close": 30.707271575927734,
        "Volume": 2155858.0
    },
    "BKNG": {
        "Open": 31.3125,
        "High": 33.0,
        "Low": 30.375,
        "Close": 30.375,
        "Adj Close": 29.885988235473633,
        "Volume": 270800.0
    },
    "BLK": {
        "Open": 40.375,
        "High": 41.0,
        "Low": 40.375,
        "Close": 40.8125,
        "Adj Close": 24.424041748046875,
        "Volume": 46800.0
    },
    "BMY": {
        "Open": 59.367088317871094,
        "High": 59.9024658203125,
        "Low": 58.29634094238281,
        "Close": 59.60503387451172,
        "Adj Close": 22.887317657470703,
        "Volume": 4440851.0
    },
    "BRK-B": {
        "Open": 39.58000183105469,
        "High": 39.900001525878906,
        "Low": 39.0,
        "Close": 39.900001525878906,
        "Adj Close": 39.900001525878906,
        "Volume": 355000.0
    },
    "C": {
        "Open": 508.75,
        "High": 513.125,
        "Low": 475.0,
        "Close": 490.0,
        "Adj Close": 256.82513427734375,
        "Volume": 1508920.0
    },
    "CAT": {
        "Open": 15.65625,
        "High": 16.15625,
        "Low": 15.53125,
        "Close": 15.90625,
        "Adj Close": 8.500954627990723,
        "Volume": 2656600.0
    },
    "CL": {
        "Open": 27.7549991607666,
        "High": 28.440000534057617,
        "Low": 27.375,
        "Close": 27.7549991607666,
        "Adj Close": 15.937891960144043,
        "Volume": 5267600.0
    },
    "CMCSA": {
        "Open": 12.691346168518066,
        "High": 12.84754753112793,
        "Low": 12.300843238830566,
        "Close": 12.515620231628418,
        "Adj Close": 8.49266529083252,
        "Volume": 270164.0
    },
    "COF": {
        "Open": 58.375,
        "High": 58.875,
        "Low": 51.8125,
        "Close": 58.875,
        "Adj Close": 42.69939422607422,
        "Volume": 5543900.0
    },
    "COP": {
        "Open": 23.631813049316406,
        "High": 24.108261108398438,
        "Low": 23.32212257385254,
        "Close": 23.345945358276367,
        "Adj Close": 10.520215034484863,
        "Volume": 2760533.0
    },
    "COST": {
        "Open": 33.03125,
        "High": 33.1875,
        "Low": 32.5625,
        "Close": 33.0,
        "Adj Close": 22.01650619506836,
        "Volume": 5823200.0
    },
    "CRM": {
        "Open": null,
        "High": null,
        "Low": null,
        "Close": null,
        "Adj Close": null,
        "Volume": null
    },
    "CSCO": {
        "Open": 51.375,
        "High": 54.125,
        "Low": 50.0,
        "Close": 53.5625,
        "Adj Close": 34.65768051147461,
        "Volume": 83351700.0
    },
    "CVS": {
        "Open": 23.28125,
        "High": 24.25,
        "Low": 23.28125,
        "Close": 24.03125,
        "Adj Close": 15.280779838562012,
        "Volume": 4189000.0
    },
    "CVX": {
        "Open": 41.5,
        "High": 41.5625,
        "Low": 40.90625,
        "Close": 41.0,
        "Adj Close": 15.933056831359863,
        "Volume": 5642400.0
    },
    "DE": {
        "Open": 16.71875,
        "High": 17.21875,
        "Low": 16.5,
        "Close": 16.8125,
        "Adj Close": 10.348313331604004,
        "Volume": 1618000.0
    },
    "DHR": {
        "Open": 9.189126014709473,
        "High": 9.525184631347656,
        "Low": 9.189126014709473,
        "Close": 9.357154846191406,
        "Adj Close": 5.543941020965576,
        "Volume": 3404755.0
    },
    "DIS": {
        "Open": 34.342529296875,
        "High": 35.020748138427734,
        "Low": 34.09590530395508,
        "Close": 34.650814056396484,
        "Adj Close": 26.552061080932617,
        "Volume": 5493462.0
    },
    "DUK": {
        "Open": 72.7282943725586,
        "High": 72.7282943725586,
        "Low": 70.00439453125,
        "Close": 70.76708221435547,
        "Adj Close": 22.191919326782227,
        "Volume": 2185969.0
    },
    "EMR": {
        "Open": 33.75,
        "High": 34.6875,
        "Low": 33.75,
        "Close": 34.34375,
        "Adj Close": 17.200992584228516,
        "Volume": 2094400.0
    },
    "FDX": {
        "Open": 41.900001525878906,
        "High": 42.31999969482422,
        "Low": 41.18000030517578,
        "Close": 42.29999923706055,
        "Adj Close": 33.869285583496094,
        "Volume": 540500.0
    },
    "GD": {
        "Open": 34.0,
        "High": 34.1875,
        "Low": 33.5,
        "Close": 33.65625,
        "Adj Close": 19.943960189819336,
        "Volume": 2249000.0
    },
    "GE": {
        "Open": 253.99917602539062,
        "High": 255.7963409423828,
        "Low": 246.2114715576172,
        "Close": 249.80580139160156,
        "Adj Close": 136.20858764648438,
        "Volume": 3895805.0
    },
    "GILD": {
        "Open": 2.923827886581421,
        "High": 2.96875,
        "Low": 2.789062976837158,
        "Close": 2.84375,
        "Adj Close": 1.975698709487915,
        "Volume": 34444800.0
    },
    "GM": {
        "Open": null,
        "High": null,
        "Low": null,
        "Close": null,
        "Adj Close": null,
        "Volume": null
    },
    "GOOG": {
        "Open": null,
        "High": null,
        "Low": null,
        "Close": null,