{
    "AAPL": {
        "Open": 0.3526790142059326,
        "High": 0.36160698533058167,
        "Low": 0.34375,
        "Close": 0.34933000802993774,
        "Adj Close": 0.2930753231048584,
        "Volume": 885880800.0
    },
    "ABBV": {
        "Open": null,
        "High": null,
        "Low": null,
        "Close": null,
        "Adj Close": null,
        "Volume": null
    },
    "ABT": {
        "Open": 24.24064826965332,
        "High": 24.26870346069336,
        "Low": 23.45507049560547,
        "Close": 23.707578659057617,
        "Adj Close": 12.436349868774414,
        "Volume": 10027826.0
    },
    "ACN": {
        "Open": null,
        "High": null,
        "Low": null,
        "Close": null,
        "Adj Close": null,
        "Volume": null
    },
    "ADBE": {
        "Open": 35.234375,
        "High": 38.0703125,
        "Low": 34.625,
        "Close": 38.03125,
        "Adj Close": 37.785438537597656,
        "Volume": 8094400.0
    },
    "AIG": {
        "Open": 1987.5,
        "High": 1987.5,
        "Low": 1920.0,
        "Close": 1960.0,
        "Adj Close": 1156.4451904296875,
        "Volume": 242000.0
    },
    "AMD": {
        "Open": 20.875,
        "High": 23.0625,
        "Low": 20.75,
        "Close": 22.625,
        "Adj Close": 22.625,
        "Volume": 10439500.0
    },
    "AMGN": {
        "Open": 56.3125,
        "High": 58.25,
        "Low": 55.6875,
        "Close": 57.9375,
        "Adj Close": 39.18827438354492,
        "Volume": 14302500.0
    },
    "AMT": {
        "Open": 39.0,
        "High": 41.375,
        "Low": 39.0,
        "Close": 40.9375,
        "Adj Close": 29.932613372802734,
        "Volume": 1329900.0
    },
    "AMZN": {
        "Open": 1.634374976158142,
        "High": 1.84375,
        "Low": 1.603124976158142,
        "Close": 1.8312499523162842,
        "Adj Close": 1.8312499523162842,
        "Volume": 198390000.0
    },
    "AVGO": {
        "Open": null,
        "High": null,
        "Low": null,
        "Close": null,
        "Adj Close": null,
        "Volume": null
    },
    "AXP": {
        "Open": 51.095638275146484,
        "High": 52.6821174621582,
        "Low": 50.2203369140625,
        "Close": 52.518001556396484,
        "Adj Close": 37.141639709472656,
        "Volume": 4803953.0
    },
    "BA": {
        "Open": 64.6875,
        "High": 67.875,
        "Low": 64.0625,
        "Close": 67.8125,
        "Adj Close": 44.21019744873047,
        "Volume": 4700800.0
    },
    "BAC": {
        "Open": 23.5,
        "High": 24.09375,
        "Low": 23.1875,
        "Close": 24.03125,
        "Adj Close": 12.704876899719238,
        "Volume": 11475600.0
    },
    "BK": {
        "Open": 60.41975784301758,
        "High": 61.21475601196289,
        "Low": 58.89601516723633,
        "Close": 61.01600646972656,
        "Adj Close": 33.869930267333984,
        "Volume": 2366802.0
    },
    "BKNG": {
        "Open": 34.125,
        "High": 36.0,
        "Low": 32.8125,
        "Close": 34.5,
        "Adj Close": 33.94457244873047,
        "Volume": 300867.0
    },
    "BLK": {
        "Open": 42.625,
        "High": 43.0,
        "Low": 42.375,
        "Close": 42.625,
        "Adj Close": 25.50872230529785,
        "Volume": 85200.0
    },
    "BMY": {
        "Open": 57.93942642211914,
        "High": 58.236854553222656,
        "Low": 57.10662078857422,
        "Close": 57.9989128112793,
        "Adj Close": 22.270591735839844,
        "Volume": 4783579.0
    },
    "BRK-B": {
        "Open": 42.0,
        "High": 42.5,
        "Low": 41.599998474121094,
        "Close": 42.060001373291016,
        "Adj Close": 42.060001373291016,
        "Volume": 1710000.0
    },
    "C": {
        "Open": 521.25,
        "High": 530.0,
        "Low": 518.75,
        "Close": 526.25,
        "Adj Close": 275.8249816894531,
        "Volume": 1123340.0
    },
    "CAT": {
        "Open": 17.46875,
        "High": 17.90625,
        "Low": 16.9375,
        "Close": 17.53125,
        "Adj Close": 9.369421005249023,
        "Volume": 6645200.0
    },
    "CL": {
        "Open": 29.0,
        "High": 29.475000381469727,
        "Low": 28.149999618530273,
        "Close": 29.3799991607666,
        "Adj Close": 16.87103843688965,
        "Volume": 5617600.0
    },
    "CMCSA": {
        "Open": 12.749921798706055,
        "High": 12.808497428894043,
        "Low": 12.437520027160645,
        "Close": 12.535144805908203,
        "Adj Close": 8.505914688110352,
        "Volume": 404927.0
    },
    "COF": {
        "Open": 61.75,
        "High": 63.5,
        "Low": 59.875,
        "Close": 63.125,
        "Adj Close": 45.78173065185547,
        "Volume": 1237600.0
    },
    "COP": {
        "Open": 23.48887825012207,
        "High": 23.727102279663086,
        "Low": 22.845674514770508,
        "Close": 23.536523818969727,
        "Adj Close": 10.606096267700195,
        "Volume": 2552221.0
    },
    "COST": {
        "Open": 35.0,
        "High": 36.75,
        "Low": 34.8125,
        "Close": 36.625,
        "Adj Close": 24.435009002685547,
        "Volume": 6663200.0
    },
    "CRM": {
        "Open": null,
        "High": null,
        "Low": null,
        "Close": null,
        "Adj Close": null,
        "Volume": null
    },
    "CSCO": {
        "Open": 48.375,
        "High": 54.5,
        "Low": 48.1875,
        "Close": 53.875,
        "Adj Close": 34.85989761352539,
        "Volume": 87881100.0
    },
    "CVS": {
        "Open": 26.34375,
        "High": 27.0625,
        "Low": 26.125,
        "Close": 26.46875,
        "Adj Close": 16.830720901489258,
        "Volume": 9301000.0
    },
    "CVX": {
        "Open": 40.8125,
        "High": 41.28125,
        "Low": 40.28125,
        "Close": 41.0625,
        "Adj Close": 15.957337379455566,
        "Volume": 3298000.0
    },
    "DE": {
        "Open": 18.375,
        "High": 18.59375,
        "Low": 17.875,
        "Close": 18.40625,
        "Adj Close": 11.32928466796875,
        "Volume": 2040200.0
    },
    "DHR": {
        "Open": 9.987266540527344,
        "High": 10.606876373291016,
        "Low": 9.903251647949219,
        "Close": 10.606876373291016,
        "Adj Close": 6.2843756675720215,
        "Volume": 4742018.0
    },
    "DIS": {
        "Open": 34.4041862487793,
        "High": 35.390689849853516,
        "Low": 33.602657318115234,
        "Close": 35.32903289794922,
        "Adj Close": 27.071760177612305,
        "Volume": 5288799.0
    },
    "DUK": {
        "Open": 74.6350326538086,
        "High": 75.7790756225586,
        "Low": 73.4909896850586,
        "Close": 75.34324645996094,
        "Adj Close": 23.626951217651367,
        "Volume": 1126025.0
    },
    "EMR": {
        "Open": 35.40625,
        "High": 36.8125,
        "Low": 35.40625,
        "Close": 36.71875,
        "Adj Close": 18.3905029296875,
        "Volume": 3993200.0
    },
    "FDX": {
        "Open": 45.5,
        "High": 47.0,
        "Low": 44.029998779296875,
        "Close": 46.86000061035156,
        "Adj Close": 37.52047348022461,
        "Volume": 1808500.0
    },
    "GD": {
        "Open": 35.21875,
        "High": 35.84375,
        "Low": 34.96875,
        "Close": 35.78125,
        "Adj Close": 21.20318603515625,
        "Volume": 2075200.0
    },
    "GE": {
        "Open": 259.39068603515625,
        "High": 263.2845153808594,
        "Low": 257.8930358886719,
        "Close": 262.68548583984375,
        "Adj Close": 143.23138427734375,
        "Volume": 3583166.0
    },
    "GILD": {
        "Open": 2.621093988418579,
        "High": 2.734375,
        "Low": 2.5625,
        "Close": 2.6875,
        "Adj Close": 1.8671444654464722,
        "Volume": 27894400.0
    },
    "GM": {
        "Open": null,
        "High": null,
        "Low": null,
        "Close": null,
        "Adj Close": null,
        "Volume": null
    },
    "GOOG": {
        "Open": null,
        "High": null,
        "Low": null,
        "Close": null,