{
    "AAPL": {
        "Open": 0.3443079888820648,
        "High": 0.34933000802993774,
        "Low": 0.3404020071029663,
        "Close": 0.34542399644851685,
        "Adj Close": 0.2897982895374298,
        "Volume": 627883200.0
    },
    "ABBV": {
        "Open": null,
        "High": null,
        "Low": null,
        "Close": null,
        "Adj Close": null,
        "Volume": null
    },
    "ABT": {
        "Open": 21.09834098815918,
        "High": 21.210567474365234,
        "Low": 20.424989700317383,
        "Close": 20.481103897094727,
        "Adj Close": 10.395404815673828,
        "Volume": 4948086.0
    },
    "ACN": {
        "Open": null,
        "High": null,
        "Low": null,
        "Close": null,
        "Adj Close": null,
        "Volume": null
    },
    "ADBE": {
        "Open": 4.9375,
        "High": 5.070312976837158,
        "Low": 4.890625,
        "Close": 5.046875,
        "Adj Close": 4.994222164154053,
        "Volume": 8865600.0
    },
    "AIG": {
        "Open": 925.3333129882812,
        "High": 938.0,
        "Low": 923.3333129882812,
        "Close": 933.3333129882812,
        "Adj Close": 548.4520263671875,
        "Volume": 185034.0
    },
    "AMD": {
        "Open": 12.0,
        "High": 12.5625,
        "Low": 11.96875,
        "Close": 12.5625,
        "Adj Close": 12.5625,
        "Volume": 13852600.0
    },
    "AMGN": {
        "Open": 20.34375,
        "High": 20.59375,
        "Low": 20.0625,
        "Close": 20.296875,
        "Adj Close": 13.728577613830566,
        "Volume": 12782000.0
    },
    "AMT": {
        "Open": 20.9375,
        "High": 21.4375,
        "Low": 20.875,
        "Close": 21.3125,
        "Adj Close": 15.58322811126709,
        "Volume": 105500.0
    },
    "AMZN": {
        "Open": 1.0947920083999634,
        "High": 1.100000023841858,
        "Low": 1.0552079677581787,
        "Close": 1.0817710161209106,
        "Adj Close": 1.0817710161209106,
        "Volume": 407664000.0
    },
    "AVGO": {
        "Open": null,
        "High": null,
        "Low": null,
        "Close": null,
        "Adj Close": null,
        "Volume": null
    },
    "AXP": {
        "Open": 26.915475845336914,
        "High": 27.553714752197266,
        "Low": 26.806062698364258,
        "Close": 27.426067352294922,
        "Adj Close": 19.13600730895996,
        "Volume": 8866332.0
    },
    "BA": {
        "Open": 41.3125,
        "High": 42.4375,
        "Low": 40.375,
        "Close": 40.9375,
        "Adj Close": 25.9918212890625,
        "Volume": 5144800.0
    },
    "BAC": {
        "Open": 29.4375,
        "High": 30.25,
        "Low": 29.28125,
        "Close": 30.1875,
        "Adj Close": 14.929596900939941,
        "Volume": 11643800.0
    },
    "BK": {
        "Open": 33.65486526489258,
        "High": 34.38361358642578,
        "Low": 33.65486526489258,
        "Close": 34.052364349365234,
        "Adj Close": 18.338151931762695,
        "Volume": 1821422.0
    },
    "BKNG": {
        "Open": null,
        "High": null,
        "Low": null,
        "Close": null,
        "Adj Close": null,
        "Volume": null
    },
    "BLK": {
        "Open": null,
        "High": null,
        "Low": null,
        "Close": null,
        "Adj Close": null,
        "Volume": null
    },
    "BMY": {
        "Open": 52.88311004638672,
        "High": 53.26976776123047,
        "Low": 51.4554443359375,
        "Close": 52.080047607421875,
        "Adj Close": 19.417098999023438,
        "Volume": 3257276.0
    },
    "BRK-B": {
        "Open": 46.31999969482422,
        "High": 46.599998474121094,
        "Low": 45.70000076293945,
        "Close": 45.70000076293945,
        "Adj Close": 45.70000076293945,
        "Volume": 760000.0
    },
    "C": {
        "Open": 225.0,
        "High": 226.5625,
        "Low": 217.5,
        "Close": 220.625,
        "Adj Close": 113.36970520019531,
        "Volume": 4157840.0
    },
    "CAT": {
        "Open": 24.0,
        "High": 25.0,
        "Low": 24.0,
        "Close": 24.9375,
        "Adj Close": 12.576790809631348,
        "Volume": 4740000.0
    },
    "CL": {
        "Open": 23.125,
        "High": 23.125,
        "Low": 22.3125,
        "Close": 22.34375,
        "Adj Close": 12.53221607208252,
        "Volume": 4888400.0
    },
    "CMCSA": {
        "Open": 7.341455936431885,
        "High": 7.3805060386657715,
        "Low": 7.029053211212158,
        "Close": 7.16572904586792,
        "Adj Close": 4.85857629776001,
        "Volume": 2293837.0
    },
    "COF": {
        "Open": 32.83333206176758,
        "High": 33.5,
        "Low": 32.6875,
        "Close": 33.22916793823242,
        "Adj Close": 23.978836059570312,
        "Volume": 1878000.0
    },
    "COP": {
        "Open": 17.128299713134766,
        "High": 17.29505729675293,
        "Low": 16.985366821289062,
        "Close": 17.056833267211914,
        "Adj Close": 7.25420618057251,
        "Volume": 1582545.0
    },
    "COST": {
        "Open": 29.0,
        "High": 29.9375,
        "Low": 28.9375,
        "Close": 29.875,
        "Adj Close": 19.931617736816406,
        "Volume": 2591800.0
    },
    "CRM": {
        "Open": null,
        "High": null,
        "Low": null,
        "Close": null,
        "Adj Close": null,
        "Volume": null
    },
    "CSCO": {
        "Open": 16.21875,
        "High": 16.46484375,
        "Low": 16.125,
        "Close": 16.390625,
        "Adj Close": 10.605575561523438,
        "Volume": 86704400.0
    },
    "CVS": {
        "Open": 22.9375,
        "High": 22.96875,
        "Low": 21.84375,
        "Close": 22.125,
        "Adj Close": 13.918327331542969,
        "Volume": 3251600.0
    },
    "CVX": {
        "Open": 40.5,
        "High": 40.625,
        "Low": 39.5,
        "Close": 39.8125,
        "Adj Close": 14.595341682434082,
        "Volume": 2735400.0
    },
    "DE": {
        "Open": 19.46875,
        "High": 19.96875,
        "Low": 19.34375,
        "Close": 19.78125,
        "Adj Close": 11.606513023376465,
        "Volume": 2569400.0
    },
    "DHR": {
        "Open": 6.889218807220459,
        "High": 6.962731838226318,
        "Low": 6.763195991516113,
        "Close": 6.962731838226318,
        "Adj Close": 4.11489200592041,
        "Volume": 1034936.0
    },
    "DIS": {
        "Open": 29.163406372070312,
        "High": 29.841625213623047,
        "Low": 28.17690658569336,
        "Close": 28.238563537597656,
        "Adj Close": 21.40724754333496,
        "Volume": 8856868.0
    },
    "DUK": {
        "Open": 55.67664337158203,
        "High": 56.2214241027832,
        "Low": 54.58708190917969,
        "Close": 54.69603729248047,
        "Adj Close": 15.899535179138184,
        "Volume": 1543854.0
    },
    "EMR": {
        "Open": 31.75,
        "High": 32.875,
        "Low": 31.75,
        "Close": 32.8125,
        "Adj Close": 15.69407844543457,
        "Volume": 2647800.0
    },
    "FDX": {
        "Open": 27.5625,
        "High": 27.8125,
        "Low": 26.90625,
        "Close": 27.125,
        "Adj Close": 21.718788146972656,
        "Volume": 3118000.0
    },
    "GD": {
        "Open": 30.375,
        "High": 30.8125,
        "Low": 29.0,
        "Close": 30.0,
        "Adj Close": 17.19359016418457,
        "Volume": 508800.0
    },
    "GE": {
        "Open": 142.27548217773438,
        "High": 143.7731170654297,
        "Low": 140.9276123046875,
        "Close": 141.77627563476562,
        "Adj Close": 75.506103515625,
        "Volume": 3226020.0
    },
    "GILD": {
        "Open": 0.9960939884185791,
        "High": 1.003906011581421,
        "Low": 0.953125,
        "Close": 0.9804689884185791,
        "Adj Close": 0.681182324886322,
        "Volume": 7190400.0
    },
    "GM": {
        "Open": null,
        "High": null,
        "Low": null,
        "Close": null,
        "Adj Close": null,
        "Volume": null
    },
    "GOOG": {
        "Open": null,
        "High": null,