{
    "AAPL": {
        "Open": 0.3364959955215454,
        "High": 0.3404020071029663,
        "Low": 0.3169640004634857,
        "Close": 0.327008992433548,
        "Adj Close": 0.2743488848209381,
        "Volume": 660788800.0
    },
    "ABBV": {
        "Open": null,
        "High": null,
        "Low": null,
        "Close": null,
        "Adj Close": null,
        "Volume": null
    },
    "ABT": {
        "Open": 21.266679763793945,
        "High": 21.266679763793945,
        "Low": 20.565271377563477,
        "Close": 20.901947021484375,
        "Adj Close": 10.609002113342285,
        "Volume": 3413226.0
    },
    "ACN": {
        "Open": null,
        "High": null,
        "Low": null,
        "Close": null,
        "Adj Close": null,
        "Volume": null
    },
    "ADBE": {
        "Open": 5.40625,
        "High": 5.5625,
        "Low": 5.28125,
        "Close": 5.40625,
        "Adj Close": 5.349847793579102,
        "Volume": 9734400.0
    },
    "AIG": {
        "Open": 949.3333129882812,
        "High": 949.3333129882812,
        "Low": 920.0,
        "Close": 932.6666870117188,
        "Adj Close": 548.06005859375,
        "Volume": 191363.0
    },
    "AMD": {
        "Open": 12.25,
        "High": 12.5,
        "Low": 12.03125,
        "Close": 12.5,
        "Adj Close": 12.5,
        "Volume": 5348400.0
    },
    "AMGN": {
        "Open": 20.640625,
        "High": 21.03125,
        "Low": 20.59375,
        "Close": 20.84375,
        "Adj Close": 14.098478317260742,
        "Volume": 9260400.0
    },
    "AMT": {
        "Open": 20.875,
        "High": 20.875,
        "Low": 19.625,
        "Close": 19.75,
        "Adj Close": 14.440770149230957,
        "Volume": 160800.0
    },
    "AMZN": {
        "Open": 1.015625,
        "High": 1.061979055404663,
        "Low": 1.006250023841858,
        "Close": 1.0572919845581055,
        "Adj Close": 1.0572919845581055,
        "Volume": 436872000.0
    },
    "AVGO": {
        "Open": null,
        "High": null,
        "Low": null,
        "Close": null,
        "Adj Close": null,
        "Volume": null
    },
    "AXP": {
        "Open": 28.465484619140625,
        "High": 28.57489776611328,
        "Low": 27.517244338989258,
        "Close": 27.68136215209961,
        "Adj Close": 19.314144134521484,
        "Volume": 6739289.0
    },
    "BA": {
        "Open": 41.875,
        "High": 42.75,
        "Low": 41.3125,
        "Close": 42.5625,
        "Adj Close": 27.0235595703125,
        "Volume": 3803100.0
    },
    "BAC": {
        "Open": 30.8125,
        "High": 31.0,
        "Low": 29.875,
        "Close": 30.0625,
        "Adj Close": 14.867779731750488,
        "Volume": 8317200.0
    },
    "BK": {
        "Open": 34.9798583984375,
        "High": 34.9798583984375,
        "Low": 33.919864654541016,
        "Close": 34.118614196777344,
        "Adj Close": 18.37381935119629,
        "Volume": 937928.0
    },
    "BKNG": {
        "Open": null,
        "High": null,
        "Low": null,
        "Close": null,
        "Adj Close": null,
        "Volume": null
    },
    "BLK": {
        "Open": null,
        "High": null,
        "Low": null,
        "Close": null,
        "Adj Close": null,
        "Volume": null
    },
    "BMY": {
        "Open": 53.53745651245117,
        "High": 53.71591567993164,
        "Low": 51.81235885620117,
        "Close": 52.080047607421875,
        "Adj Close": 19.417098999023438,
        "Volume": 2875463.0
    },
    "BRK-B": {
        "Open": 45.31999969482422,
        "High": 45.380001068115234,
        "Low": 44.720001220703125,
        "Close": 44.79999923706055,
        "Adj Close": 44.79999923706055,
        "Volume": 285000.0
    },
    "C": {
        "Open": 228.75,
        "High": 230.0,
        "Low": 220.9375,
        "Close": 224.375,
        "Adj Close": 115.29668426513672,
        "Volume": 3066320.0
    },
    "CAT": {
        "Open": 24.625,
        "High": 24.8125,
        "Low": 23.9375,
        "Close": 24.21875,
        "Adj Close": 12.214305877685547,
        "Volume": 2368600.0
    },
    "CL": {
        "Open": 23.5,
        "High": 23.5,
        "Low": 22.828125,
        "Close": 23.0,
        "Adj Close": 12.900288581848145,
        "Volume": 2763200.0
    },
    "CMCSA": {
        "Open": 7.16572904586792,
        "High": 7.341455936431885,
        "Low": 6.9900031089782715,
        "Close": 7.224305152893066,
        "Adj Close": 4.898291110992432,
        "Volume": 3343124.0
    },
    "COF": {
        "Open": 35.70833206176758,
        "High": 35.72916793823242,
        "Low": 33.6875,
        "Close": 34.02083206176758,
        "Adj Close": 24.550119400024414,
        "Volume": 2109600.0
    },
    "COP": {
        "Open": 17.414169311523438,
        "High": 17.48563575744629,
        "Low": 17.152122497558594,
        "Close": 17.175945281982422,
        "Adj Close": 7.304859638214111,
        "Volume": 1240692.0
    },
    "COST": {
        "Open": 30.9375,
        "High": 30.9375,
        "Low": 29.8125,
        "Close": 30.0,
        "Adj Close": 20.015018463134766,
        "Volume": 3275400.0
    },
    "CRM": {
        "Open": null,
        "High": null,
        "Low": null,
        "Close": null,
        "Adj Close": null,
        "Volume": null
    },
    "CSCO": {
        "Open": 16.9375,
        "High": 17.09375,
        "Low": 16.578125,
        "Close": 16.75,
        "Adj Close": 10.838109016418457,
        "Volume": 46023200.0
    },
    "CVS": {
        "Open": 23.0,
        "High": 23.09375,
        "Low": 22.0,
        "Close": 22.03125,
        "Adj Close": 13.859352111816406,
        "Volume": 2226200.0
    },
    "CVX": {
        "Open": 41.75,
        "High": 41.75,
        "Low": 40.84375,
        "Close": 41.21875,
        "Adj Close": 15.110864639282227,
        "Volume": 2191000.0
    },
    "DE": {
        "Open": 19.34375,
        "High": 19.59375,
        "Low": 18.9375,
        "Close": 19.15625,
        "Adj Close": 11.23979663848877,
        "Volume": 3048800.0
    },
    "DHR": {
        "Open": 6.857713222503662,
        "High": 6.878716945648193,
        "Low": 6.689682960510254,
        "Close": 6.731690883636475,
        "Adj Close": 3.9783506393432617,
        "Volume": 703447.0
    },
    "DIS": {
        "Open": 29.841625213623047,
        "High": 30.211563110351562,
        "Low": 28.916780471801758,
        "Close": 29.163406372070312,
        "Adj Close": 22.108348846435547,
        "Volume": 4961581.0
    },
    "DUK": {
        "Open": 54.478126525878906,
        "High": 54.5326042175293,
        "Low": 53.987823486328125,
        "Close": 54.1512565612793,
        "Adj Close": 15.741185188293457,
        "Volume": 1856250.0
    },
    "EMR": {
        "Open": 32.5,
        "High": 32.5625,
        "Low": 31.9375,
        "Close": 32.1875,
        "Adj Close": 15.39514446258545,
        "Volume": 1048600.0
    },
    "FDX": {
        "Open": 27.34375,
        "High": 27.46875,
        "Low": 27.21875,
        "Close": 27.34375,
        "Adj Close": 21.89393424987793,
        "Volume": 924200.0
    },
    "GD": {
        "Open": 30.15625,
        "High": 30.71875,
        "Low": 30.0,
        "Close": 30.5,
        "Adj Close": 17.48013687133789,
        "Volume": 658400.0
    },
    "GE": {
        "Open": 144.47201538085938,
        "High": 144.47201538085938,
        "Low": 140.9775390625,
        "Close": 141.77627563476562,
        "Adj Close": 75.506103515625,
        "Volume": 2527232.0
    },
    "GILD": {
        "Open": 1.0253909826278687,
        "High": 1.027343988418579,
        "Low": 0.9335939884185791,
        "Close": 0.9638670086860657,
        "Adj Close": 0.6696480512619019,
        "Volume": 21350400.0
    },
    "GM": {
        "Open": null,
        "High": null,
        "Low": null,
        "Close": null,
        "Adj Close": null,
        "Volume": null
    },
    "GOOG": {
        "Open": null,
        "High": null,
        "Low": null,