{
    "AAPL": {
        "Open": 0.32310301065444946,
        "High": 0.3236609995365143,
        "Low": 0.3125,
        "Close": 0.313616007566452,
        "Adj Close": 0.2631126344203949,
        "Volume": 883982400.0
    },
    "ABBV": {
        "Open": null,
        "High": null,
        "Low": null,
        "Close": null,
        "Adj Close": null,
        "Volume": null
    },
    "ABT": {
        "Open": 20.901947021484375,
        "High": 21.5472412109375,
        "Low": 20.845834732055664,
        "Close": 21.322792053222656,
        "Adj Close": 10.822611808776855,
        "Volume": 3863436.0
    },
    "ACN": {
        "Open": null,
        "High": null,
        "Low": null,
        "Close": null,
        "Adj Close": null,
        "Volume": null
    },
    "ADBE": {
        "Open": 5.3125,
        "High": 5.46875,
        "Low": 5.28125,
        "Close": 5.351562976837158,
        "Adj Close": 5.295730113983154,
        "Volume": 8610400.0
    },
    "AIG": {
        "Open": 932.0,
        "High": 932.0,
        "Low": 909.3333129882812,
        "Close": 915.3333129882812,
        "Adj Close": 537.874755859375,
        "Volume": 206184.0
    },
    "AMD": {
        "Open": 12.28125,
        "High": 13.375,
        "Low": 12.25,
        "Close": 13.25,
        "Adj Close": 13.25,
        "Volume": 9374800.0
    },
    "AMGN": {
        "Open": 20.625,
        "High": 20.6875,
        "Low": 20.390625,
        "Close": 20.4375,
        "Adj Close": 13.823695182800293,
        "Volume": 9825200.0
    },
    "AMT": {
        "Open": 19.625,
        "High": 20.125,
        "Low": 19.25,
        "Close": 19.875,
        "Adj Close": 14.532164573669434,
        "Volume": 354300.0
    },
    "AMZN": {
        "Open": 1.068750023841858,
        "High": 1.1666669845581055,
        "Low": 1.0677080154418945,
        "Close": 1.0979169607162476,
        "Adj Close": 1.0979169607162476,
        "Volume": 687516000.0
    },
    "AVGO": {
        "Open": null,
        "High": null,
        "Low": null,
        "Close": null,
        "Adj Close": null,
        "Volume": null
    },
    "AXP": {
        "Open": 27.353124618530273,
        "High": 27.426067352294922,
        "Low": 27.061357498168945,
        "Close": 27.15253448486328,
        "Adj Close": 18.945152282714844,
        "Volume": 5681252.0
    },
    "BA": {
        "Open": 42.25,
        "High": 42.25,
        "Low": 41.1875,
        "Close": 41.1875,
        "Adj Close": 26.236848831176758,
        "Volume": 4064800.0
    },
    "BAC": {
        "Open": 29.78125,
        "High": 30.125,
        "Low": 29.59375,
        "Close": 29.65625,
        "Adj Close": 14.666866302490234,
        "Volume": 7488600.0
    },
    "BK": {
        "Open": 34.052364349365234,
        "High": 34.51611328125,
        "Low": 33.65486526489258,
        "Close": 33.7873649597168,
        "Adj Close": 18.1954402923584,
        "Volume": 913777.0
    },
    "BKNG": {
        "Open": null,
        "High": null,
        "Low": null,
        "Close": null,
        "Adj Close": null,
        "Volume": null
    },
    "BLK": {
        "Open": null,
        "High": null,
        "Low": null,
        "Close": null,
        "Adj Close": null,
        "Volume": null
    },
    "BMY": {
        "Open": 51.57441711425781,
        "High": 53.68617248535156,
        "Low": 51.544673919677734,
        "Close": 53.38874053955078,
        "Adj Close": 19.905017852783203,
        "Volume": 3623328.0
    },
    "BRK-B": {
        "Open": 44.959999084472656,
        "High": 44.959999084472656,
        "Low": 44.439998626708984,
        "Close": 44.560001373291016,
        "Adj Close": 44.560001373291016,
        "Volume": 215000.0
    },
    "C": {
        "Open": 222.8125,
        "High": 223.75,
        "Low": 216.875,
        "Close": 217.5,
        "Adj Close": 111.76392364501953,
        "Volume": 2183980.0
    },
    "CAT": {
        "Open": 24.21875,
        "High": 24.53125,
        "Low": 23.5,
        "Close": 24.03125,
        "Adj Close": 12.11973762512207,
        "Volume": 3285200.0
    },
    "CL": {
        "Open": 22.875,
        "High": 23.3125,
        "Low": 22.71875,
        "Close": 23.0625,
        "Adj Close": 12.935338973999023,
        "Volume": 2692400.0
    },
    "CMCSA": {
        "Open": 7.24383020401001,
        "High": 7.321930885314941,
        "Low": 7.10715389251709,
        "Close": 7.282879829406738,
        "Adj Close": 4.93800687789917,
        "Volume": 3890495.0
    },
    "COF": {
        "Open": 33.83333206176758,
        "High": 34.45833206176758,
        "Low": 33.0,
        "Close": 33.02083206176758,
        "Adj Close": 23.847192764282227,
        "Volume": 1957800.0
    },
    "COP": {
        "Open": 17.175945281982422,
        "High": 17.342702865600586,
        "Low": 16.9615421295166,
        "Close": 16.9615421295166,
        "Adj Close": 7.213678359985352,
        "Volume": 1217080.0
    },
    "COST": {
        "Open": 29.75,
        "High": 29.8125,
        "Low": 28.625,
        "Close": 29.0,
        "Adj Close": 19.347843170166016,
        "Volume": 5462000.0
    },
    "CRM": {
        "Open": null,
        "High": null,
        "Low": null,
        "Close": null,
        "Adj Close": null,
        "Volume": null
    },
    "CSCO": {
        "Open": 16.6875,
        "High": 16.953125,
        "Low": 16.578125,
        "Close": 16.75,
        "Adj Close": 10.838109016418457,
        "Volume": 47261600.0
    },
    "CVS": {
        "Open": 22.0625,
        "High": 22.40625,
        "Low": 21.5625,
        "Close": 21.9375,
        "Adj Close": 13.800374984741211,
        "Volume": 3367800.0
    },
    "CVX": {
        "Open": 41.21875,
        "High": 41.4375,
        "Low": 40.1875,
        "Close": 40.25,
        "Adj Close": 14.755728721618652,
        "Volume": 2543600.0
    },
    "DE": {
        "Open": 19.0625,
        "High": 19.4375,
        "Low": 18.8125,
        "Close": 18.875,
        "Adj Close": 11.074776649475098,
        "Volume": 2924200.0
    },
    "DHR": {
        "Open": 6.731690883636475,
        "High": 6.805203914642334,
        "Low": 6.658177852630615,
        "Close": 6.784200191497803,
        "Adj Close": 4.0093841552734375,
        "Volume": 859967.0
    },
    "DIS": {
        "Open": 28.978437423706055,
        "High": 28.978437423706055,
        "Low": 28.30021858215332,
        "Close": 28.485187530517578,
        "Adj Close": 21.594202041625977,
        "Volume": 6488799.0
    },
    "DUK": {
        "Open": 54.20573425292969,
        "High": 55.13186264038086,
        "Low": 54.1512565612793,
        "Close": 54.58708190917969,
        "Adj Close": 16.00959587097168,
        "Volume": 1495784.0
    },
    "EMR": {
        "Open": 32.0625,
        "High": 32.875,
        "Low": 32.0625,
        "Close": 32.5,
        "Adj Close": 15.544615745544434,
        "Volume": 1129000.0
    },
    "FDX": {
        "Open": 27.3125,
        "High": 27.375,
        "Low": 26.34375,
        "Close": 26.71875,
        "Adj Close": 21.393510818481445,
        "Volume": 1179200.0
    },
    "GD": {
        "Open": 30.5,
        "High": 30.53125,
        "Low": 29.3125,
        "Close": 29.34375,
        "Adj Close": 16.817474365234375,
        "Volume": 600200.0
    },
    "GE": {
        "Open": 141.77627563476562,
        "High": 144.5718536376953,
        "Low": 141.5765838623047,
        "Close": 142.27548217773438,
        "Adj Close": 75.77195739746094,
        "Volume": 2516089.0
    },
    "GILD": {
        "Open": 0.9492189884185791,
        "High": 0.9609379768371582,
        "Low": 0.9257810115814209,
        "Close": 0.9296879768371582,
        "Adj Close": 0.6459020376205444,
        "Volume": 3472000.0
    },
    "GM": {
        "Open": null,
        "High": null,
        "Low": null,
        "Close": null,
        "Adj Close": null,
        "Volume": null
    },
    "GOOG": {
        "Open": null,
        "High": null,