{
    "AAPL": {
        "Open": 0.295758992433548,
        "High": 0.30747801065444946,
        "Low": 0.2935270071029663,
        "Close": 0.3035709857940674,
        "Adj Close": 0.25468525290489197,
        "Volume": 595100800.0
    },
    "ABBV": {
        "Open": null,
        "High": null,
        "Low": null,
        "Close": null,
        "Adj Close": null,
        "Volume": null
    },
    "ABT": {
        "Open": 20.73360824584961,
        "High": 20.817777633666992,
        "Low": 20.424989700317383,
        "Close": 20.537214279174805,
        "Adj Close": 10.423888206481934,
        "Volume": 3356643.0
    },
    "ACN": {
        "Open": null,
        "High": null,
        "Low": null,
        "Close": null,
        "Adj Close": null,
        "Volume": null
    },
    "ADBE": {
        "Open": 5.546875,
        "High": 5.742187976837158,
        "Low": 5.53125,
        "Close": 5.5625,
        "Adj Close": 5.50446891784668,
        "Volume": 14072000.0
    },
    "AIG": {
        "Open": 900.0,
        "High": 901.3333129882812,
        "Low": 888.0,
        "Close": 893.3333129882812,
        "Adj Close": 524.9469604492188,
        "Volume": 138206.0
    },
    "AMD": {
        "Open": 13.375,
        "High": 14.03125,
        "Low": 12.8125,
        "Close": 13.75,
        "Adj Close": 13.75,
        "Volume": 11157000.0
    },
    "AMGN": {
        "Open": 19.828125,
        "High": 20.359375,
        "Low": 19.828125,
        "Close": 20.0625,
        "Adj Close": 13.570046424865723,
        "Volume": 10404400.0
    },
    "AMT": {
        "Open": 19.1875,
        "High": 20.0,
        "Low": 17.625,
        "Close": 18.25,
        "Adj Close": 13.344000816345215,
        "Volume": 758700.0
    },
    "AMZN": {
        "Open": 1.0458329916000366,
        "High": 1.1072920560836792,
        "Low": 1.0416669845581055,
        "Close": 1.0916670560836792,
        "Adj Close": 1.0916670560836792,
        "Volume": 239496000.0
    },
    "AVGO": {
        "Open": null,
        "High": null,
        "Low": null,
        "Close": null,
        "Adj Close": null,
        "Volume": null
    },
    "AXP": {
        "Open": 27.024887084960938,
        "High": 27.20724105834961,
        "Low": 26.55076789855957,
        "Close": 26.951946258544922,
        "Adj Close": 18.805200576782227,
        "Volume": 3892151.0
    },
    "BA": {
        "Open": 41.5,
        "High": 41.875,
        "Low": 41.0,
        "Close": 41.4375,
        "Adj Close": 26.396108627319336,
        "Volume": 2596500.0
    },
    "BAC": {
        "Open": 28.0,
        "High": 28.59375,
        "Low": 27.5,
        "Close": 27.875,
        "Adj Close": 13.785926818847656,
        "Volume": 12370800.0
    },
    "BK": {
        "Open": 33.19111633300781,
        "High": 33.65486526489258,
        "Low": 33.058616638183594,
        "Close": 33.38986587524414,
        "Adj Close": 17.981367111206055,
        "Volume": 1027363.0
    },
    "BKNG": {
        "Open": null,
        "High": null,
        "Low": null,
        "Close": null,
        "Adj Close": null,
        "Volume": null
    },
    "BLK": {
        "Open": null,
        "High": null,
        "Low": null,
        "Close": null,
        "Adj Close": null,
        "Volume": null
    },
    "BMY": {
        "Open": 53.091312408447266,
        "High": 53.24002456665039,
        "Low": 52.258506774902344,
        "Close": 52.55593490600586,
        "Adj Close": 19.594528198242188,
        "Volume": 1896663.0
    },
    "BRK-B": {
        "Open": 44.52000045776367,
        "High": 44.560001373291016,
        "Low": 44.08000183105469,
        "Close": 44.560001373291016,
        "Adj Close": 44.560001373291016,
        "Volume": 180000.0
    },
    "C": {
        "Open": 210.0,
        "High": 215.3125,
        "Low": 207.8125,
        "Close": 209.6875,
        "Adj Close": 107.74938201904297,
        "Volume": 2089000.0
    },
    "CAT": {
        "Open": 22.71875,
        "High": 23.15625,
        "Low": 22.71875,
        "Close": 22.875,
        "Adj Close": 11.536608695983887,
        "Volume": 3833000.0
    },
    "CL": {
        "Open": 22.5,
        "High": 22.578125,
        "Low": 22.296875,
        "Close": 22.46875,
        "Adj Close": 12.602317810058594,
        "Volume": 2231200.0
    },
    "CMCSA": {
        "Open": 7.487894058227539,
        "High": 7.487894058227539,
        "Low": 7.24383020401001,
        "Close": 7.263354778289795,
        "Adj Close": 4.924766540527344,
        "Volume": 2001265.0
    },
    "COF": {
        "Open": 32.29166793823242,
        "High": 32.66666793823242,
        "Low": 31.666667938232422,
        "Close": 32.16666793823242,
        "Adj Close": 23.230329513549805,
        "Volume": 1057800.0
    },
    "COP": {
        "Open": 16.62803077697754,
        "High": 17.10447883605957,
        "Low": 16.62803077697754,
        "Close": 16.937721252441406,
        "Adj Close": 7.20354700088501,
        "Volume": 2266250.0
    },
    "COST": {
        "Open": 28.6875,
        "High": 28.875,
        "Low": 28.375,
        "Close": 28.46875,
        "Adj Close": 18.99341583251953,
        "Volume": 3960200.0
    },
    "CRM": {
        "Open": null,
        "High": null,
        "Low": null,
        "Close": null,
        "Adj Close": null,
        "Volume": null
    },
    "CSCO": {
        "Open": 16.5,
        "High": 16.5625,
        "Low": 16.265625,
        "Close": 16.296875,
        "Adj Close": 10.544916152954102,
        "Volume": 33463600.0
    },
    "CVS": {
        "Open": 21.78125,
        "High": 22.21875,
        "Low": 21.65625,
        "Close": 21.96875,
        "Adj Close": 13.820033073425293,
        "Volume": 1839200.0
    },
    "CVX": {
        "Open": 40.21875,
        "High": 41.875,
        "Low": 40.21875,
        "Close": 41.5,
        "Adj Close": 15.213979721069336,
        "Volume": 3643800.0
    },
    "DE": {
        "Open": 18.5,
        "High": 18.6875,
        "Low": 18.40625,
        "Close": 18.4375,
        "Adj Close": 10.818078994750977,
        "Volume": 2662200.0
    },
    "DHR": {
        "Open": 7.3723039627075195,
        "High": 7.3723039627075195,
        "Low": 7.1832709312438965,
        "Close": 7.1832709312438965,
        "Adj Close": 4.24522590637207,
        "Volume": 8140822.0
    },
    "DIS": {
        "Open": 28.42353057861328,
        "High": 28.42353057861328,
        "Low": 27.74531364440918,
        "Close": 28.17690658569336,
        "Adj Close": 21.36050033569336,
        "Volume": 4226457.0
    },
    "DUK": {
        "Open": 54.478126525878906,
        "High": 54.478126525878906,
        "Low": 53.87886428833008,
        "Close": 54.31468963623047,
        "Adj Close": 15.929713249206543,
        "Volume": 923995.0
    },
    "EMR": {
        "Open": 32.0,
        "High": 32.5,
        "Low": 32.0,
        "Close": 32.15625,
        "Adj Close": 15.380202293395996,
        "Volume": 603000.0
    },
    "FDX": {
        "Open": 27.0,
        "High": 27.0,
        "Low": 25.875,
        "Close": 26.4375,
        "Adj Close": 21.168304443359375,
        "Volume": 1265200.0
    },
    "GD": {
        "Open": 28.71875,
        "High": 29.4375,
        "Low": 28.5,
        "Close": 29.28125,
        "Adj Close": 16.78165054321289,
        "Volume": 1197400.0
    },
    "GE": {
        "Open": 139.1803741455078,
        "High": 140.67800903320312,
        "Low": 137.5828857421875,
        "Close": 138.38162231445312,
        "Adj Close": 73.69818878173828,
        "Volume": 2214927.0
    },
    "GILD": {
        "Open": 0.921875,
        "High": 0.921875,
        "Low": 0.8867189884185791,
        "Close": 0.9023439884185791,
        "Adj Close": 0.6269047856330872,
        "Volume": 3459200.0
    },
    "GM": {
        "Open": null,
        "High": null,
        "Low": null,
        "Close": null,
        "Adj Close": null,
        "Volume": null
    },
    "GOOG": {
        "Open": null,
        "High": null,