{
    "AAPL": {
        "Open": 0.3191959857940674,
        "High": 0.3197540044784546,
        "Low": 0.31026801466941833,
        "Close": 0.31082600355148315,
        "Adj Close": 0.26077190041542053,
        "Volume": 210728000.0
    },
    "ABBV": {
        "Open": null,
        "High": null,
        "Low": null,
        "Close": null,
        "Adj Close": null,
        "Volume": null
    },
    "ABT": {
        "Open": 21.5472412109375,
        "High": 21.687524795532227,
        "Low": 21.12639808654785,
        "Close": 21.182510375976562,
        "Adj Close": 10.751410484313965,
        "Volume": 3545326.0
    },
    "ACN": {
        "Open": null,
        "High": null,
        "Low": null,
        "Close": null,
        "Adj Close": null,
        "Volume": null
    },
    "ADBE": {
        "Open": 5.65625,
        "High": 5.71875,
        "Low": 5.46875,
        "Close": 5.640625,
        "Adj Close": 5.581777572631836,
        "Volume": 5079200.0
    },
    "AIG": {
        "Open": 936.0,
        "High": 958.0,
        "Low": 932.6666870117188,
        "Close": 949.3333129882812,
        "Adj Close": 557.8541259765625,
        "Volume": 148341.0
    },
    "AMD": {
        "Open": 13.71875,
        "High": 13.875,
        "Low": 13.3125,
        "Close": 13.53125,
        "Adj Close": 13.53125,
        "Volume": 5507200.0
    },
    "AMGN": {
        "Open": 19.796875,
        "High": 19.796875,
        "Low": 19.296875,
        "Close": 19.3125,
        "Adj Close": 13.062758445739746,
        "Volume": 13838400.0
    },
    "AMT": {
        "Open": 22.5625,
        "High": 23.625,
        "Low": 21.625,
        "Close": 22.0,
        "Adj Close": 16.085920333862305,
        "Volume": 456400.0
    },
    "AMZN": {
        "Open": 1.078125,
        "High": 1.2854169607162476,
        "Low": 1.0708329677581787,
        "Close": 1.2374999523162842,
        "Adj Close": 1.2374999523162842,
        "Volume": 1222836000.0
    },
    "AVGO": {
        "Open": null,
        "High": null,
        "Low": null,
        "Close": null,
        "Adj Close": null,
        "Volume": null
    },
    "AXP": {
        "Open": 28.301366806030273,
        "High": 29.79667091369629,
        "Low": 28.228424072265625,
        "Close": 28.994312286376953,
        "Adj Close": 20.230222702026367,
        "Volume": 9206329.0
    },
    "BA": {
        "Open": 42.75,
        "High": 42.9375,
        "Low": 42.1875,
        "Close": 42.75,
        "Adj Close": 27.232181549072266,
        "Volume": 3992000.0
    },
    "BAC": {
        "Open": 29.90625,
        "High": 31.25,
        "Low": 29.65625,
        "Close": 30.375,
        "Adj Close": 15.022329330444336,
        "Volume": 11365600.0
    },
    "BK": {
        "Open": 34.9798583984375,
        "High": 36.17235565185547,
        "Low": 34.44986343383789,
        "Close": 35.642356872558594,
        "Adj Close": 19.19440460205078,
        "Volume": 1848121.0
    },
    "BKNG": {
        "Open": null,
        "High": null,
        "Low": null,
        "Close": null,
        "Adj Close": null,
        "Volume": null
    },
    "BLK": {
        "Open": null,
        "High": null,
        "Low": null,
        "Close": null,
        "Adj Close": null,
        "Volume": null
    },
    "BMY": {
        "Open": 53.091312408447266,
        "High": 54.63794708251953,
        "Low": 53.091312408447266,
        "Close": 53.83488845825195,
        "Adj Close": 20.071367263793945,
        "Volume": 3673339.0
    },
    "BRK-B": {
        "Open": 44.540000915527344,
        "High": 44.599998474121094,
        "Low": 44.060001373291016,
        "Close": 44.47999954223633,
        "Adj Close": 44.47999954223633,
        "Volume": 500000.0
    },
    "C": {
        "Open": 221.25,
        "High": 235.0,
        "Low": 219.0625,
        "Close": 226.5625,
        "Adj Close": 116.42070770263672,
        "Volume": 3830240.0
    },
    "CAT": {
        "Open": 24.40625,
        "High": 24.75,
        "Low": 24.1875,
        "Close": 24.59375,
        "Adj Close": 12.403432846069336,
        "Volume": 3274000.0
    },
    "CL": {
        "Open": 23.46875,
        "High": 23.6875,
        "Low": 22.984375,
        "Close": 23.125,
        "Adj Close": 12.970396041870117,
        "Volume": 3472000.0
    },
    "CMCSA": {
        "Open": 7.321930885314941,
        "High": 7.55623197555542,
        "Low": 7.321930885314941,
        "Close": 7.49765682220459,
        "Adj Close": 5.083632469177246,
        "Volume": 4471157.0
    },
    "COF": {
        "Open": 33.16666793823242,
        "High": 35.66666793823242,
        "Low": 33.16666793823242,
        "Close": 35.39583206176758,
        "Adj Close": 25.562389373779297,
        "Volume": 2718600.0
    },
    "COP": {
        "Open": 16.461273193359375,
        "High": 16.651851654052734,
        "Low": 16.22304916381836,
        "Close": 16.342161178588867,
        "Adj Close": 6.950254440307617,
        "Volume": 1774591.0
    },
    "COST": {
        "Open": 30.0625,
        "High": 30.25,
        "Low": 29.6875,
        "Close": 30.09375,
        "Adj Close": 20.077560424804688,
        "Volume": 3288600.0
    },
    "CRM": {
        "Open": null,
        "High": null,
        "Low": null,
        "Close": null,
        "Adj Close": null,
        "Volume": null
    },
    "CSCO": {
        "Open": 16.734375,
        "High": 17.40625,
        "Low": 16.53125,
        "Close": 17.1875,
        "Adj Close": 11.121195793151855,
        "Volume": 65446000.0
    },
    "CVS": {
        "Open": 23.125,
        "High": 23.75,
        "Low": 22.75,
        "Close": 23.65625,
        "Adj Close": 14.881608963012695,
        "Volume": 2003000.0
    },
    "CVX": {
        "Open": 41.53125,
        "High": 41.625,
        "Low": 40.34375,
        "Close": 40.375,
        "Adj Close": 14.80154800415039,
        "Volume": 3258800.0
    },
    "DE": {
        "Open": 19.3125,
        "High": 19.625,
        "Low": 18.8125,
        "Close": 19.5,
        "Adj Close": 11.441492080688477,
        "Volume": 1856800.0
    },
    "DHR": {
        "Open": 7.519330024719238,
        "High": 7.729366779327393,
        "Low": 7.393308162689209,
        "Close": 7.403810024261475,
        "Adj Close": 4.375564098358154,
        "Volume": 50946343.0
    },
    "DIS": {
        "Open": 28.670156478881836,
        "High": 28.855125427246094,
        "Low": 28.17690658569336,
        "Close": 28.670156478881836,
        "Adj Close": 21.73443031311035,
        "Volume": 4968069.0
    },
    "DUK": {
        "Open": 55.07738494873047,
        "High": 55.56768798828125,
        "Low": 54.85947036743164,
        "Close": 54.9139518737793,
        "Adj Close": 16.105464935302734,
        "Volume": 748351.0
    },
    "EMR": {
        "Open": 32.09375,
        "High": 32.5,
        "Low": 31.6875,
        "Close": 32.09375,
        "Adj Close": 15.350312232971191,
        "Volume": 1050600.0
    },
    "FDX": {
        "Open": 27.5,
        "High": 27.59375,
        "Low": 26.96875,
        "Close": 27.4375,
        "Adj Close": 21.9689998626709,
        "Volume": 775800.0
    },
    "GD": {
        "Open": 30.5,
        "High": 31.0,
        "Low": 29.8125,
        "Close": 30.5,
        "Adj Close": 17.48013687133789,
        "Volume": 629800.0
    },
    "GE": {
        "Open": 143.7731170654297,
        "High": 146.96807861328125,
        "Low": 143.07421875,
        "Close": 143.7731170654297,
        "Adj Close": 76.56954193115234,
        "Volume": 3231341.0
    },
    "GILD": {
        "Open": 0.9257810115814209,
        "High": 0.9296879768371582,
        "Low": 0.8964840173721313,
        "Close": 0.9199219942092896,
        "Adj Close": 0.6391171813011169,
        "Volume": 9974400.0
    },
    "GM": {
        "Open": null,
        "High": null,
        "Low": null,
        "Close": null,
        "Adj Close": null,
        "Volume": null
    },
    "GOOG": {
        "Open": null,
        "High": null,