{
    "AAPL": {
        "Open": 0.32254499197006226,
        "High": 0.328125,
        "Low": 0.3191959857940674,
        "Close": 0.3208709955215454,
        "Adj Close": 0.2691991627216339,
        "Volume": 319748800.0
    },
    "ABBV": {
        "Open": null,
        "High": null,
        "Low": null,
        "Close": null,
        "Adj Close": null,
        "Volume": null
    },
    "ABT": {
        "Open": 22.30476188659668,
        "High": 22.36087417602539,
        "Low": 21.771692276000977,
        "Close": 21.940031051635742,
        "Adj Close": 11.135893821716309,
        "Volume": 3889055.0
    },
    "ACN": {
        "Open": null,
        "High": null,
        "Low": null,
        "Close": null,
        "Adj Close": null,
        "Volume": null
    },
    "ADBE": {
        "Open": 5.921875,
        "High": 5.984375,
        "Low": 5.75,
        "Close": 5.78125,
        "Adj Close": 5.720934867858887,
        "Volume": 5600000.0
    },
    "AIG": {
        "Open": 1034.0,
        "High": 1053.3333740234375,
        "Low": 1031.3333740234375,
        "Close": 1050.0,
        "Adj Close": 617.0084838867188,
        "Volume": 202856.0
    },
    "AMD": {
        "Open": 13.25,
        "High": 13.625,
        "Low": 12.75,
        "Close": 12.8125,
        "Adj Close": 12.8125,
        "Volume": 5409600.0
    },
    "AMGN": {
        "Open": 19.265625,
        "High": 19.40625,
        "Low": 18.65625,
        "Close": 18.96875,
        "Adj Close": 12.830251693725586,
        "Volume": 22459200.0
    },
    "AMT": {
        "Open": 23.75,
        "High": 24.5625,
        "Low": 23.4375,
        "Close": 24.4375,
        "Adj Close": 17.868165969848633,
        "Volume": 402600.0
    },
    "AMZN": {
        "Open": 1.8666670322418213,
        "High": 1.9427080154418945,
        "Low": 1.7083330154418945,
        "Close": 1.787500023841858,
        "Adj Close": 1.787500023841858,
        "Volume": 1633512000.0
    },
    "AVGO": {
        "Open": null,
        "High": null,
        "Low": null,
        "Close": null,
        "Adj Close": null,
        "Volume": null
    },
    "AXP": {
        "Open": 30.67197036743164,
        "High": 31.109621047973633,
        "Low": 30.43490982055664,
        "Close": 30.45314598083496,
        "Adj Close": 21.248106002807617,
        "Volume": 7017251.0
    },
    "BA": {
        "Open": 43.75,
        "High": 43.75,
        "Low": 42.25,
        "Close": 42.25,
        "Adj Close": 26.913667678833008,
        "Volume": 2975800.0
    },
    "BAC": {
        "Open": 32.1875,
        "High": 32.84375,
        "Low": 32.125,
        "Close": 32.40625,
        "Adj Close": 16.026918411254883,
        "Volume": 10687200.0
    },
    "BK": {
        "Open": 37.099853515625,
        "High": 37.76234817504883,
        "Low": 36.569854736328125,
        "Close": 37.43109893798828,
        "Adj Close": 20.15769386291504,
        "Volume": 1258496.0
    },
    "BKNG": {
        "Open": null,
        "High": null,
        "Low": null,
        "Close": null,
        "Adj Close": null,
        "Volume": null
    },
    "BLK": {
        "Open": null,
        "High": null,
        "Low": null,
        "Close": null,
        "Adj Close": null,
        "Volume": null
    },
    "BMY": {
        "Open": 57.46353530883789,
        "High": 58.564029693603516,
        "Low": 57.46353530883789,
        "Close": 58.02865219116211,
        "Adj Close": 21.63494110107422,
        "Volume": 3691831.0
    },
    "BRK-B": {
        "Open": 46.720001220703125,
        "High": 46.720001220703125,
        "Low": 45.880001068115234,
        "Close": 46.099998474121094,
        "Adj Close": 46.099998474121094,
        "Volume": 590000.0
    },
    "C": {
        "Open": 245.0,
        "High": 259.6875,
        "Low": 244.0625,
        "Close": 253.125,
        "Adj Close": 130.07005310058594,
        "Volume": 3836840.0
    },
    "CAT": {
        "Open": 25.09375,
        "High": 25.09375,
        "Low": 24.8125,
        "Close": 25.03125,
        "Adj Close": 12.624076843261719,
        "Volume": 2805800.0
    },
    "CL": {
        "Open": 23.0625,
        "High": 23.28125,
        "Low": 22.4375,
        "Close": 22.515625,
        "Adj Close": 12.628610610961914,
        "Volume": 7187200.0
    },
    "CMCSA": {
        "Open": 7.55623197555542,
        "High": 7.614808082580566,
        "Low": 7.282879829406738,
        "Close": 7.370744228363037,
        "Adj Close": 4.99758243560791,
        "Volume": 1910997.0
    },
    "COF": {
        "Open": 37.83333206176758,
        "High": 38.04166793823242,
        "Low": 36.875,
        "Close": 37.0,
        "Adj Close": 26.72089195251465,
        "Volume": 1622700.0
    },
    "COP": {
        "Open": 16.580385208129883,
        "High": 16.675674438476562,
        "Low": 16.41362762451172,
        "Close": 16.556562423706055,
        "Adj Close": 7.041440963745117,
        "Volume": 1306281.0
    },
    "COST": {
        "Open": 31.1875,
        "High": 31.1875,
        "Low": 30.21875,
        "Close": 30.25,
        "Adj Close": 20.181808471679688,
        "Volume": 3029600.0
    },
    "CRM": {
        "Open": null,
        "High": null,
        "Low": null,
        "Close": null,
        "Adj Close": null,
        "Volume": null
    },
    "CSCO": {
        "Open": 19.03125,
        "High": 19.234375,
        "Low": 18.71875,
        "Close": 19.046875,
        "Adj Close": 12.324307441711426,
        "Volume": 40832400.0
    },
    "CVS": {
        "Open": 23.875,
        "High": 24.53125,
        "Low": 23.59375,
        "Close": 24.25,
        "Adj Close": 15.255125045776367,
        "Volume": 2016600.0
    },
    "CVX": {
        "Open": 40.09375,
        "High": 40.3125,
        "Low": 39.625,
        "Close": 39.8125,
        "Adj Close": 14.706438064575195,
        "Volume": 2387600.0
    },
    "DE": {
        "Open": 18.375,
        "High": 19.125,
        "Low": 18.34375,
        "Close": 19.0625,
        "Adj Close": 11.184783935546875,
        "Volume": 5392000.0
    },
    "DHR": {
        "Open": 7.729366779327393,
        "High": 7.897397041320801,
        "Low": 7.697862148284912,
        "Close": 7.897397041320801,
        "Adj Close": 4.667267799377441,
        "Volume": 3320246.0
    },
    "DIS": {
        "Open": 29.101749420166016,
        "High": 30.458187103271484,
        "Low": 29.101749420166016,
        "Close": 29.410030364990234,
        "Adj Close": 22.295312881469727,
        "Volume": 10319818.0
    },
    "DUK": {
        "Open": 54.96842956542969,
        "High": 55.45873260498047,
        "Low": 54.69603729248047,
        "Close": 55.02290725708008,
        "Adj Close": 16.137426376342773,
        "Volume": 1156657.0
    },
    "EMR": {
        "Open": 32.21875,
        "High": 32.9375,
        "Low": 32.0,
        "Close": 32.8125,
        "Adj Close": 15.773946762084961,
        "Volume": 2380000.0
    },
    "FDX": {
        "Open": 32.6875,
        "High": 33.71875,
        "Low": 32.65625,
        "Close": 32.84375,
        "Adj Close": 26.297740936279297,
        "Volume": 3072800.0
    },
    "GD": {
        "Open": 29.6875,
        "High": 30.375,
        "Low": 29.625,
        "Close": 29.84375,
        "Adj Close": 17.10403060913086,
        "Volume": 436600.0
    },
    "GE": {
        "Open": 149.763671875,
        "High": 151.06161499023438,
        "Low": 149.46414184570312,
        "Close": 150.56240844726562,
        "Adj Close": 80.18534088134766,
        "Volume": 2373740.0
    },
    "GILD": {
        "Open": 0.9980469942092896,
        "High": 1.0078129768371582,
        "Low": 0.9765629768371582,
        "Close": 0.984375,
        "Adj Close": 0.683896005153656,
        "Volume": 6384000.0
    },
    "GM": {
        "Open": null,
        "High": null,
        "Low": null,
        "Close": null,
        "Adj Close": null,
        "Volume": null
    },
    "GOOG": {
        "Open": null,
        "High": null,