{
    "AAPL": {
        "Open": 0.3203130066394806,
        "High": 0.32198700308799744,
        "Low": 0.3119420111179352,
        "Close": 0.313616007566452,
        "Adj Close": 0.2631126344203949,
        "Volume": 303800000.0
    },
    "ABBV": {
        "Open": null,
        "High": null,
        "Low": null,
        "Close": null,
        "Adj Close": null,
        "Volume": null
    },
    "ABT": {
        "Open": 21.88391876220703,
        "High": 21.996143341064453,
        "Low": 21.771692276000977,
        "Close": 21.91197395324707,
        "Adj Close": 11.121654510498047,
        "Volume": 2595896.0
    },
    "ACN": {
        "Open": null,
        "High": null,
        "Low": null,
        "Close": null,
        "Adj Close": null,
        "Volume": null
    },
    "ADBE": {
        "Open": 5.773437976837158,
        "High": 5.921875,
        "Low": 5.5625,
        "Close": 5.914062976837158,
        "Adj Close": 5.852361679077148,
        "Volume": 7522400.0
    },
    "AIG": {
        "Open": 1052.6666259765625,
        "High": 1063.3333740234375,
        "Low": 1046.0,
        "Close": 1059.3333740234375,
        "Adj Close": 622.4931640625,
        "Volume": 146138.0
    },
    "AMD": {
        "Open": 13.875,
        "High": 14.6875,
        "Low": 13.875,
        "Close": 14.5625,
        "Adj Close": 14.5625,
        "Volume": 17674200.0
    },
    "AMGN": {
        "Open": 19.125,
        "High": 19.21875,
        "Low": 18.84375,
        "Close": 19.078125,
        "Adj Close": 12.904231071472168,
        "Volume": 5809600.0
    },
    "AMT": {
        "Open": 24.5,
        "High": 24.5,
        "Low": 23.3125,
        "Close": 23.3125,
        "Adj Close": 17.04558753967285,
        "Volume": 142400.0
    },
    "AMZN": {
        "Open": 1.8041670322418213,
        "High": 1.8624999523162842,
        "Low": 1.7083330154418945,
        "Close": 1.7526040077209473,
        "Adj Close": 1.7526040077209473,
        "Volume": 550452000.0
    },
    "AVGO": {
        "Open": null,
        "High": null,
        "Low": null,
        "Close": null,
        "Adj Close": null,
        "Volume": null
    },
    "AXP": {
        "Open": 30.48961639404297,
        "High": 30.781383514404297,
        "Low": 30.070201873779297,
        "Close": 30.21608543395996,
        "Adj Close": 21.082691192626953,
        "Volume": 4495030.0
    },
    "BA": {
        "Open": 42.25,
        "High": 42.8125,
        "Low": 41.0625,
        "Close": 42.75,
        "Adj Close": 27.232181549072266,
        "Volume": 2578600.0
    },
    "BAC": {
        "Open": 32.28125,
        "High": 33.0625,
        "Low": 32.25,
        "Close": 33.03125,
        "Adj Close": 16.336015701293945,
        "Volume": 6174400.0
    },
    "BK": {
        "Open": 36.96735382080078,
        "High": 37.82859802246094,
        "Low": 36.76860427856445,
        "Close": 37.23234939575195,
        "Adj Close": 20.05065155029297,
        "Volume": 1078589.0
    },
    "BKNG": {
        "Open": null,
        "High": null,
        "Low": null,
        "Close": null,
        "Adj Close": null,
        "Volume": null
    },
    "BLK": {
        "Open": null,
        "High": null,
        "Low": null,
        "Close": null,
        "Adj Close": null,
        "Volume": null
    },
    "BMY": {
        "Open": 58.02865219116211,
        "High": 58.53428649902344,
        "Low": 57.9989128112793,
        "Close": 58.415313720703125,
        "Adj Close": 21.779098510742188,
        "Volume": 2876934.0
    },
    "BRK-B": {
        "Open": 46.099998474121094,
        "High": 46.20000076293945,
        "Low": 45.91999816894531,
        "Close": 46.15999984741211,
        "Adj Close": 46.15999984741211,
        "Volume": 300000.0
    },
    "C": {
        "Open": 256.25,
        "High": 262.5,
        "Low": 255.625,
        "Close": 261.875,
        "Adj Close": 134.56626892089844,
        "Volume": 1889540.0
    },
    "CAT": {
        "Open": 25.0,
        "High": 25.0,
        "Low": 24.5625,
        "Close": 24.96875,
        "Adj Close": 12.59255313873291,
        "Volume": 1939800.0
    },
    "CL": {
        "Open": 22.3125,
        "High": 22.3125,
        "Low": 21.375,
        "Close": 21.546875,
        "Adj Close": 12.085254669189453,
        "Volume": 6785200.0
    },
    "CMCSA": {
        "Open": 7.360980987548828,
        "High": 7.614808082580566,
        "Low": 7.360980987548828,
        "Close": 7.614808082580566,
        "Adj Close": 5.163064479827881,
        "Volume": 892439.0
    },
    "COF": {
        "Open": 36.97916793823242,
        "High": 37.10416793823242,
        "Low": 36.125,
        "Close": 36.64583206176758,
        "Adj Close": 26.465118408203125,
        "Volume": 901500.0
    },
    "COP": {
        "Open": 16.461273193359375,
        "High": 16.866254806518555,
        "Low": 16.41362762451172,
        "Close": 16.50891876220703,
        "Adj Close": 7.021177768707275,
        "Volume": 1091935.0
    },
    "COST": {
        "Open": 30.3125,
        "High": 31.0625,
        "Low": 30.1875,
        "Close": 30.875,
        "Adj Close": 20.598785400390625,
        "Volume": 1713400.0
    },
    "CRM": {
        "Open": null,
        "High": null,
        "Low": null,
        "Close": null,
        "Adj Close": null,
        "Volume": null
    },
    "CSCO": {
        "Open": 19.078125,
        "High": 19.3125,
        "Low": 18.765625,
        "Close": 19.265625,
        "Adj Close": 12.465847969055176,
        "Volume": 24982400.0
    },
    "CVS": {
        "Open": 24.375,
        "High": 24.71875,
        "Low": 24.34375,
        "Close": 24.53125,
        "Adj Close": 15.432047843933105,
        "Volume": 1746200.0
    },
    "CVX": {
        "Open": 40.125,
        "High": 40.84375,
        "Low": 40.03125,
        "Close": 40.1875,
        "Adj Close": 14.844954490661621,
        "Volume": 2871400.0
    },
    "DE": {
        "Open": 18.875,
        "High": 18.96875,
        "Low": 18.40625,
        "Close": 18.65625,
        "Adj Close": 10.946428298950195,
        "Volume": 1968200.0
    },
    "DHR": {
        "Open": 7.834385871887207,
        "High": 7.897397041320801,
        "Low": 7.760872840881348,
        "Close": 7.781877040863037,
        "Adj Close": 4.598997592926025,
        "Volume": 1133728.0
    },
    "DIS": {
        "Open": 29.410030364990234,
        "High": 30.51984405517578,
        "Low": 29.22506332397461,
        "Close": 30.51984405517578,
        "Adj Close": 23.13664436340332,
        "Volume": 6414597.0
    },
    "DUK": {
        "Open": 55.78559875488281,
        "High": 56.00351333618164,
        "Low": 55.34977340698242,
        "Close": 55.73112106323242,
        "Adj Close": 16.345138549804688,
        "Volume": 1056273.0
    },
    "EMR": {
        "Open": 32.75,
        "High": 33.125,
        "Low": 32.46875,
        "Close": 32.84375,
        "Adj Close": 15.788969039916992,
        "Volume": 1949000.0
    },
    "FDX": {
        "Open": 32.75,
        "High": 32.75,
        "Low": 31.75,
        "Close": 31.875,
        "Adj Close": 25.522077560424805,
        "Volume": 1524000.0
    },
    "GD": {
        "Open": 29.90625,
        "High": 30.1875,
        "Low": 29.4375,
        "Close": 30.03125,
        "Adj Close": 17.211484909057617,
        "Volume": 743400.0
    },
    "GE": {
        "Open": 149.86351013183594,
        "High": 150.8619384765625,
        "Low": 148.1661834716797,
        "Close": 148.86508178710938,
        "Adj Close": 79.28137969970703,
        "Volume": 1925221.0
    },
    "GILD": {
        "Open": 0.984375,
        "High": 1.0078129768371582,
        "Low": 0.9765629768371582,
        "Close": 0.9980469942092896,
        "Adj Close": 0.6933944821357727,
        "Volume": 3977600.0
    },
    "GM": {
        "Open": null,
        "High": null,
        "Low": null,
        "Close": null,
        "Adj Close": null,
        "Volume": null
    },