{
    "AAPL": {
        "Open": 0.3085939884185791,
        "High": 0.31082600355148315,
        "Low": 0.28348198533058167,
        "Close": 0.2851560115814209,
        "Adj Close": 0.23923565447330475,
        "Volume": 561489600.0
    },
    "ABBV": {
        "Open": null,
        "High": null,
        "Low": null,
        "Close": null,
        "Adj Close": null,
        "Volume": null
    },
    "ABT": {
        "Open": 22.164480209350586,
        "High": 22.36087417602539,
        "Low": 21.5472412109375,
        "Close": 21.5472412109375,
        "Adj Close": 10.936529159545898,
        "Volume": 3668739.0
    },
    "ACN": {
        "Open": null,
        "High": null,
        "Low": null,
        "Close": null,
        "Adj Close": null,
        "Volume": null
    },
    "ADBE": {
        "Open": 5.8125,
        "High": 5.820312976837158,
        "Low": 5.546875,
        "Close": 5.59375,
        "Adj Close": 5.535391807556152,
        "Volume": 5229600.0
    },
    "AIG": {
        "Open": 1040.0,
        "High": 1041.3333740234375,
        "Low": 1000.0,
        "Close": 1002.6666870117188,
        "Adj Close": 589.1943359375,
        "Volume": 137316.0
    },
    "AMD": {
        "Open": 14.375,
        "High": 14.4375,
        "Low": 13.8125,
        "Close": 13.84375,
        "Adj Close": 13.84375,
        "Volume": 5093800.0
    },
    "AMGN": {
        "Open": 19.125,
        "High": 19.40625,
        "Low": 18.78125,
        "Close": 18.8125,
        "Adj Close": 12.72456169128418,
        "Volume": 9484800.0
    },
    "AMT": {
        "Open": 23.4375,
        "High": 23.5,
        "Low": 22.9375,
        "Close": 23.125,
        "Adj Close": 16.90849494934082,
        "Volume": 207400.0
    },
    "AMZN": {
        "Open": 1.8302079439163208,
        "High": 1.8354170322418213,
        "Low": 1.5979169607162476,
        "Close": 1.600000023841858,
        "Adj Close": 1.600000023841858,
        "Volume": 595044000.0
    },
    "AVGO": {
        "Open": null,
        "High": null,
        "Low": null,
        "Close": null,
        "Adj Close": null,
        "Volume": null
    },
    "AXP": {
        "Open": 29.906082153320312,
        "High": 30.161378860473633,
        "Low": 29.194902420043945,
        "Close": 29.194902420043945,
        "Adj Close": 20.37018394470215,
        "Volume": 4371301.0
    },
    "BA": {
        "Open": 41.25,
        "High": 41.25,
        "Low": 40.0625,
        "Close": 40.625,
        "Adj Close": 25.8785343170166,
        "Volume": 3757300.0
    },
    "BAC": {
        "Open": 32.625,
        "High": 33.0,
        "Low": 32.1875,
        "Close": 32.59375,
        "Adj Close": 16.11965560913086,
        "Volume": 11097400.0
    },
    "BK": {
        "Open": 36.702354431152344,
        "High": 36.96735382080078,
        "Low": 36.17235565185547,
        "Close": 36.636104583740234,
        "Adj Close": 19.72955322265625,
        "Volume": 1198778.0
    },
    "BKNG": {
        "Open": null,
        "High": null,
        "Low": null,
        "Close": null,
        "Adj Close": null,
        "Volume": null
    },
    "BLK": {
        "Open": null,
        "High": null,
        "Low": null,
        "Close": null,
        "Adj Close": null,
        "Volume": null
    },
    "BMY": {
        "Open": 58.68300247192383,
        "High": 58.68300247192383,
        "Low": 58.05839538574219,
        "Close": 58.05839538574219,
        "Adj Close": 21.646020889282227,
        "Volume": 3102407.0
    },
    "BRK-B": {
        "Open": 46.0,
        "High": 46.040000915527344,
        "Low": 45.0,
        "Close": 45.02000045776367,
        "Adj Close": 45.02000045776367,
        "Volume": 335000.0
    },
    "C": {
        "Open": 262.8125,
        "High": 263.125,
        "Low": 250.0,
        "Close": 251.25,
        "Adj Close": 129.10662841796875,
        "Volume": 2063440.0
    },
    "CAT": {
        "Open": 24.8125,
        "High": 25.0,
        "Low": 24.28125,
        "Close": 24.71875,
        "Adj Close": 12.466470718383789,
        "Volume": 3785400.0
    },
    "CL": {
        "Open": 21.625,
        "High": 21.8125,
        "Low": 21.390625,
        "Close": 21.40625,
        "Adj Close": 12.00638198852539,
        "Volume": 4187600.0
    },
    "CMCSA": {
        "Open": 7.6440958976745605,
        "High": 7.810059070587158,
        "Low": 7.419556140899658,
        "Close": 7.429318904876709,
        "Adj Close": 5.037295341491699,
        "Volume": 1720217.0
    },
    "COF": {
        "Open": 37.0,
        "High": 37.5,
        "Low": 36.27083206176758,
        "Close": 36.66666793823242,
        "Adj Close": 26.480167388916016,
        "Volume": 1032900.0
    },
    "COP": {
        "Open": 16.69949722290039,
        "High": 16.69949722290039,
        "Low": 16.008647918701172,
        "Close": 16.008647918701172,
        "Adj Close": 6.808417320251465,
        "Volume": 2296159.0
    },
    "COST": {
        "Open": 32.0,
        "High": 32.4375,
        "Low": 31.375,
        "Close": 31.375,
        "Adj Close": 20.932369232177734,
        "Volume": 5392400.0
    },
    "CRM": {
        "Open": null,
        "High": null,
        "Low": null,
        "Close": null,
        "Adj Close": null,
        "Volume": null
    },
    "CSCO": {
        "Open": 20.03125,
        "High": 20.09375,
        "Low": 18.703125,
        "Close": 18.84375,
        "Adj Close": 12.192875862121582,
        "Volume": 58153600.0
    },
    "CVS": {
        "Open": 25.34375,
        "High": 25.375,
        "Low": 24.53125,
        "Close": 24.6875,
        "Adj Close": 15.530329704284668,
        "Volume": 1781200.0
    },
    "CVX": {
        "Open": 42.125,
        "High": 42.15625,
        "Low": 41.34375,
        "Close": 41.8125,
        "Adj Close": 15.445223808288574,
        "Volume": 4518200.0
    },
    "DE": {
        "Open": 18.125,
        "High": 18.125,
        "Low": 17.0625,
        "Close": 17.46875,
        "Adj Close": 10.249667167663574,
        "Volume": 3844000.0
    },
    "DHR": {
        "Open": 7.739869117736816,
        "High": 7.792377948760986,
        "Low": 7.645351886749268,
        "Close": 7.666356086730957,
        "Adj Close": 4.530725479125977,
        "Volume": 1599717.0
    },
    "DIS": {
        "Open": 31.44468879699707,
        "High": 32.67781448364258,
        "Low": 31.13640594482422,
        "Close": 31.75296974182129,
        "Adj Close": 24.071460723876953,
        "Volume": 9382565.0
    },
    "DUK": {
        "Open": 54.9139518737793,
        "High": 55.40425109863281,
        "Low": 54.423648834228516,
        "Close": 54.5326042175293,
        "Adj Close": 15.993627548217773,
        "Volume": 1425343.0
    },
    "EMR": {
        "Open": 32.5,
        "High": 32.625,
        "Low": 32.375,
        "Close": 32.5,
        "Adj Close": 15.623720169067383,
        "Volume": 2176600.0
    },
    "FDX": {
        "Open": 32.0625,
        "High": 32.75,
        "Low": 32.03125,
        "Close": 32.4375,
        "Adj Close": 25.972461700439453,
        "Volume": 2171000.0
    },
    "GD": {
        "Open": 30.03125,
        "High": 30.1875,
        "Low": 28.71875,
        "Close": 29.125,
        "Adj Close": 16.692100524902344,
        "Volume": 370600.0
    },
    "GE": {
        "Open": 146.26918029785156,
        "High": 147.1677703857422,
        "Low": 144.37217712402344,
        "Close": 144.37217712402344,
        "Adj Close": 76.88859558105469,
        "Volume": 2567420.0
    },
    "GILD": {
        "Open": 0.9960939884185791,
        "High": 1.0078129768371582,
        "Low": 0.96875,
        "Close": 0.9726560115814209,
        "Adj Close": 0.6757541298866272,
        "Volume": 3171200.0
    },
    "GM": {
        "Open": null,
        "High": null,
        "Low": null,
        "Close": null,
        "Adj Close": null,
        "Volume": null
    },
    "GOOG": {
        "Open": null,
        "High": null,
        "Low": null,
        "Close": null,