{
    "AAPL": {
        "Open": 0.2566959857940674,
        "High": 0.2566959857940674,
        "Low": 0.24386200308799744,
        "Close": 0.24888400733470917,
        "Adj Close": 0.20880480110645294,
        "Volume": 266593600.0
    },
    "ABBV": {
        "Open": null,
        "High": null,
        "Low": null,
        "Close": null,
        "Adj Close": null,
        "Volume": null
    },
    "ABT": {
        "Open": 16.917951583862305,
        "High": 17.016149520874023,
        "Low": 16.833782196044922,
        "Close": 16.917951583862305,
        "Adj Close": 8.52763557434082,
        "Volume": 3087987.0
    },
    "ACN": {
        "Open": null,
        "High": null,
        "Low": null,
        "Close": null,
        "Adj Close": null,
        "Volume": null
    },
    "ADBE": {
        "Open": 5.515625,
        "High": 5.59375,
        "Low": 5.40625,
        "Close": 5.421875,
        "Adj Close": 5.354621887207031,
        "Volume": 2334400.0
    },
    "AIG": {
        "Open": 914.6666870117188,
        "High": 918.6666870117188,
        "Low": 902.2222290039062,
        "Close": 904.4444580078125,
        "Adj Close": 530.7705688476562,
        "Volume": 72169.0
    },
    "AMD": {
        "Open": 10.09375,
        "High": 10.21875,
        "Low": 9.96875,
        "Close": 10.03125,
        "Adj Close": 10.03125,
        "Volume": 3341400.0
    },
    "AMGN": {
        "Open": 15.84375,
        "High": 16.78125,
        "Low": 15.75,
        "Close": 16.390625,
        "Adj Close": 11.086432456970215,
        "Volume": 44537600.0
    },
    "AMT": {
        "Open": 20.75,
        "High": 20.75,
        "Low": 20.25,
        "Close": 20.625,
        "Adj Close": 15.080550193786621,
        "Volume": 45100.0
    },
    "AMZN": {
        "Open": 0.3682290017604828,
        "High": 0.36927101016044617,
        "Low": 0.35624998807907104,
        "Close": 0.3583329916000366,
        "Adj Close": 0.3583329916000366,
        "Volume": 117240000.0
    },
    "AVGO": {
        "Open": null,
        "High": null,
        "Low": null,
        "Close": null,
        "Adj Close": null,
        "Volume": null
    },
    "AXP": {
        "Open": 30.781383514404297,
        "High": 30.854324340820312,
        "Low": 30.25255584716797,
        "Close": 30.307262420654297,
        "Adj Close": 21.036828994750977,
        "Volume": 2411173.0
    },
    "BA": {
        "Open": 48.1875,
        "High": 48.875,
        "Low": 48.125,
        "Close": 48.375,
        "Adj Close": 30.600841522216797,
        "Volume": 1403000.0
    },
    "BAC": {
        "Open": 38.625,
        "High": 38.625,
        "Low": 38.25,
        "Close": 38.46875,
        "Adj Close": 18.8038272857666,
        "Volume": 2467800.0
    },
    "BK": {
        "Open": 32.36299514770508,
        "High": 32.594871520996094,
        "Low": 32.23049545288086,
        "Close": 32.329872131347656,
        "Adj Close": 17.258634567260742,
        "Volume": 1211326.0
    },
    "BKNG": {
        "Open": null,
        "High": null,
        "Low": null,
        "Close": null,
        "Adj Close": null,
        "Volume": null
    },
    "BLK": {
        "Open": null,
        "High": null,
        "Low": null,
        "Close": null,
        "Adj Close": null,
        "Volume": null
    },
    "BMY": {
        "Open": 53.00208282470703,
        "High": 53.3589973449707,
        "Low": 52.34773635864258,
        "Close": 53.21028137207031,
        "Adj Close": 19.69893455505371,
        "Volume": 1972521.0
    },
    "BRK-B": {
        "Open": 48.400001525878906,
        "High": 48.47999954223633,
        "Low": 47.040000915527344,
        "Close": 47.58000183105469,
        "Adj Close": 47.58000183105469,
        "Volume": 370000.0
    },
    "C": {
        "Open": 318.125,
        "High": 318.75,
        "Low": 315.0,
        "Close": 315.625,
        "Adj Close": 161.2225341796875,
        "Volume": 356920.0
    },
    "CAT": {
        "Open": 30.3125,
        "High": 30.3125,
        "Low": 28.9375,
        "Close": 29.28125,
        "Adj Close": 14.590282440185547,
        "Volume": 1941600.0
    },
    "CL": {
        "Open": 22.359375,
        "High": 22.390625,
        "Low": 22.0,
        "Close": 22.140625,
        "Adj Close": 12.34316349029541,
        "Volume": 1443600.0
    },
    "CMCSA": {
        "Open": 5.681818008422852,
        "High": 5.701343059539795,
        "Low": 5.48656702041626,
        "Close": 5.506092071533203,
        "Adj Close": 3.728651285171509,
        "Volume": 600508.0
    },
    "COF": {
        "Open": 34.10416793823242,
        "High": 34.41666793823242,
        "Low": 33.89583206176758,
        "Close": 33.89583206176758,
        "Adj Close": 24.443138122558594,
        "Volume": 585300.0
    },
    "COP": {
        "Open": 19.415250778198242,
        "High": 19.486717224121094,
        "Low": 19.296138763427734,
        "Close": 19.31995964050293,
        "Adj Close": 8.089550971984863,
        "Volume": 1039463.0
    },
    "COST": {
        "Open": 26.9375,
        "High": 27.125,
        "Low": 26.8125,
        "Close": 26.8125,
        "Adj Close": 17.888423919677734,
        "Volume": 3442000.0
    },
    "CRM": {
        "Open": null,
        "High": null,
        "Low": null,
        "Close": null,
        "Adj Close": null,
        "Volume": null
    },
    "CSCO": {
        "Open": 13.03125,
        "High": 13.041666984558105,
        "Low": 12.604166984558105,
        "Close": 12.8125,
        "Adj Close": 8.290345191955566,
        "Volume": 38740200.0
    },
    "CVS": {
        "Open": 17.75,
        "High": 17.765625,
        "Low": 17.65625,
        "Close": 17.671875,
        "Adj Close": 11.088226318359375,
        "Volume": 2960400.0
    },
    "CVX": {
        "Open": 40.5,
        "High": 40.625,
        "Low": 40.375,
        "Close": 40.46875,
        "Adj Close": 14.724283218383789,
        "Volume": 2007600.0
    },
    "DE": {
        "Open": 26.3125,
        "High": 26.59375,
        "Low": 26.0625,
        "Close": 26.21875,
        "Adj Close": 15.211581230163574,
        "Volume": 1846600.0
    },
    "DHR": {
        "Open": 6.327369213104248,
        "High": 6.327369213104248,
        "Low": 6.2591071128845215,
        "Close": 6.264358043670654,
        "Adj Close": 3.6995456218719482,
        "Volume": 503482.0
    },
    "DIS": {
        "Open": 38.124114990234375,
        "High": 38.391292572021484,
        "Low": 37.98025131225586,
        "Close": 38.24742889404297,
        "Adj Close": 28.895540237426758,
        "Volume": 3950025.0
    },
    "DUK": {
        "Open": 48.32209777832031,
        "High": 48.812400817871094,
        "Low": 48.26762008666992,
        "Close": 48.540008544921875,
        "Adj Close": 13.977250099182129,
        "Volume": 377560.0
    },
    "EMR": {
        "Open": 31.28125,
        "High": 31.28125,
        "Low": 30.9375,
        "Close": 31.1875,
        "Adj Close": 14.84609317779541,
        "Volume": 585200.0
    },
    "FDX": {
        "Open": 33.15625,
        "High": 33.15625,
        "Low": 32.59375,
        "Close": 32.9375,
        "Adj Close": 26.37281608581543,
        "Volume": 1093600.0
    },
    "GD": {
        "Open": 23.75,
        "High": 24.125,
        "Low": 23.6875,
        "Close": 23.9375,
        "Adj Close": 13.596888542175293,
        "Volume": 603200.0
    },
    "GE": {
        "Open": 137.38320922851562,
        "High": 137.78257751464844,
        "Low": 135.3863525390625,
        "Close": 135.7857208251953,
        "Adj Close": 71.81682586669922,
        "Volume": 1656047.0
    },
    "GILD": {
        "Open": 1.128906011581421,
        "High": 1.128906011581421,
        "Low": 1.09375,
        "Close": 1.0957030057907104,
        "Adj Close": 0.76124107837677,
        "Volume": 3318400.0
    },
    "GM": {
        "Open": null,
        "High": null,
        "Low": null,
        "Close": null,
        "Adj Close": null,
        "Volume": null
    },