{
    "AAPL": {
        "Open": 0.22935299575328827,
        "High": 0.23939700424671173,
        "Low": 0.22879500687122345,
        "Close": 0.23883900046348572,
        "Adj Close": 0.20037737488746643,
        "Volume": 370193600.0
    },
    "ABBV": {
        "Open": null,
        "High": null,
        "Low": null,
        "Close": null,
        "Adj Close": null,
        "Volume": null
    },
    "ABT": {
        "Open": 16.763641357421875,
        "High": 16.833782196044922,
        "Low": 16.42696762084961,
        "Close": 16.7215576171875,
        "Adj Close": 8.428643226623535,
        "Volume": 6507004.0
    },
    "ACN": {
        "Open": null,
        "High": null,
        "Low": null,
        "Close": null,
        "Adj Close": null,
        "Volume": null
    },
    "ADBE": {
        "Open": 5.078125,
        "High": 5.21875,
        "Low": 5.0,
        "Close": 5.210937976837158,
        "Adj Close": 5.146301746368408,
        "Volume": 15058400.0
    },
    "AIG": {
        "Open": 892.0,
        "High": 892.0,
        "Low": 865.3333129882812,
        "Close": 883.5555419921875,
        "Adj Close": 518.5119018554688,
        "Volume": 171506.0
    },
    "AMD": {
        "Open": 9.78125,
        "High": 10.0,
        "Low": 9.53125,
        "Close": 9.96875,
        "Adj Close": 9.96875,
        "Volume": 4931800.0
    },
    "AMGN": {
        "Open": 15.015625,
        "High": 15.3125,
        "Low": 14.78125,
        "Close": 15.046875,
        "Adj Close": 10.177536010742188,
        "Volume": 10360000.0
    },
    "AMT": {
        "Open": 19.5,
        "High": 19.5,
        "Low": 18.75,
        "Close": 19.25,
        "Adj Close": 14.075181007385254,
        "Volume": 91100.0
    },
    "AMZN": {
        "Open": 0.3348959982395172,
        "High": 0.36406299471855164,
        "Low": 0.33229199051856995,
        "Close": 0.36093801259994507,
        "Adj Close": 0.36093801259994507,
        "Volume": 464688000.0
    },
    "AVGO": {
        "Open": null,
        "High": null,
        "Low": null,
        "Close": null,
        "Adj Close": null,
        "Volume": null
    },
    "AXP": {
        "Open": 29.468433380126953,
        "High": 29.833141326904297,
        "Low": 29.03078269958496,
        "Close": 29.57784652709961,
        "Adj Close": 20.53052520751953,
        "Volume": 5216497.0
    },
    "BA": {
        "Open": 46.8125,
        "High": 46.8125,
        "Low": 45.25,
        "Close": 46.5,
        "Adj Close": 29.414758682250977,
        "Volume": 6231600.0
    },
    "BAC": {
        "Open": 37.3125,
        "High": 37.8125,
        "Low": 36.75,
        "Close": 37.59375,
        "Adj Close": 18.376129150390625,
        "Volume": 4800600.0
    },
    "BK": {
        "Open": 32.09799575805664,
        "High": 32.13112258911133,
        "Low": 31.104251861572266,
        "Close": 31.832998275756836,
        "Adj Close": 16.99339485168457,
        "Volume": 2318122.0
    },
    "BKNG": {
        "Open": null,
        "High": null,
        "Low": null,
        "Close": null,
        "Adj Close": null,
        "Volume": null
    },
    "BLK": {
        "Open": null,
        "High": null,
        "Low": null,
        "Close": null,
        "Adj Close": null,
        "Volume": null
    },
    "BMY": {
        "Open": 52.58567810058594,
        "High": 53.41848373413086,
        "Low": 51.782615661621094,
        "Close": 52.793880462646484,
        "Adj Close": 19.54477310180664,
        "Volume": 3255595.0
    },
    "BRK-B": {
        "Open": 47.13999938964844,
        "High": 47.34000015258789,
        "Low": 46.70000076293945,
        "Close": 46.900001525878906,
        "Adj Close": 46.900001525878906,
        "Volume": 350000.0
    },
    "C": {
        "Open": 310.0,
        "High": 311.25,
        "Low": 300.3125,
        "Close": 305.3125,
        "Adj Close": 155.95492553710938,
        "Volume": 733220.0
    },
    "CAT": {
        "Open": 28.3125,
        "High": 28.53125,
        "Low": 27.875,
        "Close": 28.375,
        "Adj Close": 14.138725280761719,
        "Volume": 2414400.0
    },
    "CL": {
        "Open": 21.46875,
        "High": 21.78125,
        "Low": 21.21875,
        "Close": 21.78125,
        "Adj Close": 12.142817497253418,
        "Volume": 3276400.0
    },
    "CMCSA": {
        "Open": 5.506092071533203,
        "High": 5.54514217376709,
        "Low": 5.301077842712402,
        "Close": 5.40846586227417,
        "Adj Close": 3.662539482116699,
        "Volume": 1078737.0
    },
    "COF": {
        "Open": 32.58333206176758,
        "High": 33.16666793823242,
        "Low": 32.5625,
        "Close": 33.14583206176758,
        "Adj Close": 23.902294158935547,
        "Volume": 1384200.0
    },
    "COP": {
        "Open": 18.986446380615234,
        "High": 19.248493194580078,
        "Low": 18.867334365844727,
        "Close": 19.177026748657227,
        "Adj Close": 8.029703140258789,
        "Volume": 1272437.0
    },
    "COST": {
        "Open": 27.0,
        "High": 27.5625,
        "Low": 26.9375,
        "Close": 27.5,
        "Adj Close": 18.34709358215332,
        "Volume": 2823000.0
    },
    "CRM": {
        "Open": null,
        "High": null,
        "Low": null,
        "Close": null,
        "Adj Close": null,
        "Volume": null
    },
    "CSCO": {
        "Open": 12.5,
        "High": 13.0,
        "Low": 12.489583015441895,
        "Close": 12.96875,
        "Adj Close": 8.391448974609375,
        "Volume": 57352200.0
    },
    "CVS": {
        "Open": 17.046875,
        "High": 17.5625,
        "Low": 17.0,
        "Close": 17.25,
        "Adj Close": 10.823522567749023,
        "Volume": 3198400.0
    },
    "CVX": {
        "Open": 39.25,
        "High": 40.28125,
        "Low": 38.6875,
        "Close": 39.875,
        "Adj Close": 14.508246421813965,
        "Volume": 3557000.0
    },
    "DE": {
        "Open": 26.0,
        "High": 26.28125,
        "Low": 25.8125,
        "Close": 25.875,
        "Adj Close": 15.012144088745117,
        "Volume": 2277200.0
    },
    "DHR": {
        "Open": 6.049069881439209,
        "High": 6.054320812225342,
        "Low": 5.954553127288818,
        "Close": 6.022815227508545,
        "Adj Close": 3.5568976402282715,
        "Volume": 1312863.0
    },
    "DIS": {
        "Open": 36.74712371826172,
        "High": 37.77473068237305,
        "Low": 36.39773941040039,
        "Close": 37.589759826660156,
        "Adj Close": 28.398679733276367,
        "Volume": 7225241.0
    },
    "DUK": {
        "Open": 48.15866470336914,
        "High": 48.32209777832031,
        "Low": 47.94075012207031,
        "Close": 48.15866470336914,
        "Adj Close": 13.867441177368164,
        "Volume": 714278.0
    },
    "EMR": {
        "Open": 29.84375,
        "High": 30.15625,
        "Low": 29.6875,
        "Close": 30.03125,
        "Adj Close": 14.295689582824707,
        "Volume": 1950400.0
    },
    "FDX": {
        "Open": 32.375,
        "High": 32.5,
        "Low": 31.8125,
        "Close": 32.40625,
        "Adj Close": 25.94744110107422,
        "Volume": 993200.0
    },
    "GD": {
        "Open": 22.5,
        "High": 22.625,
        "Low": 22.15625,
        "Close": 22.375,
        "Adj Close": 12.709362030029297,
        "Volume": 1188000.0
    },
    "GE": {
        "Open": 131.6921844482422,
        "High": 134.2880859375,
        "Low": 130.49407958984375,
        "Close": 133.78887939453125,
        "Adj Close": 70.76068115234375,
        "Volume": 3156473.0
    },
    "GILD": {
        "Open": 1.046875,
        "High": 1.078125,
        "Low": 1.046875,
        "Close": 1.050781011581421,
        "Adj Close": 0.730031430721283,
        "Volume": 9744000.0
    },
    "GM": {
        "Open": null,
        "High": null,
        "Low": null,
        "Close": null,
        "Adj Close": null,
        "Volume": null
    },
    "GOOG": {
        "Open": null,
        "High": null,
        "Low": null,