{
    "AAPL": {
        "Open": 0.21651799976825714,
        "High": 0.21651799976825714,
        "Low": 0.21428599953651428,
        "Close": 0.21428599953651428,
        "Adj Close": 0.17977823317050934,
        "Volume": 153059200.0
    },
    "ABBV": {
        "Open": null,
        "High": null,
        "Low": null,
        "Close": null,
        "Adj Close": null,
        "Volume": null
    },
    "ABT": {
        "Open": 9.7355375289917,
        "High": 9.79164981842041,
        "Low": 9.651369094848633,
        "Close": 9.70748233795166,
        "Adj Close": 4.698305606842041,
        "Volume": 4376022.0
    },
    "ACN": {
        "Open": null,
        "High": null,
        "Low": null,
        "Close": null,
        "Adj Close": null,
        "Volume": null
    },
    "ADBE": {
        "Open": 4.625,
        "High": 4.671875,
        "Low": 4.546875,
        "Close": 4.5625,
        "Adj Close": 4.462029933929443,
        "Volume": 10683200.0
    },
    "AIG": {
        "Open": 449.1851806640625,
        "High": 452.1481628417969,
        "Low": 446.8148193359375,
        "Close": 448.59259033203125,
        "Adj Close": 261.7671203613281,
        "Volume": 125803.0
    },
    "AMD": {
        "Open": 8.375,
        "High": 8.625,
        "Low": 8.3125,
        "Close": 8.375,
        "Adj Close": 8.375,
        "Volume": 1303400.0
    },
    "AMGN": {
        "Open": 14.875,
        "High": 14.96875,
        "Low": 14.78125,
        "Close": 14.875,
        "Adj Close": 10.061281204223633,
        "Volume": 3418400.0
    },
    "AMT": {
        "Open": null,
        "High": null,
        "Low": null,
        "Close": null,
        "Adj Close": null,
        "Volume": null
    },
    "AMZN": {
        "Open": null,
        "High": null,
        "Low": null,
        "Close": null,
        "Adj Close": null,
        "Volume": null
    },
    "AVGO": {
        "Open": null,
        "High": null,
        "Low": null,
        "Close": null,
        "Adj Close": null,
        "Volume": null
    },
    "AXP": {
        "Open": 13.311854362487793,
        "High": 13.421266555786133,
        "Low": 13.129500389099121,
        "Close": 13.165970802307129,
        "Adj Close": 8.887214660644531,
        "Volume": 3091169.0
    },
    "BA": {
        "Open": 43.1875,
        "High": 43.1875,
        "Low": 42.375,
        "Close": 42.4375,
        "Adj Close": 26.239931106567383,
        "Volume": 1646200.0
    },
    "BAC": {
        "Open": 20.625,
        "High": 20.78125,
        "Low": 20.5,
        "Close": 20.65625,
        "Adj Close": 9.684248924255371,
        "Volume": 2626000.0
    },
    "BK": {
        "Open": 14.17744255065918,
        "High": 14.309943199157715,
        "Low": 14.17744255065918,
        "Close": 14.17744255065918,
        "Adj Close": 7.2086663246154785,
        "Volume": 2090197.0
    },
    "BKNG": {
        "Open": null,
        "High": null,
        "Low": null,
        "Close": null,
        "Adj Close": null,
        "Volume": null
    },
    "BLK": {
        "Open": null,
        "High": null,
        "Low": null,
        "Close": null,
        "Adj Close": null,
        "Volume": null
    },
    "BMY": {
        "Open": 20.96883773803711,
        "High": 21.117551803588867,
        "Low": 20.82012176513672,
        "Close": 20.93909454345703,
        "Adj Close": 7.400618553161621,
        "Volume": 4244272.0
    },
    "BRK-B": {
        "Open": 21.200000762939453,
        "High": 21.700000762939453,
        "Low": 21.200000762939453,
        "Close": 21.399999618530273,
        "Adj Close": 21.399999618530273,
        "Volume": 65000.0
    },
    "C": {
        "Open": 107.1875,
        "High": 109.6875,
        "Low": 106.25,
        "Close": 106.5625,
        "Adj Close": 53.32123565673828,
        "Volume": 513080.0
    },
    "CAT": {
        "Open": 16.28125,
        "High": 16.625,
        "Low": 16.28125,
        "Close": 16.5,
        "Adj Close": 7.9007887840271,
        "Volume": 1345200.0
    },
    "CL": {
        "Open": 10.296875,
        "High": 10.375,
        "Low": 10.25,
        "Close": 10.25,
        "Adj Close": 5.515451908111572,
        "Volume": 2249600.0
    },
    "CMCSA": {
        "Open": 2.8116209506988525,
        "High": 2.8897221088409424,
        "Low": 2.792095899581909,
        "Close": 2.8897221088409424,
        "Adj Close": 1.9422496557235718,
        "Volume": 1988461.0
    },
    "COF": {
        "Open": 10.083333015441895,
        "High": 10.083333015441895,
        "Low": 9.875,
        "Close": 10.0,
        "Adj Close": 7.099981307983398,
        "Volume": 538800.0
    },
    "COP": {
        "Open": 15.818069458007812,
        "High": 15.93718147277832,
        "Low": 15.53219985961914,
        "Close": 15.53219985961914,
        "Adj Close": 6.118340015411377,
        "Volume": 1288441.0
    },
    "COST": {
        "Open": 10.1875,
        "High": 10.25,
        "Low": 10.0625,
        "Close": 10.25,
        "Adj Close": 6.838462829589844,
        "Volume": 1549600.0
    },
    "CRM": {
        "Open": null,
        "High": null,
        "Low": null,
        "Close": null,
        "Adj Close": null,
        "Volume": null
    },
    "CSCO": {
        "Open": 6.222221851348877,
        "High": 6.3333330154418945,
        "Low": 6.194444179534912,
        "Close": 6.326388835906982,
        "Adj Close": 4.093496799468994,
        "Volume": 34408800.0
    },
    "CVS": {
        "Open": 10.75,
        "High": 10.78125,
        "Low": 10.625,
        "Close": 10.625,
        "Adj Close": 5.713128566741943,
        "Volume": 1700000.0
    },
    "CVX": {
        "Open": 29.6875,
        "High": 29.875,
        "Low": 29.5625,
        "Close": 29.6875,
        "Adj Close": 10.13957691192627,
        "Volume": 2152200.0
    },
    "DE": {
        "Open": 21.0,
        "High": 21.5,
        "Low": 20.9375,
        "Close": 21.1875,
        "Adj Close": 11.881204605102539,
        "Volume": 952000.0
    },
    "DHR": {
        "Open": 3.4131040573120117,
        "High": 3.4446089267730713,
        "Low": 3.402601957321167,
        "Close": 3.4236059188842773,
        "Adj Close": 2.01361346244812,
        "Volume": 1105757.0
    },
    "DIS": {
        "Open": 20.51097869873047,
        "High": 20.675395965576172,
        "Low": 20.428770065307617,
        "Close": 20.51097869873047,
        "Adj Close": 15.294870376586914,
        "Volume": 4597466.0
    },
    "DUK": {
        "Open": 42.16606903076172,
        "High": 42.49293899536133,
        "Low": 42.05711364746094,
        "Close": 42.16606903076172,
        "Adj Close": 11.12844181060791,
        "Volume": 182298.0
    },
    "EMR": {
        "Open": 22.40625,
        "High": 22.625,
        "Low": 22.28125,
        "Close": 22.375,
        "Adj Close": 10.222853660583496,
        "Volume": 1612000.0
    },
    "FDX": {
        "Open": 19.15625,
        "High": 19.46875,
        "Low": 19.15625,
        "Close": 19.34375,
        "Adj Close": 15.488402366638184,
        "Volume": 648000.0
    },
    "GD": {
        "Open": 15.5625,
        "High": 15.84375,
        "Low": 15.40625,
        "Close": 15.53125,
        "Adj Close": 8.440043449401855,
        "Volume": 264800.0
    },
    "GE": {
        "Open": 68.89128875732422,
        "High": 69.1908187866211,
        "Low": 67.3936538696289,
        "Close": 67.59333801269531,
        "Adj Close": 34.470489501953125,
        "Volume": 2726170.0
    },
    "GILD": {
        "Open": 0.953125,
        "High": 0.984375,
        "Low": 0.9296879768371582,
        "Close": 0.9453129768371582,
        "Adj Close": 0.656757652759552,
        "Volume": 8144000.0
    },
    "GM": {
        "Open": null,
        "High": null,
        "Low": null,
        "Close": null,
        "Adj Close": null,
        "Volume": null
    },
    "GOOG": {
        "Open": null,
        "High": null,
        "Low": null,
        "Close": null,
        "Adj Close": null,