{
    "AAPL": {
        "Open": 0.20200900733470917,
        "High": 0.20200900733470917,
        "Low": 0.19754500687122345,
        "Close": 0.19866099953651428,
        "Adj Close": 0.16666950285434723,
        "Volume": 122763200.0
    },
    "ABBV": {
        "Open": null,
        "High": null,
        "Low": null,
        "Close": null,
        "Adj Close": null,
        "Volume": null
    },
    "ABT": {
        "Open": 9.70748233795166,
        "High": 9.819706916809082,
        "Low": 9.679425239562988,
        "Close": 9.70748233795166,
        "Adj Close": 4.698305606842041,
        "Volume": 4809971.0
    },
    "ACN": {
        "Open": null,
        "High": null,
        "Low": null,
        "Close": null,
        "Adj Close": null,
        "Volume": null
    },
    "ADBE": {
        "Open": 4.46875,
        "High": 4.484375,
        "Low": 4.3125,
        "Close": 4.34375,
        "Adj Close": 4.248098850250244,
        "Volume": 7544000.0
    },
    "AIG": {
        "Open": 456.2962951660156,
        "High": 459.8518371582031,
        "Low": 453.3333435058594,
        "Close": 453.9259338378906,
        "Adj Close": 264.87939453125,
        "Volume": 191215.0
    },
    "AMD": {
        "Open": 7.0625,
        "High": 7.25,
        "Low": 7.0625,
        "Close": 7.0625,
        "Adj Close": 7.0625,
        "Volume": 1892800.0
    },
    "AMGN": {
        "Open": 13.875,
        "High": 14.09375,
        "Low": 13.375,
        "Close": 14.09375,
        "Adj Close": 9.532852172851562,
        "Volume": 21173200.0
    },
    "AMT": {
        "Open": null,
        "High": null,
        "Low": null,
        "Close": null,
        "Adj Close": null,
        "Volume": null
    },
    "AMZN": {
        "Open": null,
        "High": null,
        "Low": null,
        "Close": null,
        "Adj Close": null,
        "Volume": null
    },
    "AVGO": {
        "Open": null,
        "High": null,
        "Low": null,
        "Close": null,
        "Adj Close": null,
        "Volume": null
    },
    "AXP": {
        "Open": 12.94714641571045,
        "High": 13.165970802307129,
        "Low": 12.910675048828125,
        "Close": 13.020088195800781,
        "Adj Close": 8.788742065429688,
        "Volume": 3881869.0
    },
    "BA": {
        "Open": 44.5625,
        "High": 44.6875,
        "Low": 44.1875,
        "Close": 44.5,
        "Adj Close": 27.515214920043945,
        "Volume": 1903200.0
    },
    "BAC": {
        "Open": 19.84375,
        "High": 20.3125,
        "Low": 19.84375,
        "Close": 20.03125,
        "Adj Close": 9.391231536865234,
        "Volume": 3008400.0
    },
    "BK": {
        "Open": 13.647444725036621,
        "High": 13.879319190979004,
        "Low": 13.614320755004883,
        "Close": 13.746820449829102,
        "Adj Close": 6.989710807800293,
        "Volume": 3125673.0
    },
    "BKNG": {
        "Open": null,
        "High": null,
        "Low": null,
        "Close": null,
        "Adj Close": null,
        "Volume": null
    },
    "BLK": {
        "Open": null,
        "High": null,
        "Low": null,
        "Close": null,
        "Adj Close": null,
        "Volume": null
    },
    "BMY": {
        "Open": 21.41498374938965,
        "High": 21.474468231201172,
        "Low": 20.93909454345703,
        "Close": 20.96883773803711,
        "Adj Close": 7.411135196685791,
        "Volume": 4025733.0
    },
    "BRK-B": {
        "Open": 20.65999984741211,
        "High": 20.799999237060547,
        "Low": 20.5,
        "Close": 20.600000381469727,
        "Adj Close": 20.600000381469727,
        "Volume": 75000.0
    },
    "C": {
        "Open": 109.0625,
        "High": 110.625,
        "Low": 109.0625,
        "Close": 109.6875,
        "Adj Close": 54.88491439819336,
        "Volume": 289200.0
    },
    "CAT": {
        "Open": 17.1875,
        "High": 17.4375,
        "Low": 17.15625,
        "Close": 17.3125,
        "Adj Close": 8.289851188659668,
        "Volume": 2184400.0
    },
    "CL": {
        "Open": 10.421875,
        "High": 10.71875,
        "Low": 10.390625,
        "Close": 10.671875,
        "Adj Close": 5.74246072769165,
        "Volume": 7300000.0
    },
    "CMCSA": {
        "Open": 2.92877197265625,
        "High": 2.92877197265625,
        "Low": 2.8897221088409424,
        "Close": 2.9092469215393066,
        "Adj Close": 1.955372929573059,
        "Volume": 354031.0
    },
    "COF": {
        "Open": 9.708333015441895,
        "High": 9.708333015441895,
        "Low": 9.583333015441895,
        "Close": 9.666666984558105,
        "Adj Close": 6.863316059112549,
        "Volume": 416400.0
    },
    "COP": {
        "Open": 15.4845552444458,
        "High": 15.67513370513916,
        "Low": 15.460733413696289,
        "Close": 15.67513370513916,
        "Adj Close": 6.17464017868042,
        "Volume": 796519.0
    },
    "COST": {
        "Open": 10.4375,
        "High": 10.5,
        "Low": 10.3125,
        "Close": 10.34375,
        "Adj Close": 6.901010036468506,
        "Volume": 4768800.0
    },
    "CRM": {
        "Open": null,
        "High": null,
        "Low": null,
        "Close": null,
        "Adj Close": null,
        "Volume": null
    },
    "CSCO": {
        "Open": 6.097221851348877,
        "High": 6.1302080154418945,
        "Low": 5.986111164093018,
        "Close": 6.0,
        "Adj Close": 3.8823082447052,
        "Volume": 41436000.0
    },
    "CVS": {
        "Open": 10.09375,
        "High": 10.21875,
        "Low": 10.09375,
        "Close": 10.15625,
        "Adj Close": 5.461079120635986,
        "Volume": 1268800.0
    },
    "CVX": {
        "Open": 30.3125,
        "High": 30.5625,
        "Low": 30.3125,
        "Close": 30.4375,
        "Adj Close": 10.395734786987305,
        "Volume": 1776800.0
    },
    "DE": {
        "Open": 20.625,
        "High": 20.625,
        "Low": 19.9375,
        "Close": 20.25,
        "Adj Close": 11.355488777160645,
        "Volume": 1071800.0
    },
    "DHR": {
        "Open": 3.4131040573120117,
        "High": 3.4341070652008057,
        "Low": 3.3921000957489014,
        "Close": 3.4341070652008057,
        "Adj Close": 2.0197901725769043,
        "Volume": 185681.0
    },
    "DIS": {
        "Open": 20.675395965576172,
        "High": 20.675395965576172,
        "Low": 20.428770065307617,
        "Close": 20.46987533569336,
        "Adj Close": 15.26422119140625,
        "Volume": 3533705.0
    },
    "DUK": {
        "Open": 43.58250045776367,
        "High": 43.800411224365234,
        "Low": 43.47354507446289,
        "Close": 43.47354507446289,
        "Adj Close": 11.473506927490234,
        "Volume": 226352.0
    },
    "EMR": {
        "Open": 22.15625,
        "High": 22.28125,
        "Low": 22.0625,
        "Close": 22.15625,
        "Adj Close": 10.122910499572754,
        "Volume": 952800.0
    },
    "FDX": {
        "Open": 20.375,
        "High": 20.46875,
        "Low": 20.3125,
        "Close": 20.375,
        "Adj Close": 16.314102172851562,
        "Volume": 516400.0
    },
    "GD": {
        "Open": 16.0625,
        "High": 16.09375,
        "Low": 15.84375,
        "Close": 15.96875,
        "Adj Close": 8.677791595458984,
        "Volume": 288400.0
    },
    "GE": {
        "Open": 69.49034118652344,
        "High": 70.2890853881836,
        "Low": 69.3905029296875,
        "Close": 69.78987121582031,
        "Adj Close": 35.59066390991211,
        "Volume": 3020759.0
    },
    "GILD": {
        "Open": 0.71875,
        "High": 0.7578129768371582,
        "Low": 0.71875,
        "Close": 0.7578129768371582,
        "Adj Close": 0.526491641998291,
        "Volume": 16736000.0
    },
    "GM": {
        "Open": null,
        "High": null,
        "Low": null,
        "Close": null,
        "Adj Close": null,
        "Volume": null
    },
    "GOOG": {
        "Open": null,
        "High": null,
        "Low": null,
        "Close": null,
        "Adj Close": null,