{
    "AAPL": {
        "Open": 0.22544600069522858,
        "High": 0.24776799976825714,
        "Low": 0.22321400046348572,
        "Close": 0.234933003783226,
        "Adj Close": 0.19710038602352142,
        "Volume": 4190480000.0
    },
    "ABBV": {
        "Open": null,
        "High": null,
        "Low": null,
        "Close": null,
        "Adj Close": null,
        "Volume": null
    },
    "ABT": {
        "Open": 14.196490287780762,
        "High": 14.252602577209473,
        "Low": 14.126350402832031,
        "Close": 14.196490287780762,
        "Adj Close": 7.070563316345215,
        "Volume": 4826010.0
    },
    "ACN": {
        "Open": null,
        "High": null,
        "Low": null,
        "Close": null,
        "Adj Close": null,
        "Volume": null
    },
    "ADBE": {
        "Open": 4.953125,
        "High": 5.15625,
        "Low": 4.828125,
        "Close": 5.03125,
        "Adj Close": 4.959554672241211,
        "Volume": 22436800.0
    },
    "AIG": {
        "Open": 720.0,
        "High": 727.111083984375,
        "Low": 716.4444580078125,
        "Close": 727.111083984375,
        "Adj Close": 425.81317138671875,
        "Volume": 116606.0
    },
    "AMD": {
        "Open": 19.25,
        "High": 19.625,
        "Low": 18.875,
        "Close": 19.09375,
        "Adj Close": 19.09375,
        "Volume": 4086600.0
    },
    "AMGN": {
        "Open": 14.359375,
        "High": 14.8125,
        "Low": 14.3125,
        "Close": 14.75,
        "Adj Close": 9.97673225402832,
        "Volume": 13988400.0
    },
    "AMT": {
        "Open": null,
        "High": null,
        "Low": null,
        "Close": null,
        "Adj Close": null,
        "Volume": null
    },
    "AMZN": {
        "Open": 0.11041700094938278,
        "High": 0.11562500149011612,
        "Low": 0.109375,
        "Close": 0.11249999701976776,
        "Adj Close": 0.11249999701976776,
        "Volume": 24864000.0
    },
    "AVGO": {
        "Open": null,
        "High": null,
        "Low": null,
        "Close": null,
        "Adj Close": null,
        "Volume": null
    },
    "AXP": {
        "Open": 24.253103256225586,
        "High": 24.727224349975586,
        "Low": 24.16192626953125,
        "Close": 24.617813110351562,
        "Adj Close": 16.960010528564453,
        "Volume": 3465440.0
    },
    "BA": {
        "Open": 58.125,
        "High": 58.5625,
        "Low": 57.8125,
        "Close": 58.3125,
        "Adj Close": 36.47550964355469,
        "Volume": 3090700.0
    },
    "BAC": {
        "Open": 34.625,
        "High": 35.21875,
        "Low": 34.625,
        "Close": 35.0,
        "Adj Close": 16.814193725585938,
        "Volume": 3551200.0
    },
    "BK": {
        "Open": 25.274274826049805,
        "High": 25.638647079467773,
        "Low": 25.009275436401367,
        "Close": 25.208023071289062,
        "Adj Close": 13.273886680603027,
        "Volume": 2409255.0
    },
    "BKNG": {
        "Open": null,
        "High": null,
        "Low": null,
        "Close": null,
        "Adj Close": null,
        "Volume": null
    },
    "BLK": {
        "Open": null,
        "High": null,
        "Low": null,
        "Close": null,
        "Adj Close": null,
        "Volume": null
    },
    "BMY": {
        "Open": 37.446475982666016,
        "High": 38.011592864990234,
        "Low": 37.38698959350586,
        "Close": 37.773651123046875,
        "Adj Close": 13.809731483459473,
        "Volume": 3922768.0
    },
    "BRK-B": {
        "Open": 31.600000381469727,
        "High": 31.65999984741211,
        "Low": 31.579999923706055,
        "Close": 31.600000381469727,
        "Adj Close": 31.600000381469727,
        "Volume": 40000.0
    },
    "C": {
        "Open": 233.125,
        "High": 235.8333282470703,
        "Low": 231.4583282470703,
        "Close": 233.3333282470703,
        "Adj Close": 118.41008758544922,
        "Volume": 522060.0
    },
    "CAT": {
        "Open": 29.25,
        "High": 29.75,
        "Low": 28.9375,
        "Close": 29.25,
        "Adj Close": 14.372014045715332,
        "Volume": 2215800.0
    },
    "CL": {
        "Open": 18.328125,
        "High": 18.65625,
        "Low": 18.125,
        "Close": 18.46875,
        "Adj Close": 10.18597412109375,
        "Volume": 3762000.0
    },
    "CMCSA": {
        "Open": 3.6707279682159424,
        "High": 3.8269290924072266,
        "Low": 3.6316781044006348,
        "Close": 3.77811598777771,
        "Adj Close": 2.5525062084198,
        "Volume": 4190109.0
    },
    "COF": {
        "Open": 12.145833015441895,
        "High": 12.583333015441895,
        "Low": 12.104166984558105,
        "Close": 12.5,
        "Adj Close": 8.979639053344727,
        "Volume": 1415100.0
    },
    "COP": {
        "Open": 17.723859786987305,
        "High": 17.96208381652832,
        "Low": 17.70003890991211,
        "Close": 17.914438247680664,
        "Adj Close": 7.3382344245910645,
        "Volume": 2550122.0
    },
    "COST": {
        "Open": 18.5625,
        "High": 18.5625,
        "Low": 18.3125,
        "Close": 18.53125,
        "Adj Close": 12.363447189331055,
        "Volume": 4771200.0
    },
    "CRM": {
        "Open": null,
        "High": null,
        "Low": null,
        "Close": null,
        "Adj Close": null,
        "Volume": null
    },
    "CSCO": {
        "Open": 8.958333015441895,
        "High": 8.972222328186035,
        "Low": 8.791666984558105,
        "Close": 8.930556297302246,
        "Adj Close": 5.778529167175293,
        "Volume": 139983300.0
    },
    "CVS": {
        "Open": 14.25,
        "High": 14.359375,
        "Low": 14.171875,
        "Close": 14.25,
        "Adj Close": 8.895878791809082,
        "Volume": 1590800.0
    },
    "CVX": {
        "Open": 39.5,
        "High": 40.1875,
        "Low": 39.5,
        "Close": 40.09375,
        "Adj Close": 14.162248611450195,
        "Volume": 2914400.0
    },
    "DE": {
        "Open": 28.0,
        "High": 28.21875,
        "Low": 27.6875,
        "Close": 27.96875,
        "Adj Close": 16.046655654907227,
        "Volume": 1503200.0
    },
    "DHR": {
        "Open": 4.5893120765686035,
        "High": 4.626068115234375,
        "Low": 4.568307876586914,
        "Close": 4.620817184448242,
        "Adj Close": 2.725754737854004,
        "Volume": 330894.0
    },
    "DIS": {
        "Open": 26.286115646362305,
        "High": 26.635499954223633,
        "Low": 26.183353424072266,
        "Close": 26.57384490966797,
        "Adj Close": 19.989543914794922,
        "Volume": 3501470.0
    },
    "DUK": {
        "Open": 43.52802276611328,
        "High": 44.07280349731445,
        "Low": 43.4190673828125,
        "Close": 43.90937042236328,
        "Adj Close": 12.124737739562988,
        "Volume": 1338840.0
    },
    "EMR": {
        "Open": 29.0,
        "High": 29.875,
        "Low": 29.0,
        "Close": 29.8125,
        "Adj Close": 13.91527271270752,
        "Volume": 1081000.0
    },
    "FDX": {
        "Open": 32.59375,
        "High": 33.0,
        "Low": 32.59375,
        "Close": 32.90625,
        "Adj Close": 26.347789764404297,
        "Volume": 544600.0
    },
    "GD": {
        "Open": 21.0,
        "High": 21.234375,
        "Low": 20.84375,
        "Close": 21.140625,
        "Adj Close": 11.8375825881958,
        "Volume": 546000.0
    },
    "GE": {
        "Open": 107.9296875,
        "High": 111.02479553222656,
        "Low": 107.63015747070312,
        "Close": 110.72527313232422,
        "Adj Close": 57.85921096801758,
        "Volume": 3579890.0
    },
    "GILD": {
        "Open": 0.9140629768371582,
        "High": 0.9140629768371582,
        "Low": 0.8945310115814209,
        "Close": 0.9023439884185791,
        "Adj Close": 0.6269047856330872,
        "Volume": 2835200.0
    },
    "GM": {
        "Open": null,
        "High": null,
        "Low": null,
        "Close": null,
        "Adj Close": null,
        "Volume": null
    },