{
    "AAPL": {
        "Open": 0.2148440033197403,
        "High": 0.21651799976825714,
        "Low": 0.1953130066394806,
        "Close": 0.19698700308799744,
        "Adj Close": 0.1652650237083435,
        "Volume": 1048398400.0
    },
    "ABBV": {
        "Open": null,
        "High": null,
        "Low": null,
        "Close": null,
        "Adj Close": null,
        "Volume": null
    },
    "ABT": {
        "Open": 14.392884254455566,
        "High": 14.575249671936035,
        "Low": 14.3087158203125,
        "Close": 14.350799560546875,
        "Adj Close": 7.147416591644287,
        "Volume": 7885928.0
    },
    "ACN": {
        "Open": null,
        "High": null,
        "Low": null,
        "Close": null,
        "Adj Close": null,
        "Volume": null
    },
    "ADBE": {
        "Open": 5.0625,
        "High": 5.09375,
        "Low": 4.953125,
        "Close": 4.960937976837158,
        "Adj Close": 4.89024543762207,
        "Volume": 7332800.0
    },
    "AIG": {
        "Open": 721.7777709960938,
        "High": 728.0,
        "Low": 705.7777709960938,
        "Close": 708.0,
        "Adj Close": 414.6209716796875,
        "Volume": 174825.0
    },
    "AMD": {
        "Open": 17.96875,
        "High": 18.375,
        "Low": 17.84375,
        "Close": 17.875,
        "Adj Close": 17.875,
        "Volume": 1797000.0
    },
    "AMGN": {
        "Open": 13.09375,
        "High": 13.28125,
        "Low": 12.40625,
        "Close": 12.546875,
        "Adj Close": 8.486564636230469,
        "Volume": 91479200.0
    },
    "AMT": {
        "Open": null,
        "High": null,
        "Low": null,
        "Close": null,
        "Adj Close": null,
        "Volume": null
    },
    "AMZN": {
        "Open": 0.11406300216913223,
        "High": 0.11510399729013443,
        "Low": 0.10989599674940109,
        "Close": 0.10989599674940109,
        "Adj Close": 0.10989599674940109,
        "Volume": 11424000.0
    },
    "AVGO": {
        "Open": null,
        "High": null,
        "Low": null,
        "Close": null,
        "Adj Close": null,
        "Volume": null
    },
    "AXP": {
        "Open": 24.143692016601562,
        "High": 24.216632843017578,
        "Low": 23.633100509643555,
        "Close": 23.633100509643555,
        "Adj Close": 16.281604766845703,
        "Volume": 3641951.0
    },
    "BA": {
        "Open": 59.0625,
        "High": 59.125,
        "Low": 56.625,
        "Close": 56.6875,
        "Adj Close": 35.45904541015625,
        "Volume": 2824900.0
    },
    "BAC": {
        "Open": 33.5625,
        "High": 33.875,
        "Low": 33.03125,
        "Close": 33.0625,
        "Adj Close": 15.88339900970459,
        "Volume": 3962600.0
    },
    "BK": {
        "Open": 24.909900665283203,
        "High": 25.141773223876953,
        "Low": 24.048654556274414,
        "Close": 24.048654556274414,
        "Adj Close": 12.663396835327148,
        "Volume": 1164910.0
    },
    "BKNG": {
        "Open": null,
        "High": null,
        "Low": null,
        "Close": null,
        "Adj Close": null,
        "Volume": null
    },
    "BLK": {
        "Open": null,
        "High": null,
        "Low": null,
        "Close": null,
        "Adj Close": null,
        "Volume": null
    },
    "BMY": {
        "Open": 35.84035110473633,
        "High": 36.25675582885742,
        "Low": 35.483436584472656,
        "Close": 35.57266616821289,
        "Adj Close": 13.005067825317383,
        "Volume": 4845673.0
    },
    "BRK-B": {
        "Open": 29.799999237060547,
        "High": 29.979999542236328,
        "Low": 29.719999313354492,
        "Close": 29.739999771118164,
        "Adj Close": 29.739999771118164,
        "Volume": 80000.0
    },
    "C": {
        "Open": 227.2916717529297,
        "High": 227.9166717529297,
        "Low": 219.1666717529297,
        "Close": 219.5833282470703,
        "Adj Close": 111.432373046875,
        "Volume": 436860.0
    },
    "CAT": {
        "Open": 29.625,
        "High": 29.6875,
        "Low": 29.09375,
        "Close": 29.28125,
        "Adj Close": 14.387364387512207,
        "Volume": 2108400.0
    },
    "CL": {
        "Open": 17.125,
        "High": 17.40625,
        "Low": 16.9375,
        "Close": 16.96875,
        "Adj Close": 9.358694076538086,
        "Volume": 4905200.0
    },
    "CMCSA": {
        "Open": 3.6316781044006348,
        "High": 3.7293028831481934,
        "Low": 3.612152099609375,
        "Close": 3.6707279682159424,
        "Adj Close": 2.4799559116363525,
        "Volume": 983987.0
    },
    "COF": {
        "Open": 12.25,
        "High": 12.3125,
        "Low": 12.1875,
        "Close": 12.208333015441895,
        "Adj Close": 8.770112037658691,
        "Volume": 727200.0
    },
    "COP": {
        "Open": 18.55764389038086,
        "High": 18.8435115814209,
        "Low": 18.55764389038086,
        "Close": 18.676755905151367,
        "Adj Close": 7.650504112243652,
        "Volume": 2231094.0
    },
    "COST": {
        "Open": 18.46875,
        "High": 18.9375,
        "Low": 18.25,
        "Close": 18.25,
        "Adj Close": 12.175800323486328,
        "Volume": 2973000.0
    },
    "CRM": {
        "Open": null,
        "High": null,
        "Low": null,
        "Close": null,
        "Adj Close": null,
        "Volume": null
    },
    "CSCO": {
        "Open": 8.4375,
        "High": 8.555556297302246,
        "Low": 8.25,
        "Close": 8.25,
        "Adj Close": 5.338174819946289,
        "Volume": 63548100.0
    },
    "CVS": {
        "Open": 14.0625,
        "High": 14.328125,
        "Low": 14.0625,
        "Close": 14.265625,
        "Adj Close": 8.905637741088867,
        "Volume": 1295600.0
    },
    "CVX": {
        "Open": 40.0,
        "High": 41.0,
        "Low": 39.90625,
        "Close": 40.40625,
        "Adj Close": 14.272636413574219,
        "Volume": 2933800.0
    },
    "DE": {
        "Open": 28.75,
        "High": 28.8125,
        "Low": 27.375,
        "Close": 27.6875,
        "Adj Close": 15.885287284851074,
        "Volume": 3147800.0
    },
    "DHR": {
        "Open": 4.54205322265625,
        "High": 4.610315799713135,
        "Low": 4.54205322265625,
        "Close": 4.547304153442383,
        "Adj Close": 2.6823925971984863,
        "Volume": 448730.0
    },
    "DIS": {
        "Open": 26.183353424072266,
        "High": 26.42997932434082,
        "Low": 25.73120880126953,
        "Close": 25.77231216430664,
        "Adj Close": 19.386606216430664,
        "Volume": 5536239.0
    },
    "DUK": {
        "Open": 43.31010818481445,
        "High": 43.58250045776367,
        "Low": 43.31010818481445,
        "Close": 43.52802276611328,
        "Adj Close": 12.01943302154541,
        "Volume": 1701027.0
    },
    "EMR": {
        "Open": 29.84375,
        "High": 29.875,
        "Low": 29.03125,
        "Close": 29.15625,
        "Adj Close": 13.608967781066895,
        "Volume": 863600.0
    },
    "FDX": {
        "Open": 32.3125,
        "High": 32.5625,
        "Low": 32.125,
        "Close": 32.375,
        "Adj Close": 25.92241096496582,
        "Volume": 486200.0
    },
    "GD": {
        "Open": 21.65625,
        "High": 21.65625,
        "Low": 21.1875,
        "Close": 21.1875,
        "Adj Close": 11.863838195800781,
        "Volume": 388400.0
    },
    "GE": {
        "Open": 107.9296875,
        "High": 108.62857818603516,
        "Low": 105.43362426757812,
        "Close": 105.73314666748047,
        "Adj Close": 55.250587463378906,
        "Volume": 2750584.0
    },
    "GILD": {
        "Open": 0.8671879768371582,
        "High": 0.8828129768371582,
        "Low": 0.859375,
        "Close": 0.8720700144767761,
        "Adj Close": 0.6058719754219055,
        "Volume": 4969600.0
    },
    "GM": {
        "Open": null,
        "High": null,
        "Low": null,
        "Close": null,
        "Adj Close": null,
        "Volume": null
    },
    "GOOG": {
        "Open": null,