{
    "AAPL": {
        "Open": 0.2109380066394806,
        "High": 0.21651799976825714,
        "Low": 0.202566996216774,
        "Close": 0.20535700023174286,
        "Adj Close": 0.17228718101978302,
        "Volume": 434448000.0
    },
    "ABBV": {
        "Open": null,
        "High": null,
        "Low": null,
        "Close": null,
        "Adj Close": null,
        "Volume": null
    },
    "ABT": {
        "Open": 14.182461738586426,
        "High": 14.322744369506836,
        "Low": 14.14037799835205,
        "Close": 14.280658721923828,
        "Adj Close": 7.112483501434326,
        "Volume": 3803067.0
    },
    "ACN": {
        "Open": null,
        "High": null,
        "Low": null,
        "Close": null,
        "Adj Close": null,
        "Volume": null
    },
    "ADBE": {
        "Open": 5.140625,
        "High": 5.3125,
        "Low": 5.109375,
        "Close": 5.296875,
        "Adj Close": 5.2213969230651855,
        "Volume": 11544000.0
    },
    "AIG": {
        "Open": 707.5555419921875,
        "High": 715.111083984375,
        "Low": 704.0,
        "Close": 704.0,
        "Adj Close": 412.27862548828125,
        "Volume": 105216.0
    },
    "AMD": {
        "Open": 19.25,
        "High": 19.625,
        "Low": 18.75,
        "Close": 19.0,
        "Adj Close": 19.0,
        "Volume": 5281600.0
    },
    "AMGN": {
        "Open": 12.40625,
        "High": 12.59375,
        "Low": 12.40625,
        "Close": 12.46875,
        "Adj Close": 8.433721542358398,
        "Volume": 40013600.0
    },
    "AMT": {
        "Open": null,
        "High": null,
        "Low": null,
        "Close": null,
        "Adj Close": null,
        "Volume": null
    },
    "AMZN": {
        "Open": 0.10885400325059891,
        "High": 0.11249999701976776,
        "Low": 0.10599000006914139,
        "Close": 0.10781300067901611,
        "Adj Close": 0.10781300067901611,
        "Volume": 20832000.0
    },
    "AVGO": {
        "Open": null,
        "High": null,
        "Low": null,
        "Close": null,
        "Adj Close": null,
        "Volume": null
    },
    "AXP": {
        "Open": 24.107221603393555,
        "High": 24.289575576782227,
        "Low": 23.9978084564209,
        "Close": 24.125455856323242,
        "Adj Close": 16.62082290649414,
        "Volume": 4194790.0
    },
    "BA": {
        "Open": 58.0625,
        "High": 58.6875,
        "Low": 56.875,
        "Close": 57.9375,
        "Adj Close": 36.330650329589844,
        "Volume": 3366400.0
    },
    "BAC": {
        "Open": 33.53125,
        "High": 33.6875,
        "Low": 33.0625,
        "Close": 33.34375,
        "Adj Close": 16.018516540527344,
        "Volume": 2445800.0
    },
    "BK": {
        "Open": 24.909900665283203,
        "High": 25.174898147583008,
        "Low": 24.67802619934082,
        "Close": 24.909900665283203,
        "Adj Close": 13.116905212402344,
        "Volume": 1580384.0
    },
    "BKNG": {
        "Open": null,
        "High": null,
        "Low": null,
        "Close": null,
        "Adj Close": null,
        "Volume": null
    },
    "BLK": {
        "Open": null,
        "High": null,
        "Low": null,
        "Close": null,
        "Adj Close": null,
        "Volume": null
    },
    "BMY": {
        "Open": 34.85883331298828,
        "High": 36.64341354370117,
        "Low": 34.85883331298828,
        "Close": 36.227012634277344,
        "Adj Close": 13.24429702758789,
        "Volume": 7554501.0
    },
    "BRK-B": {
        "Open": 29.760000228881836,
        "High": 29.920000076293945,
        "Low": 29.5,
        "Close": 29.520000457763672,
        "Adj Close": 29.520000457763672,
        "Volume": 120000.0
    },
    "C": {
        "Open": 228.3333282470703,
        "High": 229.375,
        "Low": 224.5833282470703,
        "Close": 227.5,
        "Adj Close": 115.44987487792969,
        "Volume": 493680.0
    },
    "CAT": {
        "Open": 29.65625,
        "High": 29.90625,
        "Low": 29.15625,
        "Close": 29.71875,
        "Adj Close": 14.602327346801758,
        "Volume": 2274200.0
    },
    "CL": {
        "Open": 17.5,
        "High": 17.8125,
        "Low": 17.4375,
        "Close": 17.546875,
        "Adj Close": 9.677545547485352,
        "Volume": 5414800.0
    },
    "CMCSA": {
        "Open": 3.680490016937256,
        "High": 3.7488279342651367,
        "Low": 3.651202917098999,
        "Close": 3.7390658855438232,
        "Adj Close": 2.5261242389678955,
        "Volume": 813054.0
    },
    "COF": {
        "Open": 12.0,
        "High": 12.125,
        "Low": 11.833333015441895,
        "Close": 11.875,
        "Adj Close": 8.530658721923828,
        "Volume": 1251000.0
    },
    "COP": {
        "Open": 18.46235466003418,
        "High": 18.605287551879883,
        "Low": 18.057373046875,
        "Close": 18.295597076416016,
        "Adj Close": 7.494369983673096,
        "Volume": 974661.0
    },
    "COST": {
        "Open": 17.53125,
        "High": 17.6875,
        "Low": 17.5,
        "Close": 17.59375,
        "Adj Close": 11.737971305847168,
        "Volume": 6441400.0
    },
    "CRM": {
        "Open": null,
        "High": null,
        "Low": null,
        "Close": null,
        "Adj Close": null,
        "Volume": null
    },
    "CSCO": {
        "Open": 8.375,
        "High": 8.5625,
        "Low": 8.36111068725586,
        "Close": 8.555556297302246,
        "Adj Close": 5.535884857177734,
        "Volume": 57993300.0
    },
    "CVS": {
        "Open": 14.21875,
        "High": 14.34375,
        "Low": 14.125,
        "Close": 14.25,
        "Adj Close": 8.895878791809082,
        "Volume": 1811600.0
    },
    "CVX": {
        "Open": 39.5625,
        "High": 39.71875,
        "Low": 39.0,
        "Close": 39.28125,
        "Adj Close": 13.875252723693848,
        "Volume": 3136000.0
    },
    "DE": {
        "Open": 28.46875,
        "High": 28.53125,
        "Low": 27.28125,
        "Close": 27.78125,
        "Adj Close": 15.939075469970703,
        "Volume": 1810600.0
    },
    "DHR": {
        "Open": 4.568307876586914,
        "High": 4.626068115234375,
        "Low": 4.568307876586914,
        "Close": 4.599813938140869,
        "Adj Close": 2.7133660316467285,
        "Volume": 2829261.0
    },
    "DIS": {
        "Open": 25.977832794189453,
        "High": 26.327219009399414,
        "Low": 25.52568817138672,
        "Close": 25.936729431152344,
        "Adj Close": 19.51028060913086,
        "Volume": 4675621.0
    },
    "DUK": {
        "Open": 42.54741668701172,
        "High": 42.81980514526367,
        "Low": 42.16606903076172,
        "Close": 42.49293899536133,
        "Adj Close": 11.864290237426758,
        "Volume": 796535.0
    },
    "EMR": {
        "Open": 28.65625,
        "High": 28.96875,
        "Low": 28.0625,
        "Close": 28.21875,
        "Adj Close": 13.23265266418457,
        "Volume": 1316800.0
    },
    "FDX": {
        "Open": 32.8125,
        "High": 33.0625,
        "Low": 32.625,
        "Close": 32.8125,
        "Adj Close": 26.272716522216797,
        "Volume": 992200.0
    },
    "GD": {
        "Open": 21.171875,
        "High": 21.625,
        "Low": 20.796875,
        "Close": 20.921875,
        "Adj Close": 11.71509075164795,
        "Volume": 777200.0
    },
    "GE": {
        "Open": 107.23078918457031,
        "High": 107.72999572753906,
        "Low": 105.43362426757812,
        "Close": 106.63172912597656,
        "Adj Close": 55.72013473510742,
        "Volume": 2940383.0
    },
    "GILD": {
        "Open": 0.859375,
        "High": 0.8789060115814209,
        "Low": 0.859375,
        "Close": 0.8730469942092896,
        "Adj Close": 0.6065505743026733,
        "Volume": 2710400.0
    },
    "GM": {
        "Open": null,
        "High": null,
        "Low": null,
        "Close": null,
        "Adj Close": null,
        "Volume": null
    },
    "GOOG": {
        "Open": null,
        "High": null,
        "Low": null,