{
    "AAPL": {
        "Open": 0.2114959955215454,
        "High": 0.21875,
        "Low": 0.20814700424671173,
        "Close": 0.218191996216774,
        "Adj Close": 0.18305528163909912,
        "Volume": 289161600.0
    },
    "ABBV": {
        "Open": null,
        "High": null,
        "Low": null,
        "Close": null,
        "Adj Close": null,
        "Volume": null
    },
    "ABT": {
        "Open": 14.028153419494629,
        "High": 14.084264755249023,
        "Low": 13.747589111328125,
        "Close": 13.845787048339844,
        "Adj Close": 6.895900726318359,
        "Volume": 8337698.0
    },
    "ACN": {
        "Open": null,
        "High": null,
        "Low": null,
        "Close": null,
        "Adj Close": null,
        "Volume": null
    },
    "ADBE": {
        "Open": 5.1875,
        "High": 5.203125,
        "Low": 4.953125,
        "Close": 5.148437976837158,
        "Adj Close": 5.075073719024658,
        "Volume": 13548800.0
    },
    "AIG": {
        "Open": 699.5555419921875,
        "High": 703.5555419921875,
        "Low": 692.4444580078125,
        "Close": 703.111083984375,
        "Adj Close": 411.7581481933594,
        "Volume": 146109.0
    },
    "AMD": {
        "Open": 20.96875,
        "High": 21.125,
        "Low": 20.3125,
        "Close": 20.6875,
        "Adj Close": 20.6875,
        "Volume": 10580600.0
    },
    "AMGN": {
        "Open": 12.578125,
        "High": 12.765625,
        "Low": 12.5,
        "Close": 12.609375,
        "Adj Close": 8.528838157653809,
        "Volume": 23963600.0
    },
    "AMT": {
        "Open": null,
        "High": null,
        "Low": null,
        "Close": null,
        "Adj Close": null,
        "Volume": null
    },
    "AMZN": {
        "Open": 0.10468800365924835,
        "High": 0.11041700094938278,
        "Low": 0.10260400176048279,
        "Close": 0.10833299905061722,
        "Adj Close": 0.10833299905061722,
        "Volume": 20064000.0
    },
    "AVGO": {
        "Open": null,
        "High": null,
        "Low": null,
        "Close": null,
        "Adj Close": null,
        "Volume": null
    },
    "AXP": {
        "Open": 23.596628189086914,
        "High": 24.2348690032959,
        "Low": 23.54192352294922,
        "Close": 24.16192626953125,
        "Adj Close": 16.645936965942383,
        "Volume": 5175368.0
    },
    "BA": {
        "Open": 56.0,
        "High": 57.375,
        "Low": 56.0,
        "Close": 57.375,
        "Adj Close": 35.977928161621094,
        "Volume": 2605400.0
    },
    "BAC": {
        "Open": 32.375,
        "High": 32.65625,
        "Low": 32.09375,
        "Close": 32.53125,
        "Adj Close": 15.628185272216797,
        "Volume": 5061600.0
    },
    "BK": {
        "Open": 25.40677261352539,
        "High": 25.671772003173828,
        "Low": 25.208023071289062,
        "Close": 25.506147384643555,
        "Adj Close": 13.430869102478027,
        "Volume": 1663780.0
    },
    "BKNG": {
        "Open": null,
        "High": null,
        "Low": null,
        "Close": null,
        "Adj Close": null,
        "Volume": null
    },
    "BLK": {
        "Open": null,
        "High": null,
        "Low": null,
        "Close": null,
        "Adj Close": null,
        "Volume": null
    },
    "BMY": {
        "Open": 35.6916389465332,
        "High": 37.53570556640625,
        "Low": 34.29371643066406,
        "Close": 36.79212951660156,
        "Adj Close": 13.450897216796875,
        "Volume": 6202503.0
    },
    "BRK-B": {
        "Open": 29.440000534057617,
        "High": 30.520000457763672,
        "Low": 29.440000534057617,
        "Close": 30.200000762939453,
        "Adj Close": 30.200000762939453,
        "Volume": 190000.0
    },
    "C": {
        "Open": 221.4583282470703,
        "High": 227.2916717529297,
        "Low": 219.1666717529297,
        "Close": 227.0833282470703,
        "Adj Close": 115.23843383789062,
        "Volume": 557940.0
    },
    "CAT": {
        "Open": 29.21875,
        "High": 29.78125,
        "Low": 29.21875,
        "Close": 29.78125,
        "Adj Close": 14.633041381835938,
        "Volume": 2097200.0
    },
    "CL": {
        "Open": 16.65625,
        "High": 17.109375,
        "Low": 16.59375,
        "Close": 17.0,
        "Adj Close": 9.37592601776123,
        "Volume": 6973200.0
    },
    "CMCSA": {
        "Open": 3.6707279682159424,
        "High": 3.709778070449829,
        "Low": 3.651202917098999,
        "Close": 3.6707279682159424,
        "Adj Close": 2.4799559116363525,
        "Volume": 547371.0
    },
    "COF": {
        "Open": 11.708333015441895,
        "High": 13.125,
        "Low": 11.6875,
        "Close": 13.0,
        "Adj Close": 9.338831901550293,
        "Volume": 3816300.0
    },
    "COP": {
        "Open": 17.96208381652832,
        "High": 18.15266227722168,
        "Low": 17.723859786987305,
        "Close": 18.15266227722168,
        "Adj Close": 7.435819625854492,
        "Volume": 1526925.0
    },
    "COST": {
        "Open": 17.375,
        "High": 17.8125,
        "Low": 17.3125,
        "Close": 17.75,
        "Adj Close": 11.842214584350586,
        "Volume": 4512000.0
    },
    "CRM": {
        "Open": null,
        "High": null,
        "Low": null,
        "Close": null,
        "Adj Close": null,
        "Volume": null
    },
    "CSCO": {
        "Open": 8.527777671813965,
        "High": 8.541666984558105,
        "Low": 8.347222328186035,
        "Close": 8.416666984558105,
        "Adj Close": 5.446016788482666,
        "Volume": 67572900.0
    },
    "CVS": {
        "Open": 14.09375,
        "High": 14.171875,
        "Low": 13.875,
        "Close": 14.0,
        "Adj Close": 8.739809036254883,
        "Volume": 2308400.0
    },
    "CVX": {
        "Open": 38.8125,
        "High": 39.46875,
        "Low": 38.625,
        "Close": 39.46875,
        "Adj Close": 14.047027587890625,
        "Volume": 1710800.0
    },
    "DE": {
        "Open": 28.5,
        "High": 28.5,
        "Low": 27.75,
        "Close": 28.25,
        "Adj Close": 16.208017349243164,
        "Volume": 1371200.0
    },
    "DHR": {
        "Open": 4.584061145782471,
        "High": 4.605064868927002,
        "Low": 4.557806015014648,
        "Close": 4.578810214996338,
        "Adj Close": 2.7009780406951904,
        "Volume": 773673.0
    },
    "DIS": {
        "Open": 25.854520797729492,
        "High": 26.20390510559082,
        "Low": 25.64900016784668,
        "Close": 26.20390510559082,
        "Adj Close": 19.711261749267578,
        "Volume": 7435986.0
    },
    "DUK": {
        "Open": 42.71084976196289,
        "High": 43.14667510986328,
        "Low": 42.71084976196289,
        "Close": 43.0377197265625,
        "Adj Close": 12.016390800476074,
        "Volume": 961051.0
    },
    "EMR": {
        "Open": 28.25,
        "High": 28.25,
        "Low": 27.8125,
        "Close": 28.125,
        "Adj Close": 13.18868637084961,
        "Volume": 1854000.0
    },
    "FDX": {
        "Open": 32.96875,
        "High": 34.03125,
        "Low": 32.8125,
        "Close": 33.5,
        "Adj Close": 26.823192596435547,
        "Volume": 1346800.0
    },
    "GD": {
        "Open": 20.5,
        "High": 20.609375,
        "Low": 20.28125,
        "Close": 20.609375,
        "Adj Close": 11.540111541748047,
        "Volume": 626800.0
    },
    "GE": {
        "Open": 105.83299255371094,
        "High": 106.33220672607422,
        "Low": 104.43519592285156,
        "Close": 106.03267669677734,
        "Adj Close": 55.4071159362793,
        "Volume": 3898893.0
    },
    "GILD": {
        "Open": 0.875,
        "High": 0.9023439884185791,
        "Low": 0.875,
        "Close": 0.9023439884185791,
        "Adj Close": 0.6269047856330872,
        "Volume": 2041600.0
    },
    "GM": {
        "Open": null,
        "High": null,
        "Low": null,
        "Close": null,
        "Adj Close": null,
        "Volume": null
    },