{
    "AAPL": {
        "Open": 0.2109380066394806,
        "High": 0.2114959955215454,
        "Low": 0.20479899644851685,
        "Close": 0.20591500401496887,
        "Adj Close": 0.17275533080101013,
        "Volume": 138633600.0
    },
    "ABBV": {
        "Open": null,
        "High": null,
        "Low": null,
        "Close": null,
        "Adj Close": null,
        "Volume": null
    },
    "ABT": {
        "Open": 13.663420677185059,
        "High": 13.789673805236816,
        "Low": 13.354801177978516,
        "Close": 13.354801177978516,
        "Adj Close": 6.651361465454102,
        "Volume": 6175083.0
    },
    "ACN": {
        "Open": null,
        "High": null,
        "Low": null,
        "Close": null,
        "Adj Close": null,
        "Volume": null
    },
    "ADBE": {
        "Open": 5.390625,
        "High": 5.40625,
        "Low": 5.234375,
        "Close": 5.34375,
        "Adj Close": 5.267604351043701,
        "Volume": 8069600.0
    },
    "AIG": {
        "Open": 704.888916015625,
        "High": 705.3333129882812,
        "Low": 694.2222290039062,
        "Close": 703.111083984375,
        "Adj Close": 411.7581481933594,
        "Volume": 106552.0
    },
    "AMD": {
        "Open": 21.0,
        "High": 21.1875,
        "Low": 20.40625,
        "Close": 20.53125,
        "Adj Close": 20.53125,
        "Volume": 3384200.0
    },
    "AMGN": {
        "Open": 13.375,
        "High": 13.40625,
        "Low": 13.03125,
        "Close": 13.078125,
        "Adj Close": 8.845897674560547,
        "Volume": 10944800.0
    },
    "AMT": {
        "Open": null,
        "High": null,
        "Low": null,
        "Close": null,
        "Adj Close": null,
        "Volume": null
    },
    "AMZN": {
        "Open": 0.10520800203084946,
        "High": 0.11302100121974945,
        "Low": 0.10520800203084946,
        "Close": 0.11093799769878387,
        "Adj Close": 0.11093799769878387,
        "Volume": 22536000.0
    },
    "AVGO": {
        "Open": null,
        "High": null,
        "Low": null,
        "Close": null,
        "Adj Close": null,
        "Volume": null
    },
    "AXP": {
        "Open": 23.979572296142578,
        "High": 24.216632843017578,
        "Low": 23.5236873626709,
        "Close": 23.651334762573242,
        "Adj Close": 16.294178009033203,
        "Volume": 2734034.0
    },
    "BA": {
        "Open": 55.625,
        "High": 56.25,
        "Low": 55.0625,
        "Close": 55.5,
        "Adj Close": 34.80216979980469,
        "Volume": 2250700.0
    },
    "BAC": {
        "Open": 32.15625,
        "High": 32.375,
        "Low": 31.8125,
        "Close": 32.0,
        "Adj Close": 15.37297534942627,
        "Volume": 3031400.0
    },
    "BK": {
        "Open": 24.379901885986328,
        "High": 24.644901275634766,
        "Low": 24.114904403686523,
        "Close": 24.280527114868164,
        "Adj Close": 12.785494804382324,
        "Volume": 1698875.0
    },
    "BKNG": {
        "Open": null,
        "High": null,
        "Low": null,
        "Close": null,
        "Adj Close": null,
        "Volume": null
    },
    "BLK": {
        "Open": null,
        "High": null,
        "Low": null,
        "Close": null,
        "Adj Close": null,
        "Volume": null
    },
    "BMY": {
        "Open": 36.4649543762207,
        "High": 37.297760009765625,
        "Low": 36.197269439697266,
        "Close": 36.52444076538086,
        "Adj Close": 13.353036880493164,
        "Volume": 3666825.0
    },
    "BRK-B": {
        "Open": 29.059999465942383,
        "High": 29.399999618530273,
        "Low": 29.0,
        "Close": 29.260000228881836,
        "Adj Close": 29.260000228881836,
        "Volume": 95000.0
    },
    "C": {
        "Open": 223.5416717529297,
        "High": 224.1666717529297,
        "Low": 218.75,
        "Close": 220.8333282470703,
        "Adj Close": 112.06670379638672,
        "Volume": 269250.0
    },
    "CAT": {
        "Open": 29.625,
        "High": 30.125,
        "Low": 29.625,
        "Close": 29.875,
        "Adj Close": 14.679100036621094,
        "Volume": 1360800.0
    },
    "CL": {
        "Open": 16.25,
        "High": 16.59375,
        "Low": 16.1875,
        "Close": 16.40625,
        "Adj Close": 9.048460006713867,
        "Volume": 4459200.0
    },
    "CMCSA": {
        "Open": 3.709778070449829,
        "High": 3.7488279342651367,
        "Low": 3.680490016937256,
        "Close": 3.7390658855438232,
        "Adj Close": 2.5261242389678955,
        "Volume": 606910.0
    },
    "COF": {
        "Open": 12.833333015441895,
        "High": 13.0625,
        "Low": 12.6875,
        "Close": 12.958333015441895,
        "Adj Close": 9.308892250061035,
        "Volume": 1824600.0
    },
    "COP": {
        "Open": 18.55764389038086,
        "High": 18.55764389038086,
        "Low": 17.98590660095215,
        "Close": 18.057373046875,
        "Adj Close": 7.396791934967041,
        "Volume": 1238068.0
    },
    "COST": {
        "Open": 17.625,
        "High": 18.0,
        "Low": 17.375,
        "Close": 18.0,
        "Adj Close": 12.00900936126709,
        "Volume": 2588200.0
    },
    "CRM": {
        "Open": null,
        "High": null,
        "Low": null,
        "Close": null,
        "Adj Close": null,
        "Volume": null
    },
    "CSCO": {
        "Open": 8.555556297302246,
        "High": 8.770833015441895,
        "Low": 8.506943702697754,
        "Close": 8.6875,
        "Adj Close": 5.621257781982422,
        "Volume": 46105200.0
    },
    "CVS": {
        "Open": 14.0625,
        "High": 14.234375,
        "Low": 14.03125,
        "Close": 14.125,
        "Adj Close": 8.817848205566406,
        "Volume": 2486000.0
    },
    "CVX": {
        "Open": 39.5625,
        "High": 40.0,
        "Low": 38.875,
        "Close": 39.28125,
        "Adj Close": 13.980307579040527,
        "Volume": 1724800.0
    },
    "DE": {
        "Open": 28.75,
        "High": 29.34375,
        "Low": 28.5,
        "Close": 29.15625,
        "Adj Close": 16.727968215942383,
        "Volume": 949400.0
    },
    "DHR": {
        "Open": 4.536802768707275,
        "High": 4.5893120765686035,
        "Low": 4.52630090713501,
        "Close": 4.54205322265625,
        "Adj Close": 2.679293155670166,
        "Volume": 194013.0
    },
    "DIS": {
        "Open": 25.69010353088379,
        "High": 25.998384475708008,
        "Low": 25.60789680480957,
        "Close": 25.751760482788086,
        "Adj Close": 19.37114715576172,
        "Volume": 2707451.0
    },
    "DUK": {
        "Open": 42.98324203491211,
        "High": 43.47354507446289,
        "Low": 42.81980514526367,
        "Close": 43.47354507446289,
        "Adj Close": 12.138083457946777,
        "Volume": 863305.0
    },
    "EMR": {
        "Open": 27.8125,
        "High": 28.21875,
        "Low": 27.75,
        "Close": 28.0,
        "Adj Close": 13.130073547363281,
        "Volume": 1748000.0
    },
    "FDX": {
        "Open": 34.53125,
        "High": 34.84375,
        "Low": 34.09375,
        "Close": 34.25,
        "Adj Close": 27.4237117767334,
        "Volume": 564800.0
    },
    "GD": {
        "Open": 20.78125,
        "High": 21.046875,
        "Low": 20.78125,
        "Close": 20.890625,
        "Adj Close": 11.697591781616211,
        "Volume": 293600.0
    },
    "GE": {
        "Open": 103.73629760742188,
        "High": 104.93441009521484,
        "Low": 102.13882446289062,
        "Close": 102.43834686279297,
        "Adj Close": 53.52890396118164,
        "Volume": 2807298.0
    },
    "GILD": {
        "Open": 0.921875,
        "High": 1.0,
        "Low": 0.921875,
        "Close": 0.9941409826278687,
        "Adj Close": 0.6906809210777283,
        "Volume": 24540800.0
    },
    "GM": {
        "Open": null,
        "High": null,
        "Low": null,
        "Close": null,
        "Adj Close": null,
        "Volume": null
    },
    "GOOG": {
        "Open": null,
        "High": null,