{
    "AAPL": {
        "Open": 0.5892860293388367,
        "High": 0.609375,
        "Low": 0.5892860293388367,
        "Close": 0.5954239964485168,
        "Adj Close": 0.49953949451446533,
        "Volume": 263121600.0
    },
    "ABBV": {
        "Open": null,
        "High": null,
        "Low": null,
        "Close": null,
        "Adj Close": null,
        "Volume": null
    },
    "ABT": {
        "Open": 18.404935836791992,
        "High": 19.246625900268555,
        "Low": 18.29271125793457,
        "Close": 18.601329803466797,
        "Adj Close": 9.5413236618042,
        "Volume": 13150119.0
    },
    "ACN": {
        "Open": null,
        "High": null,
        "Low": null,
        "Close": null,
        "Adj Close": null,
        "Volume": null
    },
    "ADBE": {
        "Open": 14.40625,
        "High": 15.085938453674316,
        "Low": 14.375,
        "Close": 15.0,
        "Adj Close": 14.88831901550293,
        "Volume": 7292800.0
    },
    "AIG": {
        "Open": 1250.8333740234375,
        "High": 1253.3333740234375,
        "Low": 1218.3333740234375,
        "Close": 1226.6666259765625,
        "Adj Close": 722.3718872070312,
        "Volume": 100560.0
    },
    "AMD": {
        "Open": 9.4375,
        "High": 9.5625,
        "Low": 9.34375,
        "Close": 9.5,
        "Adj Close": 9.5,
        "Volume": 2307400.0
    },
    "AMGN": {
        "Open": 44.21875,
        "High": 45.0,
        "Low": 43.75,
        "Close": 44.96875,
        "Adj Close": 30.41635513305664,
        "Volume": 3871000.0
    },
    "AMT": {
        "Open": 19.125,
        "High": 19.8125,
        "Low": 19.0625,
        "Close": 19.8125,
        "Adj Close": 14.486464500427246,
        "Volume": 609700.0
    },
    "AMZN": {
        "Open": 4.456250190734863,
        "High": 4.46875,
        "Low": 4.337500095367432,
        "Close": 4.418749809265137,
        "Adj Close": 4.418749809265137,
        "Volume": 133848000.0
    },
    "AVGO": {
        "Open": null,
        "High": null,
        "Low": null,
        "Close": null,
        "Adj Close": null,
        "Volume": null
    },
    "AXP": {
        "Open": 43.60087966918945,
        "High": 43.619117736816406,
        "Low": 42.88970184326172,
        "Close": 43.436763763427734,
        "Adj Close": 30.534221649169922,
        "Volume": 4415172.0
    },
    "BA": {
        "Open": 42.0,
        "High": 42.75,
        "Low": 41.75,
        "Close": 41.9375,
        "Adj Close": 26.984107971191406,
        "Volume": 2612000.0
    },
    "BAC": {
        "Open": 28.0625,
        "High": 28.125,
        "Low": 27.0625,
        "Close": 27.0625,
        "Adj Close": 13.766844749450684,
        "Volume": 6239200.0
    },
    "BK": {
        "Open": 38.88859558105469,
        "High": 38.88859558105469,
        "Low": 38.093597412109375,
        "Close": 38.159847259521484,
        "Adj Close": 20.78717041015625,
        "Volume": 921041.0
    },
    "BKNG": {
        "Open": 450.0,
        "High": 459.75,
        "Low": 444.75,
        "Close": 456.0,
        "Adj Close": 448.6587829589844,
        "Volume": 255300.0
    },
    "BLK": {
        "Open": 14.0625,
        "High": 14.125,
        "Low": 14.0,
        "Close": 14.0625,
        "Adj Close": 8.415629386901855,
        "Volume": 77500.0
    },
    "BMY": {
        "Open": 72.27556610107422,
        "High": 73.28682708740234,
        "Low": 72.21607971191406,
        "Close": 72.69197082519531,
        "Adj Close": 27.458040237426758,
        "Volume": 3264210.0
    },
    "BRK-B": {
        "Open": 38.52000045776367,
        "High": 39.060001373291016,
        "Low": 38.47999954223633,
        "Close": 38.900001525878906,
        "Adj Close": 38.900001525878906,
        "Volume": 350000.0
    },
    "C": {
        "Open": 348.75,
        "High": 352.5,
        "Low": 343.125,
        "Close": 344.0625,
        "Adj Close": 178.41653442382812,
        "Volume": 687680.0
    },
    "CAT": {
        "Open": 28.59375,
        "High": 29.4375,
        "Low": 28.59375,
        "Close": 29.21875,
        "Adj Close": 14.985479354858398,
        "Volume": 3451400.0
    },
    "CL": {
        "Open": 26.53125,
        "High": 26.84375,
        "Low": 26.1875,
        "Close": 26.75,
        "Adj Close": 15.145928382873535,
        "Volume": 1798600.0
    },
    "CMCSA": {
        "Open": 11.324585914611816,
        "High": 11.519838333129883,
        "Low": 11.305061340332031,
        "Close": 11.402687072753906,
        "Adj Close": 7.7374677658081055,
        "Volume": 333864.0
    },
    "COF": {
        "Open": 46.4375,
        "High": 47.25,
        "Low": 45.6875,
        "Close": 46.125,
        "Adj Close": 33.37303924560547,
        "Volume": 712500.0
    },
    "COP": {
        "Open": 17.819150924682617,
        "High": 18.009729385375977,
        "Low": 17.723859786987305,
        "Close": 17.938262939453125,
        "Adj Close": 7.80039644241333,
        "Volume": 1266665.0
    },
    "COST": {
        "Open": 40.96875,
        "High": 42.1875,
        "Low": 40.375,
        "Close": 41.96875,
        "Adj Close": 28.000164031982422,
        "Volume": 4517200.0
    },
    "CRM": {
        "Open": null,
        "High": null,
        "Low": null,
        "Close": null,
        "Adj Close": null,
        "Volume": null
    },
    "CSCO": {
        "Open": 36.09375,
        "High": 36.375,
        "Low": 35.90625,
        "Close": 36.21875,
        "Adj Close": 23.43539810180664,
        "Volume": 17772200.0
    },
    "CVS": {
        "Open": 21.40625,
        "High": 21.6875,
        "Low": 21.03125,
        "Close": 21.15625,
        "Adj Close": 13.359342575073242,
        "Volume": 3462000.0
    },
    "CVX": {
        "Open": 43.4375,
        "High": 43.59375,
        "Low": 43.125,
        "Close": 43.4375,
        "Adj Close": 16.377830505371094,
        "Volume": 3179600.0
    },
    "DE": {
        "Open": 19.65625,
        "High": 19.71875,
        "Low": 19.40625,
        "Close": 19.59375,
        "Adj Close": 11.776374816894531,
        "Volume": 1396800.0
    },
    "DHR": {
        "Open": 8.91607666015625,
        "High": 9.136615753173828,
        "Low": 8.853066444396973,
        "Close": 9.073604583740234,
        "Adj Close": 5.368490695953369,
        "Volume": 2053803.0
    },
    "DIS": {
        "Open": 24.970781326293945,
        "High": 25.34071922302246,
        "Low": 24.785812377929688,
        "Close": 24.90912437438965,
        "Adj Close": 18.922380447387695,
        "Volume": 5027065.0
    },
    "DUK": {
        "Open": 47.17805480957031,
        "High": 47.45044708251953,
        "Low": 46.79670715332031,
        "Close": 46.96014404296875,
        "Adj Close": 14.183349609375,
        "Volume": 1060747.0
    },
    "EMR": {
        "Open": 30.4375,
        "High": 30.5,
        "Low": 29.59375,
        "Close": 29.78125,
        "Adj Close": 14.541000366210938,
        "Volume": 2166200.0
    },
    "FDX": {
        "Open": 42.3125,
        "High": 43.4375,
        "Low": 42.125,
        "Close": 42.75,
        "Adj Close": 34.229610443115234,
        "Volume": 1722800.0
    },
    "GD": {
        "Open": 30.65625,
        "High": 31.5,
        "Low": 30.4375,
        "Close": 31.1875,
        "Adj Close": 18.143169403076172,
        "Volume": 693400.0
    },
    "GE": {
        "Open": 197.58819580078125,
        "High": 198.78631591796875,
        "Low": 196.6896209716797,
        "Close": 196.6896209716797,
        "Adj Close": 106.1253433227539,
        "Volume": 2045974.0
    },
    "GILD": {
        "Open": 2.265625,
        "High": 2.3125,
        "Low": 2.175781011581421,
        "Close": 2.292968988418579,
        "Adj Close": 1.5930434465408325,
        "Volume": 6224000.0
    },
    "GM": {
        "Open": null,
        "High": null,
        "Low": null,
        "Close": null,
        "Adj Close": null,
        "Volume": null
    },
    "GOOG": {
        "Open": null,