{
    "AAPL": {
        "Open": 0.6183040142059326,
        "High": 0.6545760035514832,
        "Low": 0.6160709857940674,
        "Close": 0.6534600257873535,
        "Adj Close": 0.5482296347618103,
        "Volume": 1898803200.0
    },
    "ABBV": {
        "Open": null,
        "High": null,
        "Low": null,
        "Close": null,
        "Adj Close": null,
        "Volume": null
    },
    "ABT": {
        "Open": 17.0582332611084,
        "High": 17.619359970092773,
        "Low": 16.693500518798828,
        "Close": 17.22657012939453,
        "Adj Close": 8.87346076965332,
        "Volume": 20877437.0
    },
    "ACN": {
        "Open": null,
        "High": null,
        "Low": null,
        "Close": null,
        "Adj Close": null,
        "Volume": null
    },
    "ADBE": {
        "Open": 14.640625,
        "High": 14.875,
        "Low": 14.5625,
        "Close": 14.773438453674316,
        "Adj Close": 14.663442611694336,
        "Volume": 6943200.0
    },
    "AIG": {
        "Open": 1135.0,
        "High": 1150.0,
        "Low": 1113.3333740234375,
        "Close": 1133.3333740234375,
        "Adj Close": 667.4092407226562,
        "Volume": 210233.0
    },
    "AMD": {
        "Open": 9.125,
        "High": 9.25,
        "Low": 8.9375,
        "Close": 9.0,
        "Adj Close": 9.0,
        "Volume": 2009400.0
    },
    "AMGN": {
        "Open": 42.8125,
        "High": 43.59375,
        "Low": 42.1875,
        "Close": 42.703125,
        "Adj Close": 28.88391876220703,
        "Volume": 6076800.0
    },
    "AMT": {
        "Open": 18.9375,
        "High": 19.0,
        "Low": 18.0,
        "Close": 18.625,
        "Adj Close": 13.618191719055176,
        "Volume": 1380100.0
    },
    "AMZN": {
        "Open": 4.025000095367432,
        "High": 4.168749809265137,
        "Low": 3.921875,
        "Close": 3.9796879291534424,
        "Adj Close": 3.9796879291534424,
        "Volume": 254260000.0
    },
    "AVGO": {
        "Open": null,
        "High": null,
        "Low": null,
        "Close": null,
        "Adj Close": null,
        "Volume": null
    },
    "AXP": {
        "Open": 41.35792541503906,
        "High": 41.576751708984375,
        "Low": 40.28203582763672,
        "Close": 41.43086624145508,
        "Adj Close": 29.124174118041992,
        "Volume": 8147949.0
    },
    "BA": {
        "Open": 41.4375,
        "High": 44.375,
        "Low": 41.4375,
        "Close": 43.625,
        "Adj Close": 28.069902420043945,
        "Volume": 7686800.0
    },
    "BAC": {
        "Open": 25.6875,
        "High": 26.09375,
        "Low": 25.21875,
        "Close": 25.5,
        "Adj Close": 12.971999168395996,
        "Volume": 10040000.0
    },
    "BK": {
        "Open": 36.17235565185547,
        "High": 37.49734878540039,
        "Low": 36.17235565185547,
        "Close": 37.166099548339844,
        "Adj Close": 20.245847702026367,
        "Volume": 1577176.0
    },
    "BKNG": {
        "Open": 438.75,
        "High": 439.875,
        "Low": 407.25,
        "Close": 420.0,
        "Adj Close": 413.2383117675781,
        "Volume": 318333.0
    },
    "BLK": {
        "Open": 14.0,
        "High": 14.0625,
        "Low": 13.25,
        "Close": 13.625,
        "Adj Close": 8.15381145477295,
        "Volume": 430900.0
    },
    "BMY": {
        "Open": 70.3125228881836,
        "High": 70.55046844482422,
        "Low": 68.46846008300781,
        "Close": 70.0745849609375,
        "Adj Close": 26.46939468383789,
        "Volume": 2989881.0
    },
    "BRK-B": {
        "Open": 38.5,
        "High": 38.560001373291016,
        "Low": 37.900001525878906,
        "Close": 38.18000030517578,
        "Adj Close": 38.18000030517578,
        "Volume": 340000.0
    },
    "C": {
        "Open": 329.0625,
        "High": 336.5625,
        "Low": 322.5,
        "Close": 329.53125,
        "Adj Close": 170.881103515625,
        "Volume": 1548760.0
    },
    "CAT": {
        "Open": 28.28125,
        "High": 28.8125,
        "Low": 27.1875,
        "Close": 27.8125,
        "Adj Close": 14.264242172241211,
        "Volume": 2682200.0
    },
    "CL": {
        "Open": 25.34375,
        "High": 26.3125,
        "Low": 25.0625,
        "Close": 26.0,
        "Adj Close": 14.721270561218262,
        "Volume": 2025200.0
    },
    "CMCSA": {
        "Open": 10.660731315612793,
        "High": 10.660731315612793,
        "Low": 10.348328590393066,
        "Close": 10.42642879486084,
        "Adj Close": 7.075016975402832,
        "Volume": 578741.0
    },
    "COF": {
        "Open": 41.0,
        "High": 41.125,
        "Low": 39.0,
        "Close": 39.25,
        "Adj Close": 28.398765563964844,
        "Volume": 3869600.0
    },
    "COP": {
        "Open": 17.652393341064453,
        "High": 17.89061737060547,
        "Low": 17.5809268951416,
        "Close": 17.795326232910156,
        "Adj Close": 7.738243579864502,
        "Volume": 1075144.0
    },
    "COST": {
        "Open": 38.84375,
        "High": 39.6875,
        "Low": 37.9375,
        "Close": 39.46875,
        "Adj Close": 26.332265853881836,
        "Volume": 4384000.0
    },
    "CRM": {
        "Open": null,
        "High": null,
        "Low": null,
        "Close": null,
        "Adj Close": null,
        "Volume": null
    },
    "CSCO": {
        "Open": 35.125,
        "High": 35.15625,
        "Low": 34.25,
        "Close": 34.6875,
        "Adj Close": 22.44459342956543,
        "Volume": 42707400.0
    },
    "CVS": {
        "Open": 20.3125,
        "High": 21.09375,
        "Low": 20.3125,
        "Close": 20.8125,
        "Adj Close": 13.142276763916016,
        "Volume": 2909400.0
    },
    "CVX": {
        "Open": 44.0,
        "High": 44.4375,
        "Low": 43.9375,
        "Close": 44.0,
        "Adj Close": 16.58991813659668,
        "Volume": 1832400.0
    },
    "DE": {
        "Open": 18.3125,
        "High": 19.09375,
        "Low": 18.15625,
        "Close": 19.0,
        "Adj Close": 11.419511795043945,
        "Volume": 2856800.0
    },
    "DHR": {
        "Open": 8.40148639678955,
        "High": 8.453994750976562,
        "Low": 8.149441719055176,
        "Close": 8.411988258361816,
        "Adj Close": 4.977038860321045,
        "Volume": 1813965.0
    },
    "DIS": {
        "Open": 24.29256248474121,
        "High": 24.72415542602539,
        "Low": 23.799312591552734,
        "Close": 24.60084342956543,
        "Adj Close": 18.688194274902344,
        "Volume": 6043487.0
    },
    "DUK": {
        "Open": 46.85118865966797,
        "High": 47.94075012207031,
        "Low": 46.57879638671875,
        "Close": 47.83179473876953,
        "Adj Close": 14.446619033813477,
        "Volume": 1160328.0
    },
    "EMR": {
        "Open": 29.53125,
        "High": 29.90625,
        "Low": 29.25,
        "Close": 29.6875,
        "Adj Close": 14.495220184326172,
        "Volume": 1429000.0
    },
    "FDX": {
        "Open": 40.1875,
        "High": 40.5625,
        "Low": 39.0625,
        "Close": 40.375,
        "Adj Close": 32.32796096801758,
        "Volume": 1403600.0
    },
    "GD": {
        "Open": 26.5,
        "High": 27.28125,
        "Low": 26.34375,
        "Close": 27.125,
        "Adj Close": 15.779831886291504,
        "Volume": 2578600.0
    },
    "GE": {
        "Open": 190.69906616210938,
        "High": 192.09686279296875,
        "Low": 187.104736328125,
        "Close": 191.89718627929688,
        "Adj Close": 103.53955078125,
        "Volume": 4267787.0
    },
    "GILD": {
        "Open": 2.216797113418579,
        "High": 2.25,
        "Low": 2.175781011581421,
        "Close": 2.191406011581421,
        "Adj Close": 1.52248215675354,
        "Volume": 5398400.0
    },
    "GM": {
        "Open": null,
        "High": null,
        "Low": null,
        "Close": null,
        "Adj Close": null,
        "Volume": null
    },
    "GOOG": {
        "Open": null,
        "High": null,
        "Low": null,