{
    "AAPL": {
        "Open": 0.6395090222358704,
        "High": 0.669642984867096,
        "Low": 0.6110489964485168,
        "Close": 0.611607015132904,
        "Adj Close": 0.5131163597106934,
        "Volume": 1022582400.0
    },
    "ABBV": {
        "Open": null,
        "High": null,
        "Low": null,
        "Close": null,
        "Adj Close": null,
        "Volume": null
    },
    "ABT": {
        "Open": 17.0582332611084,
        "High": 17.619359970092773,
        "Low": 17.002120971679688,
        "Close": 17.394908905029297,
        "Adj Close": 8.960171699523926,
        "Volume": 5880585.0
    },
    "ACN": {
        "Open": null,
        "High": null,
        "Low": null,
        "Close": null,
        "Adj Close": null,
        "Volume": null
    },
    "ADBE": {
        "Open": 14.789063453674316,
        "High": 15.367188453674316,
        "Low": 14.71875,
        "Close": 15.117188453674316,
        "Adj Close": 15.004631996154785,
        "Volume": 8572800.0
    },
    "AIG": {
        "Open": 1133.3333740234375,
        "High": 1173.3333740234375,
        "Low": 1132.5,
        "Close": 1153.3333740234375,
        "Adj Close": 679.1867065429688,
        "Volume": 198525.0
    },
    "AMD": {
        "Open": 8.625,
        "High": 8.625,
        "Low": 8.1875,
        "Close": 8.21875,
        "Adj Close": 8.21875,
        "Volume": 3342600.0
    },
    "AMGN": {
        "Open": 41.0,
        "High": 42.8125,
        "Low": 41.0,
        "Close": 41.96875,
        "Adj Close": 28.387187957763672,
        "Volume": 10527600.0
    },
    "AMT": {
        "Open": 18.125,
        "High": 18.375,
        "Low": 18.0625,
        "Close": 18.0625,
        "Adj Close": 13.20690631866455,
        "Volume": 714200.0
    },
    "AMZN": {
        "Open": 3.8812499046325684,
        "High": 3.9124999046325684,
        "Low": 3.78125,
        "Close": 3.831249952316284,
        "Adj Close": 3.831249952316284,
        "Volume": 155600000.0
    },
    "AVGO": {
        "Open": null,
        "High": null,
        "Low": null,
        "Close": null,
        "Adj Close": null,
        "Volume": null
    },
    "AXP": {
        "Open": 41.43086624145508,
        "High": 41.68616485595703,
        "Low": 40.6832160949707,
        "Close": 40.81086349487305,
        "Adj Close": 28.68832778930664,
        "Volume": 8836856.0
    },
    "BA": {
        "Open": 42.5,
        "High": 43.0,
        "Low": 42.5,
        "Close": 42.75,
        "Adj Close": 27.50689697265625,
        "Volume": 3785500.0
    },
    "BAC": {
        "Open": 26.25,
        "High": 27.3125,
        "Low": 26.0,
        "Close": 26.75,
        "Adj Close": 13.607879638671875,
        "Volume": 21410000.0
    },
    "BK": {
        "Open": 36.901100158691406,
        "High": 38.35859680175781,
        "Low": 36.901100158691406,
        "Close": 37.89484786987305,
        "Adj Close": 20.64281463623047,
        "Volume": 1698120.0
    },
    "BKNG": {
        "Open": 399.0,
        "High": 405.0,
        "Low": 387.0,
        "Close": 388.125,
        "Adj Close": 381.87652587890625,
        "Volume": 219550.0
    },
    "BLK": {
        "Open": 12.75,
        "High": 13.25,
        "Low": 12.75,
        "Close": 13.25,
        "Adj Close": 7.929397106170654,
        "Volume": 58200.0
    },
    "BMY": {
        "Open": 69.95561218261719,
        "High": 73.22734069824219,
        "Low": 69.00382995605469,
        "Close": 72.45402526855469,
        "Adj Close": 27.368167877197266,
        "Volume": 4983415.0
    },
    "BRK-B": {
        "Open": 37.36000061035156,
        "High": 38.36000061035156,
        "Low": 37.2599983215332,
        "Close": 37.52000045776367,
        "Adj Close": 37.52000045776367,
        "Volume": 535000.0
    },
    "C": {
        "Open": 342.1875,
        "High": 349.21875,
        "Low": 336.5625,
        "Close": 337.03125,
        "Adj Close": 174.77029418945312,
        "Volume": 2195147.0
    },
    "CAT": {
        "Open": 27.6875,
        "High": 28.03125,
        "Low": 27.1875,
        "Close": 27.5,
        "Adj Close": 14.103970527648926,
        "Volume": 1770800.0
    },
    "CL": {
        "Open": 26.375,
        "High": 27.0,
        "Low": 26.3125,
        "Close": 26.71875,
        "Adj Close": 15.128225326538086,
        "Volume": 1855600.0
    },
    "CMCSA": {
        "Open": 10.270228385925293,
        "High": 10.367854118347168,
        "Low": 10.133551597595215,
        "Close": 10.348328590393066,
        "Adj Close": 7.0220184326171875,
        "Volume": 727267.0
    },
    "COF": {
        "Open": 40.5,
        "High": 41.375,
        "Low": 39.4375,
        "Close": 39.5,
        "Adj Close": 28.579635620117188,
        "Volume": 1205000.0
    },
    "COP": {
        "Open": 18.057373046875,
        "High": 18.200307846069336,
        "Low": 17.96208381652832,
        "Close": 18.009729385375977,
        "Adj Close": 7.831471920013428,
        "Volume": 852139.0
    },
    "COST": {
        "Open": 37.375,
        "High": 37.75,
        "Low": 37.09375,
        "Close": 37.15625,
        "Adj Close": 24.789430618286133,
        "Volume": 4917600.0
    },
    "CRM": {
        "Open": null,
        "High": null,
        "Low": null,
        "Close": null,
        "Adj Close": null,
        "Volume": null
    },
    "CSCO": {
        "Open": 34.46875,
        "High": 34.5,
        "Low": 33.4375,
        "Close": 33.6875,
        "Adj Close": 21.797534942626953,
        "Volume": 40404800.0
    },
    "CVS": {
        "Open": 20.71875,
        "High": 21.34375,
        "Low": 20.65625,
        "Close": 21.0625,
        "Adj Close": 13.300139427185059,
        "Volume": 3187000.0
    },
    "CVX": {
        "Open": 44.875,
        "High": 44.96875,
        "Low": 44.15625,
        "Close": 44.9375,
        "Adj Close": 16.943391799926758,
        "Volume": 2200400.0
    },
    "DE": {
        "Open": 19.0,
        "High": 19.0,
        "Low": 18.25,
        "Close": 18.34375,
        "Adj Close": 11.025087356567383,
        "Volume": 818200.0
    },
    "DHR": {
        "Open": 8.149441719055176,
        "High": 8.296467781066895,
        "Low": 8.06542682647705,
        "Close": 8.075928688049316,
        "Adj Close": 4.778207778930664,
        "Volume": 1665777.0
    },
    "DIS": {
        "Open": 23.552688598632812,
        "High": 24.415874481201172,
        "Low": 23.552688598632812,
        "Close": 23.676000595092773,
        "Adj Close": 17.98563575744629,
        "Volume": 6525900.0
    },
    "DUK": {
        "Open": 46.90566635131836,
        "High": 46.96014404296875,
        "Low": 46.08849334716797,
        "Close": 46.19744873046875,
        "Adj Close": 13.952994346618652,
        "Volume": 765560.0
    },
    "EMR": {
        "Open": 29.0,
        "High": 29.09375,
        "Low": 28.59375,
        "Close": 28.6875,
        "Adj Close": 14.006954193115234,
        "Volume": 1584000.0
    },
    "FDX": {
        "Open": 40.625,
        "High": 40.6875,
        "Low": 39.4375,
        "Close": 39.5,
        "Adj Close": 31.627347946166992,
        "Volume": 1060900.0
    },
    "GD": {
        "Open": 26.625,
        "High": 26.78125,
        "Low": 26.125,
        "Close": 26.125,
        "Adj Close": 15.198092460632324,
        "Volume": 1370400.0
    },
    "GE": {
        "Open": 190.8987579345703,
        "High": 192.2965545654297,
        "Low": 188.40269470214844,
        "Close": 188.60238647460938,
        "Adj Close": 101.76177978515625,
        "Volume": 3550219.0
    },
    "GILD": {
        "Open": 2.0625,
        "High": 2.171875,
        "Low": 2.052733898162842,
        "Close": 2.134766101837158,
        "Adj Close": 1.4831316471099854,
        "Volume": 10163200.0
    },
    "GM": {
        "Open": null,
        "High": null,
        "Low": null,
        "Close": null,
        "Adj Close": null,
        "Volume": null
    },
    "GOOG": {
        "Open": null,
        "High": null,