{
    "AAPL": {
        "Open": 0.6880580186843872,
        "High": 0.705357015132904,
        "Low": 0.6791290044784546,
        "Close": 0.6953129768371582,
        "Adj Close": 0.5833427309989929,
        "Volume": 504089600.0
    },
    "ABBV": {
        "Open": null,
        "High": null,
        "Low": null,
        "Close": null,
        "Adj Close": null,
        "Volume": null
    },
    "ABT": {
        "Open": 17.50713348388672,
        "High": 18.040203094482422,
        "Low": 17.338796615600586,
        "Close": 17.87186622619629,
        "Adj Close": 9.205856323242188,
        "Volume": 20187530.0
    },
    "ACN": {
        "Open": null,
        "High": null,
        "Low": null,
        "Close": null,
        "Adj Close": null,
        "Volume": null
    },
    "ADBE": {
        "Open": 16.0,
        "High": 16.625,
        "Low": 15.875,
        "Close": 16.625,
        "Adj Close": 16.501220703125,
        "Volume": 8483600.0
    },
    "AIG": {
        "Open": 1273.3333740234375,
        "High": 1336.6666259765625,
        "Low": 1267.5,
        "Close": 1320.0,
        "Adj Close": 777.3350830078125,
        "Volume": 450068.0
    },
    "AMD": {
        "Open": 9.5,
        "High": 9.65625,
        "Low": 9.375,
        "Close": 9.5,
        "Adj Close": 9.5,
        "Volume": 2572600.0
    },
    "AMGN": {
        "Open": 38.75,
        "High": 39.21875,
        "Low": 38.5625,
        "Close": 39.1875,
        "Adj Close": 26.505998611450195,
        "Volume": 13720400.0
    },
    "AMT": {
        "Open": 17.5,
        "High": 19.3125,
        "Low": 17.5,
        "Close": 18.625,
        "Adj Close": 13.618191719055176,
        "Volume": 2070000.0
    },
    "AMZN": {
        "Open": 3.4749999046325684,
        "High": 3.65625,
        "Low": 3.293750047683716,
        "Close": 3.549999952316284,
        "Adj Close": 3.549999952316284,
        "Volume": 714528000.0
    },
    "AVGO": {
        "Open": null,
        "High": null,
        "Low": null,
        "Close": null,
        "Adj Close": null,
        "Volume": null
    },
    "AXP": {
        "Open": 45.51559829711914,
        "High": 46.97443389892578,
        "Low": 45.479129791259766,
        "Close": 46.97443389892578,
        "Adj Close": 33.02106857299805,
        "Volume": 16872044.0
    },
    "BA": {
        "Open": 45.3125,
        "High": 46.25,
        "Low": 45.3125,
        "Close": 45.75,
        "Adj Close": 29.43720245361328,
        "Volume": 4077500.0
    },
    "BAC": {
        "Open": 31.75,
        "High": 32.0625,
        "Low": 31.125,
        "Close": 32.0,
        "Adj Close": 16.278581619262695,
        "Volume": 18323000.0
    },
    "BK": {
        "Open": 43.194828033447266,
        "High": 45.778568267822266,
        "Low": 43.128578186035156,
        "Close": 45.778568267822266,
        "Adj Close": 25.049497604370117,
        "Volume": 4964454.0
    },
    "BKNG": {
        "Open": 411.0,
        "High": 413.25,
        "Low": 391.5,
        "Close": 407.25,
        "Adj Close": 400.6936340332031,
        "Volume": 222317.0
    },
    "BLK": {
        "Open": 14.1875,
        "High": 14.5,
        "Low": 14.125,
        "Close": 14.125,
        "Adj Close": 8.453038215637207,
        "Volume": 255300.0
    },
    "BMY": {
        "Open": 72.81094360351562,
        "High": 74.23860931396484,
        "Low": 72.33505249023438,
        "Close": 74.17912292480469,
        "Adj Close": 28.019804000854492,
        "Volume": 4221997.0
    },
    "BRK-B": {
        "Open": 37.779998779296875,
        "High": 39.36000061035156,
        "Low": 37.779998779296875,
        "Close": 39.060001373291016,
        "Adj Close": 39.060001373291016,
        "Volume": 915000.0
    },
    "C": {
        "Open": 400.78125,
        "High": 409.6875,
        "Low": 398.4375,
        "Close": 405.9375,
        "Adj Close": 211.07814025878906,
        "Volume": 4253667.0
    },
    "CAT": {
        "Open": 27.6875,
        "High": 27.875,
        "Low": 26.96875,
        "Close": 27.375,
        "Adj Close": 14.124876022338867,
        "Volume": 3526400.0
    },
    "CL": {
        "Open": 29.0625,
        "High": 29.59375,
        "Low": 28.875,
        "Close": 29.5,
        "Adj Close": 16.74880599975586,
        "Volume": 3603800.0
    },
    "CMCSA": {
        "Open": 10.602155685424805,
        "High": 11.20743465423584,
        "Low": 10.602155685424805,
        "Close": 11.187910079956055,
        "Adj Close": 7.591731071472168,
        "Volume": 1241668.0
    },
    "COF": {
        "Open": 51.25,
        "High": 51.3125,
        "Low": 49.125,
        "Close": 50.5,
        "Adj Close": 36.538516998291016,
        "Volume": 4148200.0
    },
    "COP": {
        "Open": 17.86679458618164,
        "High": 18.105018615722656,
        "Low": 17.70003890991211,
        "Close": 17.89061737060547,
        "Adj Close": 7.836137771606445,
        "Volume": 1031592.0
    },
    "COST": {
        "Open": 36.4375,
        "High": 39.1875,
        "Low": 36.3125,
        "Close": 39.15625,
        "Adj Close": 26.123764038085938,
        "Volume": 5336800.0
    },
    "CRM": {
        "Open": null,
        "High": null,
        "Low": null,
        "Close": null,
        "Adj Close": null,
        "Volume": null
    },
    "CSCO": {
        "Open": 34.9375,
        "High": 35.53125,
        "Low": 34.71875,
        "Close": 35.46875,
        "Adj Close": 22.950103759765625,
        "Volume": 40276400.0
    },
    "CVS": {
        "Open": 20.21875,
        "High": 20.375,
        "Low": 19.90625,
        "Close": 20.1875,
        "Adj Close": 12.7651948928833,
        "Volume": 7129200.0
    },
    "CVX": {
        "Open": 44.90625,
        "High": 45.96875,
        "Low": 44.90625,
        "Close": 44.9375,
        "Adj Close": 16.943391799926758,
        "Volume": 3490600.0
    },
    "DE": {
        "Open": 18.9375,
        "High": 18.9375,
        "Low": 18.34375,
        "Close": 18.46875,
        "Adj Close": 11.100214958190918,
        "Volume": 2510200.0
    },
    "DHR": {
        "Open": 8.107434272766113,
        "High": 8.31747055053711,
        "Low": 8.086429595947266,
        "Close": 8.096932411193848,
        "Adj Close": 4.790635585784912,
        "Volume": 2781651.0
    },
    "DIS": {
        "Open": 25.155750274658203,
        "High": 25.9572811126709,
        "Low": 25.032438278198242,
        "Close": 25.8956241607666,
        "Adj Close": 19.671785354614258,
        "Volume": 7708059.0
    },
    "DUK": {
        "Open": 48.3765754699707,
        "High": 48.540008544921875,
        "Low": 47.72283935546875,
        "Close": 48.431053161621094,
        "Adj Close": 14.62761116027832,
        "Volume": 1141857.0
    },
    "EMR": {
        "Open": 29.3125,
        "High": 29.71875,
        "Low": 29.125,
        "Close": 29.71875,
        "Adj Close": 14.510485649108887,
        "Volume": 2245800.0
    },
    "FDX": {
        "Open": 41.875,
        "High": 42.9375,
        "Low": 41.3125,
        "Close": 42.9375,
        "Adj Close": 34.37974166870117,
        "Volume": 1589700.0
    },
    "GD": {
        "Open": 27.3125,
        "High": 28.8125,
        "Low": 27.3125,
        "Close": 28.40625,
        "Adj Close": 16.525196075439453,
        "Volume": 1805600.0
    },
    "GE": {
        "Open": 207.47259521484375,
        "High": 213.76268005371094,
        "Low": 206.87355041503906,
        "Close": 212.4647216796875,
        "Adj Close": 114.6368179321289,
        "Volume": 5642953.0
    },
    "GILD": {
        "Open": 2.191406011581421,
        "High": 2.195312976837158,
        "Low": 1.910156011581421,
        "Close": 1.9921879768371582,
        "Adj Close": 1.3840755224227905,
        "Volume": 66233600.0
    },
    "GM": {
        "Open": null,
        "High": null,
        "Low": null,
        "Close": null,
        "Adj Close": null,
        "Volume": null
    },
    "GOOG": {
        "Open": null,
        "High": null,