{
    "AAPL": {
        "Open": 0.2109380066394806,
        "High": 0.21986599266529083,
        "Low": 0.2064729928970337,
        "Close": 0.2109380066394806,
        "Adj Close": 0.1769694834947586,
        "Volume": 276819200.0
    },
    "ABBV": {
        "Open": null,
        "High": null,
        "Low": null,
        "Close": null,
        "Adj Close": null,
        "Volume": null
    },
    "ABT": {
        "Open": 11.110297203063965,
        "High": 11.194465637207031,
        "Low": 11.026127815246582,
        "Close": 11.054183959960938,
        "Adj Close": 5.3804755210876465,
        "Volume": 4163057.0
    },
    "ACN": {
        "Open": null,
        "High": null,
        "Low": null,
        "Close": null,
        "Adj Close": null,
        "Volume": null
    },
    "ADBE": {
        "Open": 4.703125,
        "High": 4.765625,
        "Low": 4.5625,
        "Close": 4.609375,
        "Adj Close": 4.520100116729736,
        "Volume": 7996000.0
    },
    "AIG": {
        "Open": 481.1851806640625,
        "High": 485.3333435058594,
        "Low": 480.59259033203125,
        "Close": 484.7407531738281,
        "Adj Close": 283.1591491699219,
        "Volume": 81506.0
    },
    "AMD": {
        "Open": 7.0625,
        "High": 7.4375,
        "Low": 7.0625,
        "Close": 7.25,
        "Adj Close": 7.25,
        "Volume": 1478200.0
    },
    "AMGN": {
        "Open": 15.96875,
        "High": 16.03125,
        "Low": 15.375,
        "Close": 15.5,
        "Adj Close": 10.48402214050293,
        "Volume": 8397600.0
    },
    "AMT": {
        "Open": null,
        "High": null,
        "Low": null,
        "Close": null,
        "Adj Close": null,
        "Volume": null
    },
    "AMZN": {
        "Open": null,
        "High": null,
        "Low": null,
        "Close": null,
        "Adj Close": null,
        "Volume": null
    },
    "AVGO": {
        "Open": null,
        "High": null,
        "Low": null,
        "Close": null,
        "Adj Close": null,
        "Volume": null
    },
    "AXP": {
        "Open": 13.676563262939453,
        "High": 13.749504089355469,
        "Low": 13.640091896057129,
        "Close": 13.676563262939453,
        "Adj Close": 9.278007507324219,
        "Volume": 2466697.0
    },
    "BA": {
        "Open": 47.6875,
        "High": 48.1875,
        "Low": 47.6875,
        "Close": 48.1875,
        "Adj Close": 29.88800048828125,
        "Volume": 1222800.0
    },
    "BAC": {
        "Open": 21.71875,
        "High": 21.875,
        "Low": 21.65625,
        "Close": 21.84375,
        "Adj Close": 10.31218433380127,
        "Volume": 4462000.0
    },
    "BK": {
        "Open": 15.56868839263916,
        "High": 15.634937286376953,
        "Low": 15.436187744140625,
        "Close": 15.436187744140625,
        "Adj Close": 7.919079780578613,
        "Volume": 1613780.0
    },
    "BKNG": {
        "Open": null,
        "High": null,
        "Low": null,
        "Close": null,
        "Adj Close": null,
        "Volume": null
    },
    "BLK": {
        "Open": null,
        "High": null,
        "Low": null,
        "Close": null,
        "Adj Close": null,
        "Volume": null
    },
    "BMY": {
        "Open": 23.19956398010254,
        "High": 23.31853675842285,
        "Low": 23.16982078552246,
        "Close": 23.19956398010254,
        "Adj Close": 8.332354545593262,
        "Volume": 3667666.0
    },
    "BRK-B": {
        "Open": 21.200000762939453,
        "High": 21.440000534057617,
        "Low": 21.200000762939453,
        "Close": 21.420000076293945,
        "Adj Close": 21.420000076293945,
        "Volume": 75000.0
    },
    "C": {
        "Open": 126.25,
        "High": 129.0625,
        "Low": 125.625,
        "Close": 127.5,
        "Adj Close": 64.02515411376953,
        "Volume": 400240.0
    },
    "CAT": {
        "Open": 18.46875,
        "High": 18.65625,
        "Low": 18.46875,
        "Close": 18.53125,
        "Adj Close": 8.927745819091797,
        "Volume": 1762800.0
    },
    "CL": {
        "Open": 11.046875,
        "High": 11.046875,
        "Low": 10.875,
        "Close": 11.0,
        "Adj Close": 5.9533562660217285,
        "Volume": 2349600.0
    },
    "CMCSA": {
        "Open": 2.3625431060791016,
        "High": 2.382067918777466,
        "Low": 2.343018054962158,
        "Close": 2.343018054962158,
        "Adj Close": 1.5769997835159302,
        "Volume": 574900.0
    },
    "COF": {
        "Open": 10.041666984558105,
        "High": 10.208333015441895,
        "Low": 10.041666984558105,
        "Close": 10.083333015441895,
        "Adj Close": 7.179037570953369,
        "Volume": 818100.0
    },
    "COP": {
        "Open": 16.19922637939453,
        "High": 16.246871948242188,
        "Low": 16.056293487548828,
        "Close": 16.10393714904785,
        "Adj Close": 6.3950347900390625,
        "Volume": 925337.0
    },
    "COST": {
        "Open": 10.3125,
        "High": 10.3125,
        "Low": 10.0625,
        "Close": 10.1875,
        "Adj Close": 6.79676628112793,
        "Volume": 2732800.0
    },
    "CRM": {
        "Open": null,
        "High": null,
        "Low": null,
        "Close": null,
        "Adj Close": null,
        "Volume": null
    },
    "CSCO": {
        "Open": 6.944444179534912,
        "High": 7.1666669845581055,
        "Low": 6.888888835906982,
        "Close": 7.097221851348877,
        "Adj Close": 4.5922675132751465,
        "Volume": 75239100.0
    },
    "CVS": {
        "Open": 11.0,
        "High": 11.0,
        "Low": 10.84375,
        "Close": 10.90625,
        "Adj Close": 5.880893707275391,
        "Volume": 3200000.0
    },
    "CVX": {
        "Open": 31.9375,
        "High": 32.1875,
        "Low": 31.75,
        "Close": 32.1875,
        "Adj Close": 11.096078872680664,
        "Volume": 3474000.0
    },
    "DE": {
        "Open": 21.375,
        "High": 21.4375,
        "Low": 21.0625,
        "Close": 21.4375,
        "Adj Close": 12.139786720275879,
        "Volume": 632000.0
    },
    "DHR": {
        "Open": 3.455111026763916,
        "High": 3.455111026763916,
        "Low": 3.402601957321167,
        "Close": 3.402601957321167,
        "Adj Close": 2.0039169788360596,
        "Volume": 705828.0
    },
    "DIS": {
        "Open": 20.552082061767578,
        "High": 20.880916595458984,
        "Low": 20.552082061767578,
        "Close": 20.675395965576172,
        "Adj Close": 15.447029113769531,
        "Volume": 3208920.0
    },
    "DUK": {
        "Open": 40.85859298706055,
        "High": 40.96754837036133,
        "Low": 40.749637603759766,
        "Close": 40.85859298706055,
        "Adj Close": 10.902509689331055,
        "Volume": 148569.0
    },
    "EMR": {
        "Open": 22.25,
        "High": 22.625,
        "Low": 22.21875,
        "Close": 22.59375,
        "Adj Close": 10.381951332092285,
        "Volume": 845200.0
    },
    "FDX": {
        "Open": 20.53125,
        "High": 20.5625,
        "Low": 20.375,
        "Close": 20.4375,
        "Adj Close": 16.364152908325195,
        "Volume": 1324000.0
    },
    "GD": {
        "Open": 17.0625,
        "High": 17.28125,
        "Low": 17.03125,
        "Close": 17.1875,
        "Adj Close": 9.402139663696289,
        "Volume": 200400.0
    },
    "GE": {
        "Open": 72.58545684814453,
        "High": 73.68372344970703,
        "Low": 72.58545684814453,
        "Close": 73.38419342041016,
        "Adj Close": 37.813255310058594,
        "Volume": 2274959.0
    },
    "GILD": {
        "Open": 0.875,
        "High": 0.875,
        "Low": 0.8398439884185791,
        "Close": 0.8398439884185791,
        "Adj Close": 0.5834827423095703,
        "Volume": 12038400.0
    },
    "GM": {
        "Open": null,
        "High": null,
        "Low": null,
        "Close": null,
        "Adj Close": null,
        "Volume": null
    },
    "GOOG": {
        "Open": null,
        "High": null,
        "Low": null,
        "Close": null,