{
    "AAPL": {
        "Open": 0.21763400733470917,
        "High": 0.21986599266529083,
        "Low": 0.21428599953651428,
        "Close": 0.21651799976825714,
        "Adj Close": 0.18165086209774017,
        "Volume": 120691200.0
    },
    "ABBV": {
        "Open": null,
        "High": null,
        "Low": null,
        "Close": null,
        "Adj Close": null,
        "Volume": null
    },
    "ABT": {
        "Open": 10.998071670532227,
        "High": 11.334747314453125,
        "Low": 10.970014572143555,
        "Close": 11.30669116973877,
        "Adj Close": 5.53026008605957,
        "Volume": 5966573.0
    },
    "ACN": {
        "Open": null,
        "High": null,
        "Low": null,
        "Close": null,
        "Adj Close": null,
        "Volume": null
    },
    "ADBE": {
        "Open": 4.53125,
        "High": 4.65625,
        "Low": 4.484375,
        "Close": 4.609375,
        "Adj Close": 4.520100116729736,
        "Volume": 6987200.0
    },
    "AIG": {
        "Open": 488.2962951660156,
        "High": 490.0740661621094,
        "Low": 485.9259338378906,
        "Close": 489.4814758300781,
        "Adj Close": 285.9284362792969,
        "Volume": 93720.0
    },
    "AMD": {
        "Open": 7.9375,
        "High": 8.125,
        "Low": 7.9375,
        "Close": 8.0625,
        "Adj Close": 8.0625,
        "Volume": 2193000.0
    },
    "AMGN": {
        "Open": 15.40625,
        "High": 16.09375,
        "Low": 15.40625,
        "Close": 16.0,
        "Adj Close": 10.822216987609863,
        "Volume": 9340400.0
    },
    "AMT": {
        "Open": null,
        "High": null,
        "Low": null,
        "Close": null,
        "Adj Close": null,
        "Volume": null
    },
    "AMZN": {
        "Open": null,
        "High": null,
        "Low": null,
        "Close": null,
        "Adj Close": null,
        "Volume": null
    },
    "AVGO": {
        "Open": null,
        "High": null,
        "Low": null,
        "Close": null,
        "Adj Close": null,
        "Volume": null
    },
    "AXP": {
        "Open": 13.640091896057129,
        "High": 13.785975456237793,
        "Low": 13.640091896057129,
        "Close": 13.713032722473145,
        "Adj Close": 9.347140312194824,
        "Volume": 1662973.0
    },
    "BA": {
        "Open": 48.875,
        "High": 49.0625,
        "Low": 48.875,
        "Close": 48.9375,
        "Adj Close": 30.353181838989258,
        "Volume": 1294800.0
    },
    "BAC": {
        "Open": 22.0,
        "High": 22.15625,
        "Low": 21.9375,
        "Close": 22.0625,
        "Adj Close": 10.415453910827637,
        "Volume": 2300800.0
    },
    "BK": {
        "Open": 15.436187744140625,
        "High": 15.634937286376953,
        "Low": 15.369938850402832,
        "Close": 15.634937286376953,
        "Adj Close": 8.02104377746582,
        "Volume": 845852.0
    },
    "BKNG": {
        "Open": null,
        "High": null,
        "Low": null,
        "Close": null,
        "Adj Close": null,
        "Volume": null
    },
    "BLK": {
        "Open": null,
        "High": null,
        "Low": null,
        "Close": null,
        "Adj Close": null,
        "Volume": null
    },
    "BMY": {
        "Open": 23.407766342163086,
        "High": 23.734939575195312,
        "Low": 23.288793563842773,
        "Close": 23.734939575195312,
        "Adj Close": 8.524641990661621,
        "Volume": 5338646.0
    },
    "BRK-B": {
        "Open": 21.200000762939453,
        "High": 21.399999618530273,
        "Low": 21.15999984741211,
        "Close": 21.15999984741211,
        "Adj Close": 21.15999984741211,
        "Volume": 60000.0
    },
    "C": {
        "Open": 128.4375,
        "High": 131.25,
        "Low": 128.125,
        "Close": 129.6875,
        "Adj Close": 65.1236572265625,
        "Volume": 440760.0
    },
    "CAT": {
        "Open": 18.0625,
        "High": 18.4375,
        "Low": 18.0625,
        "Close": 18.3125,
        "Adj Close": 8.822354316711426,
        "Volume": 2793200.0
    },
    "CL": {
        "Open": 10.90625,
        "High": 11.046875,
        "Low": 10.875,
        "Close": 10.96875,
        "Adj Close": 5.936442852020264,
        "Volume": 3330400.0
    },
    "CMCSA": {
        "Open": 2.2649168968200684,
        "High": 2.343018054962158,
        "Low": 2.2649168968200684,
        "Close": 2.323493003845215,
        "Adj Close": 1.5638576745986938,
        "Volume": 1147238.0
    },
    "COF": {
        "Open": 10.541666984558105,
        "High": 10.75,
        "Low": 10.5,
        "Close": 10.666666984558105,
        "Adj Close": 7.594358444213867,
        "Volume": 824700.0
    },
    "COP": {
        "Open": 16.19922637939453,
        "High": 16.19922637939453,
        "Low": 15.913357734680176,
        "Close": 16.008647918701172,
        "Adj Close": 6.357193946838379,
        "Volume": 1230460.0
    },
    "COST": {
        "Open": 10.625,
        "High": 10.9375,
        "Low": 10.625,
        "Close": 10.9375,
        "Adj Close": 7.2971391677856445,
        "Volume": 3588000.0
    },
    "CRM": {
        "Open": null,
        "High": null,
        "Low": null,
        "Close": null,
        "Adj Close": null,
        "Volume": null
    },
    "CSCO": {
        "Open": 7.2916669845581055,
        "High": 7.3333330154418945,
        "Low": 7.201388835906982,
        "Close": 7.305555820465088,
        "Adj Close": 4.727069854736328,
        "Volume": 33294600.0
    },
    "CVS": {
        "Open": 11.03125,
        "High": 11.125,
        "Low": 10.96875,
        "Close": 10.96875,
        "Adj Close": 5.914595127105713,
        "Volume": 2486800.0
    },
    "CVX": {
        "Open": 32.75,
        "High": 33.0,
        "Low": 32.75,
        "Close": 32.8125,
        "Adj Close": 11.311537742614746,
        "Volume": 800400.0
    },
    "DE": {
        "Open": 20.9375,
        "High": 21.1875,
        "Low": 20.9375,
        "Close": 21.125,
        "Adj Close": 11.962821006774902,
        "Volume": 1193600.0
    },
    "DHR": {
        "Open": 3.3921000957489014,
        "High": 3.4341070652008057,
        "Low": 3.3921000957489014,
        "Close": 3.4341070652008057,
        "Adj Close": 2.022472381591797,
        "Volume": 501102.0
    },
    "DIS": {
        "Open": 20.922021865844727,
        "High": 21.16864585876465,
        "Low": 20.922021865844727,
        "Close": 21.045333862304688,
        "Adj Close": 15.750646591186523,
        "Volume": 1573137.0
    },
    "DUK": {
        "Open": 41.40337371826172,
        "High": 41.83919906616211,
        "Low": 41.29441833496094,
        "Close": 41.62128829956055,
        "Adj Close": 11.1060209274292,
        "Volume": 122297.0
    },
    "EMR": {
        "Open": 22.5,
        "High": 22.53125,
        "Low": 22.4375,
        "Close": 22.46875,
        "Adj Close": 10.324515342712402,
        "Volume": 757600.0
    },
    "FDX": {
        "Open": 20.3125,
        "High": 20.53125,
        "Low": 20.3125,
        "Close": 20.40625,
        "Adj Close": 16.339126586914062,
        "Volume": 793600.0
    },
    "GD": {
        "Open": 17.25,
        "High": 17.5625,
        "Low": 17.15625,
        "Close": 17.15625,
        "Adj Close": 9.440739631652832,
        "Volume": 256800.0
    },
    "GE": {
        "Open": 73.7835693359375,
        "High": 75.48088836669922,
        "Low": 73.7835693359375,
        "Close": 75.38104248046875,
        "Adj Close": 38.84218978881836,
        "Volume": 1877082.0
    },
    "GILD": {
        "Open": 0.8125,
        "High": 0.84375,
        "Low": 0.796875,
        "Close": 0.8359379768371582,
        "Adj Close": 0.5807690620422363,
        "Volume": 3292800.0
    },
    "GM": {
        "Open": null,
        "High": null,
        "Low": null,
        "Close": null,
        "Adj Close": null,
        "Volume": null
    },
    "GOOG": {
        "Open": null,
        "High": null,
        "Low": null,
        "Close": null,
        "Adj Close": null,