{
    "AAPL": {
        "Open": 0.21875,
        "High": 0.2265630066394806,
        "Low": 0.21651799976825714,
        "Close": 0.22544600069522858,
        "Adj Close": 0.1891411393880844,
        "Volume": 269684800.0
    },
    "ABBV": {
        "Open": null,
        "High": null,
        "Low": null,
        "Close": null,
        "Adj Close": null,
        "Volume": null
    },
    "ABT": {
        "Open": 11.250577926635742,
        "High": 11.643366813659668,
        "Low": 11.250577926635742,
        "Close": 11.615309715270996,
        "Adj Close": 5.681211471557617,
        "Volume": 5536634.0
    },
    "ACN": {
        "Open": null,
        "High": null,
        "Low": null,
        "Close": null,
        "Adj Close": null,
        "Volume": null
    },
    "ADBE": {
        "Open": 4.625,
        "High": 4.703125,
        "Low": 4.609375,
        "Close": 4.703125,
        "Adj Close": 4.612033367156982,
        "Volume": 6652800.0
    },
    "AIG": {
        "Open": 487.7037048339844,
        "High": 494.22222900390625,
        "Low": 487.7037048339844,
        "Close": 488.8888854980469,
        "Adj Close": 285.5823059082031,
        "Volume": 52692.0
    },
    "AMD": {
        "Open": 8.125,
        "High": 8.8125,
        "Low": 8.125,
        "Close": 8.8125,
        "Adj Close": 8.8125,
        "Volume": 4314600.0
    },
    "AMGN": {
        "Open": 15.75,
        "High": 15.9375,
        "Low": 15.59375,
        "Close": 15.828125,
        "Adj Close": 10.705964088439941,
        "Volume": 7508800.0
    },
    "AMT": {
        "Open": null,
        "High": null,
        "Low": null,
        "Close": null,
        "Adj Close": null,
        "Volume": null
    },
    "AMZN": {
        "Open": null,
        "High": null,
        "Low": null,
        "Close": null,
        "Adj Close": null,
        "Volume": null
    },
    "AVGO": {
        "Open": null,
        "High": null,
        "Low": null,
        "Close": null,
        "Adj Close": null,
        "Volume": null
    },
    "AXP": {
        "Open": 13.785975456237793,
        "High": 13.968329429626465,
        "Low": 13.785975456237793,
        "Close": 13.8224458694458,
        "Adj Close": 9.421710968017578,
        "Volume": 3278990.0
    },
    "BA": {
        "Open": 49.0,
        "High": 49.625,
        "Low": 49.0,
        "Close": 49.0625,
        "Adj Close": 30.430707931518555,
        "Volume": 1869200.0
    },
    "BAC": {
        "Open": 22.09375,
        "High": 22.3125,
        "Low": 22.0625,
        "Close": 22.3125,
        "Adj Close": 10.533470153808594,
        "Volume": 2958400.0
    },
    "BK": {
        "Open": 15.701187133789062,
        "High": 15.899935722351074,
        "Low": 15.701187133789062,
        "Close": 15.701187133789062,
        "Adj Close": 8.055027961730957,
        "Volume": 796607.0
    },
    "BKNG": {
        "Open": null,
        "High": null,
        "Low": null,
        "Close": null,
        "Adj Close": null,
        "Volume": null
    },
    "BLK": {
        "Open": null,
        "High": null,
        "Low": null,
        "Close": null,
        "Adj Close": null,
        "Volume": null
    },
    "BMY": {
        "Open": 23.705196380615234,
        "High": 24.002626419067383,
        "Low": 23.705196380615234,
        "Close": 23.853910446166992,
        "Adj Close": 8.567371368408203,
        "Volume": 2584639.0
    },
    "BRK-B": {
        "Open": 21.200000762939453,
        "High": 21.399999618530273,
        "Low": 21.15999984741211,
        "Close": 21.299999237060547,
        "Adj Close": 21.299999237060547,
        "Volume": 70000.0
    },
    "C": {
        "Open": 129.6875,
        "High": 133.75,
        "Low": 129.6875,
        "Close": 132.5,
        "Adj Close": 66.5359878540039,
        "Volume": 376680.0
    },
    "CAT": {
        "Open": 18.3125,
        "High": 18.6875,
        "Low": 18.3125,
        "Close": 18.53125,
        "Adj Close": 8.927745819091797,
        "Volume": 2230000.0
    },
    "CL": {
        "Open": 11.0,
        "High": 11.125,
        "Low": 11.0,
        "Close": 11.0625,
        "Adj Close": 5.987183570861816,
        "Volume": 1644000.0
    },
    "CMCSA": {
        "Open": 2.323493003845215,
        "High": 2.382067918777466,
        "Low": 2.323493003845215,
        "Close": 2.3625431060791016,
        "Adj Close": 1.5901412963867188,
        "Volume": 812414.0
    },
    "COF": {
        "Open": 10.708333015441895,
        "High": 10.833333015441895,
        "Low": 10.625,
        "Close": 10.791666984558105,
        "Adj Close": 7.683354377746582,
        "Volume": 360600.0
    },
    "COP": {
        "Open": 16.008647918701172,
        "High": 16.342161178588867,
        "Low": 16.008647918701172,
        "Close": 16.19922637939453,
        "Adj Close": 6.432873249053955,
        "Volume": 2766567.0
    },
    "COST": {
        "Open": 11.0,
        "High": 11.0,
        "Low": 10.75,
        "Close": 11.0,
        "Adj Close": 7.338837146759033,
        "Volume": 1368600.0
    },
    "CRM": {
        "Open": null,
        "High": null,
        "Low": null,
        "Close": null,
        "Adj Close": null,
        "Volume": null
    },
    "CSCO": {
        "Open": 7.359375,
        "High": 7.361111164093018,
        "Low": 7.236111164093018,
        "Close": 7.25,
        "Adj Close": 4.691122531890869,
        "Volume": 27783900.0
    },
    "CVS": {
        "Open": 10.96875,
        "High": 11.15625,
        "Low": 10.96875,
        "Close": 11.09375,
        "Adj Close": 5.98199462890625,
        "Volume": 2074800.0
    },
    "CVX": {
        "Open": 33.0,
        "High": 33.4375,
        "Low": 32.875,
        "Close": 33.4375,
        "Adj Close": 11.526994705200195,
        "Volume": 1588200.0
    },
    "DE": {
        "Open": 21.125,
        "High": 21.875,
        "Low": 21.125,
        "Close": 21.875,
        "Adj Close": 12.387540817260742,
        "Volume": 1214200.0
    },
    "DHR": {
        "Open": 3.4341070652008057,
        "High": 3.4656128883361816,
        "Low": 3.4236059188842773,
        "Close": 3.455111026763916,
        "Adj Close": 2.034841537475586,
        "Volume": 221389.0
    },
    "DIS": {
        "Open": 21.086437225341797,
        "High": 21.2508544921875,
        "Low": 21.086437225341797,
        "Close": 21.086437225341797,
        "Adj Close": 15.781408309936523,
        "Volume": 1750735.0
    },
    "DUK": {
        "Open": 41.5123291015625,
        "High": 41.62128829956055,
        "Low": 41.40337371826172,
        "Close": 41.40337371826172,
        "Adj Close": 11.04787540435791,
        "Volume": 59083.0
    },
    "EMR": {
        "Open": 22.5,
        "High": 22.6875,
        "Low": 22.4375,
        "Close": 22.5625,
        "Adj Close": 10.367594718933105,
        "Volume": 774400.0
    },
    "FDX": {
        "Open": 20.40625,
        "High": 20.4375,
        "Low": 20.3125,
        "Close": 20.34375,
        "Adj Close": 16.289085388183594,
        "Volume": 469200.0
    },
    "GD": {
        "Open": 17.125,
        "High": 17.40625,
        "Low": 17.125,
        "Close": 17.25,
        "Adj Close": 9.49233341217041,
        "Volume": 223200.0
    },
    "GE": {
        "Open": 75.38104248046875,
        "High": 76.37947082519531,
        "Low": 75.28120422363281,
        "Close": 75.88025665283203,
        "Adj Close": 39.09941482543945,
        "Volume": 2018305.0
    },
    "GILD": {
        "Open": 0.8203129768371582,
        "High": 0.84375,
        "Low": 0.8046879768371582,
        "Close": 0.8125,
        "Adj Close": 0.5644856691360474,
        "Volume": 2438400.0
    },
    "GM": {
        "Open": null,
        "High": null,
        "Low": null,
        "Close": null,
        "Adj Close": null,
        "Volume": null
    },
    "GOOG": {
        "Open": null,
        "High": null,
        "Low": null,
        "Close": null,
        "Adj Close": null,
        "Volume": null
    },