{
    "AAPL": {
        "Open": 0.23660700023174286,
        "High": 0.2377229928970337,
        "Low": 0.23214299976825714,
        "Close": 0.23716500401496887,
        "Adj Close": 0.19897298514842987,
        "Volume": 382659200.0
    },
    "ABBV": {
        "Open": null,
        "High": null,
        "Low": null,
        "Close": null,
        "Adj Close": null,
        "Volume": null
    },
    "ABT": {
        "Open": 11.755592346191406,
        "High": 11.923930168151855,
        "Low": 11.699479103088379,
        "Close": 11.867816925048828,
        "Adj Close": 5.804716110229492,
        "Volume": 4592551.0
    },
    "ACN": {
        "Open": null,
        "High": null,
        "Low": null,
        "Close": null,
        "Adj Close": null,
        "Volume": null
    },
    "ADBE": {
        "Open": 4.609375,
        "High": 4.65625,
        "Low": 4.53125,
        "Close": 4.5625,
        "Adj Close": 4.474132061004639,
        "Volume": 3542400.0
    },
    "AIG": {
        "Open": 496.59259033203125,
        "High": 501.9259338378906,
        "Low": 494.22222900390625,
        "Close": 501.9259338378906,
        "Adj Close": 293.19781494140625,
        "Volume": 137911.0
    },
    "AMD": {
        "Open": 8.6875,
        "High": 8.75,
        "Low": 8.5,
        "Close": 8.6875,
        "Adj Close": 8.6875,
        "Volume": 1367000.0
    },
    "AMGN": {
        "Open": 15.0,
        "High": 15.5625,
        "Low": 15.0,
        "Close": 15.46875,
        "Adj Close": 10.462889671325684,
        "Volume": 10978400.0
    },
    "AMT": {
        "Open": null,
        "High": null,
        "Low": null,
        "Close": null,
        "Adj Close": null,
        "Volume": null
    },
    "AMZN": {
        "Open": null,
        "High": null,
        "Low": null,
        "Close": null,
        "Adj Close": null,
        "Volume": null
    },
    "AVGO": {
        "Open": null,
        "High": null,
        "Low": null,
        "Close": null,
        "Adj Close": null,
        "Volume": null
    },
    "AXP": {
        "Open": 13.785975456237793,
        "High": 13.785975456237793,
        "Low": 13.530678749084473,
        "Close": 13.676563262939453,
        "Adj Close": 9.322271347045898,
        "Volume": 3725580.0
    },
    "BA": {
        "Open": 49.0,
        "High": 49.1875,
        "Low": 48.8125,
        "Close": 49.125,
        "Adj Close": 30.469463348388672,
        "Volume": 1565600.0
    },
    "BAC": {
        "Open": 22.21875,
        "High": 22.46875,
        "Low": 22.125,
        "Close": 22.46875,
        "Adj Close": 10.607240676879883,
        "Volume": 2526000.0
    },
    "BK": {
        "Open": 15.634937286376953,
        "High": 15.833686828613281,
        "Low": 15.502437591552734,
        "Close": 15.701187133789062,
        "Adj Close": 8.114789009094238,
        "Volume": 1934347.0
    },
    "BKNG": {
        "Open": null,
        "High": null,
        "Low": null,
        "Close": null,
        "Adj Close": null,
        "Volume": null
    },
    "BLK": {
        "Open": null,
        "High": null,
        "Low": null,
        "Close": null,
        "Adj Close": null,
        "Volume": null
    },
    "BMY": {
        "Open": 24.478515625,
        "High": 24.984146118164062,
        "Low": 24.478515625,
        "Close": 24.77594566345215,
        "Adj Close": 8.898530960083008,
        "Volume": 6139253.0
    },
    "BRK-B": {
        "Open": 21.739999771118164,
        "High": 21.799999237060547,
        "Low": 21.600000381469727,
        "Close": 21.68000030517578,
        "Adj Close": 21.68000030517578,
        "Volume": 60000.0
    },
    "C": {
        "Open": 133.75,
        "High": 133.75,
        "Low": 131.5625,
        "Close": 132.5,
        "Adj Close": 66.5359878540039,
        "Volume": 359440.0
    },
    "CAT": {
        "Open": 18.59375,
        "High": 18.59375,
        "Low": 18.46875,
        "Close": 18.53125,
        "Adj Close": 8.975774765014648,
        "Volume": 2910800.0
    },
    "CL": {
        "Open": 11.0,
        "High": 11.25,
        "Low": 11.0,
        "Close": 11.234375,
        "Adj Close": 6.080206394195557,
        "Volume": 3513600.0
    },
    "CMCSA": {
        "Open": 2.3039679527282715,
        "High": 2.323493003845215,
        "Low": 2.3039679527282715,
        "Close": 2.3039679527282715,
        "Adj Close": 1.5507161617279053,
        "Volume": 371956.0
    },
    "COF": {
        "Open": 11.291666984558105,
        "High": 11.333333015441895,
        "Low": 11.25,
        "Close": 11.291666984558105,
        "Adj Close": 8.03934097290039,
        "Volume": 702600.0
    },
    "COP": {
        "Open": 16.19922637939453,
        "High": 16.485095977783203,
        "Low": 16.151582717895508,
        "Close": 16.437450408935547,
        "Adj Close": 6.527474403381348,
        "Volume": 972824.0
    },
    "COST": {
        "Open": 10.5,
        "High": 10.5625,
        "Low": 10.1875,
        "Close": 10.25,
        "Adj Close": 6.838462829589844,
        "Volume": 2794000.0
    },
    "CRM": {
        "Open": null,
        "High": null,
        "Low": null,
        "Close": null,
        "Adj Close": null,
        "Volume": null
    },
    "CSCO": {
        "Open": 7.152778148651123,
        "High": 7.152778148651123,
        "Low": 7.0,
        "Close": 7.0416669845581055,
        "Adj Close": 4.556320667266846,
        "Volume": 61594200.0
    },
    "CVS": {
        "Open": 9.75,
        "High": 9.84375,
        "Low": 9.71875,
        "Close": 9.8125,
        "Adj Close": 6.110480785369873,
        "Volume": 2587200.0
    },
    "CVX": {
        "Open": 33.4375,
        "High": 33.75,
        "Low": 33.3125,
        "Close": 33.6875,
        "Adj Close": 11.613174438476562,
        "Volume": 2584000.0
    },
    "DE": {
        "Open": 22.0,
        "High": 22.4375,
        "Low": 22.0,
        "Close": 22.25,
        "Adj Close": 12.59990119934082,
        "Volume": 2209000.0
    },
    "DHR": {
        "Open": 3.4971189498901367,
        "High": 3.4971189498901367,
        "Low": 3.4446089267730713,
        "Close": 3.4656128883361816,
        "Adj Close": 2.041027545928955,
        "Volume": 385646.0
    },
    "DIS": {
        "Open": 21.33306312561035,
        "High": 21.37416648864746,
        "Low": 21.209749221801758,
        "Close": 21.37416648864746,
        "Adj Close": 15.996757507324219,
        "Volume": 3072681.0
    },
    "DUK": {
        "Open": 40.640682220458984,
        "High": 40.85859298706055,
        "Low": 40.422767639160156,
        "Close": 40.749637603759766,
        "Adj Close": 10.873435020446777,
        "Volume": 256525.0
    },
    "EMR": {
        "Open": 22.84375,
        "High": 22.9375,
        "Low": 22.75,
        "Close": 22.90625,
        "Adj Close": 10.525547981262207,
        "Volume": 833200.0
    },
    "FDX": {
        "Open": 20.15625,
        "High": 20.15625,
        "Low": 20.0,
        "Close": 20.0,
        "Adj Close": 16.013853073120117,
        "Volume": 784800.0
    },
    "GD": {
        "Open": 17.3125,
        "High": 17.46875,
        "Low": 17.25,
        "Close": 17.40625,
        "Adj Close": 9.578307151794434,
        "Volume": 417200.0
    },
    "GE": {
        "Open": 75.9801025390625,
        "High": 76.07994079589844,
        "Low": 75.58073425292969,
        "Close": 75.9801025390625,
        "Adj Close": 39.15088653564453,
        "Volume": 2986580.0
    },
    "GILD": {
        "Open": 0.7890629768371582,
        "High": 0.7890629768371582,
        "Low": 0.765625,
        "Close": 0.7734379768371582,
        "Adj Close": 0.537347137928009,
        "Volume": 5094400.0
    },
    "GM": {
        "Open": null,
        "High": null,
        "Low": null,
        "Close": null,
        "Adj Close": null,
        "Volume": null
    },
    "GOOG": {
        "Open": null,
        "High": null,
        "Low": null,
        "Close": null,
        "Adj Close": null,