{
    "AAPL": {
        "Open": 0.3214290142059326,
        "High": 0.33816999197006226,
        "Low": 0.3214290142059326,
        "Close": 0.33091500401496887,
        "Adj Close": 0.27762582898139954,
        "Volume": 460936000.0
    },
    "ABBV": {
        "Open": null,
        "High": null,
        "Low": null,
        "Close": null,
        "Adj Close": null,
        "Volume": null
    },
    "ABT": {
        "Open": 21.322792053222656,
        "High": 21.743635177612305,
        "Low": 21.182510375976562,
        "Close": 21.659467697143555,
        "Adj Close": 11.029019355773926,
        "Volume": 3884376.0
    },
    "ACN": {
        "Open": null,
        "High": null,
        "Low": null,
        "Close": null,
        "Adj Close": null,
        "Volume": null
    },
    "ADBE": {
        "Open": 7.078125,
        "High": 7.15625,
        "Low": 6.9375,
        "Close": 6.953125,
        "Adj Close": 6.894136428833008,
        "Volume": 3615200.0
    },
    "AIG": {
        "Open": 1296.0,
        "High": 1352.6666259765625,
        "Low": 1293.3333740234375,
        "Close": 1350.6666259765625,
        "Adj Close": 794.5693359375,
        "Volume": 182559.0
    },
    "AMD": {
        "Open": 7.875,
        "High": 7.9375,
        "Low": 7.75,
        "Close": 7.84375,
        "Adj Close": 7.84375,
        "Volume": 2412200.0
    },
    "AMGN": {
        "Open": 39.4375,
        "High": 39.75,
        "Low": 38.6875,
        "Close": 39.625,
        "Adj Close": 26.80190086364746,
        "Volume": 5952000.0
    },
    "AMT": {
        "Open": 25.0,
        "High": 26.0,
        "Low": 24.375,
        "Close": 25.875,
        "Adj Close": 18.919240951538086,
        "Volume": 693500.0
    },
    "AMZN": {
        "Open": 4.315625190734863,
        "High": 4.6875,
        "Low": 4.293749809265137,
        "Close": 4.662499904632568,
        "Adj Close": 4.662499904632568,
        "Volume": 318336000.0
    },
    "AVGO": {
        "Open": null,
        "High": null,
        "Low": null,
        "Close": null,
        "Adj Close": null,
        "Volume": null
    },
    "AXP": {
        "Open": 35.777889251708984,
        "High": 36.634952545166016,
        "Low": 35.66847610473633,
        "Close": 36.598480224609375,
        "Adj Close": 25.640512466430664,
        "Volume": 5433109.0
    },
    "BA": {
        "Open": 33.9375,
        "High": 34.75,
        "Low": 33.875,
        "Close": 34.3125,
        "Adj Close": 21.939868927001953,
        "Volume": 2878700.0
    },
    "BAC": {
        "Open": 35.0,
        "High": 35.84375,
        "Low": 34.8125,
        "Close": 35.8125,
        "Adj Close": 17.9541072845459,
        "Volume": 5102000.0
    },
    "BK": {
        "Open": 37.62984848022461,
        "High": 38.159847259521484,
        "Low": 37.49734878540039,
        "Close": 37.82859802246094,
        "Adj Close": 20.453271865844727,
        "Volume": 1813403.0
    },
    "BKNG": {
        "Open": 501.0,
        "High": 504.0,
        "Low": 435.0,
        "Close": 450.75,
        "Adj Close": 443.4932861328125,
        "Volume": 324917.0
    },
    "BLK": {
        "Open": null,
        "High": null,
        "Low": null,
        "Close": null,
        "Adj Close": null,
        "Volume": null
    },
    "BMY": {
        "Open": 61.15167236328125,
        "High": 61.98447799682617,
        "Low": 60.4973258972168,
        "Close": 61.86550521850586,
        "Adj Close": 23.221601486206055,
        "Volume": 2903096.0
    },
    "BRK-B": {
        "Open": 48.79999923706055,
        "High": 48.86000061035156,
        "Low": 47.540000915527344,
        "Close": 47.63999938964844,
        "Adj Close": 47.63999938964844,
        "Volume": 860000.0
    },
    "C": {
        "Open": 327.5,
        "High": 333.75,
        "Low": 327.5,
        "Close": 332.5,
        "Adj Close": 171.42889404296875,
        "Volume": 1592960.0
    },
    "CAT": {
        "Open": 23.71875,
        "High": 24.6875,
        "Low": 23.71875,
        "Close": 24.53125,
        "Adj Close": 12.451812744140625,
        "Volume": 2814600.0
    },
    "CL": {
        "Open": 23.28125,
        "High": 23.84375,
        "Low": 23.28125,
        "Close": 23.625,
        "Adj Close": 13.298102378845215,
        "Volume": 3713600.0
    },
    "CMCSA": {
        "Open": 9.752812385559082,
        "High": 9.92853832244873,
        "Low": 9.635661125183105,
        "Close": 9.909012794494629,
        "Adj Close": 6.723913192749023,
        "Volume": 1371949.0
    },
    "COF": {
        "Open": 52.0,
        "High": 52.41666793823242,
        "Low": 50.89583206176758,
        "Close": 51.45833206176758,
        "Adj Close": 37.18828582763672,
        "Volume": 1230900.0
    },
    "COP": {
        "Open": 18.081195831298828,
        "High": 18.390886306762695,
        "Low": 18.009729385375977,
        "Close": 18.176485061645508,
        "Adj Close": 7.797613620758057,
        "Volume": 1546339.0
    },
    "COST": {
        "Open": 44.96875,
        "High": 45.34375,
        "Low": 44.6875,
        "Close": 45.125,
        "Adj Close": 30.10590934753418,
        "Volume": 2940200.0
    },
    "CRM": {
        "Open": null,
        "High": null,
        "Low": null,
        "Close": null,
        "Adj Close": null,
        "Volume": null
    },
    "CSCO": {
        "Open": 27.84375,
        "High": 28.625,
        "Low": 27.84375,
        "Close": 28.609375,
        "Adj Close": 18.511730194091797,
        "Volume": 40854000.0
    },
    "CVS": {
        "Open": 22.65625,
        "High": 22.71875,
        "Low": 20.96875,
        "Close": 22.25,
        "Adj Close": 14.013945579528809,
        "Volume": 9230600.0
    },
    "CVX": {
        "Open": 43.4375,
        "High": 45.34375,
        "Low": 43.4375,
        "Close": 45.3125,
        "Adj Close": 16.867509841918945,
        "Volume": 2418000.0
    },
    "DE": {
        "Open": 19.3125,
        "High": 19.96875,
        "Low": 19.28125,
        "Close": 19.53125,
        "Adj Close": 11.60819149017334,
        "Volume": 1943000.0
    },
    "DHR": {
        "Open": 8.779553413391113,
        "High": 9.49367904663086,
        "Low": 8.695537567138672,
        "Close": 9.49367904663086,
        "Adj Close": 5.613996982574463,
        "Volume": 4175452.0
    },
    "DIS": {
        "Open": 31.074750900268555,
        "High": 31.814624786376953,
        "Low": 30.951438903808594,
        "Close": 31.074750900268555,
        "Adj Close": 23.557310104370117,
        "Volume": 5977902.0
    },
    "DUK": {
        "Open": 49.248226165771484,
        "High": 49.357181549072266,
        "Low": 48.594486236572266,
        "Close": 48.7579231262207,
        "Adj Close": 14.432429313659668,
        "Volume": 752825.0
    },
    "EMR": {
        "Open": 25.90625,
        "High": 27.0,
        "Low": 25.71875,
        "Close": 26.78125,
        "Adj Close": 12.948625564575195,
        "Volume": 5154200.0
    },
    "FDX": {
        "Open": 48.1875,
        "High": 48.84375,
        "Low": 47.78125,
        "Close": 48.5625,
        "Adj Close": 38.88362503051758,
        "Volume": 1482200.0
    },
    "GD": {
        "Open": 33.25,
        "High": 34.1875,
        "Low": 33.03125,
        "Close": 33.8125,
        "Adj Close": 19.45393180847168,
        "Volume": 1248000.0
    },
    "GE": {
        "Open": 179.71640014648438,
        "High": 183.4105682373047,
        "Low": 179.61656188964844,
        "Close": 183.1110382080078,
        "Adj Close": 98.2047119140625,
        "Volume": 2458749.0
    },
    "GILD": {
        "Open": 1.402343988418579,
        "High": 1.4199219942092896,
        "Low": 1.386718988418579,
        "Close": 1.390625,
        "Adj Close": 0.9661383628845215,
        "Volume": 2582400.0
    },
    "GM": {
        "Open": null,
        "High": null,
        "Low": null,
        "Close": null,
        "Adj Close": null,
        "Volume": null
    },
    "GOOG": {
        "Open": null,