{
    "AAPL": {
        "Open": 0.30245500802993774,
        "High": 0.31026801466941833,
        "Low": 0.29910698533058167,
        "Close": 0.3041290044784546,
        "Adj Close": 0.2551534175872803,
        "Volume": 523857600.0
    },
    "ABBV": {
        "Open": null,
        "High": null,
        "Low": null,
        "Close": null,
        "Adj Close": null,
        "Volume": null
    },
    "ABT": {
        "Open": 21.350847244262695,
        "High": 22.893945693969727,
        "Low": 21.182510375976562,
        "Close": 22.837831497192383,
        "Adj Close": 11.666828155517578,
        "Volume": 6799274.0
    },
    "ACN": {
        "Open": null,
        "High": null,
        "Low": null,
        "Close": null,
        "Adj Close": null,
        "Volume": null
    },
    "ADBE": {
        "Open": 7.4375,
        "High": 7.515625,
        "Low": 7.265625,
        "Close": 7.351562976837158,
        "Adj Close": 7.289194107055664,
        "Volume": 3962400.0
    },
    "AIG": {
        "Open": 1325.3333740234375,
        "High": 1349.3333740234375,
        "Low": 1304.0,
        "Close": 1305.3333740234375,
        "Adj Close": 767.9006958007812,
        "Volume": 255263.0
    },
    "AMD": {
        "Open": 8.09375,
        "High": 8.09375,
        "Low": 7.875,
        "Close": 8.0,
        "Adj Close": 8.0,
        "Volume": 1782400.0
    },
    "AMGN": {
        "Open": 30.75,
        "High": 34.5,
        "Low": 30.5,
        "Close": 34.5,
        "Adj Close": 23.33540916442871,
        "Volume": 18601600.0
    },
    "AMT": {
        "Open": 20.5625,
        "High": 22.75,
        "Low": 20.5625,
        "Close": 21.875,
        "Adj Close": 15.994515419006348,
        "Volume": 493500.0
    },
    "AMZN": {
        "Open": 3.9328129291534424,
        "High": 4.357812881469727,
        "Low": 3.8375000953674316,
        "Close": 4.300000190734863,
        "Adj Close": 4.300000190734863,
        "Volume": 400100000.0
    },
    "AVGO": {
        "Open": null,
        "High": null,
        "Low": null,
        "Close": null,
        "Adj Close": null,
        "Volume": null
    },
    "AXP": {
        "Open": 36.799072265625,
        "High": 37.92966842651367,
        "Low": 36.689659118652344,
        "Close": 37.20024871826172,
        "Adj Close": 26.06209945678711,
        "Volume": 4576945.0
    },
    "BA": {
        "Open": 39.5625,
        "High": 39.75,
        "Low": 39.1875,
        "Close": 39.25,
        "Adj Close": 25.096969604492188,
        "Volume": 4087700.0
    },
    "BAC": {
        "Open": 35.9375,
        "High": 36.8125,
        "Low": 35.75,
        "Close": 36.6875,
        "Adj Close": 18.39280128479004,
        "Volume": 8795000.0
    },
    "BK": {
        "Open": 40.01483917236328,
        "High": 40.41233825683594,
        "Low": 39.35234451293945,
        "Close": 40.01483917236328,
        "Adj Close": 21.635337829589844,
        "Volume": 1624535.0
    },
    "BKNG": {
        "Open": 359.25,
        "High": 414.0,
        "Low": 348.0,
        "Close": 405.75,
        "Adj Close": 399.2177429199219,
        "Volume": 264100.0
    },
    "BLK": {
        "Open": null,
        "High": null,
        "Low": null,
        "Close": null,
        "Adj Close": null,
        "Volume": null
    },
    "BMY": {
        "Open": 54.727176666259766,
        "High": 56.39278793334961,
        "Low": 54.727176666259766,
        "Close": 56.39278793334961,
        "Adj Close": 21.16737937927246,
        "Volume": 6130953.0
    },
    "BRK-B": {
        "Open": 48.15999984741211,
        "High": 48.63999938964844,
        "Low": 47.70000076293945,
        "Close": 48.119998931884766,
        "Adj Close": 48.119998931884766,
        "Volume": 765000.0
    },
    "C": {
        "Open": 365.0,
        "High": 374.6875,
        "Low": 357.1875,
        "Close": 364.0625,
        "Adj Close": 187.70184326171875,
        "Volume": 3036560.0
    },
    "CAT": {
        "Open": 30.875,
        "High": 31.09375,
        "Low": 30.125,
        "Close": 30.34375,
        "Adj Close": 15.402177810668945,
        "Volume": 6813200.0
    },
    "CL": {
        "Open": 23.9375,
        "High": 23.953125,
        "Low": 22.8125,
        "Close": 23.25,
        "Adj Close": 13.087028503417969,
        "Volume": 5832800.0
    },
    "CMCSA": {
        "Open": 9.215869903564453,
        "High": 9.606372833251953,
        "Low": 9.206107139587402,
        "Close": 9.586848258972168,
        "Adj Close": 6.505302906036377,
        "Volume": 4261811.0
    },
    "COF": {
        "Open": 50.75,
        "High": 51.14583206176758,
        "Low": 49.02083206176758,
        "Close": 50.875,
        "Adj Close": 36.76668930053711,
        "Volume": 2264400.0
    },
    "COP": {
        "Open": 18.93880271911621,
        "High": 18.93880271911621,
        "Low": 18.200307846069336,
        "Close": 18.390886306762695,
        "Adj Close": 7.889591217041016,
        "Volume": 2053478.0
    },
    "COST": {
        "Open": 39.1875,
        "High": 41.9375,
        "Low": 39.0625,
        "Close": 41.125,
        "Adj Close": 27.437238693237305,
        "Volume": 5248200.0
    },
    "CRM": {
        "Open": null,
        "High": null,
        "Low": null,
        "Close": null,
        "Adj Close": null,
        "Volume": null
    },
    "CSCO": {
        "Open": 25.015625,
        "High": 25.59375,
        "Low": 24.8125,
        "Close": 25.390625,
        "Adj Close": 16.42903709411621,
        "Volume": 74923600.0
    },
    "CVS": {
        "Open": 20.0,
        "High": 21.0625,
        "Low": 19.8125,
        "Close": 20.53125,
        "Adj Close": 12.931404113769531,
        "Volume": 5823400.0
    },
    "CVX": {
        "Open": 49.5,
        "High": 49.5,
        "Low": 47.71875,
        "Close": 48.53125,
        "Adj Close": 18.065689086914062,
        "Volume": 4930000.0
    },
    "DE": {
        "Open": 22.0,
        "High": 22.03125,
        "Low": 21.15625,
        "Close": 21.5,
        "Adj Close": 12.778288841247559,
        "Volume": 3451800.0
    },
    "DHR": {
        "Open": 10.774906158447266,
        "High": 10.774906158447266,
        "Low": 10.01877212524414,
        "Close": 10.459850311279297,
        "Adj Close": 6.185333728790283,
        "Volume": 4125461.0
    },
    "DIS": {
        "Open": 31.99959373474121,
        "High": 32.67781448364258,
        "Low": 31.814624786376953,
        "Close": 32.61615753173828,
        "Adj Close": 24.725833892822266,
        "Volume": 4415813.0
    },
    "DUK": {
        "Open": 47.06909942626953,
        "High": 48.21314239501953,
        "Low": 46.85118865966797,
        "Close": 47.77731704711914,
        "Adj Close": 14.142170906066895,
        "Volume": 2814777.0
    },
    "EMR": {
        "Open": 31.0625,
        "High": 31.15625,
        "Low": 29.9375,
        "Close": 30.0,
        "Adj Close": 14.50487232208252,
        "Volume": 3232800.0
    },
    "FDX": {
        "Open": 53.25,
        "High": 54.0625,
        "Low": 51.6875,
        "Close": 53.5625,
        "Adj Close": 42.88710403442383,
        "Volume": 2724000.0
    },
    "GD": {
        "Open": 33.625,
        "High": 33.6875,
        "Low": 32.78125,
        "Close": 33.25,
        "Adj Close": 19.19952392578125,
        "Volume": 1249600.0
    },
    "GE": {
        "Open": 166.9365692138672,
        "High": 175.0238037109375,
        "Low": 165.93814086914062,
        "Close": 174.6244354248047,
        "Adj Close": 93.65328216552734,
        "Volume": 4738528.0
    },
    "GILD": {
        "Open": 1.1328129768371582,
        "High": 1.3125,
        "Low": 1.121093988418579,
        "Close": 1.296875,
        "Adj Close": 0.9010059237480164,
        "Volume": 28176000.0
    },
    "GM": {
        "Open": null,
        "High": null,
        "Low": null,
        "Close": null,
        "Adj Close": null,
        "Volume": null
    },
    "GOOG": {
        "Open": null,
        "High": null,