{
    "AAPL": {
        "Open": 0.3984380066394806,
        "High": 0.40792399644851685,
        "Low": 0.389508992433548,
        "Close": 0.39341500401496887,
        "Adj Close": 0.330061137676239,
        "Volume": 954990400.0
    },
    "ABBV": {
        "Open": null,
        "High": null,
        "Low": null,
        "Close": null,
        "Adj Close": null,
        "Volume": null
    },
    "ABT": {
        "Open": 23.342845916748047,
        "High": 23.398958206176758,
        "Low": 22.865888595581055,
        "Close": 22.922000885009766,
        "Adj Close": 11.70982551574707,
        "Volume": 3617057.0
    },
    "ACN": {
        "Open": null,
        "High": null,
        "Low": null,
        "Close": null,
        "Adj Close": null,
        "Volume": null
    },
    "ADBE": {
        "Open": 8.109375,
        "High": 8.3125,
        "Low": 8.03125,
        "Close": 8.09375,
        "Adj Close": 8.02508544921875,
        "Volume": 8924800.0
    },
    "AIG": {
        "Open": 1344.0,
        "High": 1346.6666259765625,
        "Low": 1312.6666259765625,
        "Close": 1312.6666259765625,
        "Adj Close": 772.2147827148438,
        "Volume": 206447.0
    },
    "AMD": {
        "Open": 8.375,
        "High": 8.4375,
        "Low": 8.1875,
        "Close": 8.1875,
        "Adj Close": 8.1875,
        "Volume": 1194000.0
    },
    "AMGN": {
        "Open": 34.9375,
        "High": 34.96875,
        "Low": 32.90625,
        "Close": 32.96875,
        "Adj Close": 22.299692153930664,
        "Volume": 7419000.0
    },
    "AMT": {
        "Open": 22.5,
        "High": 23.1875,
        "Low": 22.25,
        "Close": 22.5,
        "Adj Close": 16.451501846313477,
        "Volume": 432400.0
    },
    "AMZN": {
        "Open": 5.0,
        "High": 5.050000190734863,
        "Low": 4.559374809265137,
        "Close": 4.837500095367432,
        "Adj Close": 4.837500095367432,
        "Volume": 389476000.0
    },
    "AVGO": {
        "Open": null,
        "High": null,
        "Low": null,
        "Close": null,
        "Adj Close": null,
        "Volume": null
    },
    "AXP": {
        "Open": 40.55556869506836,
        "High": 40.55556869506836,
        "Low": 38.7867317199707,
        "Close": 38.82320022583008,
        "Adj Close": 27.199121475219727,
        "Volume": 4187250.0
    },
    "BA": {
        "Open": 39.375,
        "High": 40.875,
        "Low": 39.375,
        "Close": 40.5,
        "Adj Close": 25.896238327026367,
        "Volume": 4730700.0
    },
    "BAC": {
        "Open": 37.34375,
        "High": 37.5625,
        "Low": 36.8125,
        "Close": 36.8125,
        "Adj Close": 18.455455780029297,
        "Volume": 6539400.0
    },
    "BK": {
        "Open": 42.39982986450195,
        "High": 42.79732894897461,
        "Low": 41.869834899902344,
        "Close": 42.59857940673828,
        "Adj Close": 23.118053436279297,
        "Volume": 2130103.0
    },
    "BKNG": {
        "Open": 749.625,
        "High": 806.625,
        "Low": 696.0,
        "Close": 726.0,
        "Adj Close": 714.3119506835938,
        "Volume": 448867.0
    },
    "BLK": {
        "Open": null,
        "High": null,
        "Low": null,
        "Close": null,
        "Adj Close": null,
        "Volume": null
    },
    "BMY": {
        "Open": 65.79158782958984,
        "High": 65.91056060791016,
        "Low": 62.40087890625,
        "Close": 62.93625259399414,
        "Adj Close": 23.623512268066406,
        "Volume": 3964794.0
    },
    "BRK-B": {
        "Open": 49.84000015258789,
        "High": 50.0,
        "Low": 49.599998474121094,
        "Close": 49.68000030517578,
        "Adj Close": 49.68000030517578,
        "Volume": 460000.0
    },
    "C": {
        "Open": 374.375,
        "High": 380.0,
        "Low": 372.1875,
        "Close": 372.8125,
        "Adj Close": 192.2130889892578,
        "Volume": 1299620.0
    },
    "CAT": {
        "Open": 31.78125,
        "High": 33.125,
        "Low": 31.65625,
        "Close": 32.28125,
        "Adj Close": 16.46570587158203,
        "Volume": 4397600.0
    },
    "CL": {
        "Open": 25.0,
        "High": 25.0625,
        "Low": 24.71875,
        "Close": 24.78125,
        "Adj Close": 13.987260818481445,
        "Volume": 2606400.0
    },
    "CMCSA": {
        "Open": 10.387378692626953,
        "High": 10.387378692626953,
        "Low": 9.821149826049805,
        "Close": 9.879725456237793,
        "Adj Close": 6.704039096832275,
        "Volume": 1295765.0
    },
    "COF": {
        "Open": 55.625,
        "High": 56.0,
        "Low": 55.16666793823242,
        "Close": 55.33333206176758,
        "Adj Close": 39.988677978515625,
        "Volume": 1073700.0
    },
    "COP": {
        "Open": 18.43853187561035,
        "High": 19.12938117980957,
        "Low": 18.414709091186523,
        "Close": 18.8435115814209,
        "Adj Close": 8.08376407623291,
        "Volume": 1584644.0
    },
    "COST": {
        "Open": 43.9375,
        "High": 44.34375,
        "Low": 42.75,
        "Close": 42.78125,
        "Adj Close": 28.542238235473633,
        "Volume": 3640400.0
    },
    "CRM": {
        "Open": null,
        "High": null,
        "Low": null,
        "Close": null,
        "Adj Close": null,
        "Volume": null
    },
    "CSCO": {
        "Open": 28.75,
        "High": 28.75,
        "Low": 27.8125,
        "Close": 27.9375,
        "Adj Close": 18.076995849609375,
        "Volume": 36496800.0
    },
    "CVS": {
        "Open": 25.3125,
        "High": 25.65625,
        "Low": 24.125,
        "Close": 24.21875,
        "Adj Close": 15.27551555633545,
        "Volume": 4351600.0
    },
    "CVX": {
        "Open": 49.40625,
        "High": 52.125,
        "Low": 49.34375,
        "Close": 51.4375,
        "Adj Close": 19.147533416748047,
        "Volume": 4156200.0
    },
    "DE": {
        "Open": 20.96875,
        "High": 22.28125,
        "Low": 20.96875,
        "Close": 21.8125,
        "Adj Close": 12.96401596069336,
        "Volume": 3515000.0
    },
    "DHR": {
        "Open": 11.51003646850586,
        "High": 11.594051361083984,
        "Low": 11.089962005615234,
        "Close": 11.226486206054688,
        "Adj Close": 6.638676643371582,
        "Volume": 2447781.0
    },
    "DIS": {
        "Open": 32.061248779296875,
        "High": 32.061248779296875,
        "Low": 30.766468048095703,
        "Close": 32.061248779296875,
        "Adj Close": 24.305156707763672,
        "Volume": 11748606.0
    },
    "DUK": {
        "Open": 47.17805480957031,
        "High": 48.485530853271484,
        "Low": 47.17805480957031,
        "Close": 48.15866470336914,
        "Adj Close": 14.255056381225586,
        "Volume": 2017897.0
    },
    "EMR": {
        "Open": 30.5,
        "High": 30.78125,
        "Low": 30.28125,
        "Close": 30.5625,
        "Adj Close": 14.776839256286621,
        "Volume": 3375200.0
    },
    "FDX": {
        "Open": 56.15625,
        "High": 56.1875,
        "Low": 53.1875,
        "Close": 53.71875,
        "Adj Close": 43.01219940185547,
        "Volume": 3731600.0
    },
    "GD": {
        "Open": 34.65625,
        "High": 35.5,
        "Low": 34.5625,
        "Close": 35.15625,
        "Adj Close": 20.30024528503418,
        "Volume": 469200.0
    },
    "GE": {
        "Open": 177.51986694335938,
        "High": 180.31546020507812,
        "Low": 176.72113037109375,
        "Close": 178.11892700195312,
        "Adj Close": 95.52738189697266,
        "Volume": 2543633.0
    },
    "GILD": {
        "Open": 1.394531011581421,
        "High": 1.3984379768371582,
        "Low": 1.359375,
        "Close": 1.3671879768371582,
        "Adj Close": 0.9498555660247803,
        "Volume": 10883200.0
    },
    "GM": {
        "Open": null,
        "High": null,
        "Low": null,
        "Close": null,
        "Adj Close": null,
        "Volume": null
    },
    "GOOG": {
        "Open": null,
        "High": null,