{
    "AAPL": {
        "Open": 0.3861609995365143,
        "High": 0.39620500802993774,
        "Low": 0.37304699420928955,
        "Close": 0.3839290142059326,
        "Adj Close": 0.32210269570350647,
        "Volume": 789308800.0
    },
    "ABBV": {
        "Open": null,
        "High": null,
        "Low": null,
        "Close": null,
        "Adj Close": null,
        "Volume": null
    },
    "ABT": {
        "Open": 22.865888595581055,
        "High": 23.00617027282715,
        "Low": 22.501157760620117,
        "Close": 22.72560691833496,
        "Adj Close": 11.609495162963867,
        "Volume": 5914446.0
    },
    "ACN": {
        "Open": null,
        "High": null,
        "Low": null,
        "Close": null,
        "Adj Close": null,
        "Volume": null
    },
    "ADBE": {
        "Open": 8.09375,
        "High": 8.132813453674316,
        "Low": 7.90625,
        "Close": 7.90625,
        "Adj Close": 7.839173793792725,
        "Volume": 7620800.0
    },
    "AIG": {
        "Open": 1302.6666259765625,
        "High": 1314.6666259765625,
        "Low": 1256.0,
        "Close": 1270.6666259765625,
        "Adj Close": 747.5072021484375,
        "Volume": 397941.0
    },
    "AMD": {
        "Open": 8.125,
        "High": 8.375,
        "Low": 8.125,
        "Close": 8.25,
        "Adj Close": 8.25,
        "Volume": 1440800.0
    },
    "AMGN": {
        "Open": 33.0,
        "High": 34.5,
        "Low": 31.34375,
        "Close": 32.21875,
        "Adj Close": 21.792402267456055,
        "Volume": 8786800.0
    },
    "AMT": {
        "Open": 22.5,
        "High": 22.5,
        "Low": 21.5,
        "Close": 22.25,
        "Adj Close": 16.268709182739258,
        "Volume": 864800.0
    },
    "AMZN": {
        "Open": 4.310937881469727,
        "High": 4.543749809265137,
        "Low": 4.125,
        "Close": 4.206250190734863,
        "Adj Close": 4.206250190734863,
        "Volume": 844168000.0
    },
    "AVGO": {
        "Open": null,
        "High": null,
        "Low": null,
        "Close": null,
        "Adj Close": null,
        "Volume": null
    },
    "AXP": {
        "Open": 39.680267333984375,
        "High": 40.09968185424805,
        "Low": 39.38850021362305,
        "Close": 39.4979133605957,
        "Adj Close": 27.67182159423828,
        "Volume": 5094825.0
    },
    "BA": {
        "Open": 40.5,
        "High": 41.875,
        "Low": 40.25,
        "Close": 40.375,
        "Adj Close": 25.816303253173828,
        "Volume": 4436000.0
    },
    "BAC": {
        "Open": 37.125,
        "High": 37.5,
        "Low": 36.0,
        "Close": 36.5,
        "Adj Close": 18.298789978027344,
        "Volume": 8288600.0
    },
    "BK": {
        "Open": 42.39982986450195,
        "High": 44.18857192993164,
        "Low": 42.333580017089844,
        "Close": 43.06232833862305,
        "Adj Close": 23.369722366333008,
        "Volume": 2053687.0
    },
    "BKNG": {
        "Open": 690.375,
        "High": 833.25,
        "Low": 690.0,
        "Close": 826.875,
        "Adj Close": 813.5629272460938,
        "Volume": 721900.0
    },
    "BLK": {
        "Open": null,
        "High": null,
        "Low": null,
        "Close": null,
        "Adj Close": null,
        "Volume": null
    },
    "BMY": {
        "Open": 62.75779724121094,
        "High": 63.709571838378906,
        "Low": 62.04396438598633,
        "Close": 62.103450775146484,
        "Adj Close": 23.310916900634766,
        "Volume": 4027834.0
    },
    "BRK-B": {
        "Open": 49.86000061035156,
        "High": 49.880001068115234,
        "Low": 49.220001220703125,
        "Close": 49.29999923706055,
        "Adj Close": 49.29999923706055,
        "Volume": 385000.0
    },
    "C": {
        "Open": 377.1875,
        "High": 388.125,
        "Low": 375.625,
        "Close": 381.5625,
        "Adj Close": 197.2799835205078,
        "Volume": 1964960.0
    },
    "CAT": {
        "Open": 32.3125,
        "High": 33.1875,
        "Low": 32.3125,
        "Close": 32.75,
        "Adj Close": 16.704797744750977,
        "Volume": 3582000.0
    },
    "CL": {
        "Open": 24.796875,
        "High": 25.234375,
        "Low": 24.796875,
        "Close": 25.015625,
        "Adj Close": 14.11954116821289,
        "Volume": 4235600.0
    },
    "CMCSA": {
        "Open": 9.918774604797363,
        "High": 9.996875762939453,
        "Low": 9.430646896362305,
        "Close": 9.938301086425781,
        "Adj Close": 6.743790149688721,
        "Volume": 2910989.0
    },
    "COF": {
        "Open": 55.75,
        "High": 57.33333206176758,
        "Low": 55.58333206176758,
        "Close": 55.89583206176758,
        "Adj Close": 40.39521408081055,
        "Volume": 1280400.0
    },
    "COP": {
        "Open": 18.867334365844727,
        "High": 20.153743743896484,
        "Low": 18.867334365844727,
        "Close": 19.53436279296875,
        "Adj Close": 8.438173294067383,
        "Volume": 3352938.0
    },
    "COST": {
        "Open": 42.875,
        "High": 42.96875,
        "Low": 40.375,
        "Close": 40.5625,
        "Adj Close": 27.061969757080078,
        "Volume": 5267000.0
    },
    "CRM": {
        "Open": null,
        "High": null,
        "Low": null,
        "Close": null,
        "Adj Close": null,
        "Volume": null
    },
    "CSCO": {
        "Open": 27.96875,
        "High": 28.0,
        "Low": 26.6875,
        "Close": 27.296875,
        "Adj Close": 17.662487030029297,
        "Volume": 58308000.0
    },
    "CVS": {
        "Open": 24.21875,
        "High": 24.96875,
        "Low": 23.59375,
        "Close": 23.59375,
        "Adj Close": 14.881309509277344,
        "Volume": 3911000.0
    },
    "CVX": {
        "Open": 50.4375,
        "High": 52.21875,
        "Low": 50.03125,
        "Close": 51.78125,
        "Adj Close": 19.2755069732666,
        "Volume": 4317400.0
    },
    "DE": {
        "Open": 22.5,
        "High": 22.75,
        "Low": 22.09375,
        "Close": 22.5625,
        "Adj Close": 13.409781455993652,
        "Volume": 2774800.0
    },
    "DHR": {
        "Open": 11.184477806091309,
        "High": 11.2789945602417,
        "Low": 11.089962005615234,
        "Close": 11.236988067626953,
        "Adj Close": 6.644886493682861,
        "Volume": 3595792.0
    },
    "DIS": {
        "Open": 31.629655838012695,
        "High": 31.629655838012695,
        "Low": 29.77996826171875,
        "Close": 29.964937210083008,
        "Adj Close": 22.715980529785156,
        "Volume": 10038317.0
    },
    "DUK": {
        "Open": 48.594486236572266,
        "High": 49.248226165771484,
        "Low": 48.15866470336914,
        "Close": 48.70344543457031,
        "Adj Close": 14.416302680969238,
        "Volume": 2584179.0
    },
    "EMR": {
        "Open": 30.875,
        "High": 31.34375,
        "Low": 30.625,
        "Close": 31.25,
        "Adj Close": 15.109251022338867,
        "Volume": 3420400.0
    },
    "FDX": {
        "Open": 54.0625,
        "High": 55.96875,
        "Low": 54.0625,
        "Close": 55.125,
        "Adj Close": 44.13819122314453,
        "Volume": 1401600.0
    },
    "GD": {
        "Open": 35.15625,
        "High": 35.6875,
        "Low": 34.9375,
        "Close": 35.3125,
        "Adj Close": 20.390466690063477,
        "Volume": 541800.0
    },
    "GE": {
        "Open": 177.3201904296875,
        "High": 178.01907348632812,
        "Low": 169.532470703125,
        "Close": 171.92869567871094,
        "Adj Close": 92.20750427246094,
        "Volume": 3422705.0
    },
    "GILD": {
        "Open": 1.375,
        "High": 1.375,
        "Low": 1.316406011581421,
        "Close": 1.3515629768371582,
        "Adj Close": 0.9390003085136414,
        "Volume": 9977600.0
    },
    "GM": {
        "Open": null,
        "High": null,
        "Low": null,
        "Close": null,
        "Adj Close": null,
        "Volume": null
    },
    "GOOG": {
        "Open": null,
        "High": null,