{
    "AAPL": {
        "Open": 0.3013390004634857,
        "High": 0.3214290142059326,
        "Low": 0.29910698533058167,
        "Close": 0.3214290142059326,
        "Adj Close": 0.2696674168109894,
        "Volume": 454081600.0
    },
    "ABBV": {
        "Open": null,
        "High": null,
        "Low": null,
        "Close": null,
        "Adj Close": null,
        "Volume": null
    },
    "ABT": {
        "Open": 18.18048667907715,
        "High": 18.432992935180664,
        "Low": 17.50713348388672,
        "Close": 18.236597061157227,
        "Adj Close": 9.223845481872559,
        "Volume": 5982835.0
    },
    "ACN": {
        "Open": null,
        "High": null,
        "Low": null,
        "Close": null,
        "Adj Close": null,
        "Volume": null
    },
    "ADBE": {
        "Open": 3.796875,
        "High": 3.859375,
        "Low": 3.742187976837158,
        "Close": 3.820312976837158,
        "Adj Close": 3.7745261192321777,
        "Volume": 7171200.0
    },
    "AIG": {
        "Open": 988.6666870117188,
        "High": 1002.6666870117188,
        "Low": 976.6666870117188,
        "Close": 993.3333129882812,
        "Adj Close": 583.28955078125,
        "Volume": 245166.0
    },
    "AMD": {
        "Open": 8.0625,
        "High": 8.25,
        "Low": 7.78125,
        "Close": 7.9375,
        "Adj Close": 7.9375,
        "Volume": 3236800.0
    },
    "AMGN": {
        "Open": 17.15625,
        "High": 17.625,
        "Low": 16.84375,
        "Close": 17.390625,
        "Adj Close": 11.762821197509766,
        "Volume": 13051600.0
    },
    "AMT": {
        "Open": 23.25,
        "High": 23.625,
        "Low": 22.375,
        "Close": 22.5,
        "Adj Close": 16.451501846313477,
        "Volume": 446700.0
    },
    "AMZN": {
        "Open": 0.9401040077209473,
        "High": 0.9427080154418945,
        "Low": 0.8333330154418945,
        "Close": 0.8848959803581238,
        "Adj Close": 0.8848959803581238,
        "Volume": 461208000.0
    },
    "AVGO": {
        "Open": null,
        "High": null,
        "Low": null,
        "Close": null,
        "Adj Close": null,
        "Volume": null
    },
    "AXP": {
        "Open": 31.073150634765625,
        "High": 31.839038848876953,
        "Low": 30.781383514404297,
        "Close": 31.63844871520996,
        "Adj Close": 22.005159378051758,
        "Volume": 7231121.0
    },
    "BA": {
        "Open": 36.875,
        "High": 38.0,
        "Low": 36.0625,
        "Close": 36.5,
        "Adj Close": 23.089006423950195,
        "Volume": 6621700.0
    },
    "BAC": {
        "Open": 37.625,
        "High": 38.75,
        "Low": 36.84375,
        "Close": 38.375,
        "Adj Close": 18.853139877319336,
        "Volume": 7173000.0
    },
    "BK": {
        "Open": 32.09799575805664,
        "High": 32.89299392700195,
        "Low": 31.43549919128418,
        "Close": 32.859867095947266,
        "Adj Close": 17.61745262145996,
        "Volume": 2511897.0
    },
    "BKNG": {
        "Open": null,
        "High": null,
        "Low": null,
        "Close": null,
        "Adj Close": null,
        "Volume": null
    },
    "BLK": {
        "Open": null,
        "High": null,
        "Low": null,
        "Close": null,
        "Adj Close": null,
        "Volume": null
    },
    "BMY": {
        "Open": 50.20623779296875,
        "High": 51.27698516845703,
        "Low": 49.49240493774414,
        "Close": 51.12826919555664,
        "Adj Close": 18.990684509277344,
        "Volume": 6942172.0
    },
    "BRK-B": {
        "Open": 46.20000076293945,
        "High": 46.220001220703125,
        "Low": 45.68000030517578,
        "Close": 46.08000183105469,
        "Adj Close": 46.08000183105469,
        "Volume": 550000.0
    },
    "C": {
        "Open": 311.875,
        "High": 318.4375,
        "Low": 303.75,
        "Close": 313.75,
        "Adj Close": 160.56768798828125,
        "Volume": 1154860.0
    },
    "CAT": {
        "Open": 23.625,
        "High": 23.75,
        "Low": 22.96875,
        "Close": 23.5625,
        "Adj Close": 11.808868408203125,
        "Volume": 3610000.0
    },
    "CL": {
        "Open": 22.5625,
        "High": 22.8125,
        "Low": 22.15625,
        "Close": 22.4375,
        "Adj Close": 12.544987678527832,
        "Volume": 6030800.0
    },
    "CMCSA": {
        "Open": 6.814277172088623,
        "High": 6.833802223205566,
        "Low": 6.26757287979126,
        "Close": 6.521399974822998,
        "Adj Close": 4.419106483459473,
        "Volume": 3608167.0
    },
    "COF": {
        "Open": 37.16666793823242,
        "High": 37.79166793823242,
        "Low": 36.54166793823242,
        "Close": 36.85416793823242,
        "Adj Close": 26.576475143432617,
        "Volume": 2256600.0
    },
    "COP": {
        "Open": 16.22304916381836,
        "High": 16.270694732666016,
        "Low": 15.67513370513916,
        "Close": 16.175403594970703,
        "Adj Close": 6.823732852935791,
        "Volume": 1610355.0
    },
    "COST": {
        "Open": 26.5625,
        "High": 27.34375,
        "Low": 25.9375,
        "Close": 27.3125,
        "Adj Close": 18.222015380859375,
        "Volume": 7090600.0
    },
    "CRM": {
        "Open": null,
        "High": null,
        "Low": null,
        "Close": null,
        "Adj Close": null,
        "Volume": null
    },
    "CSCO": {
        "Open": 15.8125,
        "High": 16.25,
        "Low": 15.46875,
        "Close": 16.125,
        "Adj Close": 10.43370246887207,
        "Volume": 144369600.0
    },
    "CVS": {
        "Open": 19.9375,
        "High": 20.8125,
        "Low": 19.75,
        "Close": 20.3125,
        "Adj Close": 12.761752128601074,
        "Volume": 1884000.0
    },
    "CVX": {
        "Open": 39.28125,
        "High": 39.34375,
        "Low": 38.03125,
        "Close": 39.34375,
        "Adj Close": 14.31495475769043,
        "Volume": 3888200.0
    },
    "DE": {
        "Open": 20.4375,
        "High": 20.65625,
        "Low": 20.03125,
        "Close": 20.46875,
        "Adj Close": 11.926680564880371,
        "Volume": 2078800.0
    },
    "DHR": {
        "Open": 6.7001848220825195,
        "High": 6.773697853088379,
        "Low": 6.532155990600586,
        "Close": 6.679182052612305,
        "Adj Close": 3.9458048343658447,
        "Volume": 1214666.0
    },
    "DIS": {
        "Open": 32.369529724121094,
        "High": 33.602657318115234,
        "Low": 31.814624786376953,
        "Close": 33.109405517578125,
        "Adj Close": 25.048316955566406,
        "Volume": 7833046.0
    },
    "DUK": {
        "Open": 50.33778762817383,
        "High": 50.71913528442383,
        "Low": 49.793006896972656,
        "Close": 50.33778762817383,
        "Adj Close": 14.494926452636719,
        "Volume": 2099811.0
    },
    "EMR": {
        "Open": 28.78125,
        "High": 29.65625,
        "Low": 28.75,
        "Close": 29.65625,
        "Adj Close": 14.117173194885254,
        "Volume": 1645000.0
    },
    "FDX": {
        "Open": 29.9375,
        "High": 30.625,
        "Low": 29.9375,
        "Close": 30.625,
        "Adj Close": 24.521202087402344,
        "Volume": 916400.0
    },
    "GD": {
        "Open": 22.0,
        "High": 22.0,
        "Low": 21.4375,
        "Close": 21.8125,
        "Adj Close": 12.449395179748535,
        "Volume": 700200.0
    },
    "GE": {
        "Open": 137.28335571289062,
        "High": 141.2770538330078,
        "Low": 136.58445739746094,
        "Close": 138.58131408691406,
        "Adj Close": 73.53802490234375,
        "Volume": 5021098.0
    },
    "GILD": {
        "Open": 0.6992189884185791,
        "High": 0.71875,
        "Low": 0.6835939884185791,
        "Close": 0.71875,
        "Adj Close": 0.4993526339530945,
        "Volume": 6364800.0
    },
    "GM": {
        "Open": null,
        "High": null,
        "Low": null,
        "Close": null,
        "Adj Close": null,
        "Volume": null
    },