{
    "AAPL": {
        "Open": 0.3789060115814209,
        "High": 0.3872770071029663,
        "Low": 0.37723198533058167,
        "Close": 0.38002198934555054,
        "Adj Close": 0.31882479786872864,
        "Volume": 605953600.0
    },
    "ABBV": {
        "Open": null,
        "High": null,
        "Low": null,
        "Close": null,
        "Adj Close": null,
        "Volume": null
    },
    "ABT": {
        "Open": 18.938005447387695,
        "High": 19.274681091308594,
        "Low": 18.7977237701416,
        "Close": 19.1343994140625,
        "Adj Close": 9.67794418334961,
        "Volume": 3943187.0
    },
    "ACN": {
        "Open": null,
        "High": null,
        "Low": null,
        "Close": null,
        "Adj Close": null,
        "Volume": null
    },
    "ADBE": {
        "Open": 3.40625,
        "High": 3.40625,
        "Low": 3.359375,
        "Close": 3.375,
        "Adj Close": 3.334550619125366,
        "Volume": 5304800.0
    },
    "AIG": {
        "Open": 980.0,
        "High": 1012.0,
        "Low": 980.0,
        "Close": 1008.6666870117188,
        "Adj Close": 592.29296875,
        "Volume": 175744.0
    },
    "AMD": {
        "Open": 9.5,
        "High": 10.0625,
        "Low": 9.4375,
        "Close": 10.03125,
        "Adj Close": 10.03125,
        "Volume": 12423400.0
    },
    "AMGN": {
        "Open": 17.65625,
        "High": 17.84375,
        "Low": 17.4375,
        "Close": 17.625,
        "Adj Close": 11.92134952545166,
        "Volume": 9128000.0
    },
    "AMT": {
        "Open": 23.375,
        "High": 23.375,
        "Low": 22.25,
        "Close": 22.3125,
        "Adj Close": 16.31440544128418,
        "Volume": 111600.0
    },
    "AMZN": {
        "Open": 1.0098960399627686,
        "High": 1.0760420560836792,
        "Low": 0.9927080273628235,
        "Close": 1.0723960399627686,
        "Adj Close": 1.0723960399627686,
        "Volume": 360012000.0
    },
    "AVGO": {
        "Open": null,
        "High": null,
        "Low": null,
        "Close": null,
        "Adj Close": null,
        "Volume": null
    },
    "AXP": {
        "Open": 28.082542419433594,
        "High": 29.395492553710938,
        "Low": 28.064306259155273,
        "Close": 29.28607940673828,
        "Adj Close": 20.36904525756836,
        "Volume": 6135725.0
    },
    "BA": {
        "Open": 37.0,
        "High": 37.9375,
        "Low": 37.0,
        "Close": 37.5625,
        "Adj Close": 23.848987579345703,
        "Volume": 3628100.0
    },
    "BAC": {
        "Open": 36.625,
        "High": 37.5625,
        "Low": 36.5,
        "Close": 37.46875,
        "Adj Close": 18.407907485961914,
        "Volume": 5315400.0
    },
    "BK": {
        "Open": 31.137374877929688,
        "High": 32.19737243652344,
        "Low": 31.00487518310547,
        "Close": 31.932371139526367,
        "Adj Close": 17.120193481445312,
        "Volume": 2000480.0
    },
    "BKNG": {
        "Open": null,
        "High": null,
        "Low": null,
        "Close": null,
        "Adj Close": null,
        "Volume": null
    },
    "BLK": {
        "Open": null,
        "High": null,
        "Low": null,
        "Close": null,
        "Adj Close": null,
        "Volume": null
    },
    "BMY": {
        "Open": 51.27698516845703,
        "High": 52.228763580322266,
        "Low": 51.09852981567383,
        "Close": 51.901588439941406,
        "Adj Close": 19.27791404724121,
        "Volume": 3685317.0
    },
    "BRK-B": {
        "Open": 46.52000045776367,
        "High": 48.119998931884766,
        "Low": 46.52000045776367,
        "Close": 48.060001373291016,
        "Adj Close": 48.060001373291016,
        "Volume": 335000.0
    },
    "C": {
        "Open": 293.75,
        "High": 299.0625,
        "Low": 289.6875,
        "Close": 297.8125,
        "Adj Close": 152.41143798828125,
        "Volume": 884680.0
    },
    "CAT": {
        "Open": 24.65625,
        "High": 25.25,
        "Low": 24.65625,
        "Close": 25.25,
        "Adj Close": 12.654601097106934,
        "Volume": 2392800.0
    },
    "CL": {
        "Open": 21.859375,
        "High": 22.0,
        "Low": 21.40625,
        "Close": 21.453125,
        "Adj Close": 11.994608879089355,
        "Volume": 2254000.0
    },
    "CMCSA": {
        "Open": 7.068103790283203,
        "High": 7.077866077423096,
        "Low": 6.8630900382995605,
        "Close": 6.9900031089782715,
        "Adj Close": 4.736645698547363,
        "Volume": 1096022.0
    },
    "COF": {
        "Open": 38.54166793823242,
        "High": 39.4375,
        "Low": 38.5,
        "Close": 39.375,
        "Adj Close": 28.413793563842773,
        "Volume": 1406700.0
    },
    "COP": {
        "Open": 17.70003890991211,
        "High": 17.77150535583496,
        "Low": 17.55710220336914,
        "Close": 17.70003890991211,
        "Adj Close": 7.4669108390808105,
        "Volume": 2179934.0
    },
    "COST": {
        "Open": 27.75,
        "High": 29.84375,
        "Low": 27.71875,
        "Close": 29.6875,
        "Adj Close": 19.806522369384766,
        "Volume": 3876000.0
    },
    "CRM": {
        "Open": null,
        "High": null,
        "Low": null,
        "Close": null,
        "Adj Close": null,
        "Volume": null
    },
    "CSCO": {
        "Open": 16.447917938232422,
        "High": 16.854167938232422,
        "Low": 16.416667938232422,
        "Close": 16.697917938232422,
        "Adj Close": 10.80440902709961,
        "Volume": 73733400.0
    },
    "CVS": {
        "Open": 21.9375,
        "High": 22.1875,
        "Low": 21.875,
        "Close": 22.03125,
        "Adj Close": 13.841583251953125,
        "Volume": 1250400.0
    },
    "CVX": {
        "Open": 40.15625,
        "High": 40.4375,
        "Low": 39.90625,
        "Close": 40.25,
        "Adj Close": 14.755728721618652,
        "Volume": 1940800.0
    },
    "DE": {
        "Open": 20.65625,
        "High": 21.3125,
        "Low": 20.21875,
        "Close": 20.34375,
        "Adj Close": 11.853839874267578,
        "Volume": 3802400.0
    },
    "DHR": {
        "Open": 6.584664821624756,
        "High": 6.868215084075928,
        "Low": 6.584664821624756,
        "Close": 6.826208114624023,
        "Adj Close": 4.032661437988281,
        "Volume": 1159914.0
    },
    "DIS": {
        "Open": 31.75296974182129,
        "High": 33.17106246948242,
        "Low": 31.691312789916992,
        "Close": 33.04774856567383,
        "Adj Close": 25.001667022705078,
        "Volume": 5899949.0
    },
    "DUK": {
        "Open": 52.24452209472656,
        "High": 52.407955169677734,
        "Low": 52.08108901977539,
        "Close": 52.24452209472656,
        "Adj Close": 15.186910629272461,
        "Volume": 879252.0
    },
    "EMR": {
        "Open": 31.4375,
        "High": 31.875,
        "Low": 31.28125,
        "Close": 31.75,
        "Adj Close": 15.185900688171387,
        "Volume": 1977000.0
    },
    "FDX": {
        "Open": 27.1875,
        "High": 27.21875,
        "Low": 26.78125,
        "Close": 26.875,
        "Adj Close": 21.51861572265625,
        "Volume": 1909600.0
    },
    "GD": {
        "Open": 23.53125,
        "High": 24.6875,
        "Low": 23.46875,
        "Close": 24.3125,
        "Adj Close": 13.876265525817871,
        "Volume": 401200.0
    },
    "GE": {
        "Open": 142.7747039794922,
        "High": 145.86981201171875,
        "Low": 142.7747039794922,
        "Close": 144.9712371826172,
        "Adj Close": 76.92875671386719,
        "Volume": 2687046.0
    },
    "GILD": {
        "Open": 0.734375,
        "High": 0.734375,
        "Low": 0.7089840173721313,
        "Close": 0.7109379768371582,
        "Adj Close": 0.493925005197525,
        "Volume": 8880000.0
    },
    "GM": {
        "Open": null,
        "High": null,
        "Low": null,
        "Close": null,
        "Adj Close": null,
        "Volume": null
    },
    "GOOG": {
        "Open": null,
        "High": null,