{
    "AAPL": {
        "Open": 0.35714301466941833,
        "High": 0.38895100355148315,
        "Low": 0.3482140004634857,
        "Close": 0.3839290142059326,
        "Adj Close": 0.32210269570350647,
        "Volume": 813377600.0
    },
    "ABBV": {
        "Open": null,
        "High": null,
        "Low": null,
        "Close": null,
        "Adj Close": null,
        "Volume": null
    },
    "ABT": {
        "Open": 19.1343994140625,
        "High": 19.4710750579834,
        "Low": 18.404935836791992,
        "Close": 19.4710750579834,
        "Adj Close": 9.848223686218262,
        "Volume": 5530174.0
    },
    "ACN": {
        "Open": null,
        "High": null,
        "Low": null,
        "Close": null,
        "Adj Close": null,
        "Volume": null
    },
    "ADBE": {
        "Open": 3.140625,
        "High": 3.15625,
        "Low": 3.09375,
        "Close": 3.117187976837158,
        "Adj Close": 3.0798280239105225,
        "Volume": 5464800.0
    },
    "AIG": {
        "Open": 925.3333129882812,
        "High": 934.6666870117188,
        "Low": 904.6666870117188,
        "Close": 934.6666870117188,
        "Adj Close": 548.8397827148438,
        "Volume": 499884.0
    },
    "AMD": {
        "Open": 8.625,
        "High": 8.8125,
        "Low": 8.375,
        "Close": 8.8125,
        "Adj Close": 8.8125,
        "Volume": 4938400.0
    },
    "AMGN": {
        "Open": 17.125,
        "High": 17.171875,
        "Low": 16.4375,
        "Close": 16.765625,
        "Adj Close": 11.340079307556152,
        "Volume": 12822800.0
    },
    "AMT": {
        "Open": 20.0,
        "High": 20.25,
        "Low": 19.5,
        "Close": 20.25,
        "Adj Close": 14.80635929107666,
        "Volume": 462900.0
    },
    "AMZN": {
        "Open": 1.0604170560836792,
        "High": 1.0856770277023315,
        "Low": 1.0270830392837524,
        "Close": 1.0807290077209473,
        "Adj Close": 1.0807290077209473,
        "Volume": 302724000.0
    },
    "AVGO": {
        "Open": null,
        "High": null,
        "Low": null,
        "Close": null,
        "Adj Close": null,
        "Volume": null
    },
    "AXP": {
        "Open": 27.790775299072266,
        "High": 27.86371612548828,
        "Low": 27.097829818725586,
        "Close": 27.736068725585938,
        "Adj Close": 19.29098892211914,
        "Volume": 8513310.0
    },
    "BA": {
        "Open": 36.3125,
        "High": 36.4375,
        "Low": 35.8125,
        "Close": 36.375,
        "Adj Close": 23.095022201538086,
        "Volume": 3533800.0
    },
    "BAC": {
        "Open": 35.5625,
        "High": 35.5625,
        "Low": 33.75,
        "Close": 35.15625,
        "Adj Close": 17.27179527282715,
        "Volume": 8577200.0
    },
    "BK": {
        "Open": 29.812381744384766,
        "High": 30.342378616333008,
        "Low": 28.089887619018555,
        "Close": 29.679880142211914,
        "Adj Close": 15.912540435791016,
        "Volume": 2935955.0
    },
    "BKNG": {
        "Open": null,
        "High": null,
        "Low": null,
        "Close": null,
        "Adj Close": null,
        "Volume": null
    },
    "BLK": {
        "Open": null,
        "High": null,
        "Low": null,
        "Close": null,
        "Adj Close": null,
        "Volume": null
    },
    "BMY": {
        "Open": 51.514930725097656,
        "High": 52.34773635864258,
        "Low": 50.32521057128906,
        "Close": 52.10979080200195,
        "Adj Close": 19.355249404907227,
        "Volume": 4310463.0
    },
    "BRK-B": {
        "Open": 47.540000915527344,
        "High": 47.540000915527344,
        "Low": 45.86000061035156,
        "Close": 46.31999969482422,
        "Adj Close": 46.31999969482422,
        "Volume": 510000.0
    },
    "C": {
        "Open": 274.375,
        "High": 275.9375,
        "Low": 261.875,
        "Close": 273.125,
        "Adj Close": 139.77708435058594,
        "Volume": 1844280.0
    },
    "CAT": {
        "Open": 24.0,
        "High": 24.0,
        "Low": 23.125,
        "Close": 23.6875,
        "Adj Close": 11.871514320373535,
        "Volume": 3232600.0
    },
    "CL": {
        "Open": 20.5,
        "High": 20.75,
        "Low": 20.125,
        "Close": 20.75,
        "Adj Close": 11.601486206054688,
        "Volume": 6640000.0
    },
    "CMCSA": {
        "Open": 6.970478057861328,
        "High": 7.146203994750977,
        "Low": 6.872851848602295,
        "Close": 7.097391128540039,
        "Adj Close": 4.809415817260742,
        "Volume": 849545.0
    },
    "COF": {
        "Open": 39.375,
        "High": 39.375,
        "Low": 37.5,
        "Close": 38.54166793823242,
        "Adj Close": 27.81244468688965,
        "Volume": 1674600.0
    },
    "COP": {
        "Open": 17.533281326293945,
        "High": 17.604747772216797,
        "Low": 16.842430114746094,
        "Close": 17.509458541870117,
        "Adj Close": 7.386512756347656,
        "Volume": 1583069.0
    },
    "COST": {
        "Open": 28.8125,
        "High": 28.875,
        "Low": 27.96875,
        "Close": 28.625,
        "Adj Close": 19.097660064697266,
        "Volume": 3185400.0
    },
    "CRM": {
        "Open": null,
        "High": null,
        "Low": null,
        "Close": null,
        "Adj Close": null,
        "Volume": null
    },
    "CSCO": {
        "Open": 16.916667938232422,
        "High": 17.1875,
        "Low": 16.66927146911621,
        "Close": 17.125,
        "Adj Close": 11.080753326416016,
        "Volume": 83786400.0
    },
    "CVS": {
        "Open": 21.96875,
        "High": 22.15625,
        "Low": 21.3125,
        "Close": 22.125,
        "Adj Close": 13.90048885345459,
        "Volume": 1256000.0
    },
    "CVX": {
        "Open": 40.03125,
        "High": 40.34375,
        "Low": 39.1875,
        "Close": 40.09375,
        "Adj Close": 14.698441505432129,
        "Volume": 2491800.0
    },
    "DE": {
        "Open": 18.5,
        "High": 18.5,
        "Low": 17.28125,
        "Close": 18.40625,
        "Adj Close": 10.724907875061035,
        "Volume": 4765400.0
    },
    "DHR": {
        "Open": 6.6161699295043945,
        "High": 6.6161699295043945,
        "Low": 6.385129928588867,
        "Close": 6.542656898498535,
        "Adj Close": 3.8651504516601562,
        "Volume": 895675.0
    },
    "DIS": {
        "Open": 32.9860954284668,
        "High": 32.9860954284668,
        "Low": 31.87628173828125,
        "Close": 32.801124572753906,
        "Adj Close": 24.815095901489258,
        "Volume": 5335428.0
    },
    "DUK": {
        "Open": 52.51691436767578,
        "High": 53.87886428833008,
        "Low": 52.19004440307617,
        "Close": 53.551998138427734,
        "Adj Close": 15.566987037658691,
        "Volume": 1244651.0
    },
    "EMR": {
        "Open": 31.28125,
        "High": 31.3125,
        "Low": 30.5625,
        "Close": 31.125,
        "Adj Close": 14.886961936950684,
        "Volume": 1340800.0
    },
    "FDX": {
        "Open": 25.625,
        "High": 26.125,
        "Low": 25.25,
        "Close": 26.0,
        "Adj Close": 20.818012237548828,
        "Volume": 1018000.0
    },
    "GD": {
        "Open": 23.59375,
        "High": 23.625,
        "Low": 22.9375,
        "Close": 23.0625,
        "Adj Close": 13.162827491760254,
        "Volume": 702400.0
    },
    "GE": {
        "Open": 143.37374877929688,
        "High": 143.4735870361328,
        "Low": 139.0805206298828,
        "Close": 143.174072265625,
        "Adj Close": 75.97515106201172,
        "Volume": 3688749.0
    },
    "GILD": {
        "Open": 0.6933590173721313,
        "High": 0.703125,
        "Low": 0.6679689884185791,
        "Close": 0.703125,
        "Adj Close": 0.4884970486164093,
        "Volume": 3840000.0
    },
    "GM": {
        "Open": null,
        "High": null,
        "Low": null,
        "Close": null,
        "Adj Close": null,
        "Volume": null
    },
    "GOOG": {
        "Open": null,
        "High": null,