{
    "AAPL": {
        "Open": 0.3560270071029663,
        "High": 0.3671880066394806,
        "Low": 0.3526790142059326,
        "Close": 0.360491007566452,
        "Adj Close": 0.3024390637874603,
        "Volume": 406481600.0
    },
    "ABBV": {
        "Open": null,
        "High": null,
        "Low": null,
        "Close": null,
        "Adj Close": null,
        "Volume": null
    },
    "ABT": {
        "Open": 19.022174835205078,
        "High": 19.94803237915039,
        "Low": 18.909950256347656,
        "Close": 19.751638412475586,
        "Adj Close": 9.990131378173828,
        "Volume": 5580296.0
    },
    "ACN": {
        "Open": null,
        "High": null,
        "Low": null,
        "Close": null,
        "Adj Close": null,
        "Volume": null
    },
    "ADBE": {
        "Open": 3.203125,
        "High": 3.570312976837158,
        "Low": 3.171875,
        "Close": 3.453125,
        "Adj Close": 3.4117391109466553,
        "Volume": 29804800.0
    },
    "AIG": {
        "Open": 968.6666870117188,
        "High": 980.0,
        "Low": 954.0,
        "Close": 957.3333129882812,
        "Adj Close": 562.1498413085938,
        "Volume": 194231.0
    },
    "AMD": {
        "Open": 8.59375,
        "High": 8.6875,
        "Low": 8.4375,
        "Close": 8.5,
        "Adj Close": 8.5,
        "Volume": 2930000.0
    },
    "AMGN": {
        "Open": 17.40625,
        "High": 17.796875,
        "Low": 17.34375,
        "Close": 17.5,
        "Adj Close": 11.836799621582031,
        "Volume": 5687600.0
    },
    "AMT": {
        "Open": 20.0,
        "High": 20.0,
        "Low": 19.0625,
        "Close": 19.5,
        "Adj Close": 14.257977485656738,
        "Volume": 438900.0
    },
    "AMZN": {
        "Open": 1.0812499523162842,
        "High": 1.0854170322418213,
        "Low": 1.0567710399627686,
        "Close": 1.0604170560836792,
        "Adj Close": 1.0604170560836792,
        "Volume": 327816000.0
    },
    "AVGO": {
        "Open": null,
        "High": null,
        "Low": null,
        "Close": null,
        "Adj Close": null,
        "Volume": null
    },
    "AXP": {
        "Open": 27.86371612548828,
        "High": 28.447250366210938,
        "Low": 27.663127899169922,
        "Close": 28.3560733795166,
        "Adj Close": 19.72220230102539,
        "Volume": 4985148.0
    },
    "BA": {
        "Open": 35.375,
        "High": 35.625,
        "Low": 35.0,
        "Close": 35.5,
        "Adj Close": 22.539474487304688,
        "Volume": 3528300.0
    },
    "BAC": {
        "Open": 34.5,
        "High": 35.125,
        "Low": 34.25,
        "Close": 34.625,
        "Adj Close": 17.01080894470215,
        "Volume": 4840000.0
    },
    "BK": {
        "Open": 29.812381744384766,
        "High": 30.408628463745117,
        "Low": 29.3486328125,
        "Close": 29.878629684448242,
        "Adj Close": 16.019100189208984,
        "Volume": 1065193.0
    },
    "BKNG": {
        "Open": null,
        "High": null,
        "Low": null,
        "Close": null,
        "Adj Close": null,
        "Volume": null
    },
    "BLK": {
        "Open": null,
        "High": null,
        "Low": null,
        "Close": null,
        "Adj Close": null,
        "Volume": null
    },
    "BMY": {
        "Open": 51.33647155761719,
        "High": 53.7754020690918,
        "Low": 51.30672836303711,
        "Close": 53.59694290161133,
        "Adj Close": 19.90761947631836,
        "Volume": 4797342.0
    },
    "BRK-B": {
        "Open": 46.400001525878906,
        "High": 47.040000915527344,
        "Low": 45.81999969482422,
        "Close": 46.47999954223633,
        "Adj Close": 46.47999954223633,
        "Volume": 360000.0
    },
    "C": {
        "Open": 268.75,
        "High": 274.375,
        "Low": 267.1875,
        "Close": 273.125,
        "Adj Close": 139.77708435058594,
        "Volume": 1022980.0
    },
    "CAT": {
        "Open": 23.71875,
        "High": 23.71875,
        "Low": 23.125,
        "Close": 23.28125,
        "Adj Close": 11.667913436889648,
        "Volume": 3676800.0
    },
    "CL": {
        "Open": 20.8125,
        "High": 21.546875,
        "Low": 20.75,
        "Close": 21.40625,
        "Adj Close": 11.968400955200195,
        "Volume": 3276800.0
    },
    "CMCSA": {
        "Open": 7.048579216003418,
        "High": 7.2535929679870605,
        "Low": 7.048579216003418,
        "Close": 7.146203994750977,
        "Adj Close": 4.842493057250977,
        "Volume": 1733021.0
    },
    "COF": {
        "Open": 39.47916793823242,
        "High": 39.54166793823242,
        "Low": 38.89583206176758,
        "Close": 38.97916793823242,
        "Adj Close": 28.1281681060791,
        "Volume": 1022100.0
    },
    "COP": {
        "Open": 16.9615421295166,
        "High": 17.08065414428711,
        "Low": 16.532739639282227,
        "Close": 16.580385208129883,
        "Adj Close": 6.994571208953857,
        "Volume": 1706640.0
    },
    "COST": {
        "Open": 27.90625,
        "High": 28.96875,
        "Low": 27.625,
        "Close": 28.75,
        "Adj Close": 19.181058883666992,
        "Volume": 4843000.0
    },
    "CRM": {
        "Open": null,
        "High": null,
        "Low": null,
        "Close": null,
        "Adj Close": null,
        "Volume": null
    },
    "CSCO": {
        "Open": 17.166667938232422,
        "High": 17.541667938232422,
        "Low": 17.083332061767578,
        "Close": 17.270832061767578,
        "Adj Close": 11.175115585327148,
        "Volume": 61074600.0
    },
    "CVS": {
        "Open": 23.1875,
        "High": 23.5,
        "Low": 22.8125,
        "Close": 23.3125,
        "Adj Close": 14.64655590057373,
        "Volume": 1944000.0
    },
    "CVX": {
        "Open": 39.0,
        "High": 39.0,
        "Low": 37.9375,
        "Close": 38.25,
        "Adj Close": 14.022520065307617,
        "Volume": 3995200.0
    },
    "DE": {
        "Open": 18.25,
        "High": 18.3125,
        "Low": 17.5625,
        "Close": 17.78125,
        "Adj Close": 10.360733985900879,
        "Volume": 2894600.0
    },
    "DHR": {
        "Open": 6.553159236907959,
        "High": 6.563661098480225,
        "Low": 6.395630836486816,
        "Close": 6.563661098480225,
        "Adj Close": 3.8775601387023926,
        "Volume": 1137299.0
    },
    "DIS": {
        "Open": 33.17106246948242,
        "High": 33.17106246948242,
        "Low": 32.061248779296875,
        "Close": 32.554500579833984,
        "Adj Close": 24.62851905822754,
        "Volume": 5525291.0
    },
    "DUK": {
        "Open": 53.606475830078125,
        "High": 54.478126525878906,
        "Low": 53.551998138427734,
        "Close": 53.933345794677734,
        "Adj Close": 15.677840232849121,
        "Volume": 1109390.0
    },
    "EMR": {
        "Open": 31.0,
        "High": 31.5,
        "Low": 30.84375,
        "Close": 31.25,
        "Adj Close": 14.946743965148926,
        "Volume": 1640600.0
    },
    "FDX": {
        "Open": 25.9375,
        "High": 26.3125,
        "Low": 25.5,
        "Close": 25.5,
        "Adj Close": 20.41765785217285,
        "Volume": 1871800.0
    },
    "GD": {
        "Open": 23.46875,
        "High": 23.875,
        "Low": 23.40625,
        "Close": 23.53125,
        "Adj Close": 13.430359840393066,
        "Volume": 549400.0
    },
    "GE": {
        "Open": 143.07421875,
        "High": 145.17091369628906,
        "Low": 141.5765838623047,
        "Close": 144.47201538085938,
        "Adj Close": 76.6639175415039,
        "Volume": 2754966.0
    },
    "GILD": {
        "Open": 0.6484379768371582,
        "High": 0.65625,
        "Low": 0.6367189884185791,
        "Close": 0.640625,
        "Adj Close": 0.44507527351379395,
        "Volume": 9795200.0
    },
    "GM": {
        "Open": null,
        "High": null,
        "Low": null,
        "Close": null,
        "Adj Close": null,
        "Volume": null
    },
    "GOOG": {
        "Open": null,