{
    "AAPL": {
        "Open": 1.1339290142059326,
        "High": 1.1422990560531616,
        "Low": 1.0775669813156128,
        "Close": 1.089285969734192,
        "Adj Close": 0.9138718843460083,
        "Volume": 311259200.0
    },
    "ABBV": {
        "Open": null,
        "High": null,
        "Low": null,
        "Close": null,
        "Adj Close": null,
        "Volume": null
    },
    "ABT": {
        "Open": 15.178461074829102,
        "High": 15.234574317932129,
        "Low": 14.785673141479492,
        "Close": 15.038179397583008,
        "Adj Close": 7.7842936515808105,
        "Volume": 7037857.0
    },
    "ACN": {
        "Open": null,
        "High": null,
        "Low": null,
        "Close": null,
        "Adj Close": null,
        "Volume": null
    },
    "ADBE": {
        "Open": 24.0625,
        "High": 24.0625,
        "Low": 20.0,
        "Close": 20.15625,
        "Adj Close": 20.013654708862305,
        "Volume": 24963600.0
    },
    "AIG": {
        "Open": 1190.8333740234375,
        "High": 1195.0,
        "Low": 1155.0,
        "Close": 1160.0,
        "Adj Close": 683.8323974609375,
        "Volume": 205358.0
    },
    "AMD": {
        "Open": 20.21875,
        "High": 20.21875,
        "Low": 19.25,
        "Close": 19.625,
        "Adj Close": 19.625,
        "Volume": 4540600.0
    },
    "AMGN": {
        "Open": 65.3125,
        "High": 67.875,
        "Low": 63.0,
        "Close": 65.3125,
        "Adj Close": 44.1766471862793,
        "Volume": 12075000.0
    },
    "AMT": {
        "Open": 49.0,
        "High": 49.0625,
        "Low": 47.0,
        "Close": 48.5,
        "Adj Close": 35.4621467590332,
        "Volume": 1208600.0
    },
    "AMZN": {
        "Open": 3.246875047683716,
        "High": 3.25,
        "Low": 3.109375,
        "Close": 3.128124952316284,
        "Adj Close": 3.128124952316284,
        "Volume": 159602000.0
    },
    "AVGO": {
        "Open": null,
        "High": null,
        "Low": null,
        "Close": null,
        "Adj Close": null,
        "Volume": null
    },
    "AXP": {
        "Open": 39.9720344543457,
        "High": 40.09968185424805,
        "Low": 38.62261199951172,
        "Close": 38.969085693359375,
        "Adj Close": 27.4344539642334,
        "Volume": 8707643.0
    },
    "BA": {
        "Open": 36.3125,
        "High": 37.1875,
        "Low": 35.375,
        "Close": 35.9375,
        "Adj Close": 23.27646255493164,
        "Volume": 4058200.0
    },
    "BAC": {
        "Open": 22.78125,
        "High": 22.78125,
        "Low": 22.3125,
        "Close": 22.53125,
        "Adj Close": 11.687431335449219,
        "Volume": 10613000.0
    },
    "BK": {
        "Open": 35.24485778808594,
        "High": 35.24485778808594,
        "Low": 34.31736373901367,
        "Close": 35.11235809326172,
        "Adj Close": 19.295679092407227,
        "Volume": 2243217.0
    },
    "BKNG": {
        "Open": 393.0,
        "High": 430.5,
        "Low": 393.0,
        "Close": 429.0,
        "Adj Close": 422.09344482421875,
        "Volume": 1558650.0
    },
    "BLK": {
        "Open": 22.0,
        "High": 22.25,
        "Low": 22.0,
        "Close": 22.0625,
        "Adj Close": 13.203198432922363,
        "Volume": 26600.0
    },
    "BMY": {
        "Open": 49.5518913269043,
        "High": 50.979557037353516,
        "Low": 49.1354866027832,
        "Close": 50.16162109375,
        "Adj Close": 19.025896072387695,
        "Volume": 11046285.0
    },
    "BRK-B": {
        "Open": 29.399999618530273,
        "High": 29.579999923706055,
        "Low": 29.040000915527344,
        "Close": 29.360000610351562,
        "Adj Close": 29.360000610351562,
        "Volume": 715000.0
    },
    "C": {
        "Open": 389.53125,
        "High": 390.0,
        "Low": 375.0,
        "Close": 386.25,
        "Adj Close": 201.39907836914062,
        "Volume": 1161320.0
    },
    "CAT": {
        "Open": 17.4375,
        "High": 17.5,
        "Low": 17.09375,
        "Close": 17.21875,
        "Adj Close": 8.94042682647705,
        "Volume": 3956000.0
    },
    "CL": {
        "Open": 26.625,
        "High": 26.6875,
        "Low": 26.25,
        "Close": 26.3125,
        "Adj Close": 14.977681159973145,
        "Volume": 3090400.0
    },
    "CMCSA": {
        "Open": 12.788971900939941,
        "High": 12.964698791503906,
        "Low": 11.87129020690918,
        "Close": 11.988441467285156,
        "Adj Close": 8.134940147399902,
        "Volume": 882516.0
    },
    "COF": {
        "Open": 37.75,
        "High": 38.1875,
        "Low": 36.5,
        "Close": 36.8125,
        "Adj Close": 26.668140411376953,
        "Volume": 1184200.0
    },
    "COP": {
        "Open": 14.650771141052246,
        "High": 14.841349601745605,
        "Low": 14.2457914352417,
        "Close": 14.507837295532227,
        "Adj Close": 6.411462783813477,
        "Volume": 2347844.0
    },
    "COST": {
        "Open": 47.5625,
        "High": 51.875,
        "Low": 47.5,
        "Close": 49.625,
        "Adj Close": 33.10818099975586,
        "Volume": 7841800.0
    },
    "CRM": {
        "Open": null,
        "High": null,
        "Low": null,
        "Close": null,
        "Adj Close": null,
        "Volume": null
    },
    "CSCO": {
        "Open": 65.5625,
        "High": 66.75,
        "Low": 64.96875,
        "Close": 66.375,
        "Adj Close": 42.948036193847656,
        "Volume": 31939200.0
    },
    "CVS": {
        "Open": 16.6875,
        "High": 16.71875,
        "Low": 15.1875,
        "Close": 15.3125,
        "Adj Close": 9.698284149169922,
        "Volume": 13191400.0
    },
    "CVX": {
        "Open": 37.6875,
        "High": 38.71875,
        "Low": 37.46875,
        "Close": 37.84375,
        "Adj Close": 14.489960670471191,
        "Volume": 4050400.0
    },
    "DE": {
        "Open": 17.5,
        "High": 17.53125,
        "Low": 17.0,
        "Close": 17.28125,
        "Adj Close": 10.44135570526123,
        "Volume": 3581200.0
    },
    "DHR": {
        "Open": 6.952229976654053,
        "High": 6.962731838226318,
        "Low": 6.731690883636475,
        "Close": 6.784200191497803,
        "Adj Close": 4.015249729156494,
        "Volume": 2298998.0
    },
    "DIS": {
        "Open": 34.157562255859375,
        "High": 34.157562255859375,
        "Low": 33.35602951049805,
        "Close": 34.03424835205078,
        "Adj Close": 26.079605102539062,
        "Volume": 6588241.0
    },
    "DUK": {
        "Open": 41.67576599121094,
        "High": 42.32950210571289,
        "Low": 41.62128829956055,
        "Close": 41.94815444946289,
        "Adj Close": 12.929445266723633,
        "Volume": 612975.0
    },
    "EMR": {
        "Open": 22.0625,
        "High": 22.375,
        "Low": 21.8125,
        "Close": 22.03125,
        "Adj Close": 10.905193328857422,
        "Volume": 3486200.0
    },
    "FDX": {
        "Open": 34.25,
        "High": 34.25,
        "Low": 33.375,
        "Close": 33.875,
        "Adj Close": 27.123462677001953,
        "Volume": 1307900.0
    },
    "GD": {
        "Open": 21.125,
        "High": 21.15625,
        "Low": 20.40625,
        "Close": 20.5625,
        "Adj Close": 12.014558792114258,
        "Volume": 1727200.0
    },
    "GE": {
        "Open": 209.8688201904297,
        "High": 217.45684814453125,
        "Low": 209.07008361816406,
        "Close": 216.05905151367188,
        "Adj Close": 116.87986755371094,
        "Volume": 4149225.0
    },
    "GILD": {
        "Open": 2.523437976837158,
        "High": 2.5625,
        "Low": 2.394531011581421,
        "Close": 2.4375,
        "Adj Close": 1.693456768989563,
        "Volume": 16652800.0
    },
    "GM": {
        "Open": null,
        "High": null,
        "Low": null,
        "Close": null,
        "Adj Close": null,
        "Volume": null
    },
    "GOOG": {
        "Open": null,
        "High": null,
        "Low": null,
        "Close": null,