{
    "AAPL": {
        "Open": 1.0904020071029663,
        "High": 1.129464030265808,
        "Low": 1.066964030265808,
        "Close": 1.0831470489501953,
        "Adj Close": 0.9087215662002563,
        "Volume": 303956800.0
    },
    "ABBV": {
        "Open": null,
        "High": null,
        "Low": null,
        "Close": null,
        "Adj Close": null,
        "Volume": null
    },
    "ABT": {
        "Open": 13.467025756835938,
        "High": 13.775646209716797,
        "Low": 13.410914421081543,
        "Close": 13.71953296661377,
        "Adj Close": 7.101715087890625,
        "Volume": 7070603.0
    },
    "ACN": {
        "Open": null,
        "High": null,
        "Low": null,
        "Close": null,
        "Adj Close": null,
        "Volume": null
    },
    "ADBE": {
        "Open": 20.1875,
        "High": 21.15625,
        "Low": 20.125,
        "Close": 20.53125,
        "Adj Close": 20.386001586914062,
        "Volume": 6446400.0
    },
    "AIG": {
        "Open": 1093.3333740234375,
        "High": 1152.5,
        "Low": 1088.3333740234375,
        "Close": 1150.0,
        "Adj Close": 677.9371948242188,
        "Volume": 320693.0
    },
    "AMD": {
        "Open": 24.15625,
        "High": 26.625,
        "Low": 24.125,
        "Close": 25.75,
        "Adj Close": 25.75,
        "Volume": 7735800.0
    },
    "AMGN": {
        "Open": 58.1875,
        "High": 60.25,
        "Low": 58.0,
        "Close": 58.0,
        "Adj Close": 39.23054885864258,
        "Volume": 10081100.0
    },
    "AMT": {
        "Open": 53.5,
        "High": 54.375,
        "Low": 52.0,
        "Close": 53.75,
        "Adj Close": 39.30080795288086,
        "Volume": 466900.0
    },
    "AMZN": {
        "Open": 3.200000047683716,
        "High": 3.331249952316284,
        "Low": 3.1500000953674316,
        "Close": 3.265625,
        "Adj Close": 3.265625,
        "Volume": 112686000.0
    },
    "AVGO": {
        "Open": null,
        "High": null,
        "Low": null,
        "Close": null,
        "Adj Close": null,
        "Volume": null
    },
    "AXP": {
        "Open": 36.10612487792969,
        "High": 38.33084487915039,
        "Low": 35.7049446105957,
        "Close": 36.926719665527344,
        "Adj Close": 25.996599197387695,
        "Volume": 10198218.0
    },
    "BA": {
        "Open": 32.375,
        "High": 33.125,
        "Low": 32.0,
        "Close": 32.625,
        "Adj Close": 21.130979537963867,
        "Volume": 3422700.0
    },
    "BAC": {
        "Open": 21.4375,
        "High": 22.03125,
        "Low": 21.25,
        "Close": 21.59375,
        "Adj Close": 11.201135635375977,
        "Volume": 10650800.0
    },
    "BK": {
        "Open": 33.1248664855957,
        "High": 35.443607330322266,
        "Low": 32.992366790771484,
        "Close": 35.11235809326172,
        "Adj Close": 19.295679092407227,
        "Volume": 2109820.0
    },
    "BKNG": {
        "Open": 516.0,
        "High": 598.5,
        "Low": 494.25,
        "Close": 575.625,
        "Adj Close": 566.3578491210938,
        "Volume": 749767.0
    },
    "BLK": {
        "Open": 22.375,
        "High": 23.125,
        "Low": 22.25,
        "Close": 22.875,
        "Adj Close": 13.689437866210938,
        "Volume": 27900.0
    },
    "BMY": {
        "Open": 48.06473922729492,
        "High": 49.7303466796875,
        "Low": 47.8267936706543,
        "Close": 48.48114013671875,
        "Adj Close": 18.38849449157715,
        "Volume": 5942148.0
    },
    "BRK-B": {
        "Open": 29.0,
        "High": 30.1200008392334,
        "Low": 28.940000534057617,
        "Close": 29.760000228881836,
        "Adj Close": 29.760000228881836,
        "Volume": 1720000.0
    },
    "C": {
        "Open": 359.53125,
        "High": 374.53125,
        "Low": 358.125,
        "Close": 374.53125,
        "Adj Close": 195.2886505126953,
        "Volume": 1928827.0
    },
    "CAT": {
        "Open": 17.84375,
        "High": 18.0625,
        "Low": 17.5,
        "Close": 17.8125,
        "Adj Close": 9.248717308044434,
        "Volume": 3304800.0
    },
    "CL": {
        "Open": 20.25,
        "High": 22.09375,
        "Low": 20.25,
        "Close": 21.6875,
        "Adj Close": 12.34502124786377,
        "Volume": 5746000.0
    },
    "CMCSA": {
        "Open": 11.968915939331055,
        "High": 11.968915939331055,
        "Low": 11.09028434753418,
        "Close": 11.324585914611816,
        "Adj Close": 7.684473037719727,
        "Volume": 2456447.0
    },
    "COF": {
        "Open": 36.5625,
        "High": 37.75,
        "Low": 36.25,
        "Close": 37.75,
        "Adj Close": 27.3472957611084,
        "Volume": 1098000.0
    },
    "COP": {
        "Open": 15.05575180053711,
        "High": 15.413087844848633,
        "Low": 14.984285354614258,
        "Close": 15.031929969787598,
        "Adj Close": 6.643076419830322,
        "Volume": 1715298.0
    },
    "COST": {
        "Open": 44.0,
        "High": 45.0,
        "Low": 42.375,
        "Close": 43.0,
        "Adj Close": 28.688182830810547,
        "Volume": 3747300.0
    },
    "CRM": {
        "Open": null,
        "High": null,
        "Low": null,
        "Close": null,
        "Adj Close": null,
        "Volume": null
    },
    "CSCO": {
        "Open": 67.5,
        "High": 70.015625,
        "Low": 67.0,
        "Close": 68.09375,
        "Adj Close": 44.06016159057617,
        "Volume": 47557200.0
    },
    "CVS": {
        "Open": 15.0,
        "High": 15.6875,
        "Low": 14.96875,
        "Close": 15.4375,
        "Adj Close": 9.777450561523438,
        "Volume": 4766600.0
    },
    "CVX": {
        "Open": 40.46875,
        "High": 41.875,
        "Low": 39.875,
        "Close": 39.90625,
        "Adj Close": 15.279670715332031,
        "Volume": 4170800.0
    },
    "DE": {
        "Open": 17.78125,
        "High": 17.84375,
        "Low": 17.15625,
        "Close": 17.65625,
        "Adj Close": 10.66793155670166,
        "Volume": 1525800.0
    },
    "DHR": {
        "Open": 6.458642959594727,
        "High": 6.458642959594727,
        "Low": 6.248604774475098,
        "Close": 6.311615943908691,
        "Adj Close": 3.735549211502075,
        "Volume": 2584662.0
    },
    "DIS": {
        "Open": 34.650814056396484,
        "High": 35.020748138427734,
        "Low": 32.554500579833984,
        "Close": 34.465843200683594,
        "Adj Close": 26.41031837463379,
        "Volume": 5247440.0
    },
    "DUK": {
        "Open": 39.986942291259766,
        "High": 40.96754837036133,
        "Low": 39.986942291259766,
        "Close": 40.5317268371582,
        "Adj Close": 12.492868423461914,
        "Volume": 1614065.0
    },
    "EMR": {
        "Open": 20.3125,
        "High": 21.34375,
        "Low": 20.25,
        "Close": 21.25,
        "Adj Close": 10.518488883972168,
        "Volume": 2477000.0
    },
    "FDX": {
        "Open": 33.0,
        "High": 33.6875,
        "Low": 32.6875,
        "Close": 32.8125,
        "Adj Close": 26.272716522216797,
        "Volume": 1148000.0
    },
    "GD": {
        "Open": 19.25,
        "High": 19.59375,
        "Low": 19.125,
        "Close": 19.53125,
        "Adj Close": 11.412004470825195,
        "Volume": 1523200.0
    },
    "GE": {
        "Open": 206.07481384277344,
        "High": 208.4710235595703,
        "Low": 203.87828063964844,
        "Close": 206.77369689941406,
        "Adj Close": 112.18683624267578,
        "Volume": 4019020.0
    },
    "GILD": {
        "Open": 2.150391101837158,
        "High": 2.214843988418579,
        "Low": 2.083983898162842,
        "Close": 2.117187976837158,
        "Adj Close": 1.4709192514419556,
        "Volume": 18227200.0
    },
    "GM": {
        "Open": null,
        "High": null,
        "Low": null,
        "Close": null,
        "Adj Close": null,
        "Volume": null
    },
    "GOOG": {
        "Open": null,
        "High": null,
        "Low": null,
        "Close": null,