{
    "AAPL": {
        "Open": 1.0823099613189697,
        "High": 1.109375,
        "Low": 1.0178569555282593,
        "Close": 1.020089030265808,
        "Adj Close": 0.855817973613739,
        "Volume": 428579200.0
    },
    "ABBV": {
        "Open": null,
        "High": null,
        "Low": null,
        "Close": null,
        "Adj Close": null,
        "Volume": null
    },
    "ABT": {
        "Open": 13.859814643859863,
        "High": 14.112320899963379,
        "Low": 13.803702354431152,
        "Close": 13.972040176391602,
        "Adj Close": 7.232424736022949,
        "Volume": 8679199.0
    },
    "ACN": {
        "Open": null,
        "High": null,
        "Low": null,
        "Close": null,
        "Adj Close": null,
        "Volume": null
    },
    "ADBE": {
        "Open": 21.875,
        "High": 22.21875,
        "Low": 20.0,
        "Close": 20.359375,
        "Adj Close": 20.215351104736328,
        "Volume": 12852800.0
    },
    "AIG": {
        "Open": 1156.6666259765625,
        "High": 1156.6666259765625,
        "Low": 1137.5,
        "Close": 1143.3333740234375,
        "Adj Close": 674.007080078125,
        "Volume": 294765.0
    },
    "AMD": {
        "Open": 26.0,
        "High": 26.875,
        "Low": 24.0,
        "Close": 24.0,
        "Adj Close": 24.0,
        "Volume": 5936200.0
    },
    "AMGN": {
        "Open": 59.875,
        "High": 60.0,
        "Low": 51.0625,
        "Close": 52.25,
        "Adj Close": 35.341312408447266,
        "Volume": 27589100.0
    },
    "AMT": {
        "Open": 54.0625,
        "High": 54.3125,
        "Low": 48.25,
        "Close": 49.5,
        "Adj Close": 36.19331741333008,
        "Volume": 1008300.0
    },
    "AMZN": {
        "Open": 3.3031249046325684,
        "High": 3.346874952316284,
        "Low": 3.168750047683716,
        "Close": 3.28125,
        "Adj Close": 3.28125,
        "Volume": 96106000.0
    },
    "AVGO": {
        "Open": null,
        "High": null,
        "Low": null,
        "Close": null,
        "Adj Close": null,
        "Volume": null
    },
    "AXP": {
        "Open": 37.85672378540039,
        "High": 38.62261199951172,
        "Low": 37.309661865234375,
        "Close": 37.47378158569336,
        "Adj Close": 26.381731033325195,
        "Volume": 9381812.0
    },
    "BA": {
        "Open": 32.625,
        "High": 33.8125,
        "Low": 32.4375,
        "Close": 33.0625,
        "Adj Close": 21.414342880249023,
        "Volume": 3727900.0
    },
    "BAC": {
        "Open": 21.78125,
        "High": 21.90625,
        "Low": 21.25,
        "Close": 21.3125,
        "Adj Close": 11.055245399475098,
        "Volume": 8233200.0
    },
    "BK": {
        "Open": 35.17860794067383,
        "High": 35.17860794067383,
        "Low": 33.65486526489258,
        "Close": 33.7873649597168,
        "Adj Close": 18.567533493041992,
        "Volume": 1132835.0
    },
    "BKNG": {
        "Open": 584.25,
        "High": 625.5,
        "Low": 569.25,
        "Close": 569.625,
        "Adj Close": 560.4544067382812,
        "Volume": 833183.0
    },
    "BLK": {
        "Open": 22.875,
        "High": 23.0,
        "Low": 22.875,
        "Close": 22.875,
        "Adj Close": 13.689437866210938,
        "Volume": 1300.0
    },
    "BMY": {
        "Open": 45.209407806396484,
        "High": 47.172447204589844,
        "Low": 45.209407806396484,
        "Close": 45.62580871582031,
        "Adj Close": 17.30548858642578,
        "Volume": 10250405.0
    },
    "BRK-B": {
        "Open": 29.559999465942383,
        "High": 29.84000015258789,
        "Low": 29.0,
        "Close": 29.100000381469727,
        "Adj Close": 29.100000381469727,
        "Volume": 1010000.0
    },
    "C": {
        "Open": 375.9375,
        "High": 377.8125,
        "Low": 369.375,
        "Close": 373.125,
        "Adj Close": 194.5553436279297,
        "Volume": 1192147.0
    },
    "CAT": {
        "Open": 17.875,
        "High": 18.59375,
        "Low": 17.875,
        "Close": 17.90625,
        "Adj Close": 9.297391891479492,
        "Volume": 6545400.0
    },
    "CL": {
        "Open": 21.125,
        "High": 21.78125,
        "Low": 21.0,
        "Close": 21.59375,
        "Adj Close": 12.291655540466309,
        "Volume": 3185400.0
    },
    "CMCSA": {
        "Open": 11.500311851501465,
        "High": 11.656514167785645,
        "Low": 10.797407150268555,
        "Close": 11.402687072753906,
        "Adj Close": 7.7374677658081055,
        "Volume": 1386673.0
    },
    "COF": {
        "Open": 37.75,
        "High": 38.625,
        "Low": 37.75,
        "Close": 38.125,
        "Adj Close": 27.618961334228516,
        "Volume": 1104400.0
    },
    "COP": {
        "Open": 15.031929969787598,
        "High": 15.031929969787598,
        "Low": 14.41254711151123,
        "Close": 15.031929969787598,
        "Adj Close": 6.643076419830322,
        "Volume": 2528346.0
    },
    "COST": {
        "Open": 43.5,
        "High": 45.5,
        "Low": 43.125,
        "Close": 43.3125,
        "Adj Close": 28.896682739257812,
        "Volume": 2097100.0
    },
    "CRM": {
        "Open": null,
        "High": null,
        "Low": null,
        "Close": null,
        "Adj Close": null,
        "Volume": null
    },
    "CSCO": {
        "Open": 68.46875,
        "High": 69.0625,
        "Low": 65.84375,
        "Close": 65.875,
        "Adj Close": 42.624507904052734,
        "Volume": 58617400.0
    },
    "CVS": {
        "Open": 15.6875,
        "High": 15.75,
        "Low": 15.375,
        "Close": 15.375,
        "Adj Close": 9.737865447998047,
        "Volume": 4616400.0
    },
    "CVX": {
        "Open": 40.0,
        "High": 41.5625,
        "Low": 39.65625,
        "Close": 41.4375,
        "Adj Close": 15.865970611572266,
        "Volume": 4209400.0
    },
    "DE": {
        "Open": 17.96875,
        "High": 18.0625,
        "Low": 17.25,
        "Close": 17.28125,
        "Adj Close": 10.44135570526123,
        "Volume": 2147400.0
    },
    "DHR": {
        "Open": 6.301115036010742,
        "High": 6.448141098022461,
        "Low": 6.196095943450928,
        "Close": 6.311615943908691,
        "Adj Close": 3.735549211502075,
        "Volume": 3391067.0
    },
    "DIS": {
        "Open": 34.28087615966797,
        "High": 34.28087615966797,
        "Low": 33.35602951049805,
        "Close": 33.66431427001953,
        "Adj Close": 25.7961368560791,
        "Volume": 5589559.0
    },
    "DUK": {
        "Open": 40.749637603759766,
        "High": 41.185462951660156,
        "Low": 40.586204528808594,
        "Close": 40.85859298706055,
        "Adj Close": 12.593618392944336,
        "Volume": 1675558.0
    },
    "EMR": {
        "Open": 21.28125,
        "High": 21.46875,
        "Low": 20.78125,
        "Close": 21.15625,
        "Adj Close": 10.472077369689941,
        "Volume": 2848200.0
    },
    "FDX": {
        "Open": 33.0,
        "High": 33.375,
        "Low": 32.0,
        "Close": 32.5,
        "Adj Close": 26.02250099182129,
        "Volume": 767900.0
    },
    "GD": {
        "Open": 19.625,
        "High": 20.1875,
        "Low": 19.625,
        "Close": 20.0625,
        "Adj Close": 11.722406387329102,
        "Volume": 2276600.0
    },
    "GE": {
        "Open": 207.07322692871094,
        "High": 207.27291870117188,
        "Low": 202.580322265625,
        "Close": 202.87985229492188,
        "Adj Close": 110.07420349121094,
        "Volume": 3979270.0
    },
    "GILD": {
        "Open": 2.154297113418579,
        "High": 2.304687976837158,
        "Low": 2.0,
        "Close": 2.121093988418579,
        "Adj Close": 1.4736332893371582,
        "Volume": 43184000.0
    },
    "GM": {
        "Open": null,
        "High": null,
        "Low": null,
        "Close": null,
        "Adj Close": null,
        "Volume": null
    },
    "GOOG": {
        "Open": null,
        "High": null,
        "Low": null,
        "Close": null,