{
    "AAPL": {
        "Open": 1.1026790142059326,
        "High": 1.1272319555282593,
        "Low": 1.0926339626312256,
        "Close": 1.098214030265808,
        "Adj Close": 0.9213622808456421,
        "Volume": 204489600.0
    },
    "ABBV": {
        "Open": null,
        "High": null,
        "Low": null,
        "Close": null,
        "Adj Close": null,
        "Volume": null
    },
    "ABT": {
        "Open": 15.374855041503906,
        "High": 15.459024429321289,
        "Low": 15.038179397583008,
        "Close": 15.206517219543457,
        "Adj Close": 7.871429920196533,
        "Volume": 5535075.0
    },
    "ACN": {
        "Open": null,
        "High": null,
        "Low": null,
        "Close": null,
        "Adj Close": null,
        "Volume": null
    },
    "ADBE": {
        "Open": 22.046875,
        "High": 22.484375,
        "Low": 21.40625,
        "Close": 21.859375,
        "Adj Close": 21.70473861694336,
        "Volume": 8595200.0
    },
    "AIG": {
        "Open": 1313.3333740234375,
        "High": 1325.8333740234375,
        "Low": 1298.3333740234375,
        "Close": 1320.0,
        "Adj Close": 778.1539306640625,
        "Volume": 185483.0
    },
    "AMD": {
        "Open": 25.46875,
        "High": 27.0625,
        "Low": 25.375,
        "Close": 26.875,
        "Adj Close": 26.875,
        "Volume": 7369200.0
    },
    "AMGN": {
        "Open": 62.25,
        "High": 62.375,
        "Low": 56.9375,
        "Close": 58.0,
        "Adj Close": 39.23054885864258,
        "Volume": 20278200.0
    },
    "AMT": {
        "Open": 52.875,
        "High": 52.875,
        "Low": 47.375,
        "Close": 48.0,
        "Adj Close": 35.0965461730957,
        "Volume": 943700.0
    },
    "AMZN": {
        "Open": 3.174999952316284,
        "High": 3.2249999046325684,
        "Low": 3.1187500953674316,
        "Close": 3.2093749046325684,
        "Adj Close": 3.2093749046325684,
        "Volume": 116270000.0
    },
    "AVGO": {
        "Open": null,
        "High": null,
        "Low": null,
        "Close": null,
        "Adj Close": null,
        "Volume": null
    },
    "AXP": {
        "Open": 42.30616760253906,
        "High": 42.88970184326172,
        "Low": 41.12086486816406,
        "Close": 41.43086624145508,
        "Adj Close": 29.16754913330078,
        "Volume": 8829658.0
    },
    "BA": {
        "Open": 37.6875,
        "High": 37.6875,
        "Low": 36.375,
        "Close": 37.0,
        "Adj Close": 23.964641571044922,
        "Volume": 5786400.0
    },
    "BAC": {
        "Open": 25.0,
        "High": 25.125,
        "Low": 24.1875,
        "Close": 24.8125,
        "Adj Close": 12.870770454406738,
        "Volume": 10749800.0
    },
    "BK": {
        "Open": 41.00858688354492,
        "High": 41.07483673095703,
        "Low": 38.55734634399414,
        "Close": 39.286094665527344,
        "Adj Close": 21.589311599731445,
        "Volume": 1966706.0
    },
    "BKNG": {
        "Open": 506.25,
        "High": 516.375,
        "Low": 462.0,
        "Close": 466.125,
        "Adj Close": 458.6208190917969,
        "Volume": 678683.0
    },
    "BLK": {
        "Open": 24.0,
        "High": 24.25,
        "Low": 23.875,
        "Close": 24.0,
        "Adj Close": 14.362682342529297,
        "Volume": 134700.0
    },
    "BMY": {
        "Open": 50.92007064819336,
        "High": 51.15801239013672,
        "Low": 50.146751403808594,
        "Close": 50.38469314575195,
        "Adj Close": 19.11049461364746,
        "Volume": 3490208.0
    },
    "BRK-B": {
        "Open": 34.060001373291016,
        "High": 34.560001373291016,
        "Low": 33.099998474121094,
        "Close": 33.560001373291016,
        "Adj Close": 33.560001373291016,
        "Volume": 935000.0
    },
    "C": {
        "Open": 420.9375,
        "High": 430.78125,
        "Low": 414.84375,
        "Close": 421.40625,
        "Adj Close": 219.73019409179688,
        "Volume": 1368040.0
    },
    "CAT": {
        "Open": 19.8125,
        "High": 20.28125,
        "Low": 19.21875,
        "Close": 19.25,
        "Adj Close": 9.995107650756836,
        "Volume": 4407600.0
    },
    "CL": {
        "Open": 24.96875,
        "High": 25.5,
        "Low": 24.5625,
        "Close": 25.125,
        "Adj Close": 14.301726341247559,
        "Volume": 3725000.0
    },
    "CMCSA": {
        "Open": 12.45704460144043,
        "High": 12.710871696472168,
        "Low": 12.06654167175293,
        "Close": 12.086067199707031,
        "Adj Close": 8.20118522644043,
        "Volume": 752875.0
    },
    "COF": {
        "Open": 44.75,
        "High": 44.9375,
        "Low": 41.25,
        "Close": 41.5625,
        "Adj Close": 30.10919952392578,
        "Volume": 1647800.0
    },
    "COP": {
        "Open": 15.889535903930664,
        "High": 15.93718147277832,
        "Low": 15.508377075195312,
        "Close": 15.841891288757324,
        "Adj Close": 7.0010247230529785,
        "Volume": 2147140.0
    },
    "COST": {
        "Open": 53.75,
        "High": 53.875,
        "Low": 51.0,
        "Close": 52.3125,
        "Adj Close": 34.90119171142578,
        "Volume": 3873800.0
    },
    "CRM": {
        "Open": null,
        "High": null,
        "Low": null,
        "Close": null,
        "Adj Close": null,
        "Volume": null
    },
    "CSCO": {
        "Open": 67.5,
        "High": 68.375,
        "Low": 66.28125,
        "Close": 67.0625,
        "Adj Close": 43.392879486083984,
        "Volume": 39242200.0
    },
    "CVS": {
        "Open": 18.03125,
        "High": 18.125,
        "Low": 16.9375,
        "Close": 17.5,
        "Adj Close": 11.083748817443848,
        "Volume": 2965200.0
    },
    "CVX": {
        "Open": 41.78125,
        "High": 42.03125,
        "Low": 40.84375,
        "Close": 41.46875,
        "Adj Close": 15.8779296875,
        "Volume": 2280400.0
    },
    "DE": {
        "Open": 19.09375,
        "High": 19.5625,
        "Low": 18.90625,
        "Close": 19.15625,
        "Adj Close": 11.574230194091797,
        "Volume": 1378800.0
    },
    "DHR": {
        "Open": 7.256783962249756,
        "High": 7.330296993255615,
        "Low": 6.962731838226318,
        "Close": 7.235779762268066,
        "Adj Close": 4.2825212478637695,
        "Volume": 2782246.0
    },
    "DIS": {
        "Open": 37.17871856689453,
        "High": 38.96675109863281,
        "Low": 37.17871856689453,
        "Close": 38.905094146728516,
        "Adj Close": 29.812007904052734,
        "Volume": 16985606.0
    },
    "DUK": {
        "Open": 43.47354507446289,
        "High": 43.58250045776367,
        "Low": 42.71084976196289,
        "Close": 42.92876434326172,
        "Adj Close": 13.23169994354248,
        "Volume": 907474.0
    },
    "EMR": {
        "Open": 23.0,
        "High": 23.875,
        "Low": 22.875,
        "Close": 23.46875,
        "Adj Close": 11.616734504699707,
        "Volume": 4974000.0
    },
    "FDX": {
        "Open": 35.625,
        "High": 36.25,
        "Low": 35.125,
        "Close": 35.4375,
        "Adj Close": 28.374542236328125,
        "Volume": 1455600.0
    },
    "GD": {
        "Open": 22.8125,
        "High": 23.125,
        "Low": 22.625,
        "Close": 23.03125,
        "Adj Close": 13.457040786743164,
        "Volume": 1816200.0
    },
    "GE": {
        "Open": 223.4473876953125,
        "High": 226.4426727294922,
        "Low": 219.85305786132812,
        "Close": 225.14471435546875,
        "Adj Close": 122.15425872802734,
        "Volume": 3254377.0
    },
    "GILD": {
        "Open": 1.988281011581421,
        "High": 2.15625,
        "Low": 1.734375,
        "Close": 1.7949219942092896,
        "Adj Close": 1.247024416923523,
        "Volume": 29299200.0
    },
    "GM": {
        "Open": null,
        "High": null,
        "Low": null,
        "Close": null,
        "Adj Close": null,
        "Volume": null
    },
    "GOOG": {
        "Open": null,
        "High": null,