{
    "AAPL": {
        "Open": 0.8956469893455505,
        "High": 0.9308040142059326,
        "Low": 0.8950889706611633,
        "Close": 0.9224330186843872,
        "Adj Close": 0.7738884687423706,
        "Volume": 475193600.0
    },
    "ABBV": {
        "Open": null,
        "High": null,
        "Low": null,
        "Close": null,
        "Adj Close": null,
        "Volume": null
    },
    "ABT": {
        "Open": 14.813729286193848,
        "High": 15.010123252868652,
        "Low": 14.785673141479492,
        "Close": 14.92595386505127,
        "Adj Close": 7.72620153427124,
        "Volume": 8176192.0
    },
    "ACN": {
        "Open": null,
        "High": null,
        "Low": null,
        "Close": null,
        "Adj Close": null,
        "Volume": null
    },
    "ADBE": {
        "Open": 15.953125,
        "High": 17.28125,
        "Low": 15.84375,
        "Close": 17.265625,
        "Adj Close": 17.143482208251953,
        "Volume": 19747200.0
    },
    "AIG": {
        "Open": 1353.3333740234375,
        "High": 1363.3333740234375,
        "Low": 1308.3333740234375,
        "Close": 1350.8333740234375,
        "Adj Close": 795.8804931640625,
        "Volume": 377618.0
    },
    "AMD": {
        "Open": 18.375,
        "High": 19.6875,
        "Low": 18.15625,
        "Close": 19.5,
        "Adj Close": 19.5,
        "Volume": 9523800.0
    },
    "AMGN": {
        "Open": 64.75,
        "High": 65.0,
        "Low": 62.375,
        "Close": 64.0,
        "Adj Close": 43.28886795043945,
        "Volume": 7613000.0
    },
    "AMT": {
        "Open": 39.5,
        "High": 40.375,
        "Low": 38.5,
        "Close": 40.0,
        "Adj Close": 29.24710464477539,
        "Volume": 433200.0
    },
    "AMZN": {
        "Open": 4.056250095367432,
        "High": 4.296875,
        "Low": 3.8687500953674316,
        "Close": 4.209374904632568,
        "Adj Close": 4.209374904632568,
        "Volume": 875000000.0
    },
    "AVGO": {
        "Open": null,
        "High": null,
        "Low": null,
        "Close": null,
        "Adj Close": null,
        "Volume": null
    },
    "AXP": {
        "Open": 47.9956169128418,
        "High": 48.287384033203125,
        "Low": 46.865020751953125,
        "Close": 47.5214958190918,
        "Adj Close": 33.45537567138672,
        "Volume": 7454930.0
    },
    "BA": {
        "Open": 44.625,
        "High": 45.0625,
        "Low": 43.125,
        "Close": 43.4375,
        "Adj Close": 28.03809928894043,
        "Volume": 2889100.0
    },
    "BAC": {
        "Open": 23.84375,
        "High": 24.03125,
        "Low": 22.71875,
        "Close": 23.21875,
        "Adj Close": 11.913140296936035,
        "Volume": 22798000.0
    },
    "BK": {
        "Open": 42.66482925415039,
        "High": 42.92982864379883,
        "Low": 40.809837341308594,
        "Close": 41.93608093261719,
        "Adj Close": 23.045595169067383,
        "Volume": 1303118.0
    },
    "BKNG": {
        "Open": 365.625,
        "High": 370.5,
        "Low": 347.25,
        "Close": 357.375,
        "Adj Close": 351.62158203125,
        "Volume": 354067.0
    },
    "BLK": {
        "Open": 18.0625,
        "High": 18.125,
        "Low": 17.9375,
        "Close": 18.0,
        "Adj Close": 10.77200984954834,
        "Volume": 35200.0
    },
    "BMY": {
        "Open": 62.103450775146484,
        "High": 62.40087890625,
        "Low": 60.73527145385742,
        "Close": 62.22241973876953,
        "Adj Close": 23.600452423095703,
        "Volume": 3094317.0
    },
    "BRK-B": {
        "Open": 33.0,
        "High": 33.47999954223633,
        "Low": 33.0,
        "Close": 33.400001525878906,
        "Adj Close": 33.400001525878906,
        "Volume": 600000.0
    },
    "C": {
        "Open": 433.59375,
        "High": 435.0,
        "Low": 412.5,
        "Close": 422.34375,
        "Adj Close": 220.2191925048828,
        "Volume": 1900267.0
    },
    "CAT": {
        "Open": 21.625,
        "High": 21.625,
        "Low": 21.0625,
        "Close": 21.15625,
        "Adj Close": 10.984881401062012,
        "Volume": 4343400.0
    },
    "CL": {
        "Open": 30.5,
        "High": 30.875,
        "Low": 29.1875,
        "Close": 30.0,
        "Adj Close": 17.07668113708496,
        "Volume": 4268600.0
    },
    "CMCSA": {
        "Open": 15.102702140808105,
        "High": 15.151515007019043,
        "Low": 14.29240894317627,
        "Close": 15.092940330505371,
        "Adj Close": 10.241548538208008,
        "Volume": 573619.0
    },
    "COF": {
        "Open": 40.5,
        "High": 40.8125,
        "Low": 38.625,
        "Close": 39.125,
        "Adj Close": 28.323545455932617,
        "Volume": 865700.0
    },
    "COP": {
        "Open": 15.293975830078125,
        "High": 15.389266014099121,
        "Low": 14.984285354614258,
        "Close": 15.00810718536377,
        "Adj Close": 6.573590278625488,
        "Volume": 3274493.0
    },
    "COST": {
        "Open": 54.0,
        "High": 55.0,
        "Low": 53.25,
        "Close": 54.1875,
        "Adj Close": 36.15211868286133,
        "Volume": 4640800.0
    },
    "CRM": {
        "Open": null,
        "High": null,
        "Low": null,
        "Close": null,
        "Adj Close": null,
        "Volume": null
    },
    "CSCO": {
        "Open": 57.4375,
        "High": 59.3125,
        "Low": 57.25,
        "Close": 58.90625,
        "Adj Close": 38.11537170410156,
        "Volume": 48675200.0
    },
    "CVS": {
        "Open": 18.46875,
        "High": 19.46875,
        "Low": 18.21875,
        "Close": 18.875,
        "Adj Close": 11.954614639282227,
        "Volume": 4574200.0
    },
    "CVX": {
        "Open": 41.0625,
        "High": 41.25,
        "Low": 40.3125,
        "Close": 40.71875,
        "Adj Close": 15.46000862121582,
        "Volume": 3512800.0
    },
    "DE": {
        "Open": 21.34375,
        "High": 21.5,
        "Low": 20.1875,
        "Close": 20.625,
        "Adj Close": 12.461651802062988,
        "Volume": 4060000.0
    },
    "DHR": {
        "Open": 7.277787208557129,
        "High": 7.382805824279785,
        "Low": 7.24628210067749,
        "Close": 7.31979513168335,
        "Adj Close": 4.332243919372559,
        "Volume": 1046243.0
    },
    "DIS": {
        "Open": 37.05540466308594,
        "High": 37.98025131225586,
        "Low": 37.05540466308594,
        "Close": 37.36368942260742,
        "Adj Close": 28.630874633789062,
        "Volume": 10908160.0
    },
    "DUK": {
        "Open": 49.302703857421875,
        "High": 50.01091766357422,
        "Low": 48.431053161621094,
        "Close": 48.921356201171875,
        "Adj Close": 14.923924446105957,
        "Volume": 1958240.0
    },
    "EMR": {
        "Open": 26.3125,
        "High": 27.71875,
        "Low": 26.3125,
        "Close": 27.0625,
        "Adj Close": 13.295427322387695,
        "Volume": 3129800.0
    },
    "FDX": {
        "Open": 38.9375,
        "High": 40.1875,
        "Low": 38.25,
        "Close": 39.5,
        "Adj Close": 31.627347946166992,
        "Volume": 1491500.0
    },
    "GD": {
        "Open": 24.125,
        "High": 24.1875,
        "Low": 22.9375,
        "Close": 23.125,
        "Adj Close": 13.511805534362793,
        "Volume": 1770400.0
    },
    "GE": {
        "Open": 217.15731811523438,
        "High": 223.34754943847656,
        "Low": 216.05905151367188,
        "Close": 222.448974609375,
        "Adj Close": 120.33650970458984,
        "Volume": 4221651.0
    },
    "GILD": {
        "Open": 1.46875,
        "High": 1.472656011581421,
        "Low": 1.3984379768371582,
        "Close": 1.40625,
        "Adj Close": 0.9769940972328186,
        "Volume": 39974400.0
    },
    "GM": {
        "Open": null,
        "High": null,
        "Low": null,
        "Close": null,
        "Adj Close": null,
        "Volume": null
    },
    "GOOG": {
        "Open": null,
        "High": null,
        "Low": null,
        "Close": null,