{
    "AAPL": {
        "Open": 0.9642860293388367,
        "High": 1.020089030265808,
        "Low": 0.9458709955215454,
        "Close": 1.0184149742126465,
        "Adj Close": 0.8544138073921204,
        "Volume": 441067200.0
    },
    "ABBV": {
        "Open": null,
        "High": null,
        "Low": null,
        "Close": null,
        "Adj Close": null,
        "Volume": null
    },
    "ABT": {
        "Open": 15.487079620361328,
        "High": 15.51513671875,
        "Low": 14.982067108154297,
        "Close": 15.178461074829102,
        "Adj Close": 7.856907844543457,
        "Volume": 5931822.0
    },
    "ACN": {
        "Open": null,
        "High": null,
        "Low": null,
        "Close": null,
        "Adj Close": null,
        "Volume": null
    },
    "ADBE": {
        "Open": 18.4375,
        "High": 19.359375,
        "Low": 18.0625,
        "Close": 19.265625,
        "Adj Close": 19.12933349609375,
        "Volume": 12919200.0
    },
    "AIG": {
        "Open": 1331.6666259765625,
        "High": 1332.5,
        "Low": 1297.5,
        "Close": 1301.6666259765625,
        "Adj Close": 766.9122924804688,
        "Volume": 253178.0
    },
    "AMD": {
        "Open": 19.28125,
        "High": 20.65625,
        "Low": 19.0625,
        "Close": 20.65625,
        "Adj Close": 20.65625,
        "Volume": 6056600.0
    },
    "AMGN": {
        "Open": 66.5,
        "High": 69.5625,
        "Low": 65.125,
        "Close": 69.1875,
        "Adj Close": 46.797664642333984,
        "Volume": 9190200.0
    },
    "AMT": {
        "Open": 39.25,
        "High": 39.3125,
        "Low": 38.0,
        "Close": 38.625,
        "Adj Close": 28.241758346557617,
        "Volume": 2011700.0
    },
    "AMZN": {
        "Open": 3.809375047683716,
        "High": 3.84375,
        "Low": 3.65625,
        "Close": 3.75,
        "Adj Close": 3.75,
        "Volume": 202580000.0
    },
    "AVGO": {
        "Open": null,
        "High": null,
        "Low": null,
        "Close": null,
        "Adj Close": null,
        "Volume": null
    },
    "AXP": {
        "Open": 47.102081298828125,
        "High": 47.813262939453125,
        "Low": 46.956199645996094,
        "Close": 47.39384841918945,
        "Adj Close": 33.365516662597656,
        "Volume": 4470696.0
    },
    "BA": {
        "Open": 43.875,
        "High": 43.875,
        "Low": 41.6875,
        "Close": 41.8125,
        "Adj Close": 26.989194869995117,
        "Volume": 3029400.0
    },
    "BAC": {
        "Open": 22.65625,
        "High": 22.75,
        "Low": 22.4375,
        "Close": 22.65625,
        "Adj Close": 11.624536514282227,
        "Volume": 10364400.0
    },
    "BK": {
        "Open": 40.27983856201172,
        "High": 40.677337646484375,
        "Low": 39.81608963012695,
        "Close": 40.544837951660156,
        "Adj Close": 22.281038284301758,
        "Volume": 931324.0
    },
    "BKNG": {
        "Open": 351.75,
        "High": 371.25,
        "Low": 348.0,
        "Close": 361.5,
        "Adj Close": 355.68017578125,
        "Volume": 329717.0
    },
    "BLK": {
        "Open": 18.4375,
        "High": 18.5625,
        "Low": 18.375,
        "Close": 18.5,
        "Adj Close": 11.071237564086914,
        "Volume": 25200.0
    },
    "BMY": {
        "Open": 61.15167236328125,
        "High": 61.56807327270508,
        "Low": 59.60503387451172,
        "Close": 61.15167236328125,
        "Adj Close": 23.194326400756836,
        "Volume": 3378522.0
    },
    "BRK-B": {
        "Open": 32.97999954223633,
        "High": 33.400001525878906,
        "Low": 32.81999969482422,
        "Close": 33.279998779296875,
        "Adj Close": 33.279998779296875,
        "Volume": 770000.0
    },
    "C": {
        "Open": 414.84375,
        "High": 421.40625,
        "Low": 406.40625,
        "Close": 407.8125,
        "Adj Close": 212.6421661376953,
        "Volume": 1244160.0
    },
    "CAT": {
        "Open": 20.90625,
        "High": 20.90625,
        "Low": 20.375,
        "Close": 20.625,
        "Adj Close": 10.709037780761719,
        "Volume": 4089800.0
    },
    "CL": {
        "Open": 28.125,
        "High": 28.40625,
        "Low": 26.78125,
        "Close": 28.1875,
        "Adj Close": 16.044967651367188,
        "Volume": 5906200.0
    },
    "CMCSA": {
        "Open": 15.444392204284668,
        "High": 15.46391773223877,
        "Low": 14.68291187286377,
        "Close": 14.87816333770752,
        "Adj Close": 10.095804214477539,
        "Volume": 609150.0
    },
    "COF": {
        "Open": 38.4375,
        "High": 39.3125,
        "Low": 37.375,
        "Close": 37.9375,
        "Adj Close": 27.483123779296875,
        "Volume": 910600.0
    },
    "COP": {
        "Open": 15.246331214904785,
        "High": 15.293975830078125,
        "Low": 15.079573631286621,
        "Close": 15.246331214904785,
        "Adj Close": 6.6779351234436035,
        "Volume": 3260063.0
    },
    "COST": {
        "Open": 52.0,
        "High": 52.25,
        "Low": 51.0,
        "Close": 51.25,
        "Adj Close": 34.19230270385742,
        "Volume": 2566700.0
    },
    "CRM": {
        "Open": null,
        "High": null,
        "Low": null,
        "Close": null,
        "Adj Close": null,
        "Volume": null
    },
    "CSCO": {
        "Open": 62.03125,
        "High": 62.6875,
        "Low": 61.28125,
        "Close": 62.59375,
        "Adj Close": 40.50137710571289,
        "Volume": 48933400.0
    },
    "CVS": {
        "Open": 18.78125,
        "High": 18.78125,
        "Low": 18.0625,
        "Close": 18.21875,
        "Adj Close": 11.538975715637207,
        "Volume": 4836600.0
    },
    "CVX": {
        "Open": 39.5625,
        "High": 40.0,
        "Low": 39.21875,
        "Close": 39.53125,
        "Adj Close": 15.009139060974121,
        "Volume": 3135600.0
    },
    "DE": {
        "Open": 20.4375,
        "High": 20.78125,
        "Low": 20.03125,
        "Close": 20.65625,
        "Adj Close": 12.4805326461792,
        "Volume": 2017200.0
    },
    "DHR": {
        "Open": 7.2672858238220215,
        "High": 7.361802101135254,
        "Low": 7.120259761810303,
        "Close": 7.24628210067749,
        "Adj Close": 4.288734436035156,
        "Volume": 2828071.0
    },
    "DIS": {
        "Open": 37.610313415527344,
        "High": 37.91859436035156,
        "Low": 37.05540466308594,
        "Close": 37.48699951171875,
        "Adj Close": 28.72535514831543,
        "Volume": 6153573.0
    },
    "DUK": {
        "Open": 46.85118865966797,
        "High": 47.83179473876953,
        "Low": 45.97953796386719,
        "Close": 46.25192642211914,
        "Adj Close": 14.109586715698242,
        "Volume": 930878.0
    },
    "EMR": {
        "Open": 25.125,
        "High": 25.53125,
        "Low": 24.65625,
        "Close": 24.96875,
        "Adj Close": 12.26679801940918,
        "Volume": 4253800.0
    },
    "FDX": {
        "Open": 39.25,
        "High": 39.9375,
        "Low": 38.75,
        "Close": 39.1875,
        "Adj Close": 31.377124786376953,
        "Volume": 1038600.0
    },
    "GD": {
        "Open": 23.03125,
        "High": 23.0625,
        "Low": 21.125,
        "Close": 22.25,
        "Adj Close": 13.000555992126465,
        "Volume": 5385800.0
    },
    "GE": {
        "Open": 226.3428192138672,
        "High": 226.4426727294922,
        "Low": 217.05747985839844,
        "Close": 218.055908203125,
        "Adj Close": 117.96012115478516,
        "Volume": 3815386.0
    },
    "GILD": {
        "Open": 1.484375,
        "High": 1.7480469942092896,
        "Low": 1.453125,
        "Close": 1.6972659826278687,
        "Adj Close": 1.1791778802871704,
        "Volume": 55174400.0
    },
    "GM": {
        "Open": null,
        "High": null,
        "Low": null,
        "Close": null,
        "Adj Close": null,
        "Volume": null
    },
    "GOOG": {
        "Open": null,
        "High": null,
        "Low": null,