{
    "AAPL": {
        "Open": 1.0145089626312256,
        "High": 1.0189729928970337,
        "Low": 0.966517984867096,
        "Close": 0.970982015132904,
        "Adj Close": 0.814619243144989,
        "Volume": 212251200.0
    },
    "ABBV": {
        "Open": null,
        "High": null,
        "Low": null,
        "Close": null,
        "Adj Close": null,
        "Volume": null
    },
    "ABT": {
        "Open": 15.795700073242188,
        "High": 15.795700073242188,
        "Low": 15.262630462646484,
        "Close": 15.262630462646484,
        "Adj Close": 7.900477409362793,
        "Volume": 6961002.0
    },
    "ACN": {
        "Open": null,
        "High": null,
        "Low": null,
        "Close": null,
        "Adj Close": null,
        "Volume": null
    },
    "ADBE": {
        "Open": 22.5,
        "High": 22.8125,
        "Low": 21.71875,
        "Close": 22.609375,
        "Adj Close": 22.449426651000977,
        "Volume": 7216800.0
    },
    "AIG": {
        "Open": 1270.8333740234375,
        "High": 1276.6666259765625,
        "Low": 1250.8333740234375,
        "Close": 1264.1666259765625,
        "Adj Close": 744.8182373046875,
        "Volume": 233963.0
    },
    "AMD": {
        "Open": 21.375,
        "High": 22.75,
        "Low": 20.90625,
        "Close": 22.75,
        "Adj Close": 22.75,
        "Volume": 14933400.0
    },
    "AMGN": {
        "Open": 65.3125,
        "High": 66.3125,
        "Low": 61.9375,
        "Close": 62.625,
        "Adj Close": 42.358856201171875,
        "Volume": 8105000.0
    },
    "AMT": {
        "Open": 44.5,
        "High": 45.0,
        "Low": 44.0625,
        "Close": 44.25,
        "Adj Close": 32.354637145996094,
        "Volume": 1212700.0
    },
    "AMZN": {
        "Open": 3.856250047683716,
        "High": 3.956249952316284,
        "Low": 3.7750000953674316,
        "Close": 3.809375047683716,
        "Adj Close": 3.809375047683716,
        "Volume": 166180000.0
    },
    "AVGO": {
        "Open": null,
        "High": null,
        "Low": null,
        "Close": null,
        "Adj Close": null,
        "Volume": null
    },
    "AXP": {
        "Open": 45.22383117675781,
        "High": 46.11737060546875,
        "Low": 44.330299377441406,
        "Close": 44.78618240356445,
        "Adj Close": 31.529701232910156,
        "Volume": 6520964.0
    },
    "BA": {
        "Open": 39.75,
        "High": 40.375,
        "Low": 39.125,
        "Close": 39.875,
        "Adj Close": 25.826749801635742,
        "Volume": 3132800.0
    },
    "BAC": {
        "Open": 22.5,
        "High": 23.3125,
        "Low": 22.5,
        "Close": 22.59375,
        "Adj Close": 11.592467308044434,
        "Volume": 13510400.0
    },
    "BK": {
        "Open": 38.68984603881836,
        "High": 39.81608963012695,
        "Low": 38.68984603881836,
        "Close": 39.021095275878906,
        "Adj Close": 21.443687438964844,
        "Volume": 1373496.0
    },
    "BKNG": {
        "Open": 339.0,
        "High": 339.75,
        "Low": 321.0,
        "Close": 323.25,
        "Adj Close": 318.0458984375,
        "Volume": 235717.0
    },
    "BLK": {
        "Open": 17.875,
        "High": 18.0,
        "Low": 17.875,
        "Close": 17.9375,
        "Adj Close": 10.734611511230469,
        "Volume": 24700.0
    },
    "BMY": {
        "Open": 57.46353530883789,
        "High": 57.82045364379883,
        "Low": 56.868675231933594,
        "Close": 57.10662078857422,
        "Adj Close": 21.660064697265625,
        "Volume": 3590337.0
    },
    "BRK-B": {
        "Open": 31.200000762939453,
        "High": 31.360000610351562,
        "Low": 29.700000762939453,
        "Close": 30.139999389648438,
        "Adj Close": 30.139999389648438,
        "Volume": 2525000.0
    },
    "C": {
        "Open": 406.40625,
        "High": 413.90625,
        "Low": 396.5625,
        "Close": 405.0,
        "Adj Close": 211.17581176757812,
        "Volume": 1326307.0
    },
    "CAT": {
        "Open": 18.9375,
        "High": 18.9375,
        "Low": 17.4375,
        "Close": 18.0,
        "Adj Close": 9.34607219696045,
        "Volume": 11944800.0
    },
    "CL": {
        "Open": 28.8125,
        "High": 28.8125,
        "Low": 27.8125,
        "Close": 27.9375,
        "Adj Close": 15.902667045593262,
        "Volume": 3301200.0
    },
    "CMCSA": {
        "Open": 14.565760612487793,
        "High": 14.68291187286377,
        "Low": 14.390033721923828,
        "Close": 14.52670955657959,
        "Adj Close": 9.85732364654541,
        "Volume": 456463.0
    },
    "COF": {
        "Open": 33.5,
        "High": 34.0625,
        "Low": 32.5,
        "Close": 33.625,
        "Adj Close": 24.35901641845703,
        "Volume": 1962100.0
    },
    "COP": {
        "Open": 14.579303741455078,
        "High": 14.603126525878906,
        "Low": 14.126679420471191,
        "Close": 14.269613265991211,
        "Adj Close": 6.250128269195557,
        "Volume": 1501214.0
    },
    "COST": {
        "Open": 52.125,
        "High": 52.3125,
        "Low": 51.0,
        "Close": 51.6875,
        "Adj Close": 34.48421096801758,
        "Volume": 2071000.0
    },
    "CRM": {
        "Open": null,
        "High": null,
        "Low": null,
        "Close": null,
        "Adj Close": null,
        "Volume": null
    },
    "CSCO": {
        "Open": 66.5625,
        "High": 66.8125,
        "Low": 64.0625,
        "Close": 65.46875,
        "Adj Close": 42.36164093017578,
        "Volume": 75471000.0
    },
    "CVS": {
        "Open": 20.34375,
        "High": 20.34375,
        "Low": 19.78125,
        "Close": 19.8125,
        "Adj Close": 12.548385620117188,
        "Volume": 4843200.0
    },
    "CVX": {
        "Open": 38.6875,
        "High": 38.8125,
        "Low": 36.09375,
        "Close": 37.0,
        "Adj Close": 14.048081398010254,
        "Volume": 5019800.0
    },
    "DE": {
        "Open": 18.9375,
        "High": 18.9375,
        "Low": 17.96875,
        "Close": 18.09375,
        "Adj Close": 10.932265281677246,
        "Volume": 3009000.0
    },
    "DHR": {
        "Open": 7.057248115539551,
        "High": 7.109757900238037,
        "Low": 6.8157057762146,
        "Close": 6.899721145629883,
        "Adj Close": 4.083619594573975,
        "Volume": 2682859.0
    },
    "DIS": {
        "Open": 36.4388427734375,
        "High": 38.10356140136719,
        "Low": 36.31553268432617,
        "Close": 37.36368942260742,
        "Adj Close": 28.630874633789062,
        "Volume": 7247035.0
    },
    "DUK": {
        "Open": 44.889976501464844,
        "High": 45.107887268066406,
        "Low": 44.236236572265625,
        "Close": 44.617584228515625,
        "Adj Close": 13.752229690551758,
        "Volume": 928813.0
    },
    "EMR": {
        "Open": 23.46875,
        "High": 23.71875,
        "Low": 23.09375,
        "Close": 23.1875,
        "Adj Close": 11.39169692993164,
        "Volume": 3386000.0
    },
    "FDX": {
        "Open": 38.6875,
        "High": 38.6875,
        "Low": 36.9375,
        "Close": 37.125,
        "Adj Close": 29.725719451904297,
        "Volume": 1496000.0
    },
    "GD": {
        "Open": 21.0625,
        "High": 21.09375,
        "Low": 20.71875,
        "Close": 20.71875,
        "Adj Close": 12.105859756469727,
        "Volume": 1554000.0
    },
    "GE": {
        "Open": 215.759521484375,
        "High": 219.35385131835938,
        "Low": 213.36331176757812,
        "Close": 213.66282653808594,
        "Adj Close": 115.58358764648438,
        "Volume": 4288507.0
    },
    "GILD": {
        "Open": 1.7324219942092896,
        "High": 1.769531011581421,
        "Low": 1.667968988418579,
        "Close": 1.7480469942092896,
        "Adj Close": 1.2144578695297241,
        "Volume": 35638400.0
    },
    "GM": {
        "Open": null,
        "High": null,
        "Low": null,
        "Close": null,
        "Adj Close": null,
        "Volume": null
    },