{
    "AAPL": {
        "Open": 1.0290180444717407,
        "High": 1.0708709955215454,
        "Low": 1.0284600257873535,
        "Close": 1.0625,
        "Adj Close": 0.891399621963501,
        "Volume": 485744000.0
    },
    "ABBV": {
        "Open": null,
        "High": null,
        "Low": null,
        "Close": null,
        "Adj Close": null,
        "Volume": null
    },
    "ABT": {
        "Open": 15.795700073242188,
        "High": 15.87986946105957,
        "Low": 15.51513671875,
        "Close": 15.767642974853516,
        "Adj Close": 8.161890983581543,
        "Volume": 8322550.0
    },
    "ACN": {
        "Open": null,
        "High": null,
        "Low": null,
        "Close": null,
        "Adj Close": null,
        "Volume": null
    },
    "ADBE": {
        "Open": 22.1015625,
        "High": 23.0,
        "Low": 21.5625,
        "Close": 22.21875,
        "Adj Close": 22.061565399169922,
        "Volume": 7082400.0
    },
    "AIG": {
        "Open": 1253.3333740234375,
        "High": 1296.6666259765625,
        "Low": 1240.0,
        "Close": 1285.8333740234375,
        "Adj Close": 757.5842895507812,
        "Volume": 307455.0
    },
    "AMD": {
        "Open": 21.75,
        "High": 22.375,
        "Low": 21.1875,
        "Close": 21.75,
        "Adj Close": 21.75,
        "Volume": 8673800.0
    },
    "AMGN": {
        "Open": 65.25,
        "High": 65.75,
        "Low": 64.1875,
        "Close": 65.0625,
        "Adj Close": 44.007537841796875,
        "Volume": 8358400.0
    },
    "AMT": {
        "Open": 45.0,
        "High": 47.25,
        "Low": 45.0,
        "Close": 45.625,
        "Adj Close": 33.36001205444336,
        "Volume": 1119500.0
    },
    "AMZN": {
        "Open": 3.671875,
        "High": 3.809375047683716,
        "Low": 3.53125,
        "Close": 3.690624952316284,
        "Adj Close": 3.690624952316284,
        "Volume": 128490000.0
    },
    "AVGO": {
        "Open": null,
        "High": null,
        "Low": null,
        "Close": null,
        "Adj Close": null,
        "Volume": null
    },
    "AXP": {
        "Open": 45.005008697509766,
        "High": 46.5732536315918,
        "Low": 44.87736129760742,
        "Close": 46.427371978759766,
        "Adj Close": 32.68511199951172,
        "Volume": 4668114.0
    },
    "BA": {
        "Open": 38.25,
        "High": 38.6875,
        "Low": 37.375,
        "Close": 38.5,
        "Adj Close": 24.936176300048828,
        "Volume": 3961300.0
    },
    "BAC": {
        "Open": 22.03125,
        "High": 23.0,
        "Low": 22.03125,
        "Close": 22.8125,
        "Adj Close": 11.704703330993652,
        "Volume": 13834000.0
    },
    "BK": {
        "Open": 37.961097717285156,
        "High": 39.81608963012695,
        "Low": 37.82859802246094,
        "Close": 39.15359115600586,
        "Adj Close": 21.51650047302246,
        "Volume": 1176703.0
    },
    "BKNG": {
        "Open": 331.5,
        "High": 331.5,
        "Low": 313.5,
        "Close": 318.0,
        "Adj Close": 312.8804626464844,
        "Volume": 221433.0
    },
    "BLK": {
        "Open": 17.875,
        "High": 18.0,
        "Low": 17.875,
        "Close": 17.875,
        "Adj Close": 10.697202682495117,
        "Volume": 4900.0
    },
    "BMY": {
        "Open": 58.53428649902344,
        "High": 59.24811935424805,
        "Low": 57.76096725463867,
        "Close": 59.06966018676758,
        "Adj Close": 22.40463638305664,
        "Volume": 4936135.0
    },
    "BRK-B": {
        "Open": 30.399999618530273,
        "High": 30.799999237060547,
        "Low": 30.020000457763672,
        "Close": 30.639999389648438,
        "Adj Close": 30.639999389648438,
        "Volume": 2290000.0
    },
    "C": {
        "Open": 396.5625,
        "High": 412.03125,
        "Low": 395.15625,
        "Close": 411.5625,
        "Adj Close": 214.59754943847656,
        "Volume": 1403133.0
    },
    "CAT": {
        "Open": 19.3125,
        "High": 20.375,
        "Low": 19.3125,
        "Close": 20.0,
        "Adj Close": 10.384525299072266,
        "Volume": 6048200.0
    },
    "CL": {
        "Open": 27.375,
        "High": 27.90625,
        "Low": 26.90625,
        "Close": 27.84375,
        "Adj Close": 15.849298477172852,
        "Volume": 4309200.0
    },
    "CMCSA": {
        "Open": 13.892143249511719,
        "High": 14.595047950744629,
        "Low": 13.731060981750488,
        "Close": 14.29240894317627,
        "Adj Close": 9.698336601257324,
        "Volume": 277847.0
    },
    "COF": {
        "Open": 34.4375,
        "High": 37.3125,
        "Low": 34.0625,
        "Close": 37.0625,
        "Adj Close": 26.849258422851562,
        "Volume": 1852600.0
    },
    "COP": {
        "Open": 14.436369895935059,
        "High": 14.650771141052246,
        "Low": 14.388725280761719,
        "Close": 14.579303741455078,
        "Adj Close": 6.385774612426758,
        "Volume": 2552745.0
    },
    "COST": {
        "Open": 50.0625,
        "High": 50.5,
        "Low": 48.5,
        "Close": 49.375,
        "Adj Close": 32.941375732421875,
        "Volume": 2675400.0
    },
    "CRM": {
        "Open": null,
        "High": null,
        "Low": null,
        "Close": null,
        "Adj Close": null,
        "Volume": null
    },
    "CSCO": {
        "Open": 64.875,
        "High": 65.0625,
        "Low": 62.65625,
        "Close": 64.0,
        "Adj Close": 41.411285400390625,
        "Volume": 61367200.0
    },
    "CVS": {
        "Open": 19.96875,
        "High": 19.96875,
        "Low": 19.5,
        "Close": 19.6875,
        "Adj Close": 12.469220161437988,
        "Volume": 4554000.0
    },
    "CVX": {
        "Open": 37.21875,
        "High": 38.84375,
        "Low": 37.21875,
        "Close": 38.75,
        "Adj Close": 14.712520599365234,
        "Volume": 6143400.0
    },
    "DE": {
        "Open": 20.0,
        "High": 20.5625,
        "Low": 19.8125,
        "Close": 20.21875,
        "Adj Close": 12.216194152832031,
        "Volume": 2621600.0
    },
    "DHR": {
        "Open": 6.847210884094238,
        "High": 6.973234176635742,
        "Low": 6.826208114624023,
        "Close": 6.920723915100098,
        "Adj Close": 4.096052169799805,
        "Volume": 3010182.0
    },
    "DIS": {
        "Open": 36.5004997253418,
        "High": 36.68547058105469,
        "Low": 34.897438049316406,
        "Close": 36.37718963623047,
        "Adj Close": 27.874942779541016,
        "Volume": 7082717.0
    },
    "DUK": {
        "Open": 44.672061920166016,
        "High": 45.1623649597168,
        "Low": 44.181758880615234,
        "Close": 44.290714263916016,
        "Adj Close": 13.651482582092285,
        "Volume": 789996.0
    },
    "EMR": {
        "Open": 23.0625,
        "High": 24.21875,
        "Low": 22.875,
        "Close": 23.9375,
        "Adj Close": 11.760161399841309,
        "Volume": 4507000.0
    },
    "FDX": {
        "Open": 36.5,
        "High": 36.5625,
        "Low": 35.0625,
        "Close": 35.9375,
        "Adj Close": 28.77488136291504,
        "Volume": 2040700.0
    },
    "GD": {
        "Open": 20.78125,
        "High": 21.0,
        "Low": 20.4375,
        "Close": 20.65625,
        "Adj Close": 12.0693359375,
        "Volume": 2330000.0
    },
    "GE": {
        "Open": 214.0622100830078,
        "High": 222.0496063232422,
        "Low": 213.9623565673828,
        "Close": 219.65338134765625,
        "Adj Close": 118.82422637939453,
        "Volume": 3927751.0
    },
    "GILD": {
        "Open": 1.890625,
        "High": 2.0,
        "Low": 1.859375,
        "Close": 1.984375,
        "Adj Close": 1.3786468505859375,
        "Volume": 52416000.0
    },
    "GM": {
        "Open": null,
        "High": null,
        "Low": null,
        "Close": null,
        "Adj Close": null,
        "Volume": null
    },
    "GOOG": {
        "Open": null,
        "High": null,
        "Low": null,
        "Close": null,
        "Adj Close": null,