{
    "AAPL": {
        "Open": 1.0251120328903198,
        "High": 1.0446430444717407,
        "Low": 0.9832590222358704,
        "Close": 0.9854909777641296,
        "Adj Close": 0.8267917633056641,
        "Volume": 249144000.0
    },
    "ABBV": {
        "Open": null,
        "High": null,
        "Low": null,
        "Close": null,
        "Adj Close": null,
        "Volume": null
    },
    "ABT": {
        "Open": 14.3087158203125,
        "High": 14.70150375366211,
        "Low": 14.252602577209473,
        "Close": 14.392884254455566,
        "Adj Close": 7.450267791748047,
        "Volume": 9544869.0
    },
    "ACN": {
        "Open": null,
        "High": null,
        "Low": null,
        "Close": null,
        "Adj Close": null,
        "Volume": null
    },
    "ADBE": {
        "Open": 25.875,
        "High": 26.109375,
        "Low": 24.5,
        "Close": 24.625,
        "Adj Close": 24.450794219970703,
        "Volume": 4176000.0
    },
    "AIG": {
        "Open": 1111.6666259765625,
        "High": 1135.8333740234375,
        "Low": 1108.3333740234375,
        "Close": 1115.0,
        "Adj Close": 656.9327392578125,
        "Volume": 285975.0
    },
    "AMD": {
        "Open": 20.78125,
        "High": 21.1875,
        "Low": 19.625,
        "Close": 20.25,
        "Adj Close": 20.25,
        "Volume": 10911400.0
    },
    "AMGN": {
        "Open": 73.0,
        "High": 74.0,
        "Low": 70.125,
        "Close": 73.5625,
        "Adj Close": 49.756839752197266,
        "Volume": 8556500.0
    },
    "AMT": {
        "Open": 43.0625,
        "High": 43.5,
        "Low": 41.875,
        "Close": 42.5,
        "Adj Close": 31.075063705444336,
        "Volume": 709800.0
    },
    "AMZN": {
        "Open": 3.371875047683716,
        "High": 3.46875,
        "Low": 3.2593750953674316,
        "Close": 3.456249952316284,
        "Adj Close": 3.456249952316284,
        "Volume": 97410000.0
    },
    "AVGO": {
        "Open": null,
        "High": null,
        "Low": null,
        "Close": null,
        "Adj Close": null,
        "Volume": null
    },
    "AXP": {
        "Open": 38.257904052734375,
        "High": 39.09673309326172,
        "Low": 36.1790657043457,
        "Close": 36.397891998291016,
        "Adj Close": 25.624324798583984,
        "Volume": 16576260.0
    },
    "BA": {
        "Open": 36.8125,
        "High": 38.0,
        "Low": 36.8125,
        "Close": 37.8125,
        "Adj Close": 24.490903854370117,
        "Volume": 3170600.0
    },
    "BAC": {
        "Open": 22.375,
        "High": 22.90625,
        "Low": 22.0625,
        "Close": 22.0625,
        "Adj Close": 11.319889068603516,
        "Volume": 10603800.0
    },
    "BK": {
        "Open": 34.052364349365234,
        "High": 35.443607330322266,
        "Low": 33.72111511230469,
        "Close": 34.9798583984375,
        "Adj Close": 19.222858428955078,
        "Volume": 2459538.0
    },
    "BKNG": {
        "Open": 343.875,
        "High": 345.75,
        "Low": 328.5,
        "Close": 341.25,
        "Adj Close": 335.756103515625,
        "Volume": 401167.0
    },
    "BLK": {
        "Open": 19.0,
        "High": 19.25,
        "Low": 19.0,
        "Close": 19.25,
        "Adj Close": 11.52007007598877,
        "Volume": 41400.0
    },
    "BMY": {
        "Open": 55.203067779541016,
        "High": 55.38152313232422,
        "Low": 52.70465087890625,
        "Close": 53.89437484741211,
        "Adj Close": 20.441686630249023,
        "Volume": 5300191.0
    },
    "BRK-B": {
        "Open": 30.8799991607666,
        "High": 30.940000534057617,
        "Low": 29.600000381469727,
        "Close": 29.799999237060547,
        "Adj Close": 29.799999237060547,
        "Volume": 1770000.0
    },
    "C": {
        "Open": 370.3125,
        "High": 380.15625,
        "Low": 353.4375,
        "Close": 360.0,
        "Adj Close": 187.71180725097656,
        "Volume": 1884933.0
    },
    "CAT": {
        "Open": 18.125,
        "High": 18.75,
        "Low": 17.9375,
        "Close": 18.0,
        "Adj Close": 9.34607219696045,
        "Volume": 4139800.0
    },
    "CL": {
        "Open": 24.59375,
        "High": 24.875,
        "Low": 24.0,
        "Close": 24.125,
        "Adj Close": 13.732501029968262,
        "Volume": 5931200.0
    },
    "CMCSA": {
        "Open": 12.378944396972656,
        "High": 13.238051414489746,
        "Low": 12.33989429473877,
        "Close": 13.04279899597168,
        "Adj Close": 8.850395202636719,
        "Volume": 643081.0
    },
    "COF": {
        "Open": 34.6875,
        "High": 35.9375,
        "Low": 34.3125,
        "Close": 35.5625,
        "Adj Close": 25.76261329650879,
        "Volume": 1607900.0
    },
    "COP": {
        "Open": 14.007567405700684,
        "High": 14.221967697143555,
        "Low": 13.6978759765625,
        "Close": 14.055212020874023,
        "Adj Close": 6.211431980133057,
        "Volume": 1366099.0
    },
    "COST": {
        "Open": 44.25,
        "High": 48.34375,
        "Low": 43.75,
        "Close": 47.5625,
        "Adj Close": 31.73213005065918,
        "Volume": 7698400.0
    },
    "CRM": {
        "Open": null,
        "High": null,
        "Low": null,
        "Close": null,
        "Adj Close": null,
        "Volume": null
    },
    "CSCO": {
        "Open": 68.3125,
        "High": 68.625,
        "Low": 65.53125,
        "Close": 66.375,
        "Adj Close": 42.948036193847656,
        "Volume": 46451200.0
    },
    "CVS": {
        "Open": 18.25,
        "High": 18.875,
        "Low": 17.875,
        "Close": 18.375,
        "Adj Close": 11.637939453125,
        "Volume": 4431400.0
    },
    "CVX": {
        "Open": 36.0,
        "High": 36.375,
        "Low": 34.96875,
        "Close": 35.53125,
        "Adj Close": 13.604527473449707,
        "Volume": 6453400.0
    },
    "DE": {
        "Open": 18.375,
        "High": 19.53125,
        "Low": 18.25,
        "Close": 18.46875,
        "Adj Close": 11.158841133117676,
        "Volume": 2246400.0
    },
    "DHR": {
        "Open": 6.437639236450195,
        "High": 6.584664821624756,
        "Low": 6.364126205444336,
        "Close": 6.458642959594727,
        "Adj Close": 3.8225672245025635,
        "Volume": 1735407.0
    },
    "DIS": {
        "Open": 32.61615753173828,
        "High": 32.61615753173828,
        "Low": 30.581499099731445,
        "Close": 30.581499099731445,
        "Adj Close": 23.433853149414062,
        "Volume": 8440649.0
    },
    "DUK": {
        "Open": 42.05711364746094,
        "High": 42.38397979736328,
        "Low": 41.076507568359375,
        "Close": 41.29441833496094,
        "Adj Close": 12.727957725524902,
        "Volume": 973326.0
    },
    "EMR": {
        "Open": 25.0,
        "High": 25.03125,
        "Low": 23.78125,
        "Close": 23.8125,
        "Adj Close": 11.786888122558594,
        "Volume": 2696800.0
    },
    "FDX": {
        "Open": 34.75,
        "High": 34.9375,
        "Low": 33.25,
        "Close": 33.5625,
        "Adj Close": 26.873233795166016,
        "Volume": 1386500.0
    },
    "GD": {
        "Open": 21.09375,
        "High": 21.71875,
        "Low": 21.0625,
        "Close": 21.46875,
        "Adj Close": 12.544075012207031,
        "Volume": 991600.0
    },
    "GE": {
        "Open": 206.87355041503906,
        "High": 209.169921875,
        "Low": 200.7831573486328,
        "Close": 201.4820556640625,
        "Adj Close": 108.99422454833984,
        "Volume": 5564893.0
    },
    "GILD": {
        "Open": 2.375,
        "High": 2.390625,
        "Low": 2.09375,
        "Close": 2.260741949081421,
        "Adj Close": 1.5706535577774048,
        "Volume": 35862400.0
    },
    "GM": {
        "Open": null,
        "High": null,
        "Low": null,
        "Close": null,
        "Adj Close": null,
        "Volume": null
    },
    "GOOG": {
        "Open": null,
        "High": null,
        "Low": null,
        "Close": null,