{
    "AAPL": {
        "Open": 0.9832590222358704,
        "High": 1.026785969734192,
        "Low": 0.9676340222358704,
        "Close": 1.011160969734192,
        "Adj Close": 0.8483278155326843,
        "Volume": 328328000.0
    },
    "ABBV": {
        "Open": null,
        "High": null,
        "Low": null,
        "Close": null,
        "Adj Close": null,
        "Volume": null
    },
    "ABT": {
        "Open": 15.038179397583008,
        "High": 15.122347831726074,
        "Low": 14.645391464233398,
        "Close": 14.869841575622559,
        "Adj Close": 7.697155952453613,
        "Volume": 9246362.0
    },
    "ACN": {
        "Open": null,
        "High": null,
        "Low": null,
        "Close": null,
        "Adj Close": null,
        "Volume": null
    },
    "ADBE": {
        "Open": 24.3828125,
        "High": 24.90625,
        "Low": 23.75,
        "Close": 24.453125,
        "Adj Close": 24.28013038635254,
        "Volume": 6549600.0
    },
    "AIG": {
        "Open": 1133.3333740234375,
        "High": 1185.0,
        "Low": 1133.3333740234375,
        "Close": 1162.5,
        "Adj Close": 684.9186401367188,
        "Volume": 367500.0
    },
    "AMD": {
        "Open": 20.15625,
        "High": 20.15625,
        "Low": 18.8125,
        "Close": 18.875,
        "Adj Close": 18.875,
        "Volume": 8847000.0
    },
    "AMGN": {
        "Open": 72.875,
        "High": 72.875,
        "Low": 66.5,
        "Close": 68.4375,
        "Adj Close": 46.29036331176758,
        "Volume": 13264800.0
    },
    "AMT": {
        "Open": 42.5,
        "High": 45.75,
        "Low": 41.0625,
        "Close": 45.1875,
        "Adj Close": 33.040103912353516,
        "Volume": 855700.0
    },
    "AMZN": {
        "Open": 3.328125,
        "High": 3.359375,
        "Low": 3.206249952316284,
        "Close": 3.2874999046325684,
        "Adj Close": 3.2874999046325684,
        "Volume": 101154000.0
    },
    "AVGO": {
        "Open": null,
        "High": null,
        "Low": null,
        "Close": null,
        "Adj Close": null,
        "Volume": null
    },
    "AXP": {
        "Open": 36.90848159790039,
        "High": 39.53438186645508,
        "Low": 36.90848159790039,
        "Close": 38.695552825927734,
        "Adj Close": 27.241863250732422,
        "Volume": 16359648.0
    },
    "BA": {
        "Open": 37.625,
        "High": 37.625,
        "Low": 36.5625,
        "Close": 37.0,
        "Adj Close": 23.964641571044922,
        "Volume": 3573300.0
    },
    "BAC": {
        "Open": 22.375,
        "High": 23.46875,
        "Low": 22.28125,
        "Close": 22.96875,
        "Adj Close": 11.784871101379395,
        "Volume": 13760000.0
    },
    "BK": {
        "Open": 35.509857177734375,
        "High": 37.29859924316406,
        "Low": 35.31110763549805,
        "Close": 36.83485412597656,
        "Adj Close": 20.242258071899414,
        "Volume": 2587180.0
    },
    "BKNG": {
        "Open": 344.625,
        "High": 345.0,
        "Low": 321.0,
        "Close": 323.25,
        "Adj Close": 318.0458984375,
        "Volume": 229117.0
    },
    "BLK": {
        "Open": 19.25,
        "High": 20.125,
        "Low": 19.25,
        "Close": 20.125,
        "Adj Close": 12.043712615966797,
        "Volume": 35700.0
    },
    "BMY": {
        "Open": 52.82362365722656,
        "High": 54.42974853515625,
        "Low": 52.82362365722656,
        "Close": 53.59694290161133,
        "Adj Close": 20.32887840270996,
        "Volume": 5603413.0
    },
    "BRK-B": {
        "Open": 29.700000762939453,
        "High": 29.760000228881836,
        "Low": 29.040000915527344,
        "Close": 29.200000762939453,
        "Adj Close": 29.200000762939453,
        "Volume": 2225000.0
    },
    "C": {
        "Open": 371.25,
        "High": 379.6875,
        "Low": 367.5,
        "Close": 367.5,
        "Adj Close": 191.62240600585938,
        "Volume": 3225133.0
    },
    "CAT": {
        "Open": 18.0,
        "High": 18.3125,
        "Low": 17.6875,
        "Close": 17.78125,
        "Adj Close": 9.232490539550781,
        "Volume": 3319200.0
    },
    "CL": {
        "Open": 24.4375,
        "High": 25.65625,
        "Low": 24.0,
        "Close": 25.5,
        "Adj Close": 14.515182495117188,
        "Volume": 5317400.0
    },
    "CMCSA": {
        "Open": 13.199000358581543,
        "High": 13.374727249145508,
        "Low": 12.769447326660156,
        "Close": 12.925647735595703,
        "Adj Close": 8.770901679992676,
        "Volume": 1138596.0
    },
    "COF": {
        "Open": 35.4375,
        "High": 38.1875,
        "Low": 35.4375,
        "Close": 37.875,
        "Adj Close": 27.437847137451172,
        "Volume": 2347300.0
    },
    "COP": {
        "Open": 14.198145866394043,
        "High": 14.436369895935059,
        "Low": 13.84080982208252,
        "Close": 14.150501251220703,
        "Adj Close": 6.253546714782715,
        "Volume": 1779051.0
    },
    "COST": {
        "Open": 47.25,
        "High": 50.625,
        "Low": 47.25,
        "Close": 48.9375,
        "Adj Close": 32.649497985839844,
        "Volume": 6621300.0
    },
    "CRM": {
        "Open": null,
        "High": null,
        "Low": null,
        "Close": null,
        "Adj Close": null,
        "Volume": null
    },
    "CSCO": {
        "Open": 65.3828125,
        "High": 66.59375,
        "Low": 63.8125,
        "Close": 65.28125,
        "Adj Close": 42.240318298339844,
        "Volume": 52048400.0
    },
    "CVS": {
        "Open": 18.5,
        "High": 18.5,
        "Low": 17.75,
        "Close": 17.9375,
        "Adj Close": 11.360837936401367,
        "Volume": 3982400.0
    },
    "CVX": {
        "Open": 35.53125,
        "High": 37.46875,
        "Low": 35.4375,
        "Close": 37.28125,
        "Adj Close": 14.274590492248535,
        "Volume": 5097800.0
    },
    "DE": {
        "Open": 18.34375,
        "High": 18.71875,
        "Low": 18.28125,
        "Close": 18.46875,
        "Adj Close": 11.158841133117676,
        "Volume": 1822600.0
    },
    "DHR": {
        "Open": 6.5111517906188965,
        "High": 6.658177852630615,
        "Low": 6.374628067016602,
        "Close": 6.59516716003418,
        "Adj Close": 3.903369426727295,
        "Volume": 1528301.0
    },
    "DIS": {
        "Open": 31.56800079345703,
        "High": 32.49284362792969,
        "Low": 31.56800079345703,
        "Close": 32.30787658691406,
        "Adj Close": 24.75672149658203,
        "Volume": 7943639.0
    },
    "DUK": {
        "Open": 41.34889602661133,
        "High": 42.60189437866211,
        "Low": 41.130985260009766,
        "Close": 42.22054672241211,
        "Adj Close": 13.013406753540039,
        "Volume": 1027247.0
    },
    "EMR": {
        "Open": 23.8125,
        "High": 24.0,
        "Low": 23.25,
        "Close": 23.25,
        "Adj Close": 11.508460998535156,
        "Volume": 2706000.0
    },
    "FDX": {
        "Open": 33.3125,
        "High": 35.1875,
        "Low": 33.1875,
        "Close": 34.75,
        "Adj Close": 27.824068069458008,
        "Volume": 1390700.0
    },
    "GD": {
        "Open": 21.59375,
        "High": 21.71875,
        "Low": 21.1875,
        "Close": 21.53125,
        "Adj Close": 12.580594062805176,
        "Volume": 735400.0
    },
    "GE": {
        "Open": 201.28236389160156,
        "High": 211.26661682128906,
        "Low": 201.28236389160156,
        "Close": 206.77369689941406,
        "Adj Close": 111.8568344116211,
        "Volume": 5642828.0
    },
    "GILD": {
        "Open": 2.208983898162842,
        "High": 2.289062976837158,
        "Low": 2.152343988418579,
        "Close": 2.216797113418579,
        "Adj Close": 1.5401228666305542,
        "Volume": 28585600.0
    },
    "GM": {
        "Open": null,
        "High": null,
        "Low": null,
        "Close": null,
        "Adj Close": null,
        "Volume": null
    },
    "GOOG": {
        "Open": null,
        "High": null,