{
    "AAPL": {
        "Open": 0.2589290142059326,
        "High": 0.297991007566452,
        "Low": 0.2578130066394806,
        "Close": 0.2924109995365143,
        "Adj Close": 0.2453223317861557,
        "Volume": 817073600.0
    },
    "ABBV": {
        "Open": null,
        "High": null,
        "Low": null,
        "Close": null,
        "Adj Close": null,
        "Volume": null
    },
    "ABT": {
        "Open": 21.715579986572266,
        "High": 22.24864959716797,
        "Low": 21.07028579711914,
        "Close": 21.12639808654785,
        "Adj Close": 11.082328796386719,
        "Volume": 11035398.0
    },
    "ACN": {
        "Open": null,
        "High": null,
        "Low": null,
        "Close": null,
        "Adj Close": null,
        "Volume": null
    },
    "ADBE": {
        "Open": 23.21875,
        "High": 30.0625,
        "Low": 22.03125,
        "Close": 28.96875,
        "Adj Close": 28.78793716430664,
        "Volume": 15257000.0
    },
    "AIG": {
        "Open": 1937.5,
        "High": 1957.5,
        "Low": 1901.25,
        "Close": 1918.75,
        "Adj Close": 1132.5538330078125,
        "Volume": 442280.0
    },
    "AMD": {
        "Open": 14.5,
        "High": 16.375,
        "Low": 14.4375,
        "Close": 16.25,
        "Adj Close": 16.25,
        "Volume": 8808100.0
    },
    "AMGN": {
        "Open": 63.1875,
        "High": 67.4375,
        "Low": 60.625,
        "Close": 67.0625,
        "Adj Close": 45.36031723022461,
        "Volume": 10116600.0
    },
    "AMT": {
        "Open": 36.125,
        "High": 39.0625,
        "Low": 35.875,
        "Close": 39.0625,
        "Adj Close": 28.561641693115234,
        "Volume": 1206900.0
    },
    "AMZN": {
        "Open": 0.6812499761581421,
        "High": 0.893750011920929,
        "Low": 0.6781250238418579,
        "Close": 0.878125011920929,
        "Adj Close": 0.878125011920929,
        "Volume": 293608000.0
    },
    "AVGO": {
        "Open": null,
        "High": null,
        "Low": null,
        "Close": null,
        "Adj Close": null,
        "Volume": null
    },
    "AXP": {
        "Open": 45.07794952392578,
        "High": 49.946807861328125,
        "Low": 45.02324295043945,
        "Close": 48.962093353271484,
        "Adj Close": 34.68019485473633,
        "Volume": 8964127.0
    },
    "BA": {
        "Open": 62.0,
        "High": 63.75,
        "Low": 59.1875,
        "Close": 62.5625,
        "Adj Close": 40.875274658203125,
        "Volume": 6428600.0
    },
    "BAC": {
        "Open": 23.21875,
        "High": 25.0,
        "Low": 22.875,
        "Close": 24.96875,
        "Adj Close": 13.385601997375488,
        "Volume": 20566800.0
    },
    "BK": {
        "Open": 58.82976531982422,
        "High": 59.55851364135742,
        "Low": 56.37852478027344,
        "Close": 59.359764099121094,
        "Adj Close": 32.950557708740234,
        "Volume": 4344546.0
    },
    "BKNG": {
        "Open": 8.625,
        "High": 11.25,
        "Low": 8.4375,
        "Close": 10.875,
        "Adj Close": 10.699920654296875,
        "Volume": 460717.0
    },
    "BLK": {
        "Open": 39.75,
        "High": 40.125,
        "Low": 39.25,
        "Close": 39.8125,
        "Adj Close": 23.825599670410156,
        "Volume": 54000.0
    },
    "BMY": {
        "Open": 67.99256896972656,
        "High": 68.05205535888672,
        "Low": 63.23368453979492,
        "Close": 63.59060287475586,
        "Adj Close": 24.51198387145996,
        "Volume": 9099295.0
    },
    "BRK-B": {
        "Open": 48.220001220703125,
        "High": 48.599998474121094,
        "Low": 46.20000076293945,
        "Close": 46.70000076293945,
        "Adj Close": 46.70000076293945,
        "Volume": 1105000.0
    },
    "C": {
        "Open": 505.0,
        "High": 550.0,
        "Low": 503.75,
        "Close": 549.375,
        "Adj Close": 288.7276306152344,
        "Volume": 3399110.0
    },
    "CAT": {
        "Open": 23.15625,
        "High": 23.34375,
        "Low": 21.78125,
        "Close": 23.25,
        "Adj Close": 12.425755500793457,
        "Volume": 7564000.0
    },
    "CL": {
        "Open": 32.375,
        "High": 32.375,
        "Low": 29.700000762939453,
        "Close": 30.05500030517578,
        "Adj Close": 17.258642196655273,
        "Volume": 5100000.0
    },
    "CMCSA": {
        "Open": 12.515620231628418,
        "High": 13.101374626159668,
        "Low": 12.417993545532227,
        "Close": 13.003748893737793,
        "Adj Close": 8.82388973236084,
        "Volume": 520803.0
    },
    "COF": {
        "Open": 61.25,
        "High": 68.75,
        "Low": 60.5,
        "Close": 67.0,
        "Adj Close": 48.61347198486328,
        "Volume": 1958300.0
    },
    "COP": {
        "Open": 21.535442352294922,
        "High": 21.726022720336914,
        "Low": 21.05899429321289,
        "Close": 21.1781063079834,
        "Adj Close": 9.543331146240234,
        "Volume": 2812480.0
    },
    "COST": {
        "Open": 40.875,
        "High": 42.75,
        "Low": 39.1875,
        "Close": 42.6875,
        "Adj Close": 28.479703903198242,
        "Volume": 16253500.0
    },
    "CRM": {
        "Open": null,
        "High": null,
        "Low": null,
        "Close": null,
        "Adj Close": null,
        "Volume": null
    },
    "CSCO": {
        "Open": 32.5625,
        "High": 41.75,
        "Low": 31.9375,
        "Close": 41.3125,
        "Adj Close": 26.731306076049805,
        "Volume": 161938600.0
    },
    "CVS": {
        "Open": 28.59375,
        "High": 28.59375,
        "Low": 26.5625,
        "Close": 27.0,
        "Adj Close": 17.16852569580078,
        "Volume": 8372400.0
    },
    "CVX": {
        "Open": 42.5,
        "High": 42.71875,
        "Low": 40.9375,
        "Close": 41.3125,
        "Adj Close": 16.179317474365234,
        "Volume": 5330000.0
    },
    "DE": {
        "Open": 22.09375,
        "High": 22.46875,
        "Low": 21.65625,
        "Close": 22.15625,
        "Adj Close": 13.702820777893066,
        "Volume": 2407000.0
    },
    "DHR": {
        "Open": 11.184477806091309,
        "High": 11.457527160644531,
        "Low": 10.743399620056152,
        "Close": 11.373512268066406,
        "Adj Close": 6.740645408630371,
        "Volume": 4077255.0
    },
    "DIS": {
        "Open": 27.621999740600586,
        "High": 30.951438903808594,
        "Low": 27.621999740600586,
        "Close": 30.643156051635742,
        "Adj Close": 23.64288330078125,
        "Volume": 10278966.0
    },
    "DUK": {
        "Open": 72.02008056640625,
        "High": 73.43651580810547,
        "Low": 67.11705017089844,
        "Close": 67.49839782714844,
        "Adj Close": 21.30534553527832,
        "Volume": 3324385.0
    },
    "EMR": {
        "Open": 38.4375,
        "High": 38.46875,
        "Low": 36.8125,
        "Close": 37.96875,
        "Adj Close": 19.11720085144043,
        "Volume": 4015600.0
    },
    "FDX": {
        "Open": 38.209999084472656,
        "High": 41.2599983215332,
        "Low": 38.0,
        "Close": 41.060001373291016,
        "Adj Close": 32.876434326171875,
        "Volume": 2203000.0
    },
    "GD": {
        "Open": 37.53125,
        "High": 37.53125,
        "Low": 36.0625,
        "Close": 36.46875,
        "Adj Close": 21.610586166381836,
        "Volume": 2961800.0
    },
    "GE": {
        "Open": 212.0653533935547,
        "High": 229.7374725341797,
        "Low": 209.96865844726562,
        "Close": 229.13841247558594,
        "Adj Close": 125.34622955322266,
        "Volume": 8180764.0
    },
    "GILD": {
        "Open": 2.314452886581421,
        "High": 2.5,
        "Low": 2.085937976837158,
        "Close": 2.412108898162842,
        "Adj Close": 1.6758158206939697,
        "Volume": 42412800.0
    },
    "GM": {
        "Open": null,
        "High": null,
        "Low": null,
        "Close": null,
        "Adj Close": null,
        "Volume": null
    },