{
    "AAPL": {
        "Open": 0.297991007566452,
        "High": 0.3035709857940674,
        "Low": 0.28683000802993774,
        "Close": 0.295758992433548,
        "Adj Close": 0.24813120067119598,
        "Volume": 580781600.0
    },
    "ABBV": {
        "Open": null,
        "High": null,
        "Low": null,
        "Close": null,
        "Adj Close": null,
        "Volume": null
    },
    "ABT": {
        "Open": 19.611356735229492,
        "High": 19.91997718811035,
        "Low": 19.05023193359375,
        "Close": 19.10634422302246,
        "Adj Close": 10.06663703918457,
        "Volume": 7410099.0
    },
    "ACN": {
        "Open": null,
        "High": null,
        "Low": null,
        "Close": null,
        "Adj Close": null,
        "Volume": null
    },
    "ADBE": {
        "Open": 24.53125,
        "High": 25.21875,
        "Low": 22.8125,
        "Close": 22.875,
        "Adj Close": 22.732223510742188,
        "Volume": 14141800.0
    },
    "AIG": {
        "Open": 1732.5,
        "High": 1765.0,
        "Low": 1721.25,
        "Close": 1730.0,
        "Adj Close": 1021.142822265625,
        "Volume": 352940.0
    },
    "AMD": {
        "Open": 16.5,
        "High": 17.25,
        "Low": 15.9375,
        "Close": 17.125,
        "Adj Close": 17.125,
        "Volume": 5294200.0
    },
    "AMGN": {
        "Open": 60.625,
        "High": 62.5625,
        "Low": 60.125,
        "Close": 60.75,
        "Adj Close": 41.090614318847656,
        "Volume": 9254500.0
    },
    "AMT": {
        "Open": 35.375,
        "High": 37.875,
        "Low": 34.25,
        "Close": 37.1875,
        "Adj Close": 27.190685272216797,
        "Volume": 495800.0
    },
    "AMZN": {
        "Open": 0.7921879887580872,
        "High": 0.8500000238418579,
        "Low": 0.778124988079071,
        "Close": 0.824999988079071,
        "Adj Close": 0.824999988079071,
        "Volume": 220050000.0
    },
    "AVGO": {
        "Open": null,
        "High": null,
        "Low": null,
        "Close": null,
        "Adj Close": null,
        "Volume": null
    },
    "AXP": {
        "Open": 40.9202766418457,
        "High": 42.014400482177734,
        "Low": 40.48262405395508,
        "Close": 40.865570068359375,
        "Adj Close": 28.945369720458984,
        "Volume": 10738718.0
    },
    "BA": {
        "Open": 58.9375,
        "High": 60.875,
        "Low": 58.3125,
        "Close": 60.375,
        "Adj Close": 39.446083068847656,
        "Volume": 3674200.0
    },
    "BAC": {
        "Open": 23.375,
        "High": 24.375,
        "Low": 23.28125,
        "Close": 24.28125,
        "Adj Close": 13.017029762268066,
        "Volume": 14501000.0
    },
    "BK": {
        "Open": 56.17977523803711,
        "High": 57.57101821899414,
        "Low": 55.716026306152344,
        "Close": 56.577274322509766,
        "Adj Close": 31.4060001373291,
        "Volume": 2090952.0
    },
    "BKNG": {
        "Open": 12.375,
        "High": 13.3125,
        "Low": 11.4375,
        "Close": 12.375,
        "Adj Close": 12.175772666931152,
        "Volume": 750450.0
    },
    "BLK": {
        "Open": 36.375,
        "High": 38.0,
        "Low": 36.375,
        "Close": 37.875,
        "Adj Close": 22.666112899780273,
        "Volume": 42500.0
    },
    "BMY": {
        "Open": 64.48289489746094,
        "High": 64.60186767578125,
        "Low": 62.04396438598633,
        "Close": 62.75779724121094,
        "Adj Close": 24.190963745117188,
        "Volume": 5673493.0
    },
    "BRK-B": {
        "Open": 44.119998931884766,
        "High": 44.86000061035156,
        "Low": 43.0,
        "Close": 44.86000061035156,
        "Adj Close": 44.86000061035156,
        "Volume": 1325000.0
    },
    "C": {
        "Open": 520.625,
        "High": 543.75,
        "Low": 518.75,
        "Close": 539.375,
        "Adj Close": 283.4720153808594,
        "Volume": 1526410.0
    },
    "CAT": {
        "Open": 22.8125,
        "High": 22.8125,
        "Low": 22.03125,
        "Close": 22.53125,
        "Adj Close": 12.04162883758545,
        "Volume": 3655000.0
    },
    "CL": {
        "Open": 29.799999237060547,
        "High": 29.864999771118164,
        "Low": 29.274999618530273,
        "Close": 29.579999923706055,
        "Adj Close": 16.985883712768555,
        "Volume": 2970400.0
    },
    "CMCSA": {
        "Open": 13.199000358581543,
        "High": 13.238051414489746,
        "Low": 12.808497428894043,
        "Close": 13.003748893737793,
        "Adj Close": 8.82388973236084,
        "Volume": 199742.0
    },
    "COF": {
        "Open": 60.5,
        "High": 63.0,
        "Low": 60.1875,
        "Close": 62.9375,
        "Adj Close": 45.66582107543945,
        "Volume": 1109300.0
    },
    "COP": {
        "Open": 20.820770263671875,
        "High": 20.96370506286621,
        "Low": 20.511079788208008,
        "Close": 20.606369018554688,
        "Adj Close": 9.285701751708984,
        "Volume": 1889504.0
    },
    "COST": {
        "Open": 41.0625,
        "High": 41.3125,
        "Low": 39.0,
        "Close": 40.6875,
        "Adj Close": 27.1453800201416,
        "Volume": 10842500.0
    },
    "CRM": {
        "Open": null,
        "High": null,
        "Low": null,
        "Close": null,
        "Adj Close": null,
        "Volume": null
    },
    "CSCO": {
        "Open": 34.4375,
        "High": 37.5,
        "Low": 33.640625,
        "Close": 36.25,
        "Adj Close": 23.45561408996582,
        "Volume": 3324100.0
    },
    "CVS": {
        "Open": 27.0625,
        "High": 28.0625,
        "Low": 26.84375,
        "Close": 27.96875,
        "Adj Close": 17.784526824951172,
        "Volume": 5884400.0
    },
    "CVX": {
        "Open": 40.125,
        "High": 40.15625,
        "Low": 39.84375,
        "Close": 40.0625,
        "Adj Close": 15.689783096313477,
        "Volume": 4376200.0
    },
    "DE": {
        "Open": 21.625,
        "High": 22.125,
        "Low": 21.03125,
        "Close": 21.84375,
        "Adj Close": 13.509553909301758,
        "Volume": 2097600.0
    },
    "DHR": {
        "Open": 10.102787017822266,
        "High": 10.407341003417969,
        "Low": 9.987266540527344,
        "Close": 10.396839141845703,
        "Adj Close": 6.161808013916016,
        "Volume": 8369948.0
    },
    "DIS": {
        "Open": 29.718313217163086,
        "High": 30.149906158447266,
        "Low": 29.47168731689453,
        "Close": 29.964937210083008,
        "Adj Close": 23.119600296020508,
        "Volume": 3361987.0
    },
    "DUK": {
        "Open": 61.778194427490234,
        "High": 62.43193054199219,
        "Low": 59.16324234008789,
        "Close": 60.08937072753906,
        "Adj Close": 18.966747283935547,
        "Volume": 5772959.0
    },
    "EMR": {
        "Open": 38.125,
        "High": 38.3125,
        "Low": 37.53125,
        "Close": 37.90625,
        "Adj Close": 19.08574676513672,
        "Volume": 3395400.0
    },
    "FDX": {
        "Open": 40.70000076293945,
        "High": 43.25,
        "Low": 40.36000061035156,
        "Close": 41.90999984741211,
        "Adj Close": 33.55702590942383,
        "Volume": 1895500.0
    },
    "GD": {
        "Open": 34.9375,
        "High": 36.0625,
        "Low": 34.65625,
        "Close": 35.0,
        "Adj Close": 20.74024200439453,
        "Volume": 2106000.0
    },
    "GE": {
        "Open": 211.46629333496094,
        "High": 216.2587432861328,
        "Low": 206.973388671875,
        "Close": 214.16204833984375,
        "Adj Close": 117.1536865234375,
        "Volume": 5175926.0
    },
    "GILD": {
        "Open": 1.6591800451278687,
        "High": 1.77783203125,
        "Low": 1.6582030057907104,
        "Close": 1.7519530057907104,
        "Adj Close": 1.2171719074249268,
        "Volume": 53305600.0
    },
    "GM": {
        "Open": null,
        "High": null,
        "Low": null,
        "Close": null,
        "Adj Close": null,
        "Volume": null
    },