{
    "AAPL": {
        "Open": 0.3191959857940674,
        "High": 0.3214290142059326,
        "Low": 0.3046880066394806,
        "Close": 0.30691999197006226,
        "Adj Close": 0.2574949562549591,
        "Volume": 423376800.0
    },
    "ABBV": {
        "Open": null,
        "High": null,
        "Low": null,
        "Close": null,
        "Adj Close": null,
        "Volume": null
    },
    "ABT": {
        "Open": 19.05023193359375,
        "High": 19.695526123046875,
        "Low": 18.938005447387695,
        "Close": 19.55524444580078,
        "Adj Close": 10.303150177001953,
        "Volume": 8935826.0
    },
    "ACN": {
        "Open": null,
        "High": null,
        "Low": null,
        "Close": null,
        "Adj Close": null,
        "Volume": null
    },
    "ADBE": {
        "Open": 25.0,
        "High": 26.28125,
        "Low": 24.59375,
        "Close": 25.21875,
        "Adj Close": 25.061344146728516,
        "Volume": 10660000.0
    },
    "AIG": {
        "Open": 1686.25,
        "High": 1690.0,
        "Low": 1616.25,
        "Close": 1643.75,
        "Adj Close": 970.2335205078125,
        "Volume": 459985.0
    },
    "AMD": {
        "Open": 18.125,
        "High": 18.75,
        "Low": 17.375,
        "Close": 17.8125,
        "Adj Close": 17.8125,
        "Volume": 5732400.0
    },
    "AMGN": {
        "Open": 61.125,
        "High": 61.1875,
        "Low": 59.0,
        "Close": 59.75,
        "Adj Close": 40.41422653198242,
        "Volume": 5509600.0
    },
    "AMT": {
        "Open": 41.0,
        "High": 41.0,
        "Low": 38.9375,
        "Close": 40.0,
        "Adj Close": 29.24710464477539,
        "Volume": 1056800.0
    },
    "AMZN": {
        "Open": 0.8671879768371582,
        "High": 0.925000011920929,
        "Low": 0.856249988079071,
        "Close": 0.8843749761581421,
        "Adj Close": 0.8843749761581421,
        "Volume": 168684000.0
    },
    "AVGO": {
        "Open": null,
        "High": null,
        "Low": null,
        "Close": null,
        "Adj Close": null,
        "Volume": null
    },
    "AXP": {
        "Open": 42.83499526977539,
        "High": 42.83499526977539,
        "Low": 41.08439254760742,
        "Close": 41.959693908691406,
        "Adj Close": 29.720348358154297,
        "Volume": 7101565.0
    },
    "BA": {
        "Open": 59.125,
        "High": 60.6875,
        "Low": 58.5625,
        "Close": 60.625,
        "Adj Close": 39.60941696166992,
        "Volume": 3161000.0
    },
    "BAC": {
        "Open": 24.71875,
        "High": 24.71875,
        "Low": 24.0625,
        "Close": 24.53125,
        "Adj Close": 13.151062965393066,
        "Volume": 8350600.0
    },
    "BK": {
        "Open": 55.91477584838867,
        "High": 56.17977523803711,
        "Low": 52.999786376953125,
        "Close": 53.39728546142578,
        "Adj Close": 29.640789031982422,
        "Volume": 3249541.0
    },
    "BKNG": {
        "Open": 16.5,
        "High": 18.5625,
        "Low": 15.1875,
        "Close": 17.8125,
        "Adj Close": 17.525732040405273,
        "Volume": 925850.0
    },
    "BLK": {
        "Open": 36.875,
        "High": 37.25,
        "Low": 35.75,
        "Close": 37.0,
        "Adj Close": 22.142475128173828,
        "Volume": 51800.0
    },
    "BMY": {
        "Open": 61.44910430908203,
        "High": 64.06649017333984,
        "Low": 61.44910430908203,
        "Close": 63.94751739501953,
        "Adj Close": 24.649568557739258,
        "Volume": 4274636.0
    },
    "BRK-B": {
        "Open": 43.29999923706055,
        "High": 43.959999084472656,
        "Low": 42.84000015258789,
        "Close": 43.79999923706055,
        "Adj Close": 43.79999923706055,
        "Volume": 900000.0
    },
    "C": {
        "Open": 547.5,
        "High": 548.125,
        "Low": 523.125,
        "Close": 531.25,
        "Adj Close": 279.201904296875,
        "Volume": 1345940.0
    },
    "CAT": {
        "Open": 22.625,
        "High": 22.625,
        "Low": 21.34375,
        "Close": 21.84375,
        "Adj Close": 11.6741943359375,
        "Volume": 3494200.0
    },
    "CL": {
        "Open": 29.079999923706055,
        "High": 29.424999237060547,
        "Low": 28.549999237060547,
        "Close": 28.950000762939453,
        "Adj Close": 16.624116897583008,
        "Volume": 2856800.0
    },
    "CMCSA": {
        "Open": 13.218524932861328,
        "High": 13.90190601348877,
        "Low": 13.218524932861328,
        "Close": 13.565096855163574,
        "Adj Close": 9.20480728149414,
        "Volume": 350510.0
    },
    "COF": {
        "Open": 63.75,
        "High": 65.0,
        "Low": 62.9375,
        "Close": 63.5625,
        "Adj Close": 46.119293212890625,
        "Volume": 927100.0
    },
    "COP": {
        "Open": 20.79694938659668,
        "High": 21.011350631713867,
        "Low": 20.701658248901367,
        "Close": 21.011350631713867,
        "Adj Close": 9.468194961547852,
        "Volume": 2763157.0
    },
    "COST": {
        "Open": 41.375,
        "High": 44.0625,
        "Low": 40.4375,
        "Close": 43.0625,
        "Adj Close": 28.729894638061523,
        "Volume": 7726600.0
    },
    "CRM": {
        "Open": null,
        "High": null,
        "Low": null,
        "Close": null,
        "Adj Close": null,
        "Volume": null
    },
    "CSCO": {
        "Open": 39.1875,
        "High": 39.75,
        "Low": 37.5,
        "Close": 38.0625,
        "Adj Close": 24.628395080566406,
        "Volume": 66957400.0
    },
    "CVS": {
        "Open": 26.96875,
        "High": 26.96875,
        "Low": 26.46875,
        "Close": 26.75,
        "Adj Close": 17.009563446044922,
        "Volume": 3163600.0
    },
    "CVX": {
        "Open": 40.75,
        "High": 40.75,
        "Low": 39.8125,
        "Close": 40.46875,
        "Adj Close": 15.848881721496582,
        "Volume": 5148400.0
    },
    "DE": {
        "Open": 21.53125,
        "High": 21.53125,
        "Low": 19.96875,
        "Close": 20.4375,
        "Adj Close": 12.639825820922852,
        "Volume": 3416000.0
    },
    "DHR": {
        "Open": 10.711894989013672,
        "High": 10.743399620056152,
        "Low": 10.522860527038574,
        "Close": 10.711894989013672,
        "Adj Close": 6.348531246185303,
        "Volume": 2687620.0
    },
    "DIS": {
        "Open": 29.34837532043457,
        "High": 31.44468879699707,
        "Low": 29.34837532043457,
        "Close": 31.13640594482422,
        "Adj Close": 24.023454666137695,
        "Volume": 8352762.0
    },
    "DUK": {
        "Open": 56.657249450683594,
        "High": 61.560279846191406,
        "Low": 56.49381637573242,
        "Close": 61.124454498291016,
        "Adj Close": 19.293466567993164,
        "Volume": 8278208.0
    },
    "EMR": {
        "Open": 38.6875,
        "High": 38.8125,
        "Low": 37.8125,
        "Close": 38.34375,
        "Adj Close": 19.306026458740234,
        "Volume": 2347400.0
    },
    "FDX": {
        "Open": 41.70000076293945,
        "High": 42.31999969482422,
        "Low": 40.849998474121094,
        "Close": 41.5,
        "Adj Close": 33.22874069213867,
        "Volume": 1044300.0
    },
    "GD": {
        "Open": 34.25,
        "High": 34.5,
        "Low": 33.65625,
        "Close": 33.78125,
        "Adj Close": 20.018043518066406,
        "Volume": 1801600.0
    },
    "GE": {
        "Open": 224.34597778320312,
        "High": 224.9450225830078,
        "Low": 215.65968322753906,
        "Close": 218.95448303222656,
        "Adj Close": 119.77535247802734,
        "Volume": 3506128.0
    },
    "GILD": {
        "Open": 1.75,
        "High": 1.9609379768371582,
        "Low": 1.703125,
        "Close": 1.8637700080871582,
        "Adj Close": 1.2948566675186157,
        "Volume": 33148800.0
    },
    "GM": {
        "Open": null,
        "High": null,
        "Low": null,
        "Close": null,
        "Adj Close": null,
        "Volume": null
    },