{
    "AAPL": {
        "Open": 0.313616007566452,
        "High": 0.313616007566452,
        "Low": 0.29464301466941833,
        "Close": 0.3002229928970337,
        "Adj Close": 0.2518763542175293,
        "Volume": 840873600.0
    },
    "ABBV": {
        "Open": null,
        "High": null,
        "Low": null,
        "Close": null,
        "Adj Close": null,
        "Volume": null
    },
    "ABT": {
        "Open": 20.20054054260254,
        "High": 20.284709930419922,
        "Low": 19.55524444580078,
        "Close": 19.86386489868164,
        "Adj Close": 10.465752601623535,
        "Volume": 9598555.0
    },
    "ACN": {
        "Open": null,
        "High": null,
        "Low": null,
        "Close": null,
        "Adj Close": null,
        "Volume": null
    },
    "ADBE": {
        "Open": 26.40625,
        "High": 27.4375,
        "Low": 25.875,
        "Close": 26.75,
        "Adj Close": 26.583040237426758,
        "Volume": 9895400.0
    },
    "AIG": {
        "Open": 1710.0,
        "High": 1726.25,
        "Low": 1693.75,
        "Close": 1700.0,
        "Adj Close": 1003.4353637695312,
        "Volume": 350795.0
    },
    "AMD": {
        "Open": 19.0625,
        "High": 19.0625,
        "Low": 17.875,
        "Close": 18.5,
        "Adj Close": 18.5,
        "Volume": 11075800.0
    },
    "AMGN": {
        "Open": 62.390625,
        "High": 63.875,
        "Low": 59.5,
        "Close": 60.5,
        "Adj Close": 40.9215202331543,
        "Volume": 6624300.0
    },
    "AMT": {
        "Open": 38.875,
        "High": 39.8125,
        "Low": 38.4375,
        "Close": 39.25,
        "Adj Close": 28.6987361907959,
        "Volume": 1289800.0
    },
    "AMZN": {
        "Open": 0.9437500238418579,
        "High": 0.9781249761581421,
        "Low": 0.887499988079071,
        "Close": 0.918749988079071,
        "Adj Close": 0.918749988079071,
        "Volume": 183320000.0
    },
    "AVGO": {
        "Open": null,
        "High": null,
        "Low": null,
        "Close": null,
        "Adj Close": null,
        "Volume": null
    },
    "AXP": {
        "Open": 43.382057189941406,
        "High": 43.819705963134766,
        "Low": 42.83499526977539,
        "Close": 43.27264404296875,
        "Adj Close": 30.65031623840332,
        "Volume": 7992231.0
    },
    "BA": {
        "Open": 61.0,
        "High": 62.6875,
        "Low": 58.25,
        "Close": 58.75,
        "Adj Close": 38.3843994140625,
        "Volume": 6608400.0
    },
    "BAC": {
        "Open": 25.46875,
        "High": 25.46875,
        "Low": 24.65625,
        "Close": 24.78125,
        "Adj Close": 13.285083770751953,
        "Volume": 16560800.0
    },
    "BK": {
        "Open": 54.987281799316406,
        "High": 55.451026916503906,
        "Low": 53.19853591918945,
        "Close": 53.72853469848633,
        "Adj Close": 29.928516387939453,
        "Volume": 3310391.0
    },
    "BKNG": {
        "Open": 24.84375,
        "High": 24.9375,
        "Low": 18.75,
        "Close": 20.0625,
        "Adj Close": 19.739511489868164,
        "Volume": 1325500.0
    },
    "BLK": {
        "Open": 38.5,
        "High": 41.5,
        "Low": 38.5,
        "Close": 40.25,
        "Adj Close": 24.087425231933594,
        "Volume": 128800.0
    },
    "BMY": {
        "Open": 64.24494934082031,
        "High": 64.42340850830078,
        "Low": 61.98447799682617,
        "Close": 62.817283630371094,
        "Adj Close": 24.21388816833496,
        "Volume": 5551931.0
    },
    "BRK-B": {
        "Open": 45.20000076293945,
        "High": 45.65999984741211,
        "Low": 44.79999923706055,
        "Close": 45.099998474121094,
        "Adj Close": 45.099998474121094,
        "Volume": 430000.0
    },
    "C": {
        "Open": 545.0,
        "High": 549.375,
        "Low": 530.625,
        "Close": 538.125,
        "Adj Close": 282.8150939941406,
        "Volume": 1350480.0
    },
    "CAT": {
        "Open": 22.34375,
        "High": 22.8125,
        "Low": 22.15625,
        "Close": 22.5,
        "Adj Close": 12.024921417236328,
        "Volume": 4460200.0
    },
    "CL": {
        "Open": 28.950000762939453,
        "High": 28.950000762939453,
        "Low": 27.94499969482422,
        "Close": 28.274999618530273,
        "Adj Close": 16.236509323120117,
        "Volume": 2873000.0
    },
    "CMCSA": {
        "Open": 13.940956115722656,
        "High": 14.311934471130371,
        "Low": 13.589503288269043,
        "Close": 13.589503288269043,
        "Adj Close": 9.221368789672852,
        "Volume": 375477.0
    },
    "COF": {
        "Open": 66.0,
        "High": 67.9375,
        "Low": 65.625,
        "Close": 66.125,
        "Adj Close": 47.978572845458984,
        "Volume": 2501700.0
    },
    "COP": {
        "Open": 21.892778396606445,
        "High": 21.892778396606445,
        "Low": 21.106639862060547,
        "Close": 21.130462646484375,
        "Adj Close": 9.521870613098145,
        "Volume": 4978772.0
    },
    "COST": {
        "Open": 43.875,
        "High": 44.25,
        "Low": 41.0625,
        "Close": 41.4375,
        "Adj Close": 27.645732879638672,
        "Volume": 5520100.0
    },
    "CRM": {
        "Open": null,
        "High": null,
        "Low": null,
        "Close": null,
        "Adj Close": null,
        "Volume": null
    },
    "CSCO": {
        "Open": 39.9375,
        "High": 41.296875,
        "Low": 38.3125,
        "Close": 39.0,
        "Adj Close": 25.234994888305664,
        "Volume": 69477200.0
    },
    "CVS": {
        "Open": 27.6875,
        "High": 27.9375,
        "Low": 27.125,
        "Close": 27.40625,
        "Adj Close": 17.42684555053711,
        "Volume": 4233000.0
    },
    "CVX": {
        "Open": 40.1875,
        "High": 40.46875,
        "Low": 39.6875,
        "Close": 40.125,
        "Adj Close": 15.714261054992676,
        "Volume": 5570600.0
    },
    "DE": {
        "Open": 20.875,
        "High": 20.9375,
        "Low": 20.21875,
        "Close": 20.625,
        "Adj Close": 12.75579833984375,
        "Volume": 2227600.0
    },
    "DHR": {
        "Open": 10.375835418701172,
        "High": 10.50185775756836,
        "Low": 10.197303771972656,
        "Close": 10.417842864990234,
        "Adj Close": 6.17425537109375,
        "Volume": 7232649.0
    },
    "DIS": {
        "Open": 32.61615753173828,
        "High": 33.54100036621094,
        "Low": 32.12290573120117,
        "Close": 32.9244384765625,
        "Adj Close": 25.40302085876465,
        "Volume": 6341814.0
    },
    "DUK": {
        "Open": 61.396846771240234,
        "High": 61.887149810791016,
        "Low": 60.198326110839844,
        "Close": 61.015499114990234,
        "Adj Close": 19.259071350097656,
        "Volume": 2536454.0
    },
    "EMR": {
        "Open": 38.34375,
        "High": 38.375,
        "Low": 36.4375,
        "Close": 37.4375,
        "Adj Close": 18.8497257232666,
        "Volume": 3877200.0
    },
    "FDX": {
        "Open": 42.54999923706055,
        "High": 44.25,
        "Low": 42.54999923706055,
        "Close": 43.75,
        "Adj Close": 35.030296325683594,
        "Volume": 1334100.0
    },
    "GD": {
        "Open": 34.21875,
        "High": 34.59375,
        "Low": 32.6875,
        "Close": 33.375,
        "Adj Close": 19.852519989013672,
        "Volume": 2158200.0
    },
    "GE": {
        "Open": 230.0369873046875,
        "High": 232.43321228027344,
        "Low": 222.54881286621094,
        "Close": 223.74691772460938,
        "Adj Close": 122.39694213867188,
        "Volume": 5093859.0
    },
    "GILD": {
        "Open": 2.081054925918579,
        "High": 2.085937976837158,
        "Low": 1.7890629768371582,
        "Close": 1.8496090173721313,
        "Adj Close": 1.2850185632705688,
        "Volume": 33747200.0
    },
    "GM": {
        "Open": null,
        "High": null,
        "Low": null,
        "Close": null,
        "Adj Close": null,
        "Volume": null
    },