{
    "AAPL": {
        "Open": 0.3671880066394806,
        "High": 0.3671880066394806,
        "Low": 0.3526790142059326,
        "Close": 0.3560270071029663,
        "Adj Close": 0.298693984746933,
        "Volume": 489708800.0
    },
    "ABBV": {
        "Open": null,
        "High": null,
        "Low": null,
        "Close": null,
        "Adj Close": null,
        "Volume": null
    },
    "ABT": {
        "Open": 19.807750701904297,
        "High": 20.64944076538086,
        "Low": 19.723581314086914,
        "Close": 20.481103897094727,
        "Adj Close": 10.790964126586914,
        "Volume": 10707709.0
    },
    "ACN": {
        "Open": null,
        "High": null,
        "Low": null,
        "Close": null,
        "Adj Close": null,
        "Volume": null
    },
    "ADBE": {
        "Open": 29.8125,
        "High": 29.875,
        "Low": 27.875,
        "Close": 28.53125,
        "Adj Close": 28.353168487548828,
        "Volume": 10328400.0
    },
    "AIG": {
        "Open": 1766.25,
        "High": 1786.25,
        "Low": 1753.75,
        "Close": 1772.5,
        "Adj Close": 1046.22900390625,
        "Volume": 222530.0
    },
    "AMD": {
        "Open": 22.5,
        "High": 22.625,
        "Low": 21.5,
        "Close": 21.9375,
        "Adj Close": 21.9375,
        "Volume": 6068300.0
    },
    "AMGN": {
        "Open": 69.9375,
        "High": 72.1875,
        "Low": 69.875,
        "Close": 72.0,
        "Adj Close": 48.69999694824219,
        "Volume": 21418100.0
    },
    "AMT": {
        "Open": 35.5625,
        "High": 36.125,
        "Low": 34.625,
        "Close": 36.125,
        "Adj Close": 26.4138126373291,
        "Volume": 1087700.0
    },
    "AMZN": {
        "Open": 1.084375023841858,
        "High": 1.087499976158142,
        "Low": 0.949999988079071,
        "Close": 0.949999988079071,
        "Adj Close": 0.949999988079071,
        "Volume": 141328000.0
    },
    "AVGO": {
        "Open": null,
        "High": null,
        "Low": null,
        "Close": null,
        "Adj Close": null,
        "Volume": null
    },
    "AXP": {
        "Open": 41.248512268066406,
        "High": 41.68616485595703,
        "Low": 40.26380157470703,
        "Close": 40.592037200927734,
        "Adj Close": 28.751632690429688,
        "Volume": 8627556.0
    },
    "BA": {
        "Open": 57.4375,
        "High": 59.6875,
        "Low": 56.5,
        "Close": 59.25,
        "Adj Close": 38.7110481262207,
        "Volume": 3684000.0
    },
    "BAC": {
        "Open": 25.5625,
        "High": 26.1875,
        "Low": 25.15625,
        "Close": 25.75,
        "Adj Close": 13.804420471191406,
        "Volume": 8711400.0
    },
    "BK": {
        "Open": 55.25227737426758,
        "High": 56.17977523803711,
        "Low": 53.72853469848633,
        "Close": 55.583526611328125,
        "Adj Close": 30.961793899536133,
        "Volume": 2009442.0
    },
    "BKNG": {
        "Open": 16.3125,
        "High": 16.3125,
        "Low": 15.375,
        "Close": 15.5625,
        "Adj Close": 15.311956405639648,
        "Volume": 587983.0
    },
    "BLK": {
        "Open": 39.1875,
        "High": 39.5,
        "Low": 38.75,
        "Close": 39.5,
        "Adj Close": 23.63858413696289,
        "Volume": 140000.0
    },
    "BMY": {
        "Open": 60.913726806640625,
        "High": 62.22241973876953,
        "Low": 60.913726806640625,
        "Close": 61.27064514160156,
        "Adj Close": 23.617717742919922,
        "Volume": 12237635.0
    },
    "BRK-B": {
        "Open": 44.060001373291016,
        "High": 44.619998931884766,
        "Low": 44.060001373291016,
        "Close": 44.47999954223633,
        "Adj Close": 44.47999954223633,
        "Volume": 320000.0
    },
    "C": {
        "Open": 560.0,
        "High": 566.25,
        "Low": 545.0,
        "Close": 553.125,
        "Adj Close": 290.6983337402344,
        "Volume": 1262110.0
    },
    "CAT": {
        "Open": 21.21875,
        "High": 22.03125,
        "Low": 21.21875,
        "Close": 21.65625,
        "Adj Close": 11.662103652954102,
        "Volume": 3517600.0
    },
    "CL": {
        "Open": 28.649999618530273,
        "High": 29.375,
        "Low": 28.1299991607666,
        "Close": 29.174999237060547,
        "Adj Close": 16.799291610717773,
        "Volume": 2803800.0
    },
    "CMCSA": {
        "Open": 13.159950256347656,
        "High": 13.179474830627441,
        "Low": 12.535144805908203,
        "Close": 12.906123161315918,
        "Adj Close": 8.757647514343262,
        "Volume": 797049.0
    },
    "COF": {
        "Open": 65.3125,
        "High": 65.5,
        "Low": 63.875,
        "Close": 64.4375,
        "Adj Close": 46.754173278808594,
        "Volume": 1081000.0
    },
    "COP": {
        "Open": 22.03571319580078,
        "High": 22.4168701171875,
        "Low": 21.96424674987793,
        "Close": 22.13100242614746,
        "Adj Close": 9.97273063659668,
        "Volume": 3971054.0
    },
    "COST": {
        "Open": 42.8125,
        "High": 43.5625,
        "Low": 41.1875,
        "Close": 43.1875,
        "Adj Close": 28.81329345703125,
        "Volume": 7484700.0
    },
    "CRM": {
        "Open": null,
        "High": null,
        "Low": null,
        "Close": null,
        "Adj Close": null,
        "Volume": null
    },
    "CSCO": {
        "Open": 42.25,
        "High": 42.4375,
        "Low": 39.1875,
        "Close": 39.3125,
        "Adj Close": 25.437206268310547,
        "Volume": 65082100.0
    },
    "CVS": {
        "Open": 28.46875,
        "High": 28.65625,
        "Low": 27.625,
        "Close": 28.5,
        "Adj Close": 18.141170501708984,
        "Volume": 5023600.0
    },
    "CVX": {
        "Open": 40.0625,
        "High": 41.65625,
        "Low": 40.0625,
        "Close": 41.59375,
        "Adj Close": 16.28946876525879,
        "Volume": 8396200.0
    },
    "DE": {
        "Open": 21.0,
        "High": 21.4375,
        "Low": 20.84375,
        "Close": 21.34375,
        "Adj Close": 13.200312614440918,
        "Volume": 1740000.0
    },
    "DHR": {
        "Open": 10.50185775756836,
        "High": 10.627880096435547,
        "Low": 10.480854034423828,
        "Close": 10.596373558044434,
        "Adj Close": 6.2800612449646,
        "Volume": 5559135.0
    },
    "DIS": {
        "Open": 30.08824920654297,
        "High": 30.334875106811523,
        "Low": 29.594999313354492,
        "Close": 29.65665626525879,
        "Adj Close": 22.881750106811523,
        "Volume": 5866295.0
    },
    "DUK": {
        "Open": 65.59165954589844,
        "High": 67.77079010009766,
        "Low": 65.15583801269531,
        "Close": 67.55287170410156,
        "Adj Close": 21.322538375854492,
        "Volume": 2513738.0
    },
    "EMR": {
        "Open": 37.34375,
        "High": 37.59375,
        "Low": 36.9375,
        "Close": 37.25,
        "Adj Close": 18.755319595336914,
        "Volume": 2153000.0
    },
    "FDX": {
        "Open": 42.20000076293945,
        "High": 43.849998474121094,
        "Low": 41.7599983215332,
        "Close": 43.400001525878906,
        "Adj Close": 34.75004577636719,
        "Volume": 1176700.0
    },
    "GD": {
        "Open": 34.9375,
        "High": 36.4375,
        "Low": 34.90625,
        "Close": 36.1875,
        "Adj Close": 21.525480270385742,
        "Volume": 3306400.0
    },
    "GE": {
        "Open": 222.24928283691406,
        "High": 226.1431427001953,
        "Low": 219.5535430908203,
        "Close": 220.152587890625,
        "Adj Close": 120.43077087402344,
        "Volume": 4342696.0
    },
    "GILD": {
        "Open": 2.068358898162842,
        "High": 2.078125,
        "Low": 2.0,
        "Close": 2.050781011581421,
        "Adj Close": 1.4247828722000122,
        "Volume": 19331200.0
    },
    "GM": {
        "Open": null,
        "High": null,
        "Low": null,
        "Close": null,
        "Adj Close": null,
        "Volume": null
    },