{
    "AAPL": {
        "Open": 0.3482140004634857,
        "High": 0.35379499197006226,
        "Low": 0.3404020071029663,
        "Close": 0.34933000802993774,
        "Adj Close": 0.2930753231048584,
        "Volume": 482820800.0
    },
    "ABBV": {
        "Open": null,
        "High": null,
        "Low": null,
        "Close": null,
        "Adj Close": null,
        "Volume": null
    },
    "ABT": {
        "Open": 20.59332847595215,
        "High": 21.04222869873047,
        "Low": 20.537214279174805,
        "Close": 20.73360824584961,
        "Adj Close": 10.924001693725586,
        "Volume": 7637098.0
    },
    "ACN": {
        "Open": null,
        "High": null,
        "Low": null,
        "Close": null,
        "Adj Close": null,
        "Volume": null
    },
    "ADBE": {
        "Open": 28.625,
        "High": 29.5,
        "Low": 28.3125,
        "Close": 29.03125,
        "Adj Close": 28.85004997253418,
        "Volume": 5026800.0
    },
    "AIG": {
        "Open": 1792.5,
        "High": 1792.5,
        "Low": 1745.0,
        "Close": 1755.0,
        "Adj Close": 1035.8992919921875,
        "Volume": 151670.0
    },
    "AMD": {
        "Open": 21.375,
        "High": 21.875,
        "Low": 20.6875,
        "Close": 21.375,
        "Adj Close": 21.375,
        "Volume": 6544700.0
    },
    "AMGN": {
        "Open": 71.9375,
        "High": 72.375,
        "Low": 70.5,
        "Close": 71.6875,
        "Adj Close": 48.488616943359375,
        "Volume": 8616100.0
    },
    "AMT": {
        "Open": 35.875,
        "High": 36.875,
        "Low": 34.75,
        "Close": 36.625,
        "Adj Close": 26.779409408569336,
        "Volume": 3127000.0
    },
    "AMZN": {
        "Open": 0.9468749761581421,
        "High": 1.024999976158142,
        "Low": 0.9437500238418579,
        "Close": 0.9750000238418579,
        "Adj Close": 0.9750000238418579,
        "Volume": 101892000.0
    },
    "AVGO": {
        "Open": null,
        "High": null,
        "Low": null,
        "Close": null,
        "Adj Close": null,
        "Volume": null
    },
    "AXP": {
        "Open": 40.592037200927734,
        "High": 41.248512268066406,
        "Low": 40.154388427734375,
        "Close": 40.81086349487305,
        "Adj Close": 28.9066162109375,
        "Volume": 7936136.0
    },
    "BA": {
        "Open": 59.25,
        "High": 59.6875,
        "Low": 57.5,
        "Close": 58.0625,
        "Adj Close": 37.93519592285156,
        "Volume": 2300200.0
    },
    "BAC": {
        "Open": 25.625,
        "High": 26.90625,
        "Low": 25.5625,
        "Close": 26.59375,
        "Adj Close": 14.256747245788574,
        "Volume": 11745400.0
    },
    "BK": {
        "Open": 55.91477584838867,
        "High": 57.10727310180664,
        "Low": 55.053531646728516,
        "Close": 56.643524169921875,
        "Adj Close": 31.552249908447266,
        "Volume": 1777460.0
    },
    "BKNG": {
        "Open": 15.75,
        "High": 15.84375,
        "Low": 15.375,
        "Close": 15.75,
        "Adj Close": 15.496437072753906,
        "Volume": 306717.0
    },
    "BLK": {
        "Open": 39.5,
        "High": 39.6875,
        "Low": 39.4375,
        "Close": 39.5625,
        "Adj Close": 23.675989151000977,
        "Volume": 29500.0
    },
    "BMY": {
        "Open": 61.74653244018555,
        "High": 62.103450775146484,
        "Low": 60.675785064697266,
        "Close": 60.97321319580078,
        "Adj Close": 23.503070831298828,
        "Volume": 6275209.0
    },
    "BRK-B": {
        "Open": 44.63999938964844,
        "High": 44.81999969482422,
        "Low": 44.400001525878906,
        "Close": 44.47999954223633,
        "Adj Close": 44.47999954223633,
        "Volume": 400000.0
    },
    "C": {
        "Open": 553.75,
        "High": 557.5,
        "Low": 545.625,
        "Close": 551.875,
        "Adj Close": 290.0413818359375,
        "Volume": 1237110.0
    },
    "CAT": {
        "Open": 21.65625,
        "High": 21.875,
        "Low": 21.28125,
        "Close": 21.625,
        "Adj Close": 11.645275115966797,
        "Volume": 3094400.0
    },
    "CL": {
        "Open": 29.274999618530273,
        "High": 29.559999465942383,
        "Low": 28.450000762939453,
        "Close": 28.5049991607666,
        "Adj Close": 16.41350746154785,
        "Volume": 3021600.0
    },
    "CMCSA": {
        "Open": 12.886597633361816,
        "High": 12.964698791503906,
        "Low": 12.73039722442627,
        "Close": 12.964698791503906,
        "Adj Close": 8.797399520874023,
        "Volume": 201983.0
    },
    "COF": {
        "Open": 64.4375,
        "High": 65.6875,
        "Low": 63.3125,
        "Close": 65.625,
        "Adj Close": 47.61577606201172,
        "Volume": 893100.0
    },
    "COP": {
        "Open": 22.202470779418945,
        "High": 22.297758102416992,
        "Low": 21.65455436706543,
        "Close": 21.678377151489258,
        "Adj Close": 9.768769264221191,
        "Volume": 3363432.0
    },
    "COST": {
        "Open": 43.4375,
        "High": 43.6875,
        "Low": 41.125,
        "Close": 41.25,
        "Adj Close": 27.52065086364746,
        "Volume": 5766900.0
    },
    "CRM": {
        "Open": null,
        "High": null,
        "Low": null,
        "Close": null,
        "Adj Close": null,
        "Volume": null
    },
    "CSCO": {
        "Open": 37.25,
        "High": 38.421875,
        "Low": 36.1875,
        "Close": 38.375,
        "Adj Close": 24.830598831176758,
        "Volume": 43833300.0
    },
    "CVS": {
        "Open": 28.5,
        "High": 29.15625,
        "Low": 28.40625,
        "Close": 29.15625,
        "Adj Close": 18.55888557434082,
        "Volume": 3931400.0
    },
    "CVX": {
        "Open": 41.59375,
        "High": 41.75,
        "Low": 41.0,
        "Close": 41.3125,
        "Adj Close": 16.179317474365234,
        "Volume": 4139800.0
    },
    "DE": {
        "Open": 21.0625,
        "High": 21.1875,
        "Low": 20.59375,
        "Close": 20.84375,
        "Adj Close": 12.89108657836914,
        "Volume": 1126400.0
    },
    "DHR": {
        "Open": 10.596373558044434,
        "High": 10.638381958007812,
        "Low": 10.4283447265625,
        "Close": 10.596373558044434,
        "Adj Close": 6.2800612449646,
        "Volume": 2292452.0
    },
    "DIS": {
        "Open": 29.533344268798828,
        "High": 29.533344268798828,
        "Low": 28.916780471801758,
        "Close": 29.410030364990234,
        "Adj Close": 22.69146156311035,
        "Volume": 9084947.0
    },
    "DUK": {
        "Open": 67.87974548339844,
        "High": 68.37004852294922,
        "Low": 65.37374877929688,
        "Close": 67.11705017089844,
        "Adj Close": 21.18497657775879,
        "Volume": 1839959.0
    },
    "EMR": {
        "Open": 37.21875,
        "High": 37.21875,
        "Low": 35.96875,
        "Close": 36.3125,
        "Adj Close": 18.283292770385742,
        "Volume": 2271800.0
    },
    "FDX": {
        "Open": 43.75,
        "High": 44.45000076293945,
        "Low": 43.560001373291016,
        "Close": 43.709999084472656,
        "Adj Close": 34.998287200927734,
        "Volume": 1057200.0
    },
    "GD": {
        "Open": 36.25,
        "High": 36.375,
        "Low": 35.65625,
        "Close": 35.875,
        "Adj Close": 21.339590072631836,
        "Volume": 1019000.0
    },
    "GE": {
        "Open": 222.54881286621094,
        "High": 224.34597778320312,
        "Low": 213.56298828125,
        "Close": 213.86251831054688,
        "Adj Close": 116.98987579345703,
        "Volume": 5604351.0
    },
    "GILD": {
        "Open": 1.9902340173721313,
        "High": 2.078125,
        "Low": 1.96875,
        "Close": 2.011718988418579,
        "Adj Close": 1.3976445198059082,
        "Volume": 27078400.0
    },
    "GM": {
        "Open": null,
        "High": null,
        "Low": null,
        "Close": null,
        "Adj Close": null,
        "Volume": null
    },