{
    "AAPL": {
        "Open": 0.875,
        "High": 0.8917409777641296,
        "Low": 0.8426340222358704,
        "Close": 0.84375,
        "Adj Close": 0.7078761458396912,
        "Volume": 162355200.0
    },
    "ABBV": {
        "Open": null,
        "High": null,
        "Low": null,
        "Close": null,
        "Adj Close": null,
        "Volume": null
    },
    "ABT": {
        "Open": 18.909950256347656,
        "High": 19.190513610839844,
        "Low": 18.573274612426758,
        "Close": 19.190513610839844,
        "Adj Close": 10.027835845947266,
        "Volume": 11376008.0
    },
    "ACN": {
        "Open": null,
        "High": null,
        "Low": null,
        "Close": null,
        "Adj Close": null,
        "Volume": null
    },
    "ADBE": {
        "Open": 28.765625,
        "High": 29.71484375,
        "Low": 28.5,
        "Close": 29.078125,
        "Adj Close": 28.88530731201172,
        "Volume": 5342000.0
    },
    "AIG": {
        "Open": 1747.5,
        "High": 1751.25,
        "Low": 1701.25,
        "Close": 1715.0,
        "Adj Close": 1011.45458984375,
        "Volume": 150630.0
    },
    "AMD": {
        "Open": 33.5,
        "High": 34.4375,
        "Low": 30.375,
        "Close": 31.25,
        "Adj Close": 31.25,
        "Volume": 20000200.0
    },
    "AMGN": {
        "Open": 69.0,
        "High": 71.375,
        "Low": 68.0625,
        "Close": 70.3125,
        "Adj Close": 47.55858612060547,
        "Volume": 7762200.0
    },
    "AMT": {
        "Open": 42.9375,
        "High": 43.3125,
        "Low": 42.8125,
        "Close": 43.125,
        "Adj Close": 31.53206443786621,
        "Volume": 871000.0
    },
    "AMZN": {
        "Open": 1.5125000476837158,
        "High": 1.600000023841858,
        "Low": 1.510938048362732,
        "Close": 1.540624976158142,
        "Adj Close": 1.540624976158142,
        "Volume": 99058000.0
    },
    "AVGO": {
        "Open": null,
        "High": null,
        "Low": null,
        "Close": null,
        "Adj Close": null,
        "Volume": null
    },
    "AXP": {
        "Open": 49.83739471435547,
        "High": 50.71269226074219,
        "Low": 49.1809196472168,
        "Close": 50.2203369140625,
        "Adj Close": 35.470481872558594,
        "Volume": 3158574.0
    },
    "BA": {
        "Open": 48.875,
        "High": 49.9375,
        "Low": 48.875,
        "Close": 49.875,
        "Adj Close": 32.42217254638672,
        "Volume": 4383700.0
    },
    "BAC": {
        "Open": 23.84375,
        "High": 24.25,
        "Low": 23.5625,
        "Close": 23.59375,
        "Adj Close": 12.350983619689941,
        "Volume": 10312800.0
    },
    "BK": {
        "Open": 50.34980010986328,
        "High": 50.416046142578125,
        "Low": 49.22355270385742,
        "Close": 50.018550872802734,
        "Adj Close": 27.66832160949707,
        "Volume": 957079.0
    },
    "BKNG": {
        "Open": 151.875,
        "High": 154.875,
        "Low": 146.25,
        "Close": 148.875,
        "Adj Close": 146.4782257080078,
        "Volume": 555367.0
    },
    "BLK": {
        "Open": 33.5625,
        "High": 33.625,
        "Low": 33.5,
        "Close": 33.5625,
        "Adj Close": 20.0853214263916,
        "Volume": 4400.0
    },
    "BMY": {
        "Open": 50.32521057128906,
        "High": 51.15801239013672,
        "Low": 50.32521057128906,
        "Close": 50.682125091552734,
        "Adj Close": 19.376859664916992,
        "Volume": 8099481.0
    },
    "BRK-B": {
        "Open": 37.060001373291016,
        "High": 38.31999969482422,
        "Low": 36.86000061035156,
        "Close": 37.900001525878906,
        "Adj Close": 37.900001525878906,
        "Volume": 665000.0
    },
    "C": {
        "Open": 528.75,
        "High": 534.84375,
        "Low": 525.9375,
        "Close": 532.5,
        "Adj Close": 278.36962890625,
        "Volume": 841733.0
    },
    "CAT": {
        "Open": 17.1875,
        "High": 17.59375,
        "Low": 17.1875,
        "Close": 17.5,
        "Adj Close": 9.24846076965332,
        "Volume": 3722000.0
    },
    "CL": {
        "Open": 28.5625,
        "High": 28.6875,
        "Low": 27.6875,
        "Close": 28.28125,
        "Adj Close": 16.188159942626953,
        "Volume": 1903600.0
    },
    "CMCSA": {
        "Open": 10.133551597595215,
        "High": 10.270228385925293,
        "Low": 9.918774604797363,
        "Close": 10.153077125549316,
        "Adj Close": 6.889526844024658,
        "Volume": 963181.0
    },
    "COF": {
        "Open": 57.5625,
        "High": 57.75,
        "Low": 54.625,
        "Close": 55.5625,
        "Adj Close": 40.27851104736328,
        "Volume": 1176700.0
    },
    "COP": {
        "Open": 19.462894439697266,
        "High": 19.98698616027832,
        "Low": 19.462894439697266,
        "Close": 19.91551971435547,
        "Adj Close": 8.92570972442627,
        "Volume": 2528608.0
    },
    "COST": {
        "Open": 32.5,
        "High": 33.75,
        "Low": 32.4375,
        "Close": 33.5625,
        "Adj Close": 22.391799926757812,
        "Volume": 6514000.0
    },
    "CRM": {
        "Open": null,
        "High": null,
        "Low": null,
        "Close": null,
        "Adj Close": null,
        "Volume": null
    },
    "CSCO": {
        "Open": 63.25,
        "High": 64.5,
        "Low": 60.75,
        "Close": 60.9375,
        "Adj Close": 39.42970657348633,
        "Volume": 45361900.0
    },
    "CVS": {
        "Open": 18.9375,
        "High": 18.96875,
        "Low": 18.375,
        "Close": 18.4375,
        "Adj Close": 11.709092140197754,
        "Volume": 6203400.0
    },
    "CVX": {
        "Open": 39.6875,
        "High": 40.125,
        "Low": 39.6875,
        "Close": 39.90625,
        "Adj Close": 15.387287139892578,
        "Volume": 3739200.0
    },
    "DE": {
        "Open": 19.28125,
        "High": 19.4375,
        "Low": 18.78125,
        "Close": 18.84375,
        "Adj Close": 11.518519401550293,
        "Volume": 2050200.0
    },
    "DHR": {
        "Open": 8.380481719970703,
        "High": 8.496003150939941,
        "Low": 8.31747055053711,
        "Close": 8.40148639678955,
        "Adj Close": 4.975648880004883,
        "Volume": 1406299.0
    },
    "DIS": {
        "Open": 39.028404235839844,
        "High": 39.64496994018555,
        "Low": 39.028404235839844,
        "Close": 39.58331298828125,
        "Adj Close": 30.331714630126953,
        "Volume": 4612063.0
    },
    "DUK": {
        "Open": 55.24081802368164,
        "High": 56.766204833984375,
        "Low": 55.13186264038086,
        "Close": 56.657249450683594,
        "Adj Close": 17.627471923828125,
        "Volume": 2472782.0
    },
    "EMR": {
        "Open": 30.71875,
        "High": 31.875,
        "Low": 30.3125,
        "Close": 31.59375,
        "Adj Close": 15.739581108093262,
        "Volume": 3907200.0
    },
    "FDX": {
        "Open": 39.75,
        "High": 40.4375,
        "Low": 39.625,
        "Close": 40.375,
        "Adj Close": 32.32796096801758,
        "Volume": 788800.0
    },
    "GD": {
        "Open": 29.28125,
        "High": 29.59375,
        "Low": 29.15625,
        "Close": 29.34375,
        "Adj Close": 17.31620979309082,
        "Volume": 2189000.0
    },
    "GE": {
        "Open": 251.30343627929688,
        "High": 253.10060119628906,
        "Low": 246.81053161621094,
        "Close": 249.2067413330078,
        "Adj Close": 135.56646728515625,
        "Volume": 3222932.0
    },
    "GILD": {
        "Open": 2.638672113418579,
        "High": 2.675781011581421,
        "Low": 2.582031011581421,
        "Close": 2.632812976837158,
        "Adj Close": 1.8291505575180054,
        "Volume": 30928000.0
    },
    "GM": {
        "Open": null,
        "High": null,
        "Low": null,
        "Close": null,
        "Adj Close": null,
        "Volume": null
    },
    "GOOG": {
        "Open": null,
        "High": null,
        "Low": null,