{
    "AAPL": {
        "Open": 0.859375,
        "High": 0.8649550080299377,
        "Low": 0.84375,
        "Close": 0.8482139706611633,
        "Adj Close": 0.7116211652755737,
        "Volume": 379640800.0
    },
    "ABBV": {
        "Open": null,
        "High": null,
        "Low": null,
        "Close": null,
        "Adj Close": null,
        "Volume": null
    },
    "ABT": {
        "Open": 17.984092712402344,
        "High": 18.34882354736328,
        "Low": 17.647415161132812,
        "Close": 17.759641647338867,
        "Adj Close": 9.28014850616455,
        "Volume": 6169291.0
    },
    "ACN": {
        "Open": null,
        "High": null,
        "Low": null,
        "Close": null,
        "Adj Close": null,
        "Volume": null
    },
    "ADBE": {
        "Open": 30.8125,
        "High": 31.0,
        "Low": 29.0,
        "Close": 29.078125,
        "Adj Close": 28.88530731201172,
        "Volume": 3711200.0
    },
    "AIG": {
        "Open": 1740.0,
        "High": 1773.75,
        "Low": 1738.75,
        "Close": 1755.0,
        "Adj Close": 1035.046142578125,
        "Volume": 132930.0
    },
    "AMD": {
        "Open": 31.25,
        "High": 31.9375,
        "Low": 29.875,
        "Close": 30.875,
        "Adj Close": 30.875,
        "Volume": 11138400.0
    },
    "AMGN": {
        "Open": 70.1875,
        "High": 70.5,
        "Low": 68.875,
        "Close": 68.9375,
        "Adj Close": 46.6285514831543,
        "Volume": 5265800.0
    },
    "AMT": {
        "Open": 43.875,
        "High": 44.0,
        "Low": 43.5,
        "Close": 43.5625,
        "Adj Close": 31.85193634033203,
        "Volume": 1309700.0
    },
    "AMZN": {
        "Open": 1.618749976158142,
        "High": 1.618749976158142,
        "Low": 1.5187499523162842,
        "Close": 1.5437500476837158,
        "Adj Close": 1.5437500476837158,
        "Volume": 177488000.0
    },
    "AVGO": {
        "Open": null,
        "High": null,
        "Low": null,
        "Close": null,
        "Adj Close": null,
        "Volume": null
    },
    "AXP": {
        "Open": 50.87681198120117,
        "High": 52.62741470336914,
        "Low": 50.87681198120117,
        "Close": 52.189762115478516,
        "Adj Close": 36.86147689819336,
        "Volume": 3654290.0
    },
    "BA": {
        "Open": 48.5625,
        "High": 48.625,
        "Low": 47.125,
        "Close": 47.75,
        "Adj Close": 31.130516052246094,
        "Volume": 4282500.0
    },
    "BAC": {
        "Open": 25.96875,
        "High": 26.875,
        "Low": 25.375,
        "Close": 26.53125,
        "Adj Close": 13.888726234436035,
        "Volume": 10528400.0
    },
    "BK": {
        "Open": 55.91477584838867,
        "High": 55.91477584838867,
        "Low": 53.66228485107422,
        "Close": 55.3847770690918,
        "Adj Close": 30.63672637939453,
        "Volume": 2101612.0
    },
    "BKNG": {
        "Open": 173.25,
        "High": 174.0,
        "Low": 149.625,
        "Close": 153.75,
        "Adj Close": 151.2747344970703,
        "Volume": 605400.0
    },
    "BLK": {
        "Open": 33.0,
        "High": 33.875,
        "Low": 32.0,
        "Close": 33.875,
        "Adj Close": 20.272323608398438,
        "Volume": 57000.0
    },
    "BMY": {
        "Open": 48.540626525878906,
        "High": 51.15801239013672,
        "Low": 48.30268478393555,
        "Close": 49.49240493774414,
        "Adj Close": 18.922008514404297,
        "Volume": 7426424.0
    },
    "BRK-B": {
        "Open": 40.47999954223633,
        "High": 40.939998626708984,
        "Low": 40.0,
        "Close": 40.939998626708984,
        "Adj Close": 40.939998626708984,
        "Volume": 560000.0
    },
    "C": {
        "Open": 540.9375,
        "High": 552.65625,
        "Low": 535.78125,
        "Close": 544.6875,
        "Adj Close": 285.48858642578125,
        "Volume": 843933.0
    },
    "CAT": {
        "Open": 19.1875,
        "High": 19.1875,
        "Low": 18.78125,
        "Close": 18.78125,
        "Adj Close": 9.925578117370605,
        "Volume": 2906800.0
    },
    "CL": {
        "Open": 26.4375,
        "High": 26.8125,
        "Low": 25.78125,
        "Close": 26.0625,
        "Adj Close": 14.91813850402832,
        "Volume": 2715600.0
    },
    "CMCSA": {
        "Open": 9.977351188659668,
        "High": 10.387378692626953,
        "Low": 9.879725456237793,
        "Close": 10.172601699829102,
        "Adj Close": 6.902777194976807,
        "Volume": 903002.0
    },
    "COF": {
        "Open": 57.6875,
        "High": 57.6875,
        "Low": 55.625,
        "Close": 56.4375,
        "Adj Close": 40.93158721923828,
        "Volume": 1127300.0
    },
    "COP": {
        "Open": 20.558725357055664,
        "High": 20.916061401367188,
        "Low": 20.534902572631836,
        "Close": 20.749303817749023,
        "Adj Close": 9.299394607543945,
        "Volume": 966003.0
    },
    "COST": {
        "Open": 37.3125,
        "High": 37.3125,
        "Low": 34.8125,
        "Close": 36.1875,
        "Adj Close": 24.143096923828125,
        "Volume": 6953300.0
    },
    "CRM": {
        "Open": null,
        "High": null,
        "Low": null,
        "Close": null,
        "Adj Close": null,
        "Volume": null
    },
    "CSCO": {
        "Open": 68.875,
        "High": 70.0,
        "Low": 67.25,
        "Close": 67.8125,
        "Adj Close": 43.878170013427734,
        "Volume": 94337400.0
    },
    "CVS": {
        "Open": 17.5,
        "High": 17.625,
        "Low": 16.625,
        "Close": 17.59375,
        "Adj Close": 11.173249244689941,
        "Volume": 11428600.0
    },
    "CVX": {
        "Open": 40.75,
        "High": 41.625,
        "Low": 40.53125,
        "Close": 41.296875,
        "Adj Close": 15.923498153686523,
        "Volume": 4060600.0
    },
    "DE": {
        "Open": 18.5625,
        "High": 18.625,
        "Low": 18.125,
        "Close": 18.28125,
        "Adj Close": 11.17468547821045,
        "Volume": 2479800.0
    },
    "DHR": {
        "Open": 9.210128784179688,
        "High": 9.325650215148926,
        "Low": 9.084107398986816,
        "Close": 9.210128784179688,
        "Adj Close": 5.454556941986084,
        "Volume": 2674527.0
    },
    "DIS": {
        "Open": 40.816436767578125,
        "High": 41.18637466430664,
        "Low": 39.768280029296875,
        "Close": 40.13821792602539,
        "Adj Close": 30.756927490234375,
        "Volume": 3653827.0
    },
    "DUK": {
        "Open": 60.36176300048828,
        "High": 60.579673767089844,
        "Low": 58.83637619018555,
        "Close": 58.98619079589844,
        "Adj Close": 18.497539520263672,
        "Volume": 2277175.0
    },
    "EMR": {
        "Open": 34.125,
        "High": 34.3125,
        "Low": 33.5,
        "Close": 33.75,
        "Adj Close": 16.90361213684082,
        "Volume": 3897600.0
    },
    "FDX": {
        "Open": 39.0,
        "High": 39.4375,
        "Low": 38.375,
        "Close": 38.5,
        "Adj Close": 30.826656341552734,
        "Volume": 591100.0
    },
    "GD": {
        "Open": 31.0625,
        "High": 31.46875,
        "Low": 31.0,
        "Close": 31.46875,
        "Adj Close": 18.570209503173828,
        "Volume": 1558000.0
    },
    "GE": {
        "Open": 258.19256591796875,
        "High": 269.27508544921875,
        "Low": 256.99444580078125,
        "Close": 268.07696533203125,
        "Adj Close": 145.83168029785156,
        "Volume": 4473235.0
    },
    "GILD": {
        "Open": 2.84375,
        "High": 2.845702886581421,
        "Low": 2.73095703125,
        "Close": 2.777343988418579,
        "Adj Close": 1.9295635223388672,
        "Volume": 16160000.0
    },
    "GM": {
        "Open": null,
        "High": null,
        "Low": null,
        "Close": null,
        "Adj Close": null,
        "Volume": null
    },
    "GOOG": {
        "Open": null,
        "High": null,
        "Low": null,
        "Close": null,
        "Adj Close": null,