{
    "AAPL": {
        "Open": 0.8973209857940674,
        "High": 0.9207590222358704,
        "Low": 0.8861610293388367,
        "Close": 0.9017860293388367,
        "Adj Close": 0.7565664052963257,
        "Volume": 134467200.0
    },
    "ABBV": {
        "Open": null,
        "High": null,
        "Low": null,
        "Close": null,
        "Adj Close": null,
        "Volume": null
    },
    "ABT": {
        "Open": 18.966062545776367,
        "High": 18.966062545776367,
        "Low": 18.461048126220703,
        "Close": 18.769668579101562,
        "Adj Close": 9.807926177978516,
        "Volume": 9751819.0
    },
    "ACN": {
        "Open": null,
        "High": null,
        "Low": null,
        "Close": null,
        "Adj Close": null,
        "Volume": null
    },
    "ADBE": {
        "Open": 30.8984375,
        "High": 31.0,
        "Low": 29.5,
        "Close": 29.96875,
        "Adj Close": 29.77002716064453,
        "Volume": 2968800.0
    },
    "AIG": {
        "Open": 1740.0,
        "High": 1758.75,
        "Low": 1726.25,
        "Close": 1758.75,
        "Adj Close": 1037.2572021484375,
        "Volume": 82740.0
    },
    "AMD": {
        "Open": 35.375,
        "High": 35.875,
        "Low": 33.25,
        "Close": 34.09375,
        "Adj Close": 34.09375,
        "Volume": 11183800.0
    },
    "AMGN": {
        "Open": 66.875,
        "High": 68.9375,
        "Low": 66.375,
        "Close": 67.25,
        "Adj Close": 45.487144470214844,
        "Volume": 4673300.0
    },
    "AMT": {
        "Open": 45.75,
        "High": 45.8125,
        "Low": 44.4375,
        "Close": 44.875,
        "Adj Close": 32.81161117553711,
        "Volume": 525500.0
    },
    "AMZN": {
        "Open": 1.9546879529953003,
        "High": 1.993749976158142,
        "Low": 1.8250000476837158,
        "Close": 1.875,
        "Adj Close": 1.875,
        "Volume": 80750000.0
    },
    "AVGO": {
        "Open": null,
        "High": null,
        "Low": null,
        "Close": null,
        "Adj Close": null,
        "Volume": null
    },
    "AXP": {
        "Open": 51.6427001953125,
        "High": 52.57270431518555,
        "Low": 51.42387390136719,
        "Close": 51.752113342285156,
        "Adj Close": 36.55238342285156,
        "Volume": 2775848.0
    },
    "BA": {
        "Open": 45.6875,
        "High": 48.25,
        "Low": 45.5,
        "Close": 47.75,
        "Adj Close": 31.130516052246094,
        "Volume": 4090800.0
    },
    "BAC": {
        "Open": 26.875,
        "High": 27.28125,
        "Low": 26.625,
        "Close": 26.9375,
        "Adj Close": 14.10139274597168,
        "Volume": 7316600.0
    },
    "BK": {
        "Open": 52.999786376953125,
        "High": 54.32478332519531,
        "Low": 52.66853713989258,
        "Close": 53.132286071777344,
        "Adj Close": 29.390727996826172,
        "Volume": 1982649.0
    },
    "BKNG": {
        "Open": 160.875,
        "High": 160.875,
        "Low": 150.0,
        "Close": 153.0,
        "Adj Close": 150.53684997558594,
        "Volume": 359183.0
    },
    "BLK": {
        "Open": 34.5625,
        "High": 35.0,
        "Low": 34.5625,
        "Close": 34.875,
        "Adj Close": 20.87077522277832,
        "Volume": 15200.0
    },
    "BMY": {
        "Open": 50.44417953491211,
        "High": 51.217498779296875,
        "Low": 49.7303466796875,
        "Close": 51.09852981567383,
        "Adj Close": 19.53606414794922,
        "Volume": 4358584.0
    },
    "BRK-B": {
        "Open": 40.20000076293945,
        "High": 40.47999954223633,
        "Low": 40.060001373291016,
        "Close": 40.279998779296875,
        "Adj Close": 40.279998779296875,
        "Volume": 390000.0
    },
    "C": {
        "Open": 562.5,
        "High": 576.5625,
        "Low": 561.5625,
        "Close": 576.5625,
        "Adj Close": 302.1954650878906,
        "Volume": 1010240.0
    },
    "CAT": {
        "Open": 19.09375,
        "High": 19.15625,
        "Low": 18.6875,
        "Close": 18.84375,
        "Adj Close": 9.958603858947754,
        "Volume": 1527600.0
    },
    "CL": {
        "Open": 26.5,
        "High": 26.75,
        "Low": 26.09375,
        "Close": 26.34375,
        "Adj Close": 15.079132080078125,
        "Volume": 2369600.0
    },
    "CMCSA": {
        "Open": 11.832240104675293,
        "High": 11.910341262817383,
        "Low": 11.539362907409668,
        "Close": 11.636987686157227,
        "Adj Close": 7.896456241607666,
        "Volume": 234633.0
    },
    "COF": {
        "Open": 55.125,
        "High": 56.8125,
        "Low": 54.875,
        "Close": 56.5,
        "Adj Close": 40.97690963745117,
        "Volume": 810100.0
    },
    "COP": {
        "Open": 22.297758102416992,
        "High": 22.7265625,
        "Low": 22.15482521057129,
        "Close": 22.464515686035156,
        "Adj Close": 10.06811237335205,
        "Volume": 1990249.0
    },
    "COST": {
        "Open": 33.5625,
        "High": 33.625,
        "Low": 32.0,
        "Close": 32.75,
        "Adj Close": 21.84972381591797,
        "Volume": 4049000.0
    },
    "CRM": {
        "Open": null,
        "High": null,
        "Low": null,
        "Close": null,
        "Adj Close": null,
        "Volume": null
    },
    "CSCO": {
        "Open": 64.125,
        "High": 65.5,
        "Low": 64.125,
        "Close": 65.5,
        "Adj Close": 42.38186264038086,
        "Volume": 41781800.0
    },
    "CVS": {
        "Open": 19.3125,
        "High": 19.375,
        "Low": 18.8125,
        "Close": 19.09375,
        "Adj Close": 12.125852584838867,
        "Volume": 2836800.0
    },
    "CVX": {
        "Open": 43.09375,
        "High": 43.59375,
        "Low": 42.75,
        "Close": 43.375,
        "Adj Close": 16.855993270874023,
        "Volume": 1498800.0
    },
    "DE": {
        "Open": 16.5,
        "High": 16.625,
        "Low": 16.375,
        "Close": 16.5625,
        "Adj Close": 10.12407112121582,
        "Volume": 1846200.0
    },
    "DHR": {
        "Open": 9.199626922607422,
        "High": 9.294143676757812,
        "Low": 9.147117614746094,
        "Close": 9.199626922607422,
        "Adj Close": 5.448337554931641,
        "Volume": 1075405.0
    },
    "DIS": {
        "Open": 38.5968132019043,
        "High": 38.720123291015625,
        "Low": 37.610313415527344,
        "Close": 37.91859436035156,
        "Adj Close": 29.05608367919922,
        "Volume": 3069032.0
    },
    "DUK": {
        "Open": 60.688629150390625,
        "High": 60.961021423339844,
        "Low": 60.14384841918945,
        "Close": 60.74311065673828,
        "Adj Close": 19.048492431640625,
        "Volume": 953708.0
    },
    "EMR": {
        "Open": 33.78125,
        "High": 34.5,
        "Low": 33.71875,
        "Close": 34.375,
        "Adj Close": 17.216646194458008,
        "Volume": 992600.0
    },
    "FDX": {
        "Open": 39.75,
        "High": 40.1875,
        "Low": 39.625,
        "Close": 39.875,
        "Adj Close": 31.92762565612793,
        "Volume": 422900.0
    },
    "GD": {
        "Open": 30.34375,
        "High": 31.125,
        "Low": 30.3125,
        "Close": 31.03125,
        "Adj Close": 18.312028884887695,
        "Volume": 666800.0
    },
    "GE": {
        "Open": 271.6712951660156,
        "High": 273.46844482421875,
        "Low": 268.9755554199219,
        "Close": 271.0722351074219,
        "Adj Close": 147.4611053466797,
        "Volume": 1630527.0
    },
    "GILD": {
        "Open": 2.826172113418579,
        "High": 2.998047113418579,
        "Low": 2.771483898162842,
        "Close": 2.970702886581421,
        "Adj Close": 2.0639002323150635,
        "Volume": 14457600.0
    },
    "GM": {
        "Open": null,
        "High": null,
        "Low": null,
        "Close": null,
        "Adj Close": null,
        "Volume": null
    },
    "GOOG": {
        "Open": null,
        "High": null,
        "Low": null,
        "Close": null,
        "Adj Close": null,