{
    "AAPL": {
        "Open": 0.9762830138206482,
        "High": 1.011160969734192,
        "Low": 0.953125,
        "Close": 1.0019530057907104,
        "Adj Close": 0.8406025767326355,
        "Volume": 310766400.0
    },
    "ABBV": {
        "Open": null,
        "High": null,
        "Low": null,
        "Close": null,
        "Adj Close": null,
        "Volume": null
    },
    "ABT": {
        "Open": 18.657442092895508,
        "High": 18.71355438232422,
        "Low": 18.29271125793457,
        "Close": 18.376880645751953,
        "Adj Close": 9.60267448425293,
        "Volume": 4155260.0
    },
    "ACN": {
        "Open": null,
        "High": null,
        "Low": null,
        "Close": null,
        "Adj Close": null,
        "Volume": null
    },
    "ADBE": {
        "Open": 31.5546875,
        "High": 32.390625,
        "Low": 30.578125,
        "Close": 32.375,
        "Adj Close": 32.16032028198242,
        "Volume": 5270400.0
    },
    "AIG": {
        "Open": 1722.5,
        "High": 1727.5,
        "Low": 1691.25,
        "Close": 1693.75,
        "Adj Close": 998.9222412109375,
        "Volume": 123225.0
    },
    "AMD": {
        "Open": 35.125,
        "High": 36.0,
        "Low": 34.125,
        "Close": 34.9375,
        "Adj Close": 34.9375,
        "Volume": 7984200.0
    },
    "AMGN": {
        "Open": 70.75,
        "High": 73.25,
        "Low": 70.75,
        "Close": 72.625,
        "Adj Close": 49.12274169921875,
        "Volume": 6144800.0
    },
    "AMT": {
        "Open": 43.5,
        "High": 43.6875,
        "Low": 43.1875,
        "Close": 43.1875,
        "Adj Close": 31.577749252319336,
        "Volume": 700600.0
    },
    "AMZN": {
        "Open": 1.978124976158142,
        "High": 2.0250000953674316,
        "Low": 1.9406249523162842,
        "Close": 1.96875,
        "Adj Close": 1.96875,
        "Volume": 94380000.0
    },
    "AVGO": {
        "Open": null,
        "High": null,
        "Low": null,
        "Close": null,
        "Adj Close": null,
        "Volume": null
    },
    "AXP": {
        "Open": 50.767398834228516,
        "High": 50.767398834228516,
        "Low": 48.7979736328125,
        "Close": 49.45444869995117,
        "Adj Close": 34.92953872680664,
        "Volume": 4558209.0
    },
    "BA": {
        "Open": 50.5625,
        "High": 54.0,
        "Low": 50.1875,
        "Close": 53.625,
        "Adj Close": 34.96070098876953,
        "Volume": 10890300.0
    },
    "BAC": {
        "Open": 26.875,
        "High": 26.96875,
        "Low": 26.125,
        "Close": 26.25,
        "Adj Close": 13.741495132446289,
        "Volume": 8393000.0
    },
    "BK": {
        "Open": 55.18602752685547,
        "High": 55.517276763916016,
        "Low": 54.39103317260742,
        "Close": 54.58978271484375,
        "Adj Close": 30.19695472717285,
        "Volume": 1217741.0
    },
    "BKNG": {
        "Open": 155.625,
        "High": 168.0,
        "Low": 155.25,
        "Close": 162.75,
        "Adj Close": 160.12986755371094,
        "Volume": 785600.0
    },
    "BLK": {
        "Open": 34.75,
        "High": 35.0625,
        "Low": 34.5625,
        "Close": 35.0,
        "Adj Close": 20.945589065551758,
        "Volume": 92100.0
    },
    "BMY": {
        "Open": 53.29951095581055,
        "High": 53.3589973449707,
        "Low": 52.34773635864258,
        "Close": 53.180538177490234,
        "Adj Close": 20.332069396972656,
        "Volume": 3506494.0
    },
    "BRK-B": {
        "Open": 38.79999923706055,
        "High": 38.79999923706055,
        "Low": 37.779998779296875,
        "Close": 38.439998626708984,
        "Adj Close": 38.439998626708984,
        "Volume": 625000.0
    },
    "C": {
        "Open": 576.5625,
        "High": 578.4375,
        "Low": 569.0625,
        "Close": 575.625,
        "Adj Close": 301.70404052734375,
        "Volume": 744027.0
    },
    "CAT": {
        "Open": 18.5625,
        "High": 18.84375,
        "Low": 18.5,
        "Close": 18.84375,
        "Adj Close": 9.958603858947754,
        "Volume": 2351800.0
    },
    "CL": {
        "Open": 26.0,
        "High": 26.53125,
        "Low": 25.9375,
        "Close": 26.40625,
        "Adj Close": 15.114904403686523,
        "Volume": 2450000.0
    },
    "CMCSA": {
        "Open": 11.519838333129883,
        "High": 11.715088844299316,
        "Low": 11.500311851501465,
        "Close": 11.67603874206543,
        "Adj Close": 7.922957420349121,
        "Volume": 289050.0
    },
    "COF": {
        "Open": 58.0,
        "High": 59.125,
        "Low": 57.9375,
        "Close": 59.125,
        "Adj Close": 42.88072204589844,
        "Volume": 828900.0
    },
    "COP": {
        "Open": 23.560346603393555,
        "High": 23.607990264892578,
        "Low": 23.20301055908203,
        "Close": 23.20301055908203,
        "Adj Close": 10.399091720581055,
        "Volume": 5182362.0
    },
    "COST": {
        "Open": 32.5625,
        "High": 32.59375,
        "Low": 32.0,
        "Close": 32.375,
        "Adj Close": 21.59954071044922,
        "Volume": 3884800.0
    },
    "CRM": {
        "Open": null,
        "High": null,
        "Low": null,
        "Close": null,
        "Adj Close": null,
        "Volume": null
    },
    "CSCO": {
        "Open": 67.3125,
        "High": 67.5,
        "Low": 65.625,
        "Close": 66.5,
        "Adj Close": 43.0289192199707,
        "Volume": 26958500.0
    },
    "CVS": {
        "Open": 19.0625,
        "High": 19.6875,
        "Low": 19.03125,
        "Close": 19.5,
        "Adj Close": 12.383855819702148,
        "Volume": 1463400.0
    },
    "CVX": {
        "Open": 43.3125,
        "High": 43.46875,
        "Low": 42.9375,
        "Close": 43.09375,
        "Adj Close": 16.746702194213867,
        "Volume": 3075600.0
    },
    "DE": {
        "Open": 16.375,
        "High": 16.6875,
        "Low": 16.28125,
        "Close": 16.53125,
        "Adj Close": 10.10496997833252,
        "Volume": 2024200.0
    },
    "DHR": {
        "Open": 9.2416353225708,
        "High": 9.34665298461914,
        "Low": 9.189126014709473,
        "Close": 9.34665298461914,
        "Adj Close": 5.535410404205322,
        "Volume": 1913352.0
    },
    "DIS": {
        "Open": 37.117061614990234,
        "High": 37.856937408447266,
        "Low": 37.117061614990234,
        "Close": 37.36368942260742,
        "Adj Close": 28.630874633789062,
        "Volume": 5504410.0
    },
    "DUK": {
        "Open": 61.887149810791016,
        "High": 61.941627502441406,
        "Low": 61.451324462890625,
        "Close": 61.451324462890625,
        "Adj Close": 19.27057647705078,
        "Volume": 1584007.0
    },
    "EMR": {
        "Open": 33.9375,
        "High": 34.25,
        "Low": 33.9375,
        "Close": 34.125,
        "Adj Close": 17.09143829345703,
        "Volume": 2151000.0
    },
    "FDX": {
        "Open": 39.625,
        "High": 40.125,
        "Low": 39.3125,
        "Close": 39.8125,
        "Adj Close": 31.87757110595703,
        "Volume": 545200.0
    },
    "GD": {
        "Open": 32.0625,
        "High": 32.125,
        "Low": 31.5625,
        "Close": 31.71875,
        "Adj Close": 18.71773910522461,
        "Volume": 627800.0
    },
    "GE": {
        "Open": 278.2608947753906,
        "High": 285.4495544433594,
        "Low": 276.76324462890625,
        "Close": 282.45428466796875,
        "Adj Close": 153.6528778076172,
        "Volume": 2500043.0
    },
    "GILD": {
        "Open": 3.123047113418579,
        "High": 3.28125,
        "Low": 3.121093988418579,
        "Close": 3.195312976837158,
        "Adj Close": 2.219949245452881,
        "Volume": 17635200.0
    },
    "GM": {
        "Open": null,
        "High": null,
        "Low": null,
        "Close": null,
        "Adj Close": null,
        "Volume": null
    },
    "GOOG": {
        "Open": null,
        "High": null,
        "Low": null,
        "Close": null,
        "Adj Close": null,