{
    "AAPL": {
        "Open": 0.20982100069522858,
        "High": 0.21205399930477142,
        "Low": 0.20424099266529083,
        "Close": 0.20424099266529083,
        "Adj Close": 0.1713508814573288,
        "Volume": 279585600.0
    },
    "ABBV": {
        "Open": null,
        "High": null,
        "Low": null,
        "Close": null,
        "Adj Close": null,
        "Volume": null
    },
    "ABT": {
        "Open": 10.268608093261719,
        "High": 10.436944961547852,
        "Low": 10.268608093261719,
        "Close": 10.38083267211914,
        "Adj Close": 5.052730083465576,
        "Volume": 3861877.0
    },
    "ACN": {
        "Open": null,
        "High": null,
        "Low": null,
        "Close": null,
        "Adj Close": null,
        "Volume": null
    },
    "ADBE": {
        "Open": 4.234375,
        "High": 4.234375,
        "Low": 4.09375,
        "Close": 4.171875,
        "Adj Close": 4.085672855377197,
        "Volume": 8351200.0
    },
    "AIG": {
        "Open": 449.77777099609375,
        "High": 453.3333435058594,
        "Low": 445.629638671875,
        "Close": 446.22222900390625,
        "Adj Close": 260.6587219238281,
        "Volume": 95154.0
    },
    "AMD": {
        "Open": 6.25,
        "High": 6.25,
        "Low": 6.0625,
        "Close": 6.125,
        "Adj Close": 6.125,
        "Volume": 1027400.0
    },
    "AMGN": {
        "Open": 14.375,
        "High": 14.4375,
        "Low": 14.0625,
        "Close": 14.0625,
        "Adj Close": 9.511713981628418,
        "Volume": 5714800.0
    },
    "AMT": {
        "Open": null,
        "High": null,
        "Low": null,
        "Close": null,
        "Adj Close": null,
        "Volume": null
    },
    "AMZN": {
        "Open": null,
        "High": null,
        "Low": null,
        "Close": null,
        "Adj Close": null,
        "Volume": null
    },
    "AVGO": {
        "Open": null,
        "High": null,
        "Low": null,
        "Close": null,
        "Adj Close": null,
        "Volume": null
    },
    "AXP": {
        "Open": 12.582438468933105,
        "High": 12.618907928466797,
        "Low": 12.436553955078125,
        "Close": 12.545967102050781,
        "Adj Close": 8.511024475097656,
        "Volume": 1909745.0
    },
    "BA": {
        "Open": 45.6875,
        "High": 45.6875,
        "Low": 45.125,
        "Close": 45.25,
        "Adj Close": 28.06602668762207,
        "Volume": 2191600.0
    },
    "BAC": {
        "Open": 20.8125,
        "High": 20.9375,
        "Low": 20.5,
        "Close": 20.5,
        "Adj Close": 9.677816390991211,
        "Volume": 6977600.0
    },
    "BK": {
        "Open": 14.972439765930176,
        "High": 15.104940414428711,
        "Low": 14.906189918518066,
        "Close": 14.972439765930176,
        "Adj Close": 7.681166172027588,
        "Volume": 1364722.0
    },
    "BKNG": {
        "Open": null,
        "High": null,
        "Low": null,
        "Close": null,
        "Adj Close": null,
        "Volume": null
    },
    "BLK": {
        "Open": null,
        "High": null,
        "Low": null,
        "Close": null,
        "Adj Close": null,
        "Volume": null
    },
    "BMY": {
        "Open": 20.70115089416504,
        "High": 21.177038192749023,
        "Low": 20.70115089416504,
        "Close": 20.96883773803711,
        "Adj Close": 7.473239421844482,
        "Volume": 4508619.0
    },
    "BRK-B": {
        "Open": 21.059999465942383,
        "High": 21.059999465942383,
        "Low": 20.780000686645508,
        "Close": 20.899999618530273,
        "Adj Close": 20.899999618530273,
        "Volume": 45000.0
    },
    "C": {
        "Open": 107.5,
        "High": 109.375,
        "Low": 107.1875,
        "Close": 107.5,
        "Adj Close": 53.98201370239258,
        "Volume": 192120.0
    },
    "CAT": {
        "Open": 17.75,
        "High": 17.8125,
        "Low": 17.46875,
        "Close": 17.5625,
        "Adj Close": 8.461030960083008,
        "Volume": 2000400.0
    },
    "CL": {
        "Open": 10.109375,
        "High": 10.28125,
        "Low": 10.03125,
        "Close": 10.234375,
        "Adj Close": 5.538991928100586,
        "Volume": 3390400.0
    },
    "CMCSA": {
        "Open": 2.4992189407348633,
        "High": 2.53826904296875,
        "Low": 2.4601690769195557,
        "Close": 2.47969388961792,
        "Adj Close": 1.668990969657898,
        "Volume": 1571691.0
    },
    "COF": {
        "Open": 10.0,
        "High": 10.041666984558105,
        "Low": 9.625,
        "Close": 9.625,
        "Adj Close": 6.852719306945801,
        "Volume": 546900.0
    },
    "COP": {
        "Open": 15.293975830078125,
        "High": 15.4845552444458,
        "Low": 15.246331214904785,
        "Close": 15.341621398925781,
        "Adj Close": 6.092312812805176,
        "Volume": 869193.0
    },
    "COST": {
        "Open": 10.4375,
        "High": 10.9375,
        "Low": 10.4375,
        "Close": 10.5625,
        "Adj Close": 7.0469536781311035,
        "Volume": 4677000.0
    },
    "CRM": {
        "Open": null,
        "High": null,
        "Low": null,
        "Close": null,
        "Adj Close": null,
        "Volume": null
    },
    "CSCO": {
        "Open": 5.986111164093018,
        "High": 6.027778148651123,
        "Low": 5.75,
        "Close": 5.763888835906982,
        "Adj Close": 3.729531764984131,
        "Volume": 52979400.0
    },
    "CVS": {
        "Open": 10.5625,
        "High": 10.6875,
        "Low": 10.53125,
        "Close": 10.625,
        "Adj Close": 5.729238033294678,
        "Volume": 5515200.0
    },
    "CVX": {
        "Open": 29.6875,
        "High": 30.0,
        "Low": 29.6875,
        "Close": 29.875,
        "Adj Close": 10.298883438110352,
        "Volume": 1288600.0
    },
    "DE": {
        "Open": 20.3125,
        "High": 20.75,
        "Low": 20.125,
        "Close": 20.625,
        "Adj Close": 11.623895645141602,
        "Volume": 1602200.0
    },
    "DHR": {
        "Open": 3.539125919342041,
        "High": 3.539125919342041,
        "Low": 3.4446089267730713,
        "Close": 3.4761149883270264,
        "Adj Close": 2.0459489822387695,
        "Volume": 454681.0
    },
    "DIS": {
        "Open": 18.661291122436523,
        "High": 18.702396392822266,
        "Low": 18.291353225708008,
        "Close": 18.291353225708008,
        "Adj Close": 13.665862083435059,
        "Volume": 3020983.0
    },
    "DUK": {
        "Open": 40.09590148925781,
        "High": 40.422767639160156,
        "Low": 39.986942291259766,
        "Close": 40.204856872558594,
        "Adj Close": 10.728067398071289,
        "Volume": 322607.0
    },
    "EMR": {
        "Open": 21.1875,
        "High": 21.28125,
        "Low": 21.15625,
        "Close": 21.28125,
        "Adj Close": 9.778850555419922,
        "Volume": 1059200.0
    },
    "FDX": {
        "Open": 18.34375,
        "High": 18.34375,
        "Low": 18.125,
        "Close": 18.125,
        "Adj Close": 14.512547492980957,
        "Volume": 742000.0
    },
    "GD": {
        "Open": 15.96875,
        "High": 16.1875,
        "Low": 15.96875,
        "Close": 16.125,
        "Adj Close": 8.820916175842285,
        "Volume": 477200.0
    },
    "GE": {
        "Open": 67.09412384033203,
        "High": 67.3936538696289,
        "Low": 66.39522552490234,
        "Close": 66.49507141113281,
        "Adj Close": 34.091190338134766,
        "Volume": 2157775.0
    },
    "GILD": {
        "Open": 0.7734379768371582,
        "High": 0.8359379768371582,
        "Low": 0.7695310115814209,
        "Close": 0.7773439884185791,
        "Adj Close": 0.5400606989860535,
        "Volume": 18515200.0
    },
    "GM": {
        "Open": null,
        "High": null,
        "Low": null,
        "Close": null,
        "Adj Close": null,
        "Volume": null
    },
    "GOOG": {
        "Open": null,
        "High": null,
        "Low": null,
        "Close": null,
        "Adj Close": null,