{
    "AAPL": {
        "Open": 0.18192000687122345,
        "High": 0.18973200023174286,
        "Low": 0.18192000687122345,
        "Close": 0.1875,
        "Adj Close": 0.1573057919740677,
        "Volume": 166611200.0
    },
    "ABBV": {
        "Open": null,
        "High": null,
        "Low": null,
        "Close": null,
        "Adj Close": null,
        "Volume": null
    },
    "ABT": {
        "Open": 10.717509269714355,
        "High": 10.801676750183105,
        "Low": 10.689452171325684,
        "Close": 10.717509269714355,
        "Adj Close": 5.216603755950928,
        "Volume": 3916678.0
    },
    "ACN": {
        "Open": null,
        "High": null,
        "Low": null,
        "Close": null,
        "Adj Close": null,
        "Volume": null
    },
    "ADBE": {
        "Open": 4.140625,
        "High": 4.1875,
        "Low": 3.9375,
        "Close": 4.03125,
        "Adj Close": 3.947953224182129,
        "Volume": 13542400.0
    },
    "AIG": {
        "Open": 470.5185241699219,
        "High": 474.0740661621094,
        "Low": 469.9259338378906,
        "Close": 471.7037048339844,
        "Adj Close": 275.54364013671875,
        "Volume": 108970.0
    },
    "AMD": {
        "Open": 6.5625,
        "High": 6.625,
        "Low": 6.5,
        "Close": 6.5,
        "Adj Close": 6.5,
        "Volume": 959600.0
    },
    "AMGN": {
        "Open": 14.8125,
        "High": 15.03125,
        "Low": 14.71875,
        "Close": 14.875,
        "Adj Close": 10.061281204223633,
        "Volume": 10171600.0
    },
    "AMT": {
        "Open": null,
        "High": null,
        "Low": null,
        "Close": null,
        "Adj Close": null,
        "Volume": null
    },
    "AMZN": {
        "Open": null,
        "High": null,
        "Low": null,
        "Close": null,
        "Adj Close": null,
        "Volume": null
    },
    "AVGO": {
        "Open": null,
        "High": null,
        "Low": null,
        "Close": null,
        "Adj Close": null,
        "Volume": null
    },
    "AXP": {
        "Open": 12.983616828918457,
        "High": 13.056557655334473,
        "Low": 12.94714641571045,
        "Close": 13.020088195800781,
        "Adj Close": 8.832661628723145,
        "Volume": 6384897.0
    },
    "BA": {
        "Open": 45.375,
        "High": 45.75,
        "Low": 45.375,
        "Close": 45.5,
        "Adj Close": 28.221092224121094,
        "Volume": 3018400.0
    },
    "BAC": {
        "Open": 21.65625,
        "High": 21.65625,
        "Low": 21.375,
        "Close": 21.40625,
        "Adj Close": 10.105644226074219,
        "Volume": 4991200.0
    },
    "BK": {
        "Open": 15.966185569763184,
        "High": 16.03243637084961,
        "Low": 15.833686828613281,
        "Close": 15.899935722351074,
        "Adj Close": 8.156996726989746,
        "Volume": 3035861.0
    },
    "BKNG": {
        "Open": null,
        "High": null,
        "Low": null,
        "Close": null,
        "Adj Close": null,
        "Volume": null
    },
    "BLK": {
        "Open": null,
        "High": null,
        "Low": null,
        "Close": null,
        "Adj Close": null,
        "Volume": null
    },
    "BMY": {
        "Open": 22.247787475585938,
        "High": 22.515474319458008,
        "Low": 22.247787475585938,
        "Close": 22.455989837646484,
        "Adj Close": 8.003260612487793,
        "Volume": 4724636.0
    },
    "BRK-B": {
        "Open": 21.440000534057617,
        "High": 21.639999389648438,
        "Low": 21.360000610351562,
        "Close": 21.459999084472656,
        "Adj Close": 21.459999084472656,
        "Volume": 55000.0
    },
    "C": {
        "Open": 115.9375,
        "High": 117.8125,
        "Low": 115.3125,
        "Close": 117.1875,
        "Adj Close": 58.8466682434082,
        "Volume": 538040.0
    },
    "CAT": {
        "Open": 18.09375,
        "High": 18.53125,
        "Low": 18.09375,
        "Close": 18.53125,
        "Adj Close": 8.927745819091797,
        "Volume": 2532800.0
    },
    "CL": {
        "Open": 10.625,
        "High": 10.78125,
        "Low": 10.625,
        "Close": 10.65625,
        "Adj Close": 5.767314434051514,
        "Volume": 3209600.0
    },
    "CMCSA": {
        "Open": 2.53826904296875,
        "High": 2.5577940940856934,
        "Low": 2.4992189407348633,
        "Close": 2.4992189407348633,
        "Adj Close": 1.6821327209472656,
        "Volume": 922528.0
    },
    "COF": {
        "Open": 10.25,
        "High": 10.333333015441895,
        "Low": 10.208333015441895,
        "Close": 10.25,
        "Adj Close": 7.297700881958008,
        "Volume": 610200.0
    },
    "COP": {
        "Open": 16.056293487548828,
        "High": 16.389806747436523,
        "Low": 16.056293487548828,
        "Close": 16.246871948242188,
        "Adj Close": 6.451796531677246,
        "Volume": 1375544.0
    },
    "COST": {
        "Open": 10.4375,
        "High": 10.6875,
        "Low": 10.4375,
        "Close": 10.6875,
        "Adj Close": 7.1303486824035645,
        "Volume": 2935000.0
    },
    "CRM": {
        "Open": null,
        "High": null,
        "Low": null,
        "Close": null,
        "Adj Close": null,
        "Volume": null
    },
    "CSCO": {
        "Open": 6.388888835906982,
        "High": 6.569444179534912,
        "Low": 6.347221851348877,
        "Close": 6.555555820465088,
        "Adj Close": 4.241780757904053,
        "Volume": 94146300.0
    },
    "CVS": {
        "Open": 11.5,
        "High": 11.5,
        "Low": 11.25,
        "Close": 11.25,
        "Adj Close": 6.066251277923584,
        "Volume": 4422000.0
    },
    "CVX": {
        "Open": 30.9375,
        "High": 31.125,
        "Low": 30.6875,
        "Close": 31.0625,
        "Adj Close": 10.708256721496582,
        "Volume": 3274000.0
    },
    "DE": {
        "Open": 21.5625,
        "High": 21.875,
        "Low": 21.125,
        "Close": 21.8125,
        "Adj Close": 12.293153762817383,
        "Volume": 2157600.0
    },
    "DHR": {
        "Open": 3.486617088317871,
        "High": 3.5181219577789307,
        "Low": 3.4656128883361816,
        "Close": 3.4656128883361816,
        "Adj Close": 2.039767265319824,
        "Volume": 471345.0
    },
    "DIS": {
        "Open": 19.89441680908203,
        "High": 20.099937438964844,
        "Low": 19.853313446044922,
        "Close": 19.976625442504883,
        "Adj Close": 14.924964904785156,
        "Volume": 5506741.0
    },
    "DUK": {
        "Open": 41.5123291015625,
        "High": 41.73024368286133,
        "Low": 41.40337371826172,
        "Close": 41.73024368286133,
        "Adj Close": 11.135095596313477,
        "Volume": 259278.0
    },
    "EMR": {
        "Open": 21.53125,
        "High": 22.0625,
        "Low": 21.5,
        "Close": 22.0625,
        "Adj Close": 10.137839317321777,
        "Volume": 1644800.0
    },
    "FDX": {
        "Open": 18.75,
        "High": 18.8125,
        "Low": 18.65625,
        "Close": 18.75,
        "Adj Close": 15.012983322143555,
        "Volume": 442800.0
    },
    "GD": {
        "Open": 16.40625,
        "High": 16.53125,
        "Low": 16.34375,
        "Close": 16.34375,
        "Adj Close": 8.94057559967041,
        "Volume": 518000.0
    },
    "GE": {
        "Open": 70.08939361572266,
        "High": 71.08782196044922,
        "Low": 70.08939361572266,
        "Close": 70.58860778808594,
        "Adj Close": 36.18988800048828,
        "Volume": 3201043.0
    },
    "GILD": {
        "Open": 0.8984379768371582,
        "High": 0.9296879768371582,
        "Low": 0.8828129768371582,
        "Close": 0.9296879768371582,
        "Adj Close": 0.6459020376205444,
        "Volume": 18201600.0
    },
    "GM": {
        "Open": null,
        "High": null,
        "Low": null,
        "Close": null,
        "Adj Close": null,
        "Volume": null
    },
    "GOOG": {
        "Open": null,
        "High": null,
        "Low": null,
        "Close": null,