{
    "AAPL": {
        "Open": 0.20535700023174286,
        "High": 0.2154020071029663,
        "Low": 0.20424099266529083,
        "Close": 0.20982100069522858,
        "Adj Close": 0.17603228986263275,
        "Volume": 353360000.0
    },
    "ABBV": {
        "Open": null,
        "High": null,
        "Low": null,
        "Close": null,
        "Adj Close": null,
        "Volume": null
    },
    "ABT": {
        "Open": 10.689452171325684,
        "High": 10.745565414428711,
        "Low": 10.633339881896973,
        "Close": 10.661396026611328,
        "Adj Close": 5.189291477203369,
        "Volume": 2557803.0
    },
    "ACN": {
        "Open": null,
        "High": null,
        "Low": null,
        "Close": null,
        "Adj Close": null,
        "Volume": null
    },
    "ADBE": {
        "Open": 4.21875,
        "High": 4.359375,
        "Low": 4.171875,
        "Close": 4.171875,
        "Adj Close": 4.085672855377197,
        "Volume": 22113600.0
    },
    "AIG": {
        "Open": 465.77777099609375,
        "High": 466.96295166015625,
        "Low": 462.8148193359375,
        "Close": 463.40740966796875,
        "Adj Close": 270.6974792480469,
        "Volume": 75241.0
    },
    "AMD": {
        "Open": 6.9375,
        "High": 7.0625,
        "Low": 6.8125,
        "Close": 7.0,
        "Adj Close": 7.0,
        "Volume": 1520600.0
    },
    "AMGN": {
        "Open": 14.90625,
        "High": 15.125,
        "Low": 14.875,
        "Close": 14.9375,
        "Adj Close": 10.103556632995605,
        "Volume": 6600000.0
    },
    "AMT": {
        "Open": null,
        "High": null,
        "Low": null,
        "Close": null,
        "Adj Close": null,
        "Volume": null
    },
    "AMZN": {
        "Open": null,
        "High": null,
        "Low": null,
        "Close": null,
        "Adj Close": null,
        "Volume": null
    },
    "AVGO": {
        "Open": null,
        "High": null,
        "Low": null,
        "Close": null,
        "Adj Close": null,
        "Volume": null
    },
    "AXP": {
        "Open": 13.165970802307129,
        "High": 13.165970802307129,
        "Low": 12.94714641571045,
        "Close": 13.020088195800781,
        "Adj Close": 8.832661628723145,
        "Volume": 3068891.0
    },
    "BA": {
        "Open": 45.5,
        "High": 45.75,
        "Low": 45.375,
        "Close": 45.5625,
        "Adj Close": 28.259857177734375,
        "Volume": 1718600.0
    },
    "BAC": {
        "Open": 21.4375,
        "High": 21.5,
        "Low": 21.3125,
        "Close": 21.40625,
        "Adj Close": 10.105644226074219,
        "Volume": 2496800.0
    },
    "BK": {
        "Open": 15.634937286376953,
        "High": 15.767436981201172,
        "Low": 15.56868839263916,
        "Close": 15.701187133789062,
        "Adj Close": 8.055027961730957,
        "Volume": 1206986.0
    },
    "BKNG": {
        "Open": null,
        "High": null,
        "Low": null,
        "Close": null,
        "Adj Close": null,
        "Volume": null
    },
    "BLK": {
        "Open": null,
        "High": null,
        "Low": null,
        "Close": null,
        "Adj Close": null,
        "Volume": null
    },
    "BMY": {
        "Open": 22.723676681518555,
        "High": 22.812904357910156,
        "Low": 22.604703903198242,
        "Close": 22.693933486938477,
        "Adj Close": 8.088057518005371,
        "Volume": 4441797.0
    },
    "BRK-B": {
        "Open": 21.760000228881836,
        "High": 21.799999237060547,
        "Low": 21.559999465942383,
        "Close": 21.559999465942383,
        "Adj Close": 21.559999465942383,
        "Volume": 105000.0
    },
    "C": {
        "Open": 117.1875,
        "High": 117.1875,
        "Low": 115.0,
        "Close": 115.625,
        "Adj Close": 58.06203079223633,
        "Volume": 231040.0
    },
    "CAT": {
        "Open": 18.375,
        "High": 18.5,
        "Low": 18.21875,
        "Close": 18.28125,
        "Adj Close": 8.807299613952637,
        "Volume": 1732000.0
    },
    "CL": {
        "Open": 10.640625,
        "High": 10.84375,
        "Low": 10.53125,
        "Close": 10.828125,
        "Adj Close": 5.8603363037109375,
        "Volume": 3294400.0
    },
    "CMCSA": {
        "Open": 2.47969388961792,
        "High": 2.5187439918518066,
        "Low": 2.4601690769195557,
        "Close": 2.4992189407348633,
        "Adj Close": 1.6821327209472656,
        "Volume": 616513.0
    },
    "COF": {
        "Open": 9.916666984558105,
        "High": 9.916666984558105,
        "Low": 9.708333015441895,
        "Close": 9.708333015441895,
        "Adj Close": 6.91204833984375,
        "Volume": 434400.0
    },
    "COP": {
        "Open": 16.056293487548828,
        "High": 16.151582717895508,
        "Low": 16.056293487548828,
        "Close": 16.056293487548828,
        "Adj Close": 6.376111030578613,
        "Volume": 581386.0
    },
    "COST": {
        "Open": 10.0,
        "High": 10.125,
        "Low": 9.9375,
        "Close": 9.9375,
        "Adj Close": 6.6299729347229,
        "Volume": 2765000.0
    },
    "CRM": {
        "Open": null,
        "High": null,
        "Low": null,
        "Close": null,
        "Adj Close": null,
        "Volume": null
    },
    "CSCO": {
        "Open": 6.611111164093018,
        "High": 6.7916669845581055,
        "Low": 6.555555820465088,
        "Close": 6.652778148651123,
        "Adj Close": 4.304689407348633,
        "Volume": 60391800.0
    },
    "CVS": {
        "Open": 11.125,
        "High": 11.25,
        "Low": 11.0,
        "Close": 11.0,
        "Adj Close": 5.931445598602295,
        "Volume": 1253200.0
    },
    "CVX": {
        "Open": 31.4375,
        "High": 31.6875,
        "Low": 31.25,
        "Close": 31.3125,
        "Adj Close": 10.794435501098633,
        "Volume": 2384400.0
    },
    "DE": {
        "Open": 21.5,
        "High": 21.5,
        "Low": 20.8125,
        "Close": 20.9375,
        "Adj Close": 11.800009727478027,
        "Volume": 1753800.0
    },
    "DHR": {
        "Open": 3.455111026763916,
        "High": 3.455111026763916,
        "Low": 3.3921000957489014,
        "Close": 3.402601957321167,
        "Adj Close": 2.002680540084839,
        "Volume": 665358.0
    },
    "DIS": {
        "Open": 20.099937438964844,
        "High": 20.223249435424805,
        "Low": 19.976625442504883,
        "Close": 20.141042709350586,
        "Adj Close": 15.047800064086914,
        "Volume": 2739078.0
    },
    "DUK": {
        "Open": 41.73024368286133,
        "High": 41.83919906616211,
        "Low": 41.29441833496094,
        "Close": 41.40337371826172,
        "Adj Close": 11.04787540435791,
        "Volume": 183675.0
    },
    "EMR": {
        "Open": 21.84375,
        "High": 21.96875,
        "Low": 21.71875,
        "Close": 21.84375,
        "Adj Close": 10.037325859069824,
        "Volume": 525600.0
    },
    "FDX": {
        "Open": 18.75,
        "High": 18.78125,
        "Low": 18.625,
        "Close": 18.71875,
        "Adj Close": 14.987967491149902,
        "Volume": 592000.0
    },
    "GD": {
        "Open": 16.46875,
        "High": 16.46875,
        "Low": 16.3125,
        "Close": 16.34375,
        "Adj Close": 8.94057559967041,
        "Volume": 164800.0
    },
    "GE": {
        "Open": 69.69002532958984,
        "High": 69.98955535888672,
        "Low": 69.09097290039062,
        "Close": 69.69002532958984,
        "Adj Close": 35.72920608520508,
        "Volume": 2197212.0
    },
    "GILD": {
        "Open": 0.828125,
        "High": 0.828125,
        "Low": 0.7890629768371582,
        "Close": 0.7929689884185791,
        "Adj Close": 0.550916314125061,
        "Volume": 17273600.0
    },
    "GM": {
        "Open": null,
        "High": null,
        "Low": null,
        "Close": null,
        "Adj Close": null,
        "Volume": null
    },
    "GOOG": {
        "Open": null,
        "High": null,
        "Low": null,
        "Close": null,