{
    "AAPL": {
        "Open": 0.20424099266529083,
        "High": 0.20424099266529083,
        "Low": 0.1997770071029663,
        "Close": 0.1997770071029663,
        "Adj Close": 0.1676057130098343,
        "Volume": 45763200.0
    },
    "ABBV": {
        "Open": null,
        "High": null,
        "Low": null,
        "Close": null,
        "Adj Close": null,
        "Volume": null
    },
    "ABT": {
        "Open": 10.661396026611328,
        "High": 10.77362060546875,
        "Low": 10.633339881896973,
        "Close": 10.689452171325684,
        "Adj Close": 5.202947616577148,
        "Volume": 2833588.0
    },
    "ACN": {
        "Open": null,
        "High": null,
        "Low": null,
        "Close": null,
        "Adj Close": null,
        "Volume": null
    },
    "ADBE": {
        "Open": 4.71875,
        "High": 4.84375,
        "Low": 4.671875,
        "Close": 4.703125,
        "Adj Close": 4.605946063995361,
        "Volume": 11303200.0
    },
    "AIG": {
        "Open": 462.22222900390625,
        "High": 465.77777099609375,
        "Low": 458.6666564941406,
        "Close": 465.1851806640625,
        "Adj Close": 271.7358703613281,
        "Volume": 108148.0
    },
    "AMD": {
        "Open": 7.125,
        "High": 7.125,
        "Low": 7.0,
        "Close": 7.0625,
        "Adj Close": 7.0625,
        "Volume": 987200.0
    },
    "AMGN": {
        "Open": 15.15625,
        "High": 15.3125,
        "Low": 15.0625,
        "Close": 15.21875,
        "Adj Close": 10.293791770935059,
        "Volume": 4802400.0
    },
    "AMT": {
        "Open": null,
        "High": null,
        "Low": null,
        "Close": null,
        "Adj Close": null,
        "Volume": null
    },
    "AMZN": {
        "Open": null,
        "High": null,
        "Low": null,
        "Close": null,
        "Adj Close": null,
        "Volume": null
    },
    "AVGO": {
        "Open": null,
        "High": null,
        "Low": null,
        "Close": null,
        "Adj Close": null,
        "Volume": null
    },
    "AXP": {
        "Open": 13.093029022216797,
        "High": 13.202442169189453,
        "Low": 13.020088195800781,
        "Close": 13.129500389099121,
        "Adj Close": 8.906888961791992,
        "Volume": 2224723.0
    },
    "BA": {
        "Open": 47.4375,
        "High": 47.4375,
        "Low": 47.125,
        "Close": 47.3125,
        "Adj Close": 29.345279693603516,
        "Volume": 1331600.0
    },
    "BAC": {
        "Open": 20.90625,
        "High": 21.09375,
        "Low": 20.75,
        "Close": 21.03125,
        "Adj Close": 9.928613662719727,
        "Volume": 6540000.0
    },
    "BK": {
        "Open": 15.701187133789062,
        "High": 15.833686828613281,
        "Low": 15.56868839263916,
        "Close": 15.833686828613281,
        "Adj Close": 8.123005867004395,
        "Volume": 913211.0
    },
    "BKNG": {
        "Open": null,
        "High": null,
        "Low": null,
        "Close": null,
        "Adj Close": null,
        "Volume": null
    },
    "BLK": {
        "Open": null,
        "High": null,
        "Low": null,
        "Close": null,
        "Adj Close": null,
        "Volume": null
    },
    "BMY": {
        "Open": 22.842647552490234,
        "High": 23.110334396362305,
        "Low": 22.604703903198242,
        "Close": 23.080591201782227,
        "Adj Close": 8.225863456726074,
        "Volume": 3142753.0
    },
    "BRK-B": {
        "Open": 21.65999984741211,
        "High": 21.65999984741211,
        "Low": 21.440000534057617,
        "Close": 21.520000457763672,
        "Adj Close": 21.520000457763672,
        "Volume": 30000.0
    },
    "C": {
        "Open": 118.125,
        "High": 119.375,
        "Low": 116.5625,
        "Close": 118.75,
        "Adj Close": 59.63127517700195,
        "Volume": 219720.0
    },
    "CAT": {
        "Open": 18.78125,
        "High": 18.78125,
        "Low": 18.625,
        "Close": 18.75,
        "Adj Close": 9.033127784729004,
        "Volume": 1619200.0
    },
    "CL": {
        "Open": 10.96875,
        "High": 10.984375,
        "Low": 10.84375,
        "Close": 10.9375,
        "Adj Close": 5.919531345367432,
        "Volume": 1804000.0
    },
    "CMCSA": {
        "Open": 2.4992189407348633,
        "High": 2.53826904296875,
        "Low": 2.4601690769195557,
        "Close": 2.4992189407348633,
        "Adj Close": 1.6821327209472656,
        "Volume": 757997.0
    },
    "COF": {
        "Open": 9.791666984558105,
        "High": 9.791666984558105,
        "Low": 9.583333015441895,
        "Close": 9.625,
        "Adj Close": 6.852719306945801,
        "Volume": 380700.0
    },
    "COP": {
        "Open": 16.29451560974121,
        "High": 16.29451560974121,
        "Low": 16.151582717895508,
        "Close": 16.29451560974121,
        "Adj Close": 6.47071647644043,
        "Volume": 412952.0
    },
    "COST": {
        "Open": 9.875,
        "High": 10.0625,
        "Low": 9.8125,
        "Close": 9.9375,
        "Adj Close": 6.6299729347229,
        "Volume": 1570600.0
    },
    "CRM": {
        "Open": null,
        "High": null,
        "Low": null,
        "Close": null,
        "Adj Close": null,
        "Volume": null
    },
    "CSCO": {
        "Open": 6.722221851348877,
        "High": 6.751736164093018,
        "Low": 6.638888835906982,
        "Close": 6.743055820465088,
        "Adj Close": 4.36310338973999,
        "Volume": 40231800.0
    },
    "CVS": {
        "Open": 11.09375,
        "High": 11.125,
        "Low": 11.0,
        "Close": 11.09375,
        "Adj Close": 5.98199462890625,
        "Volume": 443600.0
    },
    "CVX": {
        "Open": 31.1875,
        "High": 31.25,
        "Low": 30.875,
        "Close": 31.25,
        "Adj Close": 10.7728853225708,
        "Volume": 1770400.0
    },
    "DE": {
        "Open": 20.8125,
        "High": 21.0,
        "Low": 20.8125,
        "Close": 20.9375,
        "Adj Close": 11.800009727478027,
        "Volume": 1087000.0
    },
    "DHR": {
        "Open": 3.4236059188842773,
        "High": 3.4236059188842773,
        "Low": 3.371095895767212,
        "Close": 3.4131040573120117,
        "Adj Close": 2.008861541748047,
        "Volume": 458252.0
    },
    "DIS": {
        "Open": 20.757604598999023,
        "High": 20.922021865844727,
        "Low": 20.675395965576172,
        "Close": 20.922021865844727,
        "Adj Close": 15.631288528442383,
        "Volume": 2743335.0
    },
    "DUK": {
        "Open": 40.749637603759766,
        "High": 40.96754837036133,
        "Low": 40.640682220458984,
        "Close": 40.96754837036133,
        "Adj Close": 10.931586265563965,
        "Volume": 167498.0
    },
    "EMR": {
        "Open": 22.1875,
        "High": 22.25,
        "Low": 22.125,
        "Close": 22.21875,
        "Adj Close": 10.209639549255371,
        "Volume": 1205600.0
    },
    "FDX": {
        "Open": 19.1875,
        "High": 19.21875,
        "Low": 18.90625,
        "Close": 19.1875,
        "Adj Close": 15.363288879394531,
        "Volume": 989600.0
    },
    "GD": {
        "Open": 16.15625,
        "High": 16.34375,
        "Low": 16.125,
        "Close": 16.3125,
        "Adj Close": 8.923484802246094,
        "Volume": 250000.0
    },
    "GE": {
        "Open": 70.98797607421875,
        "High": 71.08782196044922,
        "Low": 70.18923950195312,
        "Close": 70.6884536743164,
        "Adj Close": 36.241092681884766,
        "Volume": 1909008.0
    },
    "GILD": {
        "Open": 0.8203129768371582,
        "High": 0.84375,
        "Low": 0.8125,
        "Close": 0.84375,
        "Adj Close": 0.5861964225769043,
        "Volume": 4092800.0
    },
    "GM": {
        "Open": null,
        "High": null,
        "Low": null,
        "Close": null,
        "Adj Close": null,
        "Volume": null
    },
    "GOOG": {
        "Open": null,
        "High": null,
        "Low": null,
        "Close": null,
        "Adj Close": null,