{
    "AAPL": {
        "Open": 0.1997770071029663,
        "High": 0.20424099266529083,
        "Low": 0.1997770071029663,
        "Close": 0.20089299976825714,
        "Adj Close": 0.1685420423746109,
        "Volume": 143785600.0
    },
    "ABBV": {
        "Open": null,
        "High": null,
        "Low": null,
        "Close": null,
        "Adj Close": null,
        "Volume": null
    },
    "ABT": {
        "Open": 10.661396026611328,
        "High": 10.885846138000488,
        "Low": 10.661396026611328,
        "Close": 10.77362060546875,
        "Adj Close": 5.243913650512695,
        "Volume": 3788364.0
    },
    "ACN": {
        "Open": null,
        "High": null,
        "Low": null,
        "Close": null,
        "Adj Close": null,
        "Volume": null
    },
    "ADBE": {
        "Open": 4.65625,
        "High": 4.734375,
        "Low": 4.546875,
        "Close": 4.609375,
        "Adj Close": 4.514132022857666,
        "Volume": 13443200.0
    },
    "AIG": {
        "Open": 466.370361328125,
        "High": 466.96295166015625,
        "Low": 462.8148193359375,
        "Close": 465.1851806640625,
        "Adj Close": 271.7358703613281,
        "Volume": 161009.0
    },
    "AMD": {
        "Open": 7.125,
        "High": 7.5,
        "Low": 7.125,
        "Close": 7.5,
        "Adj Close": 7.5,
        "Volume": 3065800.0
    },
    "AMGN": {
        "Open": 15.21875,
        "High": 15.5,
        "Low": 15.09375,
        "Close": 15.46875,
        "Adj Close": 10.462889671325684,
        "Volume": 7379200.0
    },
    "AMT": {
        "Open": null,
        "High": null,
        "Low": null,
        "Close": null,
        "Adj Close": null,
        "Volume": null
    },
    "AMZN": {
        "Open": null,
        "High": null,
        "Low": null,
        "Close": null,
        "Adj Close": null,
        "Volume": null
    },
    "AVGO": {
        "Open": null,
        "High": null,
        "Low": null,
        "Close": null,
        "Adj Close": null,
        "Volume": null
    },
    "AXP": {
        "Open": 13.165970802307129,
        "High": 13.311854362487793,
        "Low": 13.020088195800781,
        "Close": 13.129500389099121,
        "Adj Close": 8.906888961791992,
        "Volume": 3325945.0
    },
    "BA": {
        "Open": 47.3125,
        "High": 47.6875,
        "Low": 46.8125,
        "Close": 47.125,
        "Adj Close": 29.2289981842041,
        "Volume": 2069800.0
    },
    "BAC": {
        "Open": 21.0625,
        "High": 21.1875,
        "Low": 20.84375,
        "Close": 21.0,
        "Adj Close": 9.913863182067871,
        "Volume": 6555200.0
    },
    "BK": {
        "Open": 15.833686828613281,
        "High": 15.899935722351074,
        "Low": 15.502437591552734,
        "Close": 15.634937286376953,
        "Adj Close": 8.02104377746582,
        "Volume": 1594912.0
    },
    "BKNG": {
        "Open": null,
        "High": null,
        "Low": null,
        "Close": null,
        "Adj Close": null,
        "Volume": null
    },
    "BLK": {
        "Open": null,
        "High": null,
        "Low": null,
        "Close": null,
        "Adj Close": null,
        "Volume": null
    },
    "BMY": {
        "Open": 23.080591201782227,
        "High": 23.16982078552246,
        "Low": 22.574960708618164,
        "Close": 22.574960708618164,
        "Adj Close": 8.045655250549316,
        "Volume": 4477519.0
    },
    "BRK-B": {
        "Open": 21.459999084472656,
        "High": 21.639999389648438,
        "Low": 21.280000686645508,
        "Close": 21.559999465942383,
        "Adj Close": 21.559999465942383,
        "Volume": 65000.0
    },
    "C": {
        "Open": 118.75,
        "High": 119.0625,
        "Low": 117.1875,
        "Close": 117.8125,
        "Adj Close": 59.16053009033203,
        "Volume": 341760.0
    },
    "CAT": {
        "Open": 18.75,
        "High": 18.96875,
        "Low": 18.65625,
        "Close": 18.84375,
        "Adj Close": 9.078290939331055,
        "Volume": 1993200.0
    },
    "CL": {
        "Open": 10.890625,
        "High": 11.09375,
        "Low": 10.875,
        "Close": 10.953125,
        "Adj Close": 5.927988052368164,
        "Volume": 3218400.0
    },
    "CMCSA": {
        "Open": 2.47969388961792,
        "High": 2.4992189407348633,
        "Low": 2.47969388961792,
        "Close": 2.4894559383392334,
        "Adj Close": 1.675561547279358,
        "Volume": 537128.0
    },
    "COF": {
        "Open": 9.625,
        "High": 9.625,
        "Low": 9.416666984558105,
        "Close": 9.5,
        "Adj Close": 6.763720989227295,
        "Volume": 752400.0
    },
    "COP": {
        "Open": 16.29451560974121,
        "High": 16.485095977783203,
        "Low": 16.246871948242188,
        "Close": 16.342161178588867,
        "Adj Close": 6.489635944366455,
        "Volume": 866831.0
    },
    "COST": {
        "Open": 9.9375,
        "High": 10.0625,
        "Low": 9.9375,
        "Close": 10.0625,
        "Adj Close": 6.7133684158325195,
        "Volume": 3138400.0
    },
    "CRM": {
        "Open": null,
        "High": null,
        "Low": null,
        "Close": null,
        "Adj Close": null,
        "Volume": null
    },
    "CSCO": {
        "Open": 6.680555820465088,
        "High": 6.777778148651123,
        "Low": 6.611111164093018,
        "Close": 6.722221851348877,
        "Adj Close": 4.349621295928955,
        "Volume": 61106400.0
    },
    "CVS": {
        "Open": 11.21875,
        "High": 11.25,
        "Low": 11.15625,
        "Close": 11.21875,
        "Adj Close": 6.049399375915527,
        "Volume": 3491200.0
    },
    "CVX": {
        "Open": 30.9375,
        "High": 31.1875,
        "Low": 30.8125,
        "Close": 31.1875,
        "Adj Close": 10.751344680786133,
        "Volume": 3327400.0
    },
    "DE": {
        "Open": 20.875,
        "High": 21.0625,
        "Low": 20.8125,
        "Close": 20.9375,
        "Adj Close": 11.800009727478027,
        "Volume": 1759200.0
    },
    "DHR": {
        "Open": 3.4131040573120117,
        "High": 3.4131040573120117,
        "Low": 3.3815979957580566,
        "Close": 3.402601957321167,
        "Adj Close": 2.002680540084839,
        "Volume": 776053.0
    },
    "DIS": {
        "Open": 20.922021865844727,
        "High": 20.963125228881836,
        "Low": 20.59318733215332,
        "Close": 20.634292602539062,
        "Adj Close": 15.416324615478516,
        "Volume": 3512722.0
    },
    "DUK": {
        "Open": 40.96754837036133,
        "High": 41.40337371826172,
        "Low": 40.85859298706055,
        "Close": 40.96754837036133,
        "Adj Close": 10.931586265563965,
        "Volume": 216715.0
    },
    "EMR": {
        "Open": 22.0,
        "High": 22.5625,
        "Low": 22.0,
        "Close": 22.46875,
        "Adj Close": 10.324515342712402,
        "Volume": 1753600.0
    },
    "FDX": {
        "Open": 19.1875,
        "High": 19.25,
        "Low": 19.09375,
        "Close": 19.21875,
        "Adj Close": 15.38830852508545,
        "Volume": 1016400.0
    },
    "GD": {
        "Open": 16.34375,
        "High": 16.375,
        "Low": 16.1875,
        "Close": 16.21875,
        "Adj Close": 8.87220287322998,
        "Volume": 352400.0
    },
    "GE": {
        "Open": 70.88813781738281,
        "High": 72.28592681884766,
        "Low": 70.48876953125,
        "Close": 71.7867202758789,
        "Adj Close": 36.80414581298828,
        "Volume": 3320106.0
    },
    "GILD": {
        "Open": 0.8359379768371582,
        "High": 0.875,
        "Low": 0.8242189884185791,
        "Close": 0.859375,
        "Adj Close": 0.5970519781112671,
        "Volume": 12860800.0
    },
    "GM": {
        "Open": null,
        "High": null,
        "Low": null,
        "Close": null,
        "Adj Close": null,
        "Volume": null
    },
    "GOOG": {
        "Open": null,
        "High": null,
        "Low": null,
        "Close": null,
        "Adj Close": null,