{
    "AAPL": {
        "Open": 0.19754500687122345,
        "High": 0.1997770071029663,
        "Low": 0.19754500687122345,
        "Close": 0.19810299575328827,
        "Adj Close": 0.16620133817195892,
        "Volume": 85444800.0
    },
    "ABBV": {
        "Open": null,
        "High": null,
        "Low": null,
        "Close": null,
        "Adj Close": null,
        "Volume": null
    },
    "ABT": {
        "Open": 11.054183959960938,
        "High": 11.16640853881836,
        "Low": 11.026127815246582,
        "Close": 11.054183959960938,
        "Adj Close": 5.3804755210876465,
        "Volume": 4771655.0
    },
    "ACN": {
        "Open": null,
        "High": null,
        "Low": null,
        "Close": null,
        "Adj Close": null,
        "Volume": null
    },
    "ADBE": {
        "Open": 4.71875,
        "High": 4.75,
        "Low": 4.65625,
        "Close": 4.65625,
        "Adj Close": 4.566065788269043,
        "Volume": 5514400.0
    },
    "AIG": {
        "Open": 475.2592468261719,
        "High": 479.40740966796875,
        "Low": 474.6666564941406,
        "Close": 477.629638671875,
        "Adj Close": 279.0052490234375,
        "Volume": 123525.0
    },
    "AMD": {
        "Open": 7.4375,
        "High": 7.5625,
        "Low": 7.375,
        "Close": 7.375,
        "Adj Close": 7.375,
        "Volume": 663400.0
    },
    "AMGN": {
        "Open": 15.71875,
        "High": 15.9375,
        "Low": 15.65625,
        "Close": 15.78125,
        "Adj Close": 10.674262046813965,
        "Volume": 6390800.0
    },
    "AMT": {
        "Open": null,
        "High": null,
        "Low": null,
        "Close": null,
        "Adj Close": null,
        "Volume": null
    },
    "AMZN": {
        "Open": null,
        "High": null,
        "Low": null,
        "Close": null,
        "Adj Close": null,
        "Volume": null
    },
    "AVGO": {
        "Open": null,
        "High": null,
        "Low": null,
        "Close": null,
        "Adj Close": null,
        "Volume": null
    },
    "AXP": {
        "Open": 13.494208335876465,
        "High": 13.640091896057129,
        "Low": 13.457737922668457,
        "Close": 13.494208335876465,
        "Adj Close": 9.154298782348633,
        "Volume": 3121330.0
    },
    "BA": {
        "Open": 47.4375,
        "High": 47.625,
        "Low": 47.1875,
        "Close": 47.25,
        "Adj Close": 29.306516647338867,
        "Volume": 1267000.0
    },
    "BAC": {
        "Open": 21.65625,
        "High": 21.78125,
        "Low": 21.65625,
        "Close": 21.71875,
        "Adj Close": 10.253169059753418,
        "Volume": 5025200.0
    },
    "BK": {
        "Open": 15.502437591552734,
        "High": 15.56868839263916,
        "Low": 15.436187744140625,
        "Close": 15.56868839263916,
        "Adj Close": 7.987056255340576,
        "Volume": 1851706.0
    },
    "BKNG": {
        "Open": null,
        "High": null,
        "Low": null,
        "Close": null,
        "Adj Close": null,
        "Volume": null
    },
    "BLK": {
        "Open": null,
        "High": null,
        "Low": null,
        "Close": null,
        "Adj Close": null,
        "Volume": null
    },
    "BMY": {
        "Open": 23.110334396362305,
        "High": 23.140077590942383,
        "Low": 22.90213394165039,
        "Close": 22.93187713623047,
        "Adj Close": 8.172860145568848,
        "Volume": 3154941.0
    },
    "BRK-B": {
        "Open": 21.280000686645508,
        "High": 21.600000381469727,
        "Low": 21.280000686645508,
        "Close": 21.459999084472656,
        "Adj Close": 21.459999084472656,
        "Volume": 55000.0
    },
    "C": {
        "Open": 123.125,
        "High": 124.6875,
        "Low": 122.8125,
        "Close": 122.8125,
        "Adj Close": 61.67130661010742,
        "Volume": 381040.0
    },
    "CAT": {
        "Open": 18.5,
        "High": 18.875,
        "Low": 18.46875,
        "Close": 18.84375,
        "Adj Close": 9.078290939331055,
        "Volume": 2434800.0
    },
    "CL": {
        "Open": 10.984375,
        "High": 11.046875,
        "Low": 10.859375,
        "Close": 10.859375,
        "Adj Close": 5.8772478103637695,
        "Volume": 2232800.0
    },
    "CMCSA": {
        "Open": 2.4211180210113525,
        "High": 2.4601690769195557,
        "Low": 2.382067918777466,
        "Close": 2.401592969894409,
        "Adj Close": 1.616424560546875,
        "Volume": 1003193.0
    },
    "COF": {
        "Open": 9.875,
        "High": 10.0,
        "Low": 9.833333015441895,
        "Close": 9.958333015441895,
        "Adj Close": 7.090043544769287,
        "Volume": 309600.0
    },
    "COP": {
        "Open": 16.008647918701172,
        "High": 16.29451560974121,
        "Low": 16.008647918701172,
        "Close": 16.29451560974121,
        "Adj Close": 6.47071647644043,
        "Volume": 798881.0
    },
    "COST": {
        "Open": 10.125,
        "High": 10.375,
        "Low": 10.0625,
        "Close": 10.25,
        "Adj Close": 6.838462829589844,
        "Volume": 1422200.0
    },
    "CRM": {
        "Open": null,
        "High": null,
        "Low": null,
        "Close": null,
        "Adj Close": null,
        "Volume": null
    },
    "CSCO": {
        "Open": 7.0,
        "High": 7.0833330154418945,
        "Low": 6.888888835906982,
        "Close": 6.8958330154418945,
        "Adj Close": 4.461957931518555,
        "Volume": 39687300.0
    },
    "CVS": {
        "Open": 10.96875,
        "High": 11.09375,
        "Low": 10.90625,
        "Close": 11.03125,
        "Adj Close": 5.948296546936035,
        "Volume": 1437600.0
    },
    "CVX": {
        "Open": 30.9375,
        "High": 31.4375,
        "Low": 30.8125,
        "Close": 31.3125,
        "Adj Close": 10.794435501098633,
        "Volume": 1879800.0
    },
    "DE": {
        "Open": 21.0625,
        "High": 21.25,
        "Low": 21.0,
        "Close": 21.0,
        "Adj Close": 11.892035484313965,
        "Volume": 910200.0
    },
    "DHR": {
        "Open": 3.5496280193328857,
        "High": 3.5601298809051514,
        "Low": 3.4761149883270264,
        "Close": 3.4761149883270264,
        "Adj Close": 2.047212839126587,
        "Volume": 566566.0
    },
    "DIS": {
        "Open": 20.71649932861328,
        "High": 21.004228591918945,
        "Low": 20.634292602539062,
        "Close": 20.798707962036133,
        "Adj Close": 15.539154052734375,
        "Volume": 3612164.0
    },
    "DUK": {
        "Open": 40.96754837036133,
        "High": 41.076507568359375,
        "Low": 40.640682220458984,
        "Close": 40.640682220458984,
        "Adj Close": 10.844365119934082,
        "Volume": 174382.0
    },
    "EMR": {
        "Open": 22.71875,
        "High": 22.75,
        "Low": 22.53125,
        "Close": 22.53125,
        "Adj Close": 10.353231430053711,
        "Volume": 949200.0
    },
    "FDX": {
        "Open": 19.5625,
        "High": 19.84375,
        "Low": 19.5625,
        "Close": 19.8125,
        "Adj Close": 15.86372184753418,
        "Volume": 688000.0
    },
    "GD": {
        "Open": 16.75,
        "High": 17.40625,
        "Low": 16.75,
        "Close": 17.21875,
        "Adj Close": 9.419239044189453,
        "Volume": 1276000.0
    },
    "GE": {
        "Open": 72.8849868774414,
        "High": 73.38419342041016,
        "Low": 72.28592681884766,
        "Close": 72.685302734375,
        "Adj Close": 37.453128814697266,
        "Volume": 2257181.0
    },
    "GILD": {
        "Open": 0.8828129768371582,
        "High": 0.8867189884185791,
        "Low": 0.8671879768371582,
        "Close": 0.8828129768371582,
        "Adj Close": 0.6133354902267456,
        "Volume": 7100800.0
    },
    "GM": {
        "Open": null,
        "High": null,
        "Low": null,
        "Close": null,
        "Adj Close": null,
        "Volume": null
    },
    "GOOG": {
        "Open": null,
        "High": null,
        "Low": null,
        "Close": null,