{
    "AAPL": {
        "Open": 0.4135040044784546,
        "High": 0.41629499197006226,
        "Low": 0.3939729928970337,
        "Close": 0.41183000802993774,
        "Adj Close": 0.34551066160202026,
        "Volume": 820736000.0
    },
    "ABBV": {
        "Open": null,
        "High": null,
        "Low": null,
        "Close": null,
        "Adj Close": null,
        "Volume": null
    },
    "ABT": {
        "Open": 20.70555305480957,
        "High": 21.07028579711914,
        "Low": 20.70555305480957,
        "Close": 20.901947021484375,
        "Adj Close": 10.609002113342285,
        "Volume": 4568046.0
    },
    "ACN": {
        "Open": null,
        "High": null,
        "Low": null,
        "Close": null,
        "Adj Close": null,
        "Volume": null
    },
    "ADBE": {
        "Open": 6.070312976837158,
        "High": 6.132812976837158,
        "Low": 6.0625,
        "Close": 6.085937976837158,
        "Adj Close": 6.0290069580078125,
        "Volume": 3996000.0
    },
    "AIG": {
        "Open": 1108.6666259765625,
        "High": 1108.6666259765625,
        "Low": 1063.3333740234375,
        "Close": 1070.6666259765625,
        "Adj Close": 629.5408935546875,
        "Volume": 273244.0
    },
    "AMD": {
        "Open": 16.125,
        "High": 16.5,
        "Low": 15.375,
        "Close": 15.75,
        "Adj Close": 15.75,
        "Volume": 15023000.0
    },
    "AMGN": {
        "Open": 27.125,
        "High": 27.40625,
        "Low": 26.703125,
        "Close": 26.75,
        "Adj Close": 18.093400955200195,
        "Volume": 8327200.0
    },
    "AMT": {
        "Open": 27.9375,
        "High": 28.0,
        "Low": 27.375,
        "Close": 27.8125,
        "Adj Close": 20.33588981628418,
        "Volume": 365100.0
    },
    "AMZN": {
        "Open": 4.512499809265137,
        "High": 4.550000190734863,
        "Low": 3.9749999046325684,
        "Close": 4.084374904632568,
        "Adj Close": 4.084374904632568,
        "Volume": 488864000.0
    },
    "AVGO": {
        "Open": null,
        "High": null,
        "Low": null,
        "Close": null,
        "Adj Close": null,
        "Volume": null
    },
    "AXP": {
        "Open": 30.781383514404297,
        "High": 30.799619674682617,
        "Low": 29.669023513793945,
        "Close": 29.869613647460938,
        "Adj Close": 20.88814926147461,
        "Volume": 3566549.0
    },
    "BA": {
        "Open": 34.875,
        "High": 34.875,
        "Low": 34.0,
        "Close": 34.0625,
        "Adj Close": 21.698152542114258,
        "Volume": 3577500.0
    },
    "BAC": {
        "Open": 34.75,
        "High": 34.78125,
        "Low": 33.125,
        "Close": 33.46875,
        "Adj Close": 16.667673110961914,
        "Volume": 10338600.0
    },
    "BK": {
        "Open": 38.55734634399414,
        "High": 38.55734634399414,
        "Low": 37.49734878540039,
        "Close": 37.69609832763672,
        "Adj Close": 20.300392150878906,
        "Volume": 1343024.0
    },
    "BKNG": {
        "Open": null,
        "High": null,
        "Low": null,
        "Close": null,
        "Adj Close": null,
        "Volume": null
    },
    "BLK": {
        "Open": null,
        "High": null,
        "Low": null,
        "Close": null,
        "Adj Close": null,
        "Volume": null
    },
    "BMY": {
        "Open": 61.627559661865234,
        "High": 61.98447799682617,
        "Low": 61.092185974121094,
        "Close": 61.211158752441406,
        "Adj Close": 22.896562576293945,
        "Volume": 3972989.0
    },
    "BRK-B": {
        "Open": 41.560001373291016,
        "High": 42.58000183105469,
        "Low": 41.36000061035156,
        "Close": 41.779998779296875,
        "Adj Close": 41.779998779296875,
        "Volume": 1405000.0
    },
    "C": {
        "Open": 285.625,
        "High": 287.1875,
        "Low": 278.75,
        "Close": 278.75,
        "Adj Close": 143.23768615722656,
        "Volume": 2283360.0
    },
    "CAT": {
        "Open": 26.25,
        "High": 26.25,
        "Low": 24.9375,
        "Close": 25.3125,
        "Adj Close": 12.765918731689453,
        "Volume": 7582200.0
    },
    "CL": {
        "Open": 21.1875,
        "High": 21.375,
        "Low": 20.921875,
        "Close": 21.125,
        "Adj Close": 11.848634719848633,
        "Volume": 7105200.0
    },
    "CMCSA": {
        "Open": 9.586848258972168,
        "High": 9.821149826049805,
        "Low": 9.41112232208252,
        "Close": 9.420884132385254,
        "Adj Close": 6.390590190887451,
        "Volume": 2326487.0
    },
    "COF": {
        "Open": 42.16666793823242,
        "High": 44.16666793823242,
        "Low": 42.14583206176758,
        "Close": 42.89583206176758,
        "Adj Close": 30.97878646850586,
        "Volume": 1569900.0
    },
    "COP": {
        "Open": 15.67513370513916,
        "High": 15.93718147277832,
        "Low": 15.651311874389648,
        "Close": 15.770423889160156,
        "Adj Close": 6.7071027755737305,
        "Volume": 2629354.0
    },
    "COST": {
        "Open": 35.96875,
        "High": 36.53125,
        "Low": 35.78125,
        "Close": 36.15625,
        "Adj Close": 24.12225341796875,
        "Volume": 4284800.0
    },
    "CRM": {
        "Open": null,
        "High": null,
        "Low": null,
        "Close": null,
        "Adj Close": null,
        "Volume": null
    },
    "CSCO": {
        "Open": 26.078125,
        "High": 26.09375,
        "Low": 24.4375,
        "Close": 24.53125,
        "Adj Close": 15.872978210449219,
        "Volume": 99631200.0
    },
    "CVS": {
        "Open": 25.3125,
        "High": 25.3125,
        "Low": 24.46875,
        "Close": 24.8125,
        "Adj Close": 15.608970642089844,
        "Volume": 1900400.0
    },
    "CVX": {
        "Open": 42.0625,
        "High": 42.15625,
        "Low": 40.84375,
        "Close": 41.03125,
        "Adj Close": 15.156635284423828,
        "Volume": 2478200.0
    },
    "DE": {
        "Open": 18.0,
        "High": 18.59375,
        "Low": 18.0,
        "Close": 18.125,
        "Adj Close": 10.709511756896973,
        "Volume": 2699600.0
    },
    "DHR": {
        "Open": 8.622024536132812,
        "High": 8.622024536132812,
        "Low": 8.40148639678955,
        "Close": 8.506505012512207,
        "Adj Close": 5.028725624084473,
        "Volume": 1550321.0
    },
    "DIS": {
        "Open": 36.68547058105469,
        "High": 38.165218353271484,
        "Low": 36.68547058105469,
        "Close": 37.48699951171875,
        "Adj Close": 28.41834831237793,
        "Volume": 21560568.0
    },
    "DUK": {
        "Open": 55.02290725708008,
        "High": 55.51321029663086,
        "Low": 54.96842956542969,
        "Close": 55.24081802368164,
        "Adj Close": 16.201337814331055,
        "Volume": 1160787.0
    },
    "EMR": {
        "Open": 31.59375,
        "High": 31.6875,
        "Low": 30.84375,
        "Close": 31.21875,
        "Adj Close": 15.007786750793457,
        "Volume": 1697400.0
    },
    "FDX": {
        "Open": 42.8125,
        "High": 42.84375,
        "Low": 41.875,
        "Close": 42.65625,
        "Adj Close": 34.1545295715332,
        "Volume": 2800400.0
    },
    "GD": {
        "Open": 28.96875,
        "High": 29.4375,
        "Low": 28.375,
        "Close": 28.40625,
        "Adj Close": 16.280170440673828,
        "Volume": 428800.0
    },
    "GE": {
        "Open": 158.9491729736328,
        "High": 160.14727783203125,
        "Low": 155.15516662597656,
        "Close": 156.15357971191406,
        "Adj Close": 83.45030212402344,
        "Volume": 3362736.0
    },
    "GILD": {
        "Open": 1.238281011581421,
        "High": 1.265625,
        "Low": 1.230468988418579,
        "Close": 1.253906011581421,
        "Adj Close": 0.8711531162261963,
        "Volume": 7097600.0
    },
    "GM": {
        "Open": null,
        "High": null,
        "Low": null,
        "Close": null,
        "Adj Close": null,