{
    "AAPL": {
        "Open": 0.37332600355148315,
        "High": 0.376116007566452,
        "Low": 0.35714301466941833,
        "Close": 0.36886200308799744,
        "Adj Close": 0.3094620406627655,
        "Volume": 1006006400.0
    },
    "ABBV": {
        "Open": null,
        "High": null,
        "Low": null,
        "Close": null,
        "Adj Close": null,
        "Volume": null
    },
    "ABT": {
        "Open": 21.5472412109375,
        "High": 21.659467697143555,
        "Low": 21.12639808654785,
        "Close": 21.378904342651367,
        "Adj Close": 10.886157035827637,
        "Volume": 4884374.0
    },
    "ACN": {
        "Open": null,
        "High": null,
        "Low": null,
        "Close": null,
        "Adj Close": null,
        "Volume": null
    },
    "ADBE": {
        "Open": 5.984375,
        "High": 6.148437976837158,
        "Low": 5.984375,
        "Close": 6.117187976837158,
        "Adj Close": 6.059963703155518,
        "Volume": 3761600.0
    },
    "AIG": {
        "Open": 1056.0,
        "High": 1098.0,
        "Low": 1049.3333740234375,
        "Close": 1094.6666259765625,
        "Adj Close": 643.6527099609375,
        "Volume": 244228.0
    },
    "AMD": {
        "Open": 11.5,
        "High": 11.5,
        "Low": 10.5,
        "Close": 11.1875,
        "Adj Close": 11.1875,
        "Volume": 16846600.0
    },
    "AMGN": {
        "Open": 26.5625,
        "High": 27.34375,
        "Low": 26.3125,
        "Close": 27.21875,
        "Adj Close": 18.41045570373535,
        "Volume": 8527200.0
    },
    "AMT": {
        "Open": 27.0,
        "High": 28.25,
        "Low": 26.75,
        "Close": 28.25,
        "Adj Close": 20.655780792236328,
        "Volume": 155400.0
    },
    "AMZN": {
        "Open": 3.5,
        "High": 3.75156307220459,
        "Low": 3.440624952316284,
        "Close": 3.5093750953674316,
        "Adj Close": 3.5093750953674316,
        "Volume": 402652000.0
    },
    "AVGO": {
        "Open": null,
        "High": null,
        "Low": null,
        "Close": null,
        "Adj Close": null,
        "Volume": null
    },
    "AXP": {
        "Open": 28.283130645751953,
        "High": 30.45314598083496,
        "Low": 28.264896392822266,
        "Close": 30.45314598083496,
        "Adj Close": 21.29622459411621,
        "Volume": 7785331.0
    },
    "BA": {
        "Open": 33.5,
        "High": 33.8125,
        "Low": 33.3125,
        "Close": 33.6875,
        "Adj Close": 21.459274291992188,
        "Volume": 2754300.0
    },
    "BAC": {
        "Open": 31.5,
        "High": 32.375,
        "Low": 31.5,
        "Close": 32.28125,
        "Adj Close": 16.076282501220703,
        "Volume": 12151600.0
    },
    "BK": {
        "Open": 36.03985595703125,
        "High": 39.61734390258789,
        "Low": 36.03985595703125,
        "Close": 39.286094665527344,
        "Adj Close": 21.156654357910156,
        "Volume": 2835955.0
    },
    "BKNG": {
        "Open": null,
        "High": null,
        "Low": null,
        "Close": null,
        "Adj Close": null,
        "Volume": null
    },
    "BLK": {
        "Open": null,
        "High": null,
        "Low": null,
        "Close": null,
        "Adj Close": null,
        "Volume": null
    },
    "BMY": {
        "Open": 59.486061096191406,
        "High": 59.54554748535156,
        "Low": 58.65325927734375,
        "Close": 58.92094421386719,
        "Adj Close": 22.039884567260742,
        "Volume": 4172826.0
    },
    "BRK-B": {
        "Open": 42.70000076293945,
        "High": 43.040000915527344,
        "Low": 42.34000015258789,
        "Close": 42.560001373291016,
        "Adj Close": 42.560001373291016,
        "Volume": 1245000.0
    },
    "C": {
        "Open": 253.125,
        "High": 261.25,
        "Low": 252.1875,
        "Close": 257.5,
        "Adj Close": 132.3182373046875,
        "Volume": 2586520.0
    },
    "CAT": {
        "Open": 23.4375,
        "High": 23.84375,
        "Low": 23.4375,
        "Close": 23.78125,
        "Adj Close": 12.07111644744873,
        "Volume": 2539000.0
    },
    "CL": {
        "Open": 18.9375,
        "High": 19.59375,
        "Low": 18.8125,
        "Close": 19.0,
        "Adj Close": 10.65676212310791,
        "Volume": 13244400.0
    },
    "CMCSA": {
        "Open": 9.64542293548584,
        "High": 9.684473991394043,
        "Low": 9.508747100830078,
        "Close": 9.625898361206055,
        "Adj Close": 6.529662132263184,
        "Volume": 3512777.0
    },
    "COF": {
        "Open": 42.83333206176758,
        "High": 43.66666793823242,
        "Low": 42.45833206176758,
        "Close": 43.47916793823242,
        "Adj Close": 31.40005111694336,
        "Volume": 1712100.0
    },
    "COP": {
        "Open": 15.556021690368652,
        "High": 15.67513370513916,
        "Low": 15.4845552444458,
        "Close": 15.603667259216309,
        "Adj Close": 6.636180400848389,
        "Volume": 2300357.0
    },
    "COST": {
        "Open": 36.625,
        "High": 37.1875,
        "Low": 35.75,
        "Close": 37.15625,
        "Adj Close": 24.789430618286133,
        "Volume": 2741400.0
    },
    "CRM": {
        "Open": null,
        "High": null,
        "Low": null,
        "Close": null,
        "Adj Close": null,
        "Volume": null
    },
    "CSCO": {
        "Open": 24.4375,
        "High": 25.4375,
        "Low": 24.4375,
        "Close": 25.421875,
        "Adj Close": 16.449260711669922,
        "Volume": 64330400.0
    },
    "CVS": {
        "Open": 24.96875,
        "High": 25.09375,
        "Low": 24.65625,
        "Close": 24.90625,
        "Adj Close": 15.667956352233887,
        "Volume": 2547400.0
    },
    "CVX": {
        "Open": 40.0,
        "High": 40.46875,
        "Low": 39.875,
        "Close": 40.03125,
        "Adj Close": 14.787240028381348,
        "Volume": 2258000.0
    },
    "DE": {
        "Open": 17.25,
        "High": 17.53125,
        "Low": 17.0,
        "Close": 17.53125,
        "Adj Close": 10.358686447143555,
        "Volume": 1378600.0
    },
    "DHR": {
        "Open": 8.380481719970703,
        "High": 8.559014320373535,
        "Low": 8.338475227355957,
        "Close": 8.54851245880127,
        "Adj Close": 5.053558349609375,
        "Volume": 1555082.0
    },
    "DIS": {
        "Open": 35.57565689086914,
        "High": 36.19221878051758,
        "Low": 35.14406204223633,
        "Close": 35.513999938964844,
        "Adj Close": 26.922649383544922,
        "Volume": 6611455.0
    },
    "DUK": {
        "Open": 55.78559875488281,
        "High": 55.78559875488281,
        "Low": 55.51321029663086,
        "Close": 55.67664337158203,
        "Adj Close": 16.32915687561035,
        "Volume": 1391040.0
    },
    "EMR": {
        "Open": 30.0,
        "High": 30.34375,
        "Low": 29.625,
        "Close": 30.03125,
        "Adj Close": 14.436925888061523,
        "Volume": 3972200.0
    },
    "FDX": {
        "Open": 40.0,
        "High": 40.34375,
        "Low": 38.625,
        "Close": 39.53125,
        "Adj Close": 31.652385711669922,
        "Volume": 3575200.0
    },
    "GD": {
        "Open": 27.53125,
        "High": 28.25,
        "Low": 26.90625,
        "Close": 28.25,
        "Adj Close": 16.253555297851562,
        "Volume": 525200.0
    },
    "GE": {
        "Open": 157.95074462890625,
        "High": 161.24554443359375,
        "Low": 157.15200805664062,
        "Close": 160.94601440429688,
        "Adj Close": 86.01145935058594,
        "Volume": 3749846.0
    },
    "GILD": {
        "Open": 1.199218988418579,
        "High": 1.296875,
        "Low": 1.199218988418579,
        "Close": 1.296875,
        "Adj Close": 0.9010059237480164,
        "Volume": 11552000.0
    },
    "GM": {
        "Open": null,
        "High": null,
        "Low": null,
        "Close": null,
        "Adj Close": null,
        "Volume": null
    },
    "GOOG": {
        "Open": null,
        "High": null,