{
    "AAPL": {
        "Open": 0.37723198533058167,
        "High": 0.40066999197006226,
        "Low": 0.376116007566452,
        "Close": 0.3984380066394806,
        "Adj Close": 0.33427518606185913,
        "Volume": 590693600.0
    },
    "ABBV": {
        "Open": null,
        "High": null,
        "Low": null,
        "Close": null,
        "Adj Close": null,
        "Volume": null
    },
    "ABT": {
        "Open": 23.56729507446289,
        "High": 24.156478881835938,
        "Low": 23.258676528930664,
        "Close": 24.016197204589844,
        "Adj Close": 12.598243713378906,
        "Volume": 6259288.0
    },
    "ACN": {
        "Open": null,
        "High": null,
        "Low": null,
        "Close": null,
        "Adj Close": null,
        "Volume": null
    },
    "ADBE": {
        "Open": 39.25,
        "High": 41.5,
        "Low": 39.21875,
        "Close": 40.40625,
        "Adj Close": 40.145076751708984,
        "Volume": 7077200.0
    },
    "AIG": {
        "Open": 1946.25,
        "High": 1982.5,
        "Low": 1918.75,
        "Close": 1925.0,
        "Adj Close": 1135.794677734375,
        "Volume": 158160.0
    },
    "AMD": {
        "Open": 24.625,
        "High": 25.4375,
        "Low": 23.625,
        "Close": 23.75,
        "Adj Close": 23.75,
        "Volume": 8088000.0
    },
    "AMGN": {
        "Open": 60.5625,
        "High": 61.75,
        "Low": 60.0625,
        "Close": 61.4375,
        "Adj Close": 41.55563735961914,
        "Volume": 7776000.0
    },
    "AMT": {
        "Open": 41.5,
        "High": 42.4375,
        "Low": 41.25,
        "Close": 42.125,
        "Adj Close": 30.800874710083008,
        "Volume": 1335800.0
    },
    "AMZN": {
        "Open": 1.9031250476837158,
        "High": 1.993749976158142,
        "Low": 1.875,
        "Close": 1.9874999523162842,
        "Adj Close": 1.9874999523162842,
        "Volume": 139794000.0
    },
    "AVGO": {
        "Open": null,
        "High": null,
        "Low": null,
        "Close": null,
        "Adj Close": null,
        "Volume": null
    },
    "AXP": {
        "Open": 51.20505142211914,
        "High": 51.69740676879883,
        "Low": 50.384456634521484,
        "Close": 50.43916320800781,
        "Adj Close": 35.671451568603516,
        "Volume": 3816063.0
    },
    "BA": {
        "Open": 65.75,
        "High": 67.0,
        "Low": 63.8125,
        "Close": 66.125,
        "Adj Close": 43.110069274902344,
        "Volume": 5114500.0
    },
    "BAC": {
        "Open": 24.21875,
        "High": 25.09375,
        "Low": 24.21875,
        "Close": 24.625,
        "Adj Close": 13.018778800964355,
        "Volume": 10339200.0
    },
    "BK": {
        "Open": 60.28725814819336,
        "High": 60.817256927490234,
        "Low": 59.823509216308594,
        "Close": 59.8897590637207,
        "Adj Close": 33.244754791259766,
        "Volume": 1984442.0
    },
    "BKNG": {
        "Open": 39.28125,
        "High": 42.5625,
        "Low": 37.5,
        "Close": 41.0625,
        "Adj Close": 40.401424407958984,
        "Volume": 1292367.0
    },
    "BLK": {
        "Open": 42.25,
        "High": 44.875,
        "Low": 42.0,
        "Close": 44.25,
        "Adj Close": 26.481199264526367,
        "Volume": 58400.0
    },
    "BMY": {
        "Open": 60.25938034057617,
        "High": 60.43783950805664,
        "Low": 59.129146575927734,
        "Close": 60.43783950805664,
        "Adj Close": 23.207103729248047,
        "Volume": 4807324.0
    },
    "BRK-B": {
        "Open": 42.0,
        "High": 42.36000061035156,
        "Low": 41.619998931884766,
        "Close": 42.279998779296875,
        "Adj Close": 42.279998779296875,
        "Volume": 695000.0
    },
    "C": {
        "Open": 525.0,
        "High": 541.25,
        "Low": 521.25,
        "Close": 530.625,
        "Adj Close": 278.8733825683594,
        "Volume": 1228270.0
    },
    "CAT": {
        "Open": 17.375,
        "High": 17.75,
        "Low": 17.375,
        "Close": 17.40625,
        "Adj Close": 9.30261516571045,
        "Volume": 2362200.0
    },
    "CL": {
        "Open": 28.375,
        "High": 29.424999237060547,
        "Low": 28.094999313354492,
        "Close": 29.174999237060547,
        "Adj Close": 16.753311157226562,
        "Volume": 3126000.0
    },
    "CMCSA": {
        "Open": 12.65229606628418,
        "High": 12.65229606628418,
        "Low": 12.222743034362793,
        "Close": 12.300843238830566,
        "Adj Close": 8.346929550170898,
        "Volume": 358512.0
    },
    "COF": {
        "Open": 61.9375,
        "High": 63.3125,
        "Low": 61.375,
        "Close": 63.0,
        "Adj Close": 45.69108200073242,
        "Volume": 808400.0
    },
    "COP": {
        "Open": 23.5127010345459,
        "High": 23.5127010345459,
        "Low": 22.917142868041992,
        "Close": 23.036252975463867,
        "Adj Close": 10.380660057067871,
        "Volume": 2200136.0
    },
    "COST": {
        "Open": 33.875,
        "High": 36.25,
        "Low": 33.1875,
        "Close": 36.1875,
        "Adj Close": 24.143096923828125,
        "Volume": 13263900.0
    },
    "CRM": {
        "Open": null,
        "High": null,
        "Low": null,
        "Close": null,
        "Adj Close": null,
        "Volume": null
    },
    "CSCO": {
        "Open": 52.8125,
        "High": 56.0,
        "Low": 52.625,
        "Close": 55.75,
        "Adj Close": 36.07311248779297,
        "Volume": 57679400.0
    },
    "CVS": {
        "Open": 26.25,
        "High": 26.40625,
        "Low": 26.0,
        "Close": 26.28125,
        "Adj Close": 16.711488723754883,
        "Volume": 7658200.0
    },
    "CVX": {
        "Open": 41.4375,
        "High": 41.4375,
        "Low": 40.25,
        "Close": 40.25,
        "Adj Close": 15.6416015625,
        "Volume": 4447000.0
    },
    "DE": {
        "Open": 18.59375,
        "High": 18.75,
        "Low": 18.40625,
        "Close": 18.625,
        "Adj Close": 11.463933944702148,
        "Volume": 1283800.0
    },
    "DHR": {
        "Open": 10.449348449707031,
        "High": 10.596373558044434,
        "Low": 10.35483169555664,
        "Close": 10.480854034423828,
        "Adj Close": 6.2097086906433105,
        "Volume": 2869135.0
    },
    "DIS": {
        "Open": 36.13056182861328,
        "High": 37.117061614990234,
        "Low": 36.13056182861328,
        "Close": 36.808780670166016,
        "Adj Close": 28.205659866333008,
        "Volume": 4406386.0
    },
    "DUK": {
        "Open": 75.61563873291016,
        "High": 75.61563873291016,
        "Low": 73.81785583496094,
        "Close": 73.8723373413086,
        "Adj Close": 23.165693283081055,
        "Volume": 2094419.0
    },
    "EMR": {
        "Open": 35.96875,
        "High": 36.6875,
        "Low": 35.71875,
        "Close": 36.0625,
        "Adj Close": 18.061826705932617,
        "Volume": 2252600.0
    },
    "FDX": {
        "Open": 46.650001525878906,
        "High": 47.029998779296875,
        "Low": 45.540000915527344,
        "Close": 47.0,
        "Adj Close": 37.632545471191406,
        "Volume": 886600.0
    },
    "GD": {
        "Open": 35.4375,
        "High": 35.5625,
        "Low": 34.71875,
        "Close": 34.71875,
        "Adj Close": 20.573570251464844,
        "Volume": 1567400.0
    },
    "GE": {
        "Open": 259.9897155761719,
        "High": 263.58404541015625,
        "Low": 256.3953857421875,
        "Close": 257.2939758300781,
        "Adj Close": 140.29164123535156,
        "Volume": 2991839.0
    },
    "GILD": {
        "Open": 2.667968988418579,
        "High": 2.777343988418579,
        "Low": 2.636718988418579,
        "Close": 2.751952886581421,
        "Adj Close": 1.9119229316711426,
        "Volume": 27420800.0
    },
    "GM": {
        "Open": null,
        "High": null,
        "Low": null,
        "Close": null,
        "Adj Close": null,
        "Volume": null
    },
    "GOOG": {
        "Open": null,