{
    "AAPL": {
        "Open": 0.3549109995365143,
        "High": 0.3660709857940674,
        "Low": 0.3404020071029663,
        "Close": 0.360491007566452,
        "Adj Close": 0.3024390637874603,
        "Volume": 476834400.0
    },
    "ABBV": {
        "Open": null,
        "High": null,
        "Low": null,
        "Close": null,
        "Adj Close": null,
        "Volume": null
    },
    "ABT": {
        "Open": 23.56729507446289,
        "High": 23.903972625732422,
        "Low": 22.697551727294922,
        "Close": 23.511184692382812,
        "Adj Close": 12.333327293395996,
        "Volume": 7562694.0
    },
    "ACN": {
        "Open": null,
        "High": null,
        "Low": null,
        "Close": null,
        "Adj Close": null,
        "Volume": null
    },
    "ADBE": {
        "Open": 39.09375,
        "High": 41.8125,
        "Low": 38.46875,
        "Close": 41.59375,
        "Adj Close": 41.32490539550781,
        "Volume": 7166600.0
    },
    "AIG": {
        "Open": 1997.5,
        "High": 2011.25,
        "Low": 1971.25,
        "Close": 2010.0,
        "Adj Close": 1185.946044921875,
        "Volume": 170515.0
    },
    "AMD": {
        "Open": 21.125,
        "High": 21.6875,
        "Low": 20.1875,
        "Close": 21.0,
        "Adj Close": 21.0,
        "Volume": 7050800.0
    },
    "AMGN": {
        "Open": 62.5,
        "High": 65.125,
        "Low": 61.875,
        "Close": 62.75,
        "Adj Close": 42.443389892578125,
        "Volume": 14028200.0
    },
    "AMT": {
        "Open": 38.75,
        "High": 39.1875,
        "Low": 37.625,
        "Close": 39.125,
        "Adj Close": 28.607341766357422,
        "Volume": 973700.0
    },
    "AMZN": {
        "Open": 1.634374976158142,
        "High": 1.649999976158142,
        "Low": 1.493749976158142,
        "Close": 1.5625,
        "Adj Close": 1.5625,
        "Volume": 143392000.0
    },
    "AVGO": {
        "Open": null,
        "High": null,
        "Low": null,
        "Close": null,
        "Adj Close": null,
        "Volume": null
    },
    "AXP": {
        "Open": 50.9315185546875,
        "High": 51.806819915771484,
        "Low": 49.946807861328125,
        "Close": 50.98622512817383,
        "Adj Close": 36.0583381652832,
        "Volume": 3983891.0
    },
    "BA": {
        "Open": 65.0,
        "High": 65.9375,
        "Low": 64.4375,
        "Close": 65.6875,
        "Adj Close": 42.91699981689453,
        "Volume": 2060100.0
    },
    "BAC": {
        "Open": 24.375,
        "High": 24.90625,
        "Low": 24.21875,
        "Close": 24.875,
        "Adj Close": 13.150946617126465,
        "Volume": 9283400.0
    },
    "BK": {
        "Open": 61.21475601196289,
        "High": 62.142250061035156,
        "Low": 60.28725814819336,
        "Close": 61.54600524902344,
        "Adj Close": 34.164146423339844,
        "Volume": 1952649.0
    },
    "BKNG": {
        "Open": 19.875,
        "High": 21.1875,
        "Low": 18.75,
        "Close": 19.3125,
        "Adj Close": 19.001585006713867,
        "Volume": 592183.0
    },
    "BLK": {
        "Open": 43.375,
        "High": 44.5,
        "Low": 42.75,
        "Close": 44.25,
        "Adj Close": 26.481199264526367,
        "Volume": 91200.0
    },
    "BMY": {
        "Open": 59.129146575927734,
        "High": 61.15167236328125,
        "Low": 58.117881774902344,
        "Close": 60.97321319580078,
        "Adj Close": 23.412670135498047,
        "Volume": 5106133.0
    },
    "BRK-B": {
        "Open": 42.02000045776367,
        "High": 42.18000030517578,
        "Low": 40.540000915527344,
        "Close": 40.63999938964844,
        "Adj Close": 40.63999938964844,
        "Volume": 405000.0
    },
    "C": {
        "Open": 526.25,
        "High": 533.75,
        "Low": 515.0,
        "Close": 526.875,
        "Adj Close": 276.9024963378906,
        "Volume": 1295750.0
    },
    "CAT": {
        "Open": 18.21875,
        "High": 18.5,
        "Low": 17.84375,
        "Close": 18.28125,
        "Adj Close": 9.77025032043457,
        "Volume": 2848000.0
    },
    "CL": {
        "Open": 29.399999618530273,
        "High": 30.299999237060547,
        "Low": 29.024999618530273,
        "Close": 29.424999237060547,
        "Adj Close": 16.89687728881836,
        "Volume": 4310600.0
    },
    "CMCSA": {
        "Open": 12.007966041564941,
        "High": 12.027490615844727,
        "Low": 11.344111442565918,
        "Close": 11.94939136505127,
        "Adj Close": 8.108445167541504,
        "Volume": 308256.0
    },
    "COF": {
        "Open": 62.5,
        "High": 64.8125,
        "Low": 61.0,
        "Close": 62.0,
        "Adj Close": 44.98560333251953,
        "Volume": 1461800.0
    },
    "COP": {
        "Open": 23.083898544311523,
        "High": 23.274477005004883,
        "Low": 22.82185173034668,
        "Close": 23.22683334350586,
        "Adj Close": 10.466540336608887,
        "Volume": 3149348.0
    },
    "COST": {
        "Open": 35.5,
        "High": 35.5625,
        "Low": 33.875,
        "Close": 34.0625,
        "Adj Close": 22.725379943847656,
        "Volume": 4568400.0
    },
    "CRM": {
        "Open": null,
        "High": null,
        "Low": null,
        "Close": null,
        "Adj Close": null,
        "Volume": null
    },
    "CSCO": {
        "Open": 50.9375,
        "High": 53.5,
        "Low": 50.5,
        "Close": 53.25,
        "Adj Close": 34.45549011230469,
        "Volume": 70492400.0
    },
    "CVS": {
        "Open": 27.1875,
        "High": 28.5625,
        "Low": 27.09375,
        "Close": 28.53125,
        "Adj Close": 18.14219856262207,
        "Volume": 5151000.0
    },
    "CVX": {
        "Open": 41.6875,
        "High": 42.0625,
        "Low": 41.375,
        "Close": 41.6875,
        "Adj Close": 16.200223922729492,
        "Volume": 2874400.0
    },
    "DE": {
        "Open": 18.375,
        "High": 18.6875,
        "Low": 18.125,
        "Close": 18.59375,
        "Adj Close": 11.4447021484375,
        "Volume": 769600.0
    },
    "DHR": {
        "Open": 10.533363342285156,
        "High": 10.554367065429688,
        "Low": 10.291820526123047,
        "Close": 10.407341003417969,
        "Adj Close": 6.166154861450195,
        "Volume": 1925255.0
    },
    "DIS": {
        "Open": 33.04774856567383,
        "High": 33.04774856567383,
        "Low": 30.396530151367188,
        "Close": 30.70481300354004,
        "Adj Close": 23.528343200683594,
        "Volume": 25795236.0
    },
    "DUK": {
        "Open": 74.19920349121094,
        "High": 75.67011260986328,
        "Low": 73.81785583496094,
        "Close": 75.3977279663086,
        "Adj Close": 23.6440486907959,
        "Volume": 1639419.0
    },
    "EMR": {
        "Open": 37.0,
        "High": 37.5,
        "Low": 36.25,
        "Close": 37.375,
        "Adj Close": 18.71918487548828,
        "Volume": 4001200.0
    },
    "FDX": {
        "Open": 45.79999923706055,
        "High": 46.54999923706055,
        "Low": 45.400001525878906,
        "Close": 46.20000076293945,
        "Adj Close": 36.992008209228516,
        "Volume": 751400.0
    },
    "GD": {
        "Open": 34.4375,
        "High": 35.46875,
        "Low": 34.1875,
        "Close": 35.0,
        "Adj Close": 20.74024200439453,
        "Volume": 1907600.0
    },
    "GE": {
        "Open": 259.0911560058594,
        "High": 262.9850158691406,
        "Low": 254.59823608398438,
        "Close": 261.48736572265625,
        "Adj Close": 142.57815551757812,
        "Volume": 2565521.0
    },
    "GILD": {
        "Open": 2.820312976837158,
        "High": 2.927733898162842,
        "Low": 2.726562976837158,
        "Close": 2.798827886581421,
        "Adj Close": 1.94448983669281,
        "Volume": 24889600.0
    },
    "GM": {
        "Open": null,
        "High": null,
        "Low": null,
        "Close": null,
        "Adj Close": null,
        "Volume": null
    },
    "GOOG": {
        "Open": null,