{
    "AAPL": {
        "Open": 0.3348209857940674,
        "High": 0.35714301466941833,
        "Low": 0.32589301466941833,
        "Close": 0.34598198533058167,
        "Adj Close": 0.2902665138244629,
        "Volume": 431816000.0
    },
    "ABBV": {
        "Open": null,
        "High": null,
        "Low": null,
        "Close": null,
        "Adj Close": null,
        "Volume": null
    },
    "ABT": {
        "Open": 23.511184692382812,
        "High": 23.511184692382812,
        "Low": 22.108367919921875,
        "Close": 23.00617027282715,
        "Adj Close": 12.068410873413086,
        "Volume": 8551331.0
    },
    "ACN": {
        "Open": null,
        "High": null,
        "Low": null,
        "Close": null,
        "Adj Close": null,
        "Volume": null
    },
    "ADBE": {
        "Open": 37.1875,
        "High": 38.625,
        "Low": 35.5,
        "Close": 36.03125,
        "Adj Close": 35.79835510253906,
        "Volume": 6598800.0
    },
    "AIG": {
        "Open": 1980.0,
        "High": 1991.25,
        "Low": 1920.0,
        "Close": 1955.0,
        "Adj Close": 1153.4947509765625,
        "Volume": 206475.0
    },
    "AMD": {
        "Open": 19.3125,
        "High": 22.25,
        "Low": 19.25,
        "Close": 21.3125,
        "Adj Close": 21.3125,
        "Volume": 8330100.0
    },
    "AMGN": {
        "Open": 62.390625,
        "High": 66.0625,
        "Low": 62.0,
        "Close": 62.625,
        "Adj Close": 42.358856201171875,
        "Volume": 10742000.0
    },
    "AMT": {
        "Open": 38.5,
        "High": 38.625,
        "Low": 36.25,
        "Close": 37.0,
        "Adj Close": 27.053590774536133,
        "Volume": 1275800.0
    },
    "AMZN": {
        "Open": 1.4406249523162842,
        "High": 1.5054689645767212,
        "Low": 1.3718750476837158,
        "Close": 1.390625,
        "Adj Close": 1.390625,
        "Volume": 167550000.0
    },
    "AVGO": {
        "Open": null,
        "High": null,
        "Low": null,
        "Close": null,
        "Adj Close": null,
        "Volume": null
    },
    "AXP": {
        "Open": 49.83739471435547,
        "High": 50.767398834228516,
        "Low": 48.63385772705078,
        "Close": 48.907386779785156,
        "Adj Close": 34.5881462097168,
        "Volume": 3537530.0
    },
    "BA": {
        "Open": 63.5,
        "High": 63.625,
        "Low": 61.9375,
        "Close": 62.8125,
        "Adj Close": 41.03862380981445,
        "Volume": 2943400.0
    },
    "BAC": {
        "Open": 23.78125,
        "High": 24.34375,
        "Low": 23.4375,
        "Close": 23.71875,
        "Adj Close": 12.539666175842285,
        "Volume": 10939600.0
    },
    "BK": {
        "Open": 60.41975784301758,
        "High": 61.281005859375,
        "Low": 58.63101577758789,
        "Close": 59.42601013183594,
        "Adj Close": 32.98731994628906,
        "Volume": 1025381.0
    },
    "BKNG": {
        "Open": 20.25,
        "High": 21.0,
        "Low": 18.0,
        "Close": 18.375,
        "Adj Close": 18.079177856445312,
        "Volume": 402783.0
    },
    "BLK": {
        "Open": 44.0,
        "High": 44.0,
        "Low": 41.0,
        "Close": 42.5,
        "Adj Close": 25.433923721313477,
        "Volume": 64900.0
    },
    "BMY": {
        "Open": 59.961952209472656,
        "High": 60.675785064697266,
        "Low": 57.10662078857422,
        "Close": 57.9989128112793,
        "Adj Close": 22.270591735839844,
        "Volume": 5933323.0
    },
    "BRK-B": {
        "Open": 40.97999954223633,
        "High": 43.599998474121094,
        "Low": 40.97999954223633,
        "Close": 43.15999984741211,
        "Adj Close": 43.15999984741211,
        "Volume": 1170000.0
    },
    "C": {
        "Open": 502.5,
        "High": 511.25,
        "Low": 486.25,
        "Close": 505.0,
        "Adj Close": 265.4060363769531,
        "Volume": 1419740.0
    },
    "CAT": {
        "Open": 17.875,
        "High": 18.15625,
        "Low": 17.59375,
        "Close": 18.09375,
        "Adj Close": 9.670047760009766,
        "Volume": 3065400.0
    },
    "CL": {
        "Open": 29.950000762939453,
        "High": 30.049999237060547,
        "Low": 29.225000381469727,
        "Close": 29.579999923706055,
        "Adj Close": 16.985883712768555,
        "Volume": 4565400.0
    },
    "CMCSA": {
        "Open": 11.578413009643555,
        "High": 11.890814781188965,
        "Low": 11.500311851501465,
        "Close": 11.500311851501465,
        "Adj Close": 7.803715229034424,
        "Volume": 179896.0
    },
    "COF": {
        "Open": 58.625,
        "High": 59.75,
        "Low": 54.0625,
        "Close": 56.5,
        "Adj Close": 40.99491882324219,
        "Volume": 2427200.0
    },
    "COP": {
        "Open": 23.131542205810547,
        "High": 23.607990264892578,
        "Low": 23.083898544311523,
        "Close": 23.274477005004883,
        "Adj Close": 10.488009452819824,
        "Volume": 2344695.0
    },
    "COST": {
        "Open": 32.75,
        "High": 34.875,
        "Low": 32.5,
        "Close": 34.4375,
        "Adj Close": 22.975561141967773,
        "Volume": 3553000.0
    },
    "CRM": {
        "Open": null,
        "High": null,
        "Low": null,
        "Close": null,
        "Adj Close": null,
        "Volume": null
    },
    "CSCO": {
        "Open": 48.8125,
        "High": 52.375,
        "Low": 48.0,
        "Close": 50.375,
        "Adj Close": 32.59520721435547,
        "Volume": 75162400.0
    },
    "CVS": {
        "Open": 28.0625,
        "High": 28.75,
        "Low": 27.875,
        "Close": 28.375,
        "Adj Close": 18.042844772338867,
        "Volume": 7119200.0
    },
    "CVX": {
        "Open": 42.53125,
        "High": 42.65625,
        "Low": 41.3125,
        "Close": 41.5625,
        "Adj Close": 16.15165138244629,
        "Volume": 2828400.0
    },
    "DE": {
        "Open": 18.21875,
        "High": 18.375,
        "Low": 17.96875,
        "Close": 18.21875,
        "Adj Close": 11.21388053894043,
        "Volume": 998400.0
    },
    "DHR": {
        "Open": 10.270816802978516,
        "High": 10.270816802978516,
        "Low": 10.071282386779785,
        "Close": 10.270816802978516,
        "Adj Close": 6.08526611328125,
        "Volume": 2225797.0
    },
    "DIS": {
        "Open": 30.889781951904297,
        "High": 30.889781951904297,
        "Low": 29.594999313354492,
        "Close": 30.026594161987305,
        "Adj Close": 23.00864028930664,
        "Volume": 11857577.0
    },
    "DUK": {
        "Open": 76.16041564941406,
        "High": 77.24998474121094,
        "Low": 75.0163803100586,
        "Close": 75.61563873291016,
        "Adj Close": 23.712379455566406,
        "Volume": 2170367.0
    },
    "EMR": {
        "Open": 36.375,
        "High": 36.875,
        "Low": 35.84375,
        "Close": 36.375,
        "Adj Close": 18.21834373474121,
        "Volume": 3571600.0
    },
    "FDX": {
        "Open": 44.0,
        "High": 45.369998931884766,
        "Low": 43.900001525878906,
        "Close": 45.27000045776367,
        "Adj Close": 36.24732971191406,
        "Volume": 831800.0
    },
    "GD": {
        "Open": 35.0,
        "High": 36.125,
        "Low": 34.96875,
        "Close": 36.125,
        "Adj Close": 21.40688705444336,
        "Volume": 3217600.0
    },
    "GE": {
        "Open": 249.2067413330078,
        "High": 255.19729614257812,
        "Low": 242.01808166503906,
        "Close": 246.51100158691406,
        "Adj Close": 134.4120330810547,
        "Volume": 3851589.0
    },
    "GILD": {
        "Open": 2.796875,
        "High": 2.797852039337158,
        "Low": 2.351562976837158,
        "Close": 2.458983898162842,
        "Adj Close": 1.7083828449249268,
        "Volume": 43756800.0
    },
    "GM": {
        "Open": null,
        "High": null,
        "Low": null,
        "Close": null,
        "Adj Close": null,
        "Volume": null
    },
    "GOOG": {
        "Open": null,