{
    "AAPL": {
        "Open": 0.297991007566452,
        "High": 0.3035709857940674,
        "Low": 0.2879459857940674,
        "Close": 0.29464301466941833,
        "Adj Close": 0.2471950352191925,
        "Volume": 809597600.0
    },
    "ABBV": {
        "Open": null,
        "High": null,
        "Low": null,
        "Close": null,
        "Adj Close": null,
        "Volume": null
    },
    "ABT": {
        "Open": 25.110393524169922,
        "High": 25.250675201416016,
        "Low": 24.32481575012207,
        "Close": 24.717605590820312,
        "Adj Close": 12.96618366241455,
        "Volume": 9759838.0
    },
    "ACN": {
        "Open": null,
        "High": null,
        "Low": null,
        "Close": null,
        "Adj Close": null,
        "Volume": null
    },
    "ADBE": {
        "Open": 31.34375,
        "High": 33.0,
        "Low": 31.125,
        "Close": 31.6875,
        "Adj Close": 31.482683181762695,
        "Volume": 9835000.0
    },
    "AIG": {
        "Open": 1931.25,
        "High": 1963.75,
        "Low": 1920.0,
        "Close": 1938.75,
        "Adj Close": 1144.3587646484375,
        "Volume": 302050.0
    },
    "AMD": {
        "Open": 16.0,
        "High": 16.0,
        "Low": 14.6875,
        "Close": 15.25,
        "Adj Close": 15.25,
        "Volume": 12231900.0
    },
    "AMGN": {
        "Open": 66.8125,
        "High": 67.9375,
        "Low": 63.5,
        "Close": 63.625,
        "Adj Close": 43.03522872924805,
        "Volume": 8062100.0
    },
    "AMT": {
        "Open": 30.75,
        "High": 30.75,
        "Low": 28.75,
        "Close": 30.125,
        "Adj Close": 22.026742935180664,
        "Volume": 926600.0
    },
    "AMZN": {
        "Open": 1.2374999523162842,
        "High": 1.3093750476837158,
        "Low": 1.1437499523162842,
        "Close": 1.234375,
        "Adj Close": 1.234375,
        "Volume": 262470000.0
    },
    "AVGO": {
        "Open": null,
        "High": null,
        "Low": null,
        "Close": null,
        "Adj Close": null,
        "Volume": null
    },
    "AXP": {
        "Open": 49.618568420410156,
        "High": 51.86152648925781,
        "Low": 46.719139099121094,
        "Close": 48.086795806884766,
        "Adj Close": 34.00779342651367,
        "Volume": 10034274.0
    },
    "BA": {
        "Open": 69.6875,
        "High": 69.6875,
        "Low": 67.5625,
        "Close": 69.0625,
        "Adj Close": 45.1220588684082,
        "Volume": 4248500.0
    },
    "BAC": {
        "Open": 20.21875,
        "High": 20.6875,
        "Low": 19.625,
        "Close": 19.96875,
        "Adj Close": 10.70512866973877,
        "Volume": 14783600.0
    },
    "BK": {
        "Open": 59.161014556884766,
        "High": 60.817256927490234,
        "Low": 57.30602264404297,
        "Close": 58.49851608276367,
        "Adj Close": 32.472469329833984,
        "Volume": 2597558.0
    },
    "BKNG": {
        "Open": 14.8125,
        "High": 15.1875,
        "Low": 12.75,
        "Close": 15.0,
        "Adj Close": 14.758513450622559,
        "Volume": 241900.0
    },
    "BLK": {
        "Open": 44.0,
        "High": 44.0,
        "Low": 43.0,
        "Close": 43.625,
        "Adj Close": 26.107175827026367,
        "Volume": 35800.0
    },
    "BMY": {
        "Open": 69.122802734375,
        "High": 69.42023468017578,
        "Low": 65.97003936767578,
        "Close": 65.97003936767578,
        "Adj Close": 25.331363677978516,
        "Volume": 9254164.0
    },
    "BRK-B": {
        "Open": 42.720001220703125,
        "High": 43.720001220703125,
        "Low": 42.0,
        "Close": 43.47999954223633,
        "Adj Close": 43.47999954223633,
        "Volume": 1080000.0
    },
    "C": {
        "Open": 491.25,
        "High": 506.875,
        "Low": 480.625,
        "Close": 498.125,
        "Adj Close": 261.792724609375,
        "Volume": 2204010.0
    },
    "CAT": {
        "Open": 20.0625,
        "High": 20.53125,
        "Low": 19.625,
        "Close": 19.65625,
        "Adj Close": 10.505108833312988,
        "Volume": 3984400.0
    },
    "CL": {
        "Open": 29.875,
        "High": 30.280000686645508,
        "Low": 29.280000686645508,
        "Close": 29.375,
        "Adj Close": 16.8681640625,
        "Volume": 3075800.0
    },
    "CMCSA": {
        "Open": 11.793190002441406,
        "High": 11.910341262817383,
        "Low": 11.55888843536377,
        "Close": 11.715088844299316,
        "Adj Close": 7.949455738067627,
        "Volume": 1213179.0
    },
    "COF": {
        "Open": 55.5625,
        "High": 57.25,
        "Low": 54.0625,
        "Close": 55.8125,
        "Adj Close": 40.49610137939453,
        "Volume": 2596500.0
    },
    "COP": {
        "Open": 22.512161254882812,
        "High": 22.702739715576172,
        "Low": 21.297218322753906,
        "Close": 21.535442352294922,
        "Adj Close": 9.704360008239746,
        "Volume": 4077571.0
    },
    "COST": {
        "Open": 34.6875,
        "High": 35.0,
        "Low": 32.0625,
        "Close": 32.625,
        "Adj Close": 21.766334533691406,
        "Volume": 16636900.0
    },
    "CRM": {
        "Open": null,
        "High": null,
        "Low": null,
        "Close": null,
        "Adj Close": null,
        "Volume": null
    },
    "CSCO": {
        "Open": 50.1875,
        "High": 50.9375,
        "Low": 45.1875,
        "Close": 47.875,
        "Adj Close": 30.977581024169922,
        "Volume": 10840500.0
    },
    "CVS": {
        "Open": 27.875,
        "High": 28.4375,
        "Low": 27.71875,
        "Close": 28.4375,
        "Adj Close": 18.082592010498047,
        "Volume": 10829000.0
    },
    "CVX": {
        "Open": 41.34375,
        "High": 41.53125,
        "Low": 40.25,
        "Close": 40.9375,
        "Adj Close": 16.032453536987305,
        "Volume": 4079800.0
    },
    "DE": {
        "Open": 20.125,
        "High": 20.5625,
        "Low": 19.96875,
        "Close": 20.34375,
        "Adj Close": 12.521842956542969,
        "Volume": 3516200.0
    },
    "DHR": {
        "Open": 10.93243408203125,
        "High": 10.974440574645996,
        "Low": 10.711894989013672,
        "Close": 10.953437805175781,
        "Adj Close": 6.489705562591553,
        "Volume": 1833604.0
    },
    "DIS": {
        "Open": 28.42353057861328,
        "High": 28.793468475341797,
        "Low": 27.498687744140625,
        "Close": 28.546844482421875,
        "Adj Close": 21.874744415283203,
        "Volume": 5963507.0
    },
    "DUK": {
        "Open": 76.26937866210938,
        "High": 78.82984924316406,
        "Low": 76.21489715576172,
        "Close": 78.3940200805664,
        "Adj Close": 24.744474411010742,
        "Volume": 4146045.0
    },
    "EMR": {
        "Open": 36.75,
        "High": 36.875,
        "Low": 35.84375,
        "Close": 36.4375,
        "Adj Close": 18.346229553222656,
        "Volume": 3695400.0
    },
    "FDX": {
        "Open": 48.5,
        "High": 48.91999816894531,
        "Low": 47.599998474121094,
        "Close": 47.91999816894531,
        "Adj Close": 38.36918640136719,
        "Volume": 1066100.0
    },
    "GD": {
        "Open": 37.0,
        "High": 38.3125,
        "Low": 36.34375,
        "Close": 38.125,
        "Adj Close": 22.59206199645996,
        "Volume": 3748000.0
    },
    "GE": {
        "Open": 236.0275421142578,
        "High": 239.92140197753906,
        "Low": 229.7374725341797,
        "Close": 237.52517700195312,
        "Adj Close": 129.5125274658203,
        "Volume": 4204353.0
    },
    "GILD": {
        "Open": 2.546875,
        "High": 2.601562976837158,
        "Low": 2.460937976837158,
        "Close": 2.544922113418579,
        "Adj Close": 1.7680881023406982,
        "Volume": 35968000.0
    },
    "GM": {
        "Open": null,
        "High": null,
        "Low": null,
        "Close": null,
        "Adj Close": null,
        "Volume": null
    },
    "GOOG": {
        "Open": null,
        "High": null,